MTU (UTC),Area,Sequence,Day-ahead Price (EUR/MWh),Intraday Period (UTC),Intraday Price (EUR/MWh)
01/01/2025 00:00:00 - 01/01/2025 01:00:00,BZN|CH,Without Sequence,98.2,,
01/01/2025 01:00:00 - 01/01/2025 02:00:00,BZN|CH,Without Sequence,72.6,,
01/01/2025 02:00:00 - 01/01/2025 03:00:00,BZN|CH,Without Sequence,67.85,,
01/01/2025 03:00:00 - 01/01/2025 04:00:00,BZN|CH,Without Sequence,62.87,,
01/01/2025 04:00:00 - 01/01/2025 05:00:00,BZN|CH,Without Sequence,58.99,,
01/01/2025 05:00:00 - 01/01/2025 06:00:00,BZN|CH,Without Sequence,68.57,,
01/01/2025 06:00:00 - 01/01/2025 07:00:00,BZN|CH,Without Sequence,74.03,,
01/01/2025 07:00:00 - 01/01/2025 08:00:00,BZN|CH,Without Sequence,76.55,,
01/01/2025 08:00:00 - 01/01/2025 09:00:00,BZN|CH,Without Sequence,88.1,,
01/01/2025 09:00:00 - 01/01/2025 10:00:00,BZN|CH,Without Sequence,85.73,,
01/01/2025 10:00:00 - 01/01/2025 11:00:00,BZN|CH,Without Sequence,75.8,,
01/01/2025 11:00:00 - 01/01/2025 12:00:00,BZN|CH,Without Sequence,70.74,,
01/01/2025 12:00:00 - 01/01/2025 13:00:00,BZN|CH,Without Sequence,68.38,,
01/01/2025 13:00:00 - 01/01/2025 14:00:00,BZN|CH,Without Sequence,65.05,,
01/01/2025 14:00:00 - 01/01/2025 15:00:00,BZN|CH,Without Sequence,82.71,,
01/01/2025 15:00:00 - 01/01/2025 16:00:00,BZN|CH,Without Sequence,104.1,,
01/01/2025 16:00:00 - 01/01/2025 17:00:00,BZN|CH,Without Sequence,107.3,,
01/01/2025 17:00:00 - 01/01/2025 18:00:00,BZN|CH,Without Sequence,108.2,,
01/01/2025 18:00:00 - 01/01/2025 19:00:00,BZN|CH,Without Sequence,106.18,,
01/01/2025 19:00:00 - 01/01/2025 20:00:00,BZN|CH,Without Sequence,102.83,,
01/01/2025 20:00:00 - 01/01/2025 21:00:00,BZN|CH,Without Sequence,102.33,,
01/01/2025 21:00:00 - 01/01/2025 22:00:00,BZN|CH,Without Sequence,103.56,,
01/01/2025 22:00:00 - 01/01/2025 23:00:00,BZN|CH,Without Sequence,102.74,,
01/01/2025 23:00:00 - 02/01/2025 00:00:00,BZN|CH,Without Sequence,108.93,,
02/01/2025 00:00:00 - 02/01/2025 01:00:00,BZN|CH,Without Sequence,109.49,,
02/01/2025 01:00:00 - 02/01/2025 02:00:00,BZN|CH,Without Sequence,107.7,,
02/01/2025 02:00:00 - 02/01/2025 03:00:00,BZN|CH,Without Sequence,107,,
02/01/2025 03:00:00 - 02/01/2025 04:00:00,BZN|CH,Without Sequence,106.3,,
02/01/2025 04:00:00 - 02/01/2025 05:00:00,BZN|CH,Without Sequence,106.82,,
02/01/2025 05:00:00 - 02/01/2025 06:00:00,BZN|CH,Without Sequence,110.95,,
02/01/2025 06:00:00 - 02/01/2025 07:00:00,BZN|CH,Without Sequence,125.37,,
02/01/2025 07:00:00 - 02/01/2025 08:00:00,BZN|CH,Without Sequence,132.08,,
02/01/2025 08:00:00 - 02/01/2025 09:00:00,BZN|CH,Without Sequence,133.4,,
02/01/2025 09:00:00 - 02/01/2025 10:00:00,BZN|CH,Without Sequence,130.97,,
02/01/2025 10:00:00 - 02/01/2025 11:00:00,BZN|CH,Without Sequence,127.45,,
02/01/2025 11:00:00 - 02/01/2025 12:00:00,BZN|CH,Without Sequence,124.81,,
02/01/2025 12:00:00 - 02/01/2025 13:00:00,BZN|CH,Without Sequence,126.35,,
02/01/2025 13:00:00 - 02/01/2025 14:00:00,BZN|CH,Without Sequence,128.95,,
02/01/2025 14:00:00 - 02/01/2025 15:00:00,BZN|CH,Without Sequence,134.59,,
02/01/2025 15:00:00 - 02/01/2025 16:00:00,BZN|CH,Without Sequence,138.13,,
02/01/2025 16:00:00 - 02/01/2025 17:00:00,BZN|CH,Without Sequence,143.59,,
02/01/2025 17:00:00 - 02/01/2025 18:00:00,BZN|CH,Without Sequence,144.57,,
02/01/2025 18:00:00 - 02/01/2025 19:00:00,BZN|CH,Without Sequence,141.12,,
02/01/2025 19:00:00 - 02/01/2025 20:00:00,BZN|CH,Without Sequence,135.32,,
02/01/2025 20:00:00 - 02/01/2025 21:00:00,BZN|CH,Without Sequence,125.73,,
02/01/2025 21:00:00 - 02/01/2025 22:00:00,BZN|CH,Without Sequence,125.85,,
02/01/2025 22:00:00 - 02/01/2025 23:00:00,BZN|CH,Without Sequence,115.99,,
02/01/2025 23:00:00 - 03/01/2025 00:00:00,BZN|CH,Without Sequence,108.58,,
03/01/2025 00:00:00 - 03/01/2025 01:00:00,BZN|CH,Without Sequence,107.16,,
03/01/2025 01:00:00 - 03/01/2025 02:00:00,BZN|CH,Without Sequence,106.82,,
03/01/2025 02:00:00 - 03/01/2025 03:00:00,BZN|CH,Without Sequence,104.43,,
03/01/2025 03:00:00 - 03/01/2025 04:00:00,BZN|CH,Without Sequence,105.74,,
03/01/2025 04:00:00 - 03/01/2025 05:00:00,BZN|CH,Without Sequence,110.43,,
03/01/2025 05:00:00 - 03/01/2025 06:00:00,BZN|CH,Without Sequence,118.32,,
03/01/2025 06:00:00 - 03/01/2025 07:00:00,BZN|CH,Without Sequence,127.4,,
03/01/2025 07:00:00 - 03/01/2025 08:00:00,BZN|CH,Without Sequence,135.08,,
03/01/2025 08:00:00 - 03/01/2025 09:00:00,BZN|CH,Without Sequence,134.13,,
03/01/2025 09:00:00 - 03/01/2025 10:00:00,BZN|CH,Without Sequence,131,,
03/01/2025 10:00:00 - 03/01/2025 11:00:00,BZN|CH,Without Sequence,126.31,,
03/01/2025 11:00:00 - 03/01/2025 12:00:00,BZN|CH,Without Sequence,121.69,,
03/01/2025 12:00:00 - 03/01/2025 13:00:00,BZN|CH,Without Sequence,120.04,,
03/01/2025 13:00:00 - 03/01/2025 14:00:00,BZN|CH,Without Sequence,121.01,,
03/01/2025 14:00:00 - 03/01/2025 15:00:00,BZN|CH,Without Sequence,128.61,,
03/01/2025 15:00:00 - 03/01/2025 16:00:00,BZN|CH,Without Sequence,137.46,,
03/01/2025 16:00:00 - 03/01/2025 17:00:00,BZN|CH,Without Sequence,146.44,,
03/01/2025 17:00:00 - 03/01/2025 18:00:00,BZN|CH,Without Sequence,146.29,,
03/01/2025 18:00:00 - 03/01/2025 19:00:00,BZN|CH,Without Sequence,143.9,,
03/01/2025 19:00:00 - 03/01/2025 20:00:00,BZN|CH,Without Sequence,137.92,,
03/01/2025 20:00:00 - 03/01/2025 21:00:00,BZN|CH,Without Sequence,131.06,,
03/01/2025 21:00:00 - 03/01/2025 22:00:00,BZN|CH,Without Sequence,129.81,,
03/01/2025 22:00:00 - 03/01/2025 23:00:00,BZN|CH,Without Sequence,126.99,,
03/01/2025 23:00:00 - 04/01/2025 00:00:00,BZN|CH,Without Sequence,120.59,,
04/01/2025 00:00:00 - 04/01/2025 01:00:00,BZN|CH,Without Sequence,119.25,,
04/01/2025 01:00:00 - 04/01/2025 02:00:00,BZN|CH,Without Sequence,114.93,,
04/01/2025 02:00:00 - 04/01/2025 03:00:00,BZN|CH,Without Sequence,110.68,,
04/01/2025 03:00:00 - 04/01/2025 04:00:00,BZN|CH,Without Sequence,110.28,,
04/01/2025 04:00:00 - 04/01/2025 05:00:00,BZN|CH,Without Sequence,111.06,,
04/01/2025 05:00:00 - 04/01/2025 06:00:00,BZN|CH,Without Sequence,119.2,,
04/01/2025 06:00:00 - 04/01/2025 07:00:00,BZN|CH,Without Sequence,126.11,,
04/01/2025 07:00:00 - 04/01/2025 08:00:00,BZN|CH,Without Sequence,132.07,,
04/01/2025 08:00:00 - 04/01/2025 09:00:00,BZN|CH,Without Sequence,133.57,,
04/01/2025 09:00:00 - 04/01/2025 10:00:00,BZN|CH,Without Sequence,131.06,,
04/01/2025 10:00:00 - 04/01/2025 11:00:00,BZN|CH,Without Sequence,126.09,,
04/01/2025 11:00:00 - 04/01/2025 12:00:00,BZN|CH,Without Sequence,124.93,,
04/01/2025 12:00:00 - 04/01/2025 13:00:00,BZN|CH,Without Sequence,126.09,,
04/01/2025 13:00:00 - 04/01/2025 14:00:00,BZN|CH,Without Sequence,128.47,,
04/01/2025 14:00:00 - 04/01/2025 15:00:00,BZN|CH,Without Sequence,136.84,,
04/01/2025 15:00:00 - 04/01/2025 16:00:00,BZN|CH,Without Sequence,144.26,,
04/01/2025 16:00:00 - 04/01/2025 17:00:00,BZN|CH,Without Sequence,152.62,,
04/01/2025 17:00:00 - 04/01/2025 18:00:00,BZN|CH,Without Sequence,147.76,,
04/01/2025 18:00:00 - 04/01/2025 19:00:00,BZN|CH,Without Sequence,140.82,,
04/01/2025 19:00:00 - 04/01/2025 20:00:00,BZN|CH,Without Sequence,134.39,,
04/01/2025 20:00:00 - 04/01/2025 21:00:00,BZN|CH,Without Sequence,126.95,,
04/01/2025 21:00:00 - 04/01/2025 22:00:00,BZN|CH,Without Sequence,126.1,,
04/01/2025 22:00:00 - 04/01/2025 23:00:00,BZN|CH,Without Sequence,119.21,,
04/01/2025 23:00:00 - 05/01/2025 00:00:00,BZN|CH,Without Sequence,119.4,,
05/01/2025 00:00:00 - 05/01/2025 01:00:00,BZN|CH,Without Sequence,114.11,,
05/01/2025 01:00:00 - 05/01/2025 02:00:00,BZN|CH,Without Sequence,110.07,,
05/01/2025 02:00:00 - 05/01/2025 03:00:00,BZN|CH,Without Sequence,105.83,,
05/01/2025 03:00:00 - 05/01/2025 04:00:00,BZN|CH,Without Sequence,107.53,,
05/01/2025 04:00:00 - 05/01/2025 05:00:00,BZN|CH,Without Sequence,115.1,,
05/01/2025 05:00:00 - 05/01/2025 06:00:00,BZN|CH,Without Sequence,119.94,,
05/01/2025 06:00:00 - 05/01/2025 07:00:00,BZN|CH,Without Sequence,124.22,,
05/01/2025 07:00:00 - 05/01/2025 08:00:00,BZN|CH,Without Sequence,127.8,,
05/01/2025 08:00:00 - 05/01/2025 09:00:00,BZN|CH,Without Sequence,129.11,,
05/01/2025 09:00:00 - 05/01/2025 10:00:00,BZN|CH,Without Sequence,128.02,,
05/01/2025 10:00:00 - 05/01/2025 11:00:00,BZN|CH,Without Sequence,126.77,,
05/01/2025 11:00:00 - 05/01/2025 12:00:00,BZN|CH,Without Sequence,126.1,,
05/01/2025 12:00:00 - 05/01/2025 13:00:00,BZN|CH,Without Sequence,126.36,,
05/01/2025 13:00:00 - 05/01/2025 14:00:00,BZN|CH,Without Sequence,130.16,,
05/01/2025 14:00:00 - 05/01/2025 15:00:00,BZN|CH,Without Sequence,132.1,,
05/01/2025 15:00:00 - 05/01/2025 16:00:00,BZN|CH,Without Sequence,133.39,,
05/01/2025 16:00:00 - 05/01/2025 17:00:00,BZN|CH,Without Sequence,132.93,,
05/01/2025 17:00:00 - 05/01/2025 18:00:00,BZN|CH,Without Sequence,132.8,,
05/01/2025 18:00:00 - 05/01/2025 19:00:00,BZN|CH,Without Sequence,131.7,,
05/01/2025 19:00:00 - 05/01/2025 20:00:00,BZN|CH,Without Sequence,127.19,,
05/01/2025 20:00:00 - 05/01/2025 21:00:00,BZN|CH,Without Sequence,117.88,,
05/01/2025 21:00:00 - 05/01/2025 22:00:00,BZN|CH,Without Sequence,119.41,,
05/01/2025 22:00:00 - 05/01/2025 23:00:00,BZN|CH,Without Sequence,120.01,,
05/01/2025 23:00:00 - 06/01/2025 00:00:00,BZN|CH,Without Sequence,115.69,,
06/01/2025 00:00:00 - 06/01/2025 01:00:00,BZN|CH,Without Sequence,105.95,,
06/01/2025 01:00:00 - 06/01/2025 02:00:00,BZN|CH,Without Sequence,98.58,,
06/01/2025 02:00:00 - 06/01/2025 03:00:00,BZN|CH,Without Sequence,94.81,,
06/01/2025 03:00:00 - 06/01/2025 04:00:00,BZN|CH,Without Sequence,98.69,,
06/01/2025 04:00:00 - 06/01/2025 05:00:00,BZN|CH,Without Sequence,112.34,,
06/01/2025 05:00:00 - 06/01/2025 06:00:00,BZN|CH,Without Sequence,123.07,,
06/01/2025 06:00:00 - 06/01/2025 07:00:00,BZN|CH,Without Sequence,132.41,,
06/01/2025 07:00:00 - 06/01/2025 08:00:00,BZN|CH,Without Sequence,132.44,,
06/01/2025 08:00:00 - 06/01/2025 09:00:00,BZN|CH,Without Sequence,132.8,,
06/01/2025 09:00:00 - 06/01/2025 10:00:00,BZN|CH,Without Sequence,130.65,,
06/01/2025 10:00:00 - 06/01/2025 11:00:00,BZN|CH,Without Sequence,128.06,,
06/01/2025 11:00:00 - 06/01/2025 12:00:00,BZN|CH,Without Sequence,123.41,,
06/01/2025 12:00:00 - 06/01/2025 13:00:00,BZN|CH,Without Sequence,123.41,,
06/01/2025 13:00:00 - 06/01/2025 14:00:00,BZN|CH,Without Sequence,127.91,,
06/01/2025 14:00:00 - 06/01/2025 15:00:00,BZN|CH,Without Sequence,137.19,,
06/01/2025 15:00:00 - 06/01/2025 16:00:00,BZN|CH,Without Sequence,137.05,,
06/01/2025 16:00:00 - 06/01/2025 17:00:00,BZN|CH,Without Sequence,139.99,,
06/01/2025 17:00:00 - 06/01/2025 18:00:00,BZN|CH,Without Sequence,137.5,,
06/01/2025 18:00:00 - 06/01/2025 19:00:00,BZN|CH,Without Sequence,134.91,,
06/01/2025 19:00:00 - 06/01/2025 20:00:00,BZN|CH,Without Sequence,129.8,,
06/01/2025 20:00:00 - 06/01/2025 21:00:00,BZN|CH,Without Sequence,128.88,,
06/01/2025 21:00:00 - 06/01/2025 22:00:00,BZN|CH,Without Sequence,125.88,,
06/01/2025 22:00:00 - 06/01/2025 23:00:00,BZN|CH,Without Sequence,122.13,,
06/01/2025 23:00:00 - 07/01/2025 00:00:00,BZN|CH,Without Sequence,118.51,,
07/01/2025 00:00:00 - 07/01/2025 01:00:00,BZN|CH,Without Sequence,115.19,,
07/01/2025 01:00:00 - 07/01/2025 02:00:00,BZN|CH,Without Sequence,115.86,,
07/01/2025 02:00:00 - 07/01/2025 03:00:00,BZN|CH,Without Sequence,115.35,,
07/01/2025 03:00:00 - 07/01/2025 04:00:00,BZN|CH,Without Sequence,111.27,,
07/01/2025 04:00:00 - 07/01/2025 05:00:00,BZN|CH,Without Sequence,118.4,,
07/01/2025 05:00:00 - 07/01/2025 06:00:00,BZN|CH,Without Sequence,124.39,,
07/01/2025 06:00:00 - 07/01/2025 07:00:00,BZN|CH,Without Sequence,131.69,,
07/01/2025 07:00:00 - 07/01/2025 08:00:00,BZN|CH,Without Sequence,138.4,,
07/01/2025 08:00:00 - 07/01/2025 09:00:00,BZN|CH,Without Sequence,134.5,,
07/01/2025 09:00:00 - 07/01/2025 10:00:00,BZN|CH,Without Sequence,133.78,,
07/01/2025 10:00:00 - 07/01/2025 11:00:00,BZN|CH,Without Sequence,136.04,,
07/01/2025 11:00:00 - 07/01/2025 12:00:00,BZN|CH,Without Sequence,131.54,,
07/01/2025 12:00:00 - 07/01/2025 13:00:00,BZN|CH,Without Sequence,129.2,,
07/01/2025 13:00:00 - 07/01/2025 14:00:00,BZN|CH,Without Sequence,134.05,,
07/01/2025 14:00:00 - 07/01/2025 15:00:00,BZN|CH,Without Sequence,140.6,,
07/01/2025 15:00:00 - 07/01/2025 16:00:00,BZN|CH,Without Sequence,145.89,,
07/01/2025 16:00:00 - 07/01/2025 17:00:00,BZN|CH,Without Sequence,145.9,,
07/01/2025 17:00:00 - 07/01/2025 18:00:00,BZN|CH,Without Sequence,142.06,,
07/01/2025 18:00:00 - 07/01/2025 19:00:00,BZN|CH,Without Sequence,139.97,,
07/01/2025 19:00:00 - 07/01/2025 20:00:00,BZN|CH,Without Sequence,135,,
07/01/2025 20:00:00 - 07/01/2025 21:00:00,BZN|CH,Without Sequence,131.9,,
07/01/2025 21:00:00 - 07/01/2025 22:00:00,BZN|CH,Without Sequence,131.9,,
07/01/2025 22:00:00 - 07/01/2025 23:00:00,BZN|CH,Without Sequence,128.02,,
07/01/2025 23:00:00 - 08/01/2025 00:00:00,BZN|CH,Without Sequence,115.19,,
08/01/2025 00:00:00 - 08/01/2025 01:00:00,BZN|CH,Without Sequence,109.69,,
08/01/2025 01:00:00 - 08/01/2025 02:00:00,BZN|CH,Without Sequence,104.36,,
08/01/2025 02:00:00 - 08/01/2025 03:00:00,BZN|CH,Without Sequence,102.32,,
08/01/2025 03:00:00 - 08/01/2025 04:00:00,BZN|CH,Without Sequence,103.28,,
08/01/2025 04:00:00 - 08/01/2025 05:00:00,BZN|CH,Without Sequence,117.28,,
08/01/2025 05:00:00 - 08/01/2025 06:00:00,BZN|CH,Without Sequence,129.85,,
08/01/2025 06:00:00 - 08/01/2025 07:00:00,BZN|CH,Without Sequence,136.03,,
08/01/2025 07:00:00 - 08/01/2025 08:00:00,BZN|CH,Without Sequence,138.4,,
08/01/2025 08:00:00 - 08/01/2025 09:00:00,BZN|CH,Without Sequence,135.24,,
08/01/2025 09:00:00 - 08/01/2025 10:00:00,BZN|CH,Without Sequence,134.65,,
08/01/2025 10:00:00 - 08/01/2025 11:00:00,BZN|CH,Without Sequence,131.28,,
08/01/2025 11:00:00 - 08/01/2025 12:00:00,BZN|CH,Without Sequence,127.71,,
08/01/2025 12:00:00 - 08/01/2025 13:00:00,BZN|CH,Without Sequence,128.69,,
08/01/2025 13:00:00 - 08/01/2025 14:00:00,BZN|CH,Without Sequence,135.39,,
08/01/2025 14:00:00 - 08/01/2025 15:00:00,BZN|CH,Without Sequence,143.24,,
08/01/2025 15:00:00 - 08/01/2025 16:00:00,BZN|CH,Without Sequence,146.11,,
08/01/2025 16:00:00 - 08/01/2025 17:00:00,BZN|CH,Without Sequence,146.57,,
08/01/2025 17:00:00 - 08/01/2025 18:00:00,BZN|CH,Without Sequence,150.34,,
08/01/2025 18:00:00 - 08/01/2025 19:00:00,BZN|CH,Without Sequence,141.74,,
08/01/2025 19:00:00 - 08/01/2025 20:00:00,BZN|CH,Without Sequence,134.91,,
08/01/2025 20:00:00 - 08/01/2025 21:00:00,BZN|CH,Without Sequence,128.27,,
08/01/2025 21:00:00 - 08/01/2025 22:00:00,BZN|CH,Without Sequence,126.98,,
08/01/2025 22:00:00 - 08/01/2025 23:00:00,BZN|CH,Without Sequence,118.91,,
08/01/2025 23:00:00 - 09/01/2025 00:00:00,BZN|CH,Without Sequence,117.59,,
09/01/2025 00:00:00 - 09/01/2025 01:00:00,BZN|CH,Without Sequence,109.81,,
09/01/2025 01:00:00 - 09/01/2025 02:00:00,BZN|CH,Without Sequence,102.08,,
09/01/2025 02:00:00 - 09/01/2025 03:00:00,BZN|CH,Without Sequence,101.93,,
09/01/2025 03:00:00 - 09/01/2025 04:00:00,BZN|CH,Without Sequence,102.53,,
09/01/2025 04:00:00 - 09/01/2025 05:00:00,BZN|CH,Without Sequence,113.81,,
09/01/2025 05:00:00 - 09/01/2025 06:00:00,BZN|CH,Without Sequence,132.54,,
09/01/2025 06:00:00 - 09/01/2025 07:00:00,BZN|CH,Without Sequence,151.57,,
09/01/2025 07:00:00 - 09/01/2025 08:00:00,BZN|CH,Without Sequence,170.52,,
09/01/2025 08:00:00 - 09/01/2025 09:00:00,BZN|CH,Without Sequence,151,,
09/01/2025 09:00:00 - 09/01/2025 10:00:00,BZN|CH,Without Sequence,149.38,,
09/01/2025 10:00:00 - 09/01/2025 11:00:00,BZN|CH,Without Sequence,144.38,,
09/01/2025 11:00:00 - 09/01/2025 12:00:00,BZN|CH,Without Sequence,138.9,,
09/01/2025 12:00:00 - 09/01/2025 13:00:00,BZN|CH,Without Sequence,134.69,,
09/01/2025 13:00:00 - 09/01/2025 14:00:00,BZN|CH,Without Sequence,131.4,,
09/01/2025 14:00:00 - 09/01/2025 15:00:00,BZN|CH,Without Sequence,132.9,,
09/01/2025 15:00:00 - 09/01/2025 16:00:00,BZN|CH,Without Sequence,131.39,,
09/01/2025 16:00:00 - 09/01/2025 17:00:00,BZN|CH,Without Sequence,135,,
09/01/2025 17:00:00 - 09/01/2025 18:00:00,BZN|CH,Without Sequence,134.99,,
09/01/2025 18:00:00 - 09/01/2025 19:00:00,BZN|CH,Without Sequence,132.9,,
09/01/2025 19:00:00 - 09/01/2025 20:00:00,BZN|CH,Without Sequence,126.89,,
09/01/2025 20:00:00 - 09/01/2025 21:00:00,BZN|CH,Without Sequence,123.09,,
09/01/2025 21:00:00 - 09/01/2025 22:00:00,BZN|CH,Without Sequence,122.07,,
09/01/2025 22:00:00 - 09/01/2025 23:00:00,BZN|CH,Without Sequence,114.97,,
09/01/2025 23:00:00 - 10/01/2025 00:00:00,BZN|CH,Without Sequence,109.15,,
10/01/2025 00:00:00 - 10/01/2025 01:00:00,BZN|CH,Without Sequence,105.5,,
10/01/2025 01:00:00 - 10/01/2025 02:00:00,BZN|CH,Without Sequence,98.99,,
10/01/2025 02:00:00 - 10/01/2025 03:00:00,BZN|CH,Without Sequence,95.51,,
10/01/2025 03:00:00 - 10/01/2025 04:00:00,BZN|CH,Without Sequence,95.71,,
10/01/2025 04:00:00 - 10/01/2025 05:00:00,BZN|CH,Without Sequence,106.81,,
10/01/2025 05:00:00 - 10/01/2025 06:00:00,BZN|CH,Without Sequence,117.19,,
10/01/2025 06:00:00 - 10/01/2025 07:00:00,BZN|CH,Without Sequence,126.1,,
10/01/2025 07:00:00 - 10/01/2025 08:00:00,BZN|CH,Without Sequence,133.88,,
10/01/2025 08:00:00 - 10/01/2025 09:00:00,BZN|CH,Without Sequence,131.8,,
10/01/2025 09:00:00 - 10/01/2025 10:00:00,BZN|CH,Without Sequence,127.2,,
10/01/2025 10:00:00 - 10/01/2025 11:00:00,BZN|CH,Without Sequence,122.47,,
10/01/2025 11:00:00 - 10/01/2025 12:00:00,BZN|CH,Without Sequence,120.39,,
10/01/2025 12:00:00 - 10/01/2025 13:00:00,BZN|CH,Without Sequence,117.2,,
10/01/2025 13:00:00 - 10/01/2025 14:00:00,BZN|CH,Without Sequence,117.2,,
10/01/2025 14:00:00 - 10/01/2025 15:00:00,BZN|CH,Without Sequence,127.83,,
10/01/2025 15:00:00 - 10/01/2025 16:00:00,BZN|CH,Without Sequence,137.3,,
10/01/2025 16:00:00 - 10/01/2025 17:00:00,BZN|CH,Without Sequence,146.19,,
10/01/2025 17:00:00 - 10/01/2025 18:00:00,BZN|CH,Without Sequence,148.33,,
10/01/2025 18:00:00 - 10/01/2025 19:00:00,BZN|CH,Without Sequence,143.04,,
10/01/2025 19:00:00 - 10/01/2025 20:00:00,BZN|CH,Without Sequence,133.19,,
10/01/2025 20:00:00 - 10/01/2025 21:00:00,BZN|CH,Without Sequence,125.53,,
10/01/2025 21:00:00 - 10/01/2025 22:00:00,BZN|CH,Without Sequence,122.1,,
10/01/2025 22:00:00 - 10/01/2025 23:00:00,BZN|CH,Without Sequence,117.51,,
10/01/2025 23:00:00 - 11/01/2025 00:00:00,BZN|CH,Without Sequence,113.68,,
11/01/2025 00:00:00 - 11/01/2025 01:00:00,BZN|CH,Without Sequence,113.02,,
11/01/2025 01:00:00 - 11/01/2025 02:00:00,BZN|CH,Without Sequence,109,,
11/01/2025 02:00:00 - 11/01/2025 03:00:00,BZN|CH,Without Sequence,107.76,,
11/01/2025 03:00:00 - 11/01/2025 04:00:00,BZN|CH,Without Sequence,107.44,,
11/01/2025 04:00:00 - 11/01/2025 05:00:00,BZN|CH,Without Sequence,108.59,,
11/01/2025 05:00:00 - 11/01/2025 06:00:00,BZN|CH,Without Sequence,111.74,,
11/01/2025 06:00:00 - 11/01/2025 07:00:00,BZN|CH,Without Sequence,114.98,,
11/01/2025 07:00:00 - 11/01/2025 08:00:00,BZN|CH,Without Sequence,120.3,,
11/01/2025 08:00:00 - 11/01/2025 09:00:00,BZN|CH,Without Sequence,119.07,,
11/01/2025 09:00:00 - 11/01/2025 10:00:00,BZN|CH,Without Sequence,114.97,,
11/01/2025 10:00:00 - 11/01/2025 11:00:00,BZN|CH,Without Sequence,108.97,,
11/01/2025 11:00:00 - 11/01/2025 12:00:00,BZN|CH,Without Sequence,108.59,,
11/01/2025 12:00:00 - 11/01/2025 13:00:00,BZN|CH,Without Sequence,108.59,,
11/01/2025 13:00:00 - 11/01/2025 14:00:00,BZN|CH,Without Sequence,108.59,,
11/01/2025 14:00:00 - 11/01/2025 15:00:00,BZN|CH,Without Sequence,112.06,,
11/01/2025 15:00:00 - 11/01/2025 16:00:00,BZN|CH,Without Sequence,119.8,,
11/01/2025 16:00:00 - 11/01/2025 17:00:00,BZN|CH,Without Sequence,127.69,,
11/01/2025 17:00:00 - 11/01/2025 18:00:00,BZN|CH,Without Sequence,133.08,,
11/01/2025 18:00:00 - 11/01/2025 19:00:00,BZN|CH,Without Sequence,132.89,,
11/01/2025 19:00:00 - 11/01/2025 20:00:00,BZN|CH,Without Sequence,127.1,,
11/01/2025 20:00:00 - 11/01/2025 21:00:00,BZN|CH,Without Sequence,123.02,,
11/01/2025 21:00:00 - 11/01/2025 22:00:00,BZN|CH,Without Sequence,121.2,,
11/01/2025 22:00:00 - 11/01/2025 23:00:00,BZN|CH,Without Sequence,113.3,,
11/01/2025 23:00:00 - 12/01/2025 00:00:00,BZN|CH,Without Sequence,103.08,,
12/01/2025 00:00:00 - 12/01/2025 01:00:00,BZN|CH,Without Sequence,97.77,,
12/01/2025 01:00:00 - 12/01/2025 02:00:00,BZN|CH,Without Sequence,94.34,,
12/01/2025 02:00:00 - 12/01/2025 03:00:00,BZN|CH,Without Sequence,91.41,,
12/01/2025 03:00:00 - 12/01/2025 04:00:00,BZN|CH,Without Sequence,90.96,,
12/01/2025 04:00:00 - 12/01/2025 05:00:00,BZN|CH,Without Sequence,93.3,,
12/01/2025 05:00:00 - 12/01/2025 06:00:00,BZN|CH,Without Sequence,99.43,,
12/01/2025 06:00:00 - 12/01/2025 07:00:00,BZN|CH,Without Sequence,103.31,,
12/01/2025 07:00:00 - 12/01/2025 08:00:00,BZN|CH,Without Sequence,114.14,,
12/01/2025 08:00:00 - 12/01/2025 09:00:00,BZN|CH,Without Sequence,119.01,,
12/01/2025 09:00:00 - 12/01/2025 10:00:00,BZN|CH,Without Sequence,116.61,,
12/01/2025 10:00:00 - 12/01/2025 11:00:00,BZN|CH,Without Sequence,110,,
12/01/2025 11:00:00 - 12/01/2025 12:00:00,BZN|CH,Without Sequence,107.24,,
12/01/2025 12:00:00 - 12/01/2025 13:00:00,BZN|CH,Without Sequence,106.35,,
12/01/2025 13:00:00 - 12/01/2025 14:00:00,BZN|CH,Without Sequence,109.59,,
12/01/2025 14:00:00 - 12/01/2025 15:00:00,BZN|CH,Without Sequence,120.94,,
12/01/2025 15:00:00 - 12/01/2025 16:00:00,BZN|CH,Without Sequence,130.55,,
12/01/2025 16:00:00 - 12/01/2025 17:00:00,BZN|CH,Without Sequence,137.2,,
12/01/2025 17:00:00 - 12/01/2025 18:00:00,BZN|CH,Without Sequence,143.64,,
12/01/2025 18:00:00 - 12/01/2025 19:00:00,BZN|CH,Without Sequence,140.9,,
12/01/2025 19:00:00 - 12/01/2025 20:00:00,BZN|CH,Without Sequence,133.37,,
12/01/2025 20:00:00 - 12/01/2025 21:00:00,BZN|CH,Without Sequence,126.23,,
12/01/2025 21:00:00 - 12/01/2025 22:00:00,BZN|CH,Without Sequence,122.4,,
12/01/2025 22:00:00 - 12/01/2025 23:00:00,BZN|CH,Without Sequence,117.28,,
12/01/2025 23:00:00 - 13/01/2025 00:00:00,BZN|CH,Without Sequence,114.31,,
13/01/2025 00:00:00 - 13/01/2025 01:00:00,BZN|CH,Without Sequence,110.64,,
13/01/2025 01:00:00 - 13/01/2025 02:00:00,BZN|CH,Without Sequence,107.01,,
13/01/2025 02:00:00 - 13/01/2025 03:00:00,BZN|CH,Without Sequence,105.52,,
13/01/2025 03:00:00 - 13/01/2025 04:00:00,BZN|CH,Without Sequence,105.07,,
13/01/2025 04:00:00 - 13/01/2025 05:00:00,BZN|CH,Without Sequence,115.85,,
13/01/2025 05:00:00 - 13/01/2025 06:00:00,BZN|CH,Without Sequence,140.29,,
13/01/2025 06:00:00 - 13/01/2025 07:00:00,BZN|CH,Without Sequence,165.47,,
13/01/2025 07:00:00 - 13/01/2025 08:00:00,BZN|CH,Without Sequence,185.05,,
13/01/2025 08:00:00 - 13/01/2025 09:00:00,BZN|CH,Without Sequence,157.3,,
13/01/2025 09:00:00 - 13/01/2025 10:00:00,BZN|CH,Without Sequence,140.67,,
13/01/2025 10:00:00 - 13/01/2025 11:00:00,BZN|CH,Without Sequence,130.1,,
13/01/2025 11:00:00 - 13/01/2025 12:00:00,BZN|CH,Without Sequence,122.99,,
13/01/2025 12:00:00 - 13/01/2025 13:00:00,BZN|CH,Without Sequence,121.1,,
13/01/2025 13:00:00 - 13/01/2025 14:00:00,BZN|CH,Without Sequence,124.4,,
13/01/2025 14:00:00 - 13/01/2025 15:00:00,BZN|CH,Without Sequence,132.45,,
13/01/2025 15:00:00 - 13/01/2025 16:00:00,BZN|CH,Without Sequence,150.12,,
13/01/2025 16:00:00 - 13/01/2025 17:00:00,BZN|CH,Without Sequence,166.87,,
13/01/2025 17:00:00 - 13/01/2025 18:00:00,BZN|CH,Without Sequence,167.71,,
13/01/2025 18:00:00 - 13/01/2025 19:00:00,BZN|CH,Without Sequence,159.33,,
13/01/2025 19:00:00 - 13/01/2025 20:00:00,BZN|CH,Without Sequence,143.1,,
13/01/2025 20:00:00 - 13/01/2025 21:00:00,BZN|CH,Without Sequence,129.59,,
13/01/2025 21:00:00 - 13/01/2025 22:00:00,BZN|CH,Without Sequence,125.11,,
13/01/2025 22:00:00 - 13/01/2025 23:00:00,BZN|CH,Without Sequence,118.35,,
13/01/2025 23:00:00 - 14/01/2025 00:00:00,BZN|CH,Without Sequence,124.97,,
14/01/2025 00:00:00 - 14/01/2025 01:00:00,BZN|CH,Without Sequence,121.69,,
14/01/2025 01:00:00 - 14/01/2025 02:00:00,BZN|CH,Without Sequence,118.92,,
14/01/2025 02:00:00 - 14/01/2025 03:00:00,BZN|CH,Without Sequence,117.3,,
14/01/2025 03:00:00 - 14/01/2025 04:00:00,BZN|CH,Without Sequence,117.79,,
14/01/2025 04:00:00 - 14/01/2025 05:00:00,BZN|CH,Without Sequence,123.81,,
14/01/2025 05:00:00 - 14/01/2025 06:00:00,BZN|CH,Without Sequence,137.96,,
14/01/2025 06:00:00 - 14/01/2025 07:00:00,BZN|CH,Without Sequence,166.57,,
14/01/2025 07:00:00 - 14/01/2025 08:00:00,BZN|CH,Without Sequence,184.22,,
14/01/2025 08:00:00 - 14/01/2025 09:00:00,BZN|CH,Without Sequence,167.96,,
14/01/2025 09:00:00 - 14/01/2025 10:00:00,BZN|CH,Without Sequence,143.47,,
14/01/2025 10:00:00 - 14/01/2025 11:00:00,BZN|CH,Without Sequence,133.8,,
14/01/2025 11:00:00 - 14/01/2025 12:00:00,BZN|CH,Without Sequence,128.33,,
14/01/2025 12:00:00 - 14/01/2025 13:00:00,BZN|CH,Without Sequence,129.21,,
14/01/2025 13:00:00 - 14/01/2025 14:00:00,BZN|CH,Without Sequence,131.94,,
14/01/2025 14:00:00 - 14/01/2025 15:00:00,BZN|CH,Without Sequence,156.01,,
14/01/2025 15:00:00 - 14/01/2025 16:00:00,BZN|CH,Without Sequence,164.35,,
14/01/2025 16:00:00 - 14/01/2025 17:00:00,BZN|CH,Without Sequence,170.34,,
14/01/2025 17:00:00 - 14/01/2025 18:00:00,BZN|CH,Without Sequence,190.2,,
14/01/2025 18:00:00 - 14/01/2025 19:00:00,BZN|CH,Without Sequence,184.75,,
14/01/2025 19:00:00 - 14/01/2025 20:00:00,BZN|CH,Without Sequence,172.18,,
14/01/2025 20:00:00 - 14/01/2025 21:00:00,BZN|CH,Without Sequence,150.23,,
14/01/2025 21:00:00 - 14/01/2025 22:00:00,BZN|CH,Without Sequence,137.94,,
14/01/2025 22:00:00 - 14/01/2025 23:00:00,BZN|CH,Without Sequence,131.61,,
14/01/2025 23:00:00 - 15/01/2025 00:00:00,BZN|CH,Without Sequence,123.19,,
15/01/2025 00:00:00 - 15/01/2025 01:00:00,BZN|CH,Without Sequence,118.11,,
15/01/2025 01:00:00 - 15/01/2025 02:00:00,BZN|CH,Without Sequence,115.07,,
15/01/2025 02:00:00 - 15/01/2025 03:00:00,BZN|CH,Without Sequence,112.96,,
15/01/2025 03:00:00 - 15/01/2025 04:00:00,BZN|CH,Without Sequence,115.79,,
15/01/2025 04:00:00 - 15/01/2025 05:00:00,BZN|CH,Without Sequence,123.43,,
15/01/2025 05:00:00 - 15/01/2025 06:00:00,BZN|CH,Without Sequence,151.61,,
15/01/2025 06:00:00 - 15/01/2025 07:00:00,BZN|CH,Without Sequence,191.22,,
15/01/2025 07:00:00 - 15/01/2025 08:00:00,BZN|CH,Without Sequence,222.62,,
15/01/2025 08:00:00 - 15/01/2025 09:00:00,BZN|CH,Without Sequence,210.3,,
15/01/2025 09:00:00 - 15/01/2025 10:00:00,BZN|CH,Without Sequence,178.09,,
15/01/2025 10:00:00 - 15/01/2025 11:00:00,BZN|CH,Without Sequence,168.43,,
15/01/2025 11:00:00 - 15/01/2025 12:00:00,BZN|CH,Without Sequence,162.5,,
15/01/2025 12:00:00 - 15/01/2025 13:00:00,BZN|CH,Without Sequence,159.91,,
15/01/2025 13:00:00 - 15/01/2025 14:00:00,BZN|CH,Without Sequence,169.38,,
15/01/2025 14:00:00 - 15/01/2025 15:00:00,BZN|CH,Without Sequence,174.91,,
15/01/2025 15:00:00 - 15/01/2025 16:00:00,BZN|CH,Without Sequence,175.1,,
15/01/2025 16:00:00 - 15/01/2025 17:00:00,BZN|CH,Without Sequence,209.63,,
15/01/2025 17:00:00 - 15/01/2025 18:00:00,BZN|CH,Without Sequence,213.2,,
15/01/2025 18:00:00 - 15/01/2025 19:00:00,BZN|CH,Without Sequence,201.85,,
15/01/2025 19:00:00 - 15/01/2025 20:00:00,BZN|CH,Without Sequence,176.2,,
15/01/2025 20:00:00 - 15/01/2025 21:00:00,BZN|CH,Without Sequence,159.97,,
15/01/2025 21:00:00 - 15/01/2025 22:00:00,BZN|CH,Without Sequence,141.54,,
15/01/2025 22:00:00 - 15/01/2025 23:00:00,BZN|CH,Without Sequence,134.8,,
15/01/2025 23:00:00 - 16/01/2025 00:00:00,BZN|CH,Without Sequence,128.81,,
16/01/2025 00:00:00 - 16/01/2025 01:00:00,BZN|CH,Without Sequence,123.35,,
16/01/2025 01:00:00 - 16/01/2025 02:00:00,BZN|CH,Without Sequence,120.01,,
16/01/2025 02:00:00 - 16/01/2025 03:00:00,BZN|CH,Without Sequence,118.63,,
16/01/2025 03:00:00 - 16/01/2025 04:00:00,BZN|CH,Without Sequence,119.93,,
16/01/2025 04:00:00 - 16/01/2025 05:00:00,BZN|CH,Without Sequence,129.56,,
16/01/2025 05:00:00 - 16/01/2025 06:00:00,BZN|CH,Without Sequence,145.59,,
16/01/2025 06:00:00 - 16/01/2025 07:00:00,BZN|CH,Without Sequence,192.73,,
16/01/2025 07:00:00 - 16/01/2025 08:00:00,BZN|CH,Without Sequence,216.34,,
16/01/2025 08:00:00 - 16/01/2025 09:00:00,BZN|CH,Without Sequence,187.2,,
16/01/2025 09:00:00 - 16/01/2025 10:00:00,BZN|CH,Without Sequence,162.26,,
16/01/2025 10:00:00 - 16/01/2025 11:00:00,BZN|CH,Without Sequence,142.64,,
16/01/2025 11:00:00 - 16/01/2025 12:00:00,BZN|CH,Without Sequence,138.22,,
16/01/2025 12:00:00 - 16/01/2025 13:00:00,BZN|CH,Without Sequence,137.39,,
16/01/2025 13:00:00 - 16/01/2025 14:00:00,BZN|CH,Without Sequence,144.29,,
16/01/2025 14:00:00 - 16/01/2025 15:00:00,BZN|CH,Without Sequence,163.19,,
16/01/2025 15:00:00 - 16/01/2025 16:00:00,BZN|CH,Without Sequence,188.97,,
16/01/2025 16:00:00 - 16/01/2025 17:00:00,BZN|CH,Without Sequence,207.02,,
16/01/2025 17:00:00 - 16/01/2025 18:00:00,BZN|CH,Without Sequence,208.71,,
16/01/2025 18:00:00 - 16/01/2025 19:00:00,BZN|CH,Without Sequence,192.51,,
16/01/2025 19:00:00 - 16/01/2025 20:00:00,BZN|CH,Without Sequence,153.04,,
16/01/2025 20:00:00 - 16/01/2025 21:00:00,BZN|CH,Without Sequence,139.9,,
16/01/2025 21:00:00 - 16/01/2025 22:00:00,BZN|CH,Without Sequence,134.01,,
16/01/2025 22:00:00 - 16/01/2025 23:00:00,BZN|CH,Without Sequence,127.5,,
16/01/2025 23:00:00 - 17/01/2025 00:00:00,BZN|CH,Without Sequence,123.94,,
17/01/2025 00:00:00 - 17/01/2025 01:00:00,BZN|CH,Without Sequence,120.09,,
17/01/2025 01:00:00 - 17/01/2025 02:00:00,BZN|CH,Without Sequence,117.7,,
17/01/2025 02:00:00 - 17/01/2025 03:00:00,BZN|CH,Without Sequence,116.14,,
17/01/2025 03:00:00 - 17/01/2025 04:00:00,BZN|CH,Without Sequence,117.64,,
17/01/2025 04:00:00 - 17/01/2025 05:00:00,BZN|CH,Without Sequence,123.61,,
17/01/2025 05:00:00 - 17/01/2025 06:00:00,BZN|CH,Without Sequence,140.17,,
17/01/2025 06:00:00 - 17/01/2025 07:00:00,BZN|CH,Without Sequence,176.65,,
17/01/2025 07:00:00 - 17/01/2025 08:00:00,BZN|CH,Without Sequence,206.77,,
17/01/2025 08:00:00 - 17/01/2025 09:00:00,BZN|CH,Without Sequence,176.07,,
17/01/2025 09:00:00 - 17/01/2025 10:00:00,BZN|CH,Without Sequence,149.68,,
17/01/2025 10:00:00 - 17/01/2025 11:00:00,BZN|CH,Without Sequence,135.39,,
17/01/2025 11:00:00 - 17/01/2025 12:00:00,BZN|CH,Without Sequence,128.21,,
17/01/2025 12:00:00 - 17/01/2025 13:00:00,BZN|CH,Without Sequence,126.36,,
17/01/2025 13:00:00 - 17/01/2025 14:00:00,BZN|CH,Without Sequence,131.19,,
17/01/2025 14:00:00 - 17/01/2025 15:00:00,BZN|CH,Without Sequence,146.07,,
17/01/2025 15:00:00 - 17/01/2025 16:00:00,BZN|CH,Without Sequence,169.69,,
17/01/2025 16:00:00 - 17/01/2025 17:00:00,BZN|CH,Without Sequence,177.14,,
17/01/2025 17:00:00 - 17/01/2025 18:00:00,BZN|CH,Without Sequence,190.93,,
17/01/2025 18:00:00 - 17/01/2025 19:00:00,BZN|CH,Without Sequence,178.64,,
17/01/2025 19:00:00 - 17/01/2025 20:00:00,BZN|CH,Without Sequence,156.11,,
17/01/2025 20:00:00 - 17/01/2025 21:00:00,BZN|CH,Without Sequence,142.75,,
17/01/2025 21:00:00 - 17/01/2025 22:00:00,BZN|CH,Without Sequence,140,,
17/01/2025 22:00:00 - 17/01/2025 23:00:00,BZN|CH,Without Sequence,133.51,,
17/01/2025 23:00:00 - 18/01/2025 00:00:00,BZN|CH,Without Sequence,128.92,,
18/01/2025 00:00:00 - 18/01/2025 01:00:00,BZN|CH,Without Sequence,124.2,,
18/01/2025 01:00:00 - 18/01/2025 02:00:00,BZN|CH,Without Sequence,121.77,,
18/01/2025 02:00:00 - 18/01/2025 03:00:00,BZN|CH,Without Sequence,119.37,,
18/01/2025 03:00:00 - 18/01/2025 04:00:00,BZN|CH,Without Sequence,118.17,,
18/01/2025 04:00:00 - 18/01/2025 05:00:00,BZN|CH,Without Sequence,121.41,,
18/01/2025 05:00:00 - 18/01/2025 06:00:00,BZN|CH,Without Sequence,127.48,,
18/01/2025 06:00:00 - 18/01/2025 07:00:00,BZN|CH,Without Sequence,136.42,,
18/01/2025 07:00:00 - 18/01/2025 08:00:00,BZN|CH,Without Sequence,144.46,,
18/01/2025 08:00:00 - 18/01/2025 09:00:00,BZN|CH,Without Sequence,142.02,,
18/01/2025 09:00:00 - 18/01/2025 10:00:00,BZN|CH,Without Sequence,136.81,,
18/01/2025 10:00:00 - 18/01/2025 11:00:00,BZN|CH,Without Sequence,128.4,,
18/01/2025 11:00:00 - 18/01/2025 12:00:00,BZN|CH,Without Sequence,123.75,,
18/01/2025 12:00:00 - 18/01/2025 13:00:00,BZN|CH,Without Sequence,122.43,,
18/01/2025 13:00:00 - 18/01/2025 14:00:00,BZN|CH,Without Sequence,123.09,,
18/01/2025 14:00:00 - 18/01/2025 15:00:00,BZN|CH,Without Sequence,133.22,,
18/01/2025 15:00:00 - 18/01/2025 16:00:00,BZN|CH,Without Sequence,144.92,,
18/01/2025 16:00:00 - 18/01/2025 17:00:00,BZN|CH,Without Sequence,155.36,,
18/01/2025 17:00:00 - 18/01/2025 18:00:00,BZN|CH,Without Sequence,161.52,,
18/01/2025 18:00:00 - 18/01/2025 19:00:00,BZN|CH,Without Sequence,161.23,,
18/01/2025 19:00:00 - 18/01/2025 20:00:00,BZN|CH,Without Sequence,146.09,,
18/01/2025 20:00:00 - 18/01/2025 21:00:00,BZN|CH,Without Sequence,140.2,,
18/01/2025 21:00:00 - 18/01/2025 22:00:00,BZN|CH,Without Sequence,135.73,,
18/01/2025 22:00:00 - 18/01/2025 23:00:00,BZN|CH,Without Sequence,129.23,,
18/01/2025 23:00:00 - 19/01/2025 00:00:00,BZN|CH,Without Sequence,129.96,,
19/01/2025 00:00:00 - 19/01/2025 01:00:00,BZN|CH,Without Sequence,125.77,,
19/01/2025 01:00:00 - 19/01/2025 02:00:00,BZN|CH,Without Sequence,124.68,,
19/01/2025 02:00:00 - 19/01/2025 03:00:00,BZN|CH,Without Sequence,122.12,,
19/01/2025 03:00:00 - 19/01/2025 04:00:00,BZN|CH,Without Sequence,120.01,,
19/01/2025 04:00:00 - 19/01/2025 05:00:00,BZN|CH,Without Sequence,122.45,,
19/01/2025 05:00:00 - 19/01/2025 06:00:00,BZN|CH,Without Sequence,125.02,,
19/01/2025 06:00:00 - 19/01/2025 07:00:00,BZN|CH,Without Sequence,127.29,,
19/01/2025 07:00:00 - 19/01/2025 08:00:00,BZN|CH,Without Sequence,130.64,,
19/01/2025 08:00:00 - 19/01/2025 09:00:00,BZN|CH,Without Sequence,129.9,,
19/01/2025 09:00:00 - 19/01/2025 10:00:00,BZN|CH,Without Sequence,127.46,,
19/01/2025 10:00:00 - 19/01/2025 11:00:00,BZN|CH,Without Sequence,122.12,,
19/01/2025 11:00:00 - 19/01/2025 12:00:00,BZN|CH,Without Sequence,117.8,,
19/01/2025 12:00:00 - 19/01/2025 13:00:00,BZN|CH,Without Sequence,114.29,,
19/01/2025 13:00:00 - 19/01/2025 14:00:00,BZN|CH,Without Sequence,117.53,,
19/01/2025 14:00:00 - 19/01/2025 15:00:00,BZN|CH,Without Sequence,129.12,,
19/01/2025 15:00:00 - 19/01/2025 16:00:00,BZN|CH,Without Sequence,141.08,,
19/01/2025 16:00:00 - 19/01/2025 17:00:00,BZN|CH,Without Sequence,155.99,,
19/01/2025 17:00:00 - 19/01/2025 18:00:00,BZN|CH,Without Sequence,164.99,,
19/01/2025 18:00:00 - 19/01/2025 19:00:00,BZN|CH,Without Sequence,163.71,,
19/01/2025 19:00:00 - 19/01/2025 20:00:00,BZN|CH,Without Sequence,155.61,,
19/01/2025 20:00:00 - 19/01/2025 21:00:00,BZN|CH,Without Sequence,142.4,,
19/01/2025 21:00:00 - 19/01/2025 22:00:00,BZN|CH,Without Sequence,136.13,,
19/01/2025 22:00:00 - 19/01/2025 23:00:00,BZN|CH,Without Sequence,129.89,,
19/01/2025 23:00:00 - 20/01/2025 00:00:00,BZN|CH,Without Sequence,129.12,,
20/01/2025 00:00:00 - 20/01/2025 01:00:00,BZN|CH,Without Sequence,127.04,,
20/01/2025 01:00:00 - 20/01/2025 02:00:00,BZN|CH,Without Sequence,125.04,,
20/01/2025 02:00:00 - 20/01/2025 03:00:00,BZN|CH,Without Sequence,122.69,,
20/01/2025 03:00:00 - 20/01/2025 04:00:00,BZN|CH,Without Sequence,123.52,,
20/01/2025 04:00:00 - 20/01/2025 05:00:00,BZN|CH,Without Sequence,129.66,,
20/01/2025 05:00:00 - 20/01/2025 06:00:00,BZN|CH,Without Sequence,147.64,,
20/01/2025 06:00:00 - 20/01/2025 07:00:00,BZN|CH,Without Sequence,212.2,,
20/01/2025 07:00:00 - 20/01/2025 08:00:00,BZN|CH,Without Sequence,279.94,,
20/01/2025 08:00:00 - 20/01/2025 09:00:00,BZN|CH,Without Sequence,230.41,,
20/01/2025 09:00:00 - 20/01/2025 10:00:00,BZN|CH,Without Sequence,191.45,,
20/01/2025 10:00:00 - 20/01/2025 11:00:00,BZN|CH,Without Sequence,173.7,,
20/01/2025 11:00:00 - 20/01/2025 12:00:00,BZN|CH,Without Sequence,164.48,,
20/01/2025 12:00:00 - 20/01/2025 13:00:00,BZN|CH,Without Sequence,163.39,,
20/01/2025 13:00:00 - 20/01/2025 14:00:00,BZN|CH,Without Sequence,172.82,,
20/01/2025 14:00:00 - 20/01/2025 15:00:00,BZN|CH,Without Sequence,193.38,,
20/01/2025 15:00:00 - 20/01/2025 16:00:00,BZN|CH,Without Sequence,226.9,,
20/01/2025 16:00:00 - 20/01/2025 17:00:00,BZN|CH,Without Sequence,264.05,,
20/01/2025 17:00:00 - 20/01/2025 18:00:00,BZN|CH,Without Sequence,290.01,,
20/01/2025 18:00:00 - 20/01/2025 19:00:00,BZN|CH,Without Sequence,249.76,,
20/01/2025 19:00:00 - 20/01/2025 20:00:00,BZN|CH,Without Sequence,188.65,,
20/01/2025 20:00:00 - 20/01/2025 21:00:00,BZN|CH,Without Sequence,159.27,,
20/01/2025 21:00:00 - 20/01/2025 22:00:00,BZN|CH,Without Sequence,147.21,,
20/01/2025 22:00:00 - 20/01/2025 23:00:00,BZN|CH,Without Sequence,138.59,,
20/01/2025 23:00:00 - 21/01/2025 00:00:00,BZN|CH,Without Sequence,130.56,,
21/01/2025 00:00:00 - 21/01/2025 01:00:00,BZN|CH,Without Sequence,125.42,,
21/01/2025 01:00:00 - 21/01/2025 02:00:00,BZN|CH,Without Sequence,123.15,,
21/01/2025 02:00:00 - 21/01/2025 03:00:00,BZN|CH,Without Sequence,122.05,,
21/01/2025 03:00:00 - 21/01/2025 04:00:00,BZN|CH,Without Sequence,123.01,,
21/01/2025 04:00:00 - 21/01/2025 05:00:00,BZN|CH,Without Sequence,129.07,,
21/01/2025 05:00:00 - 21/01/2025 06:00:00,BZN|CH,Without Sequence,147.23,,
21/01/2025 06:00:00 - 21/01/2025 07:00:00,BZN|CH,Without Sequence,211.44,,
21/01/2025 07:00:00 - 21/01/2025 08:00:00,BZN|CH,Without Sequence,253.39,,
21/01/2025 08:00:00 - 21/01/2025 09:00:00,BZN|CH,Without Sequence,215.81,,
21/01/2025 09:00:00 - 21/01/2025 10:00:00,BZN|CH,Without Sequence,173.77,,
21/01/2025 10:00:00 - 21/01/2025 11:00:00,BZN|CH,Without Sequence,157.59,,
21/01/2025 11:00:00 - 21/01/2025 12:00:00,BZN|CH,Without Sequence,145.2,,
21/01/2025 12:00:00 - 21/01/2025 13:00:00,BZN|CH,Without Sequence,141.05,,
21/01/2025 13:00:00 - 21/01/2025 14:00:00,BZN|CH,Without Sequence,144.97,,
21/01/2025 14:00:00 - 21/01/2025 15:00:00,BZN|CH,Without Sequence,167.28,,
21/01/2025 15:00:00 - 21/01/2025 16:00:00,BZN|CH,Without Sequence,208.31,,
21/01/2025 16:00:00 - 21/01/2025 17:00:00,BZN|CH,Without Sequence,240.82,,
21/01/2025 17:00:00 - 21/01/2025 18:00:00,BZN|CH,Without Sequence,276.61,,
21/01/2025 18:00:00 - 21/01/2025 19:00:00,BZN|CH,Without Sequence,227.03,,
21/01/2025 19:00:00 - 21/01/2025 20:00:00,BZN|CH,Without Sequence,168.03,,
21/01/2025 20:00:00 - 21/01/2025 21:00:00,BZN|CH,Without Sequence,144.1,,
21/01/2025 21:00:00 - 21/01/2025 22:00:00,BZN|CH,Without Sequence,140.89,,
21/01/2025 22:00:00 - 21/01/2025 23:00:00,BZN|CH,Without Sequence,134,,
21/01/2025 23:00:00 - 22/01/2025 00:00:00,BZN|CH,Without Sequence,134.27,,
22/01/2025 00:00:00 - 22/01/2025 01:00:00,BZN|CH,Without Sequence,131.69,,
22/01/2025 01:00:00 - 22/01/2025 02:00:00,BZN|CH,Without Sequence,129.01,,
22/01/2025 02:00:00 - 22/01/2025 03:00:00,BZN|CH,Without Sequence,128.19,,
22/01/2025 03:00:00 - 22/01/2025 04:00:00,BZN|CH,Without Sequence,129.15,,
22/01/2025 04:00:00 - 22/01/2025 05:00:00,BZN|CH,Without Sequence,140,,
22/01/2025 05:00:00 - 22/01/2025 06:00:00,BZN|CH,Without Sequence,154,,
22/01/2025 06:00:00 - 22/01/2025 07:00:00,BZN|CH,Without Sequence,188.52,,
22/01/2025 07:00:00 - 22/01/2025 08:00:00,BZN|CH,Without Sequence,219.45,,
22/01/2025 08:00:00 - 22/01/2025 09:00:00,BZN|CH,Without Sequence,197.96,,
22/01/2025 09:00:00 - 22/01/2025 10:00:00,BZN|CH,Without Sequence,180.44,,
22/01/2025 10:00:00 - 22/01/2025 11:00:00,BZN|CH,Without Sequence,167.93,,
22/01/2025 11:00:00 - 22/01/2025 12:00:00,BZN|CH,Without Sequence,160.05,,
22/01/2025 12:00:00 - 22/01/2025 13:00:00,BZN|CH,Without Sequence,158.28,,
22/01/2025 13:00:00 - 22/01/2025 14:00:00,BZN|CH,Without Sequence,164.02,,
22/01/2025 14:00:00 - 22/01/2025 15:00:00,BZN|CH,Without Sequence,187.32,,
22/01/2025 15:00:00 - 22/01/2025 16:00:00,BZN|CH,Without Sequence,189.18,,
22/01/2025 16:00:00 - 22/01/2025 17:00:00,BZN|CH,Without Sequence,197.62,,
22/01/2025 17:00:00 - 22/01/2025 18:00:00,BZN|CH,Without Sequence,186.35,,
22/01/2025 18:00:00 - 22/01/2025 19:00:00,BZN|CH,Without Sequence,169.06,,
22/01/2025 19:00:00 - 22/01/2025 20:00:00,BZN|CH,Without Sequence,164,,
22/01/2025 20:00:00 - 22/01/2025 21:00:00,BZN|CH,Without Sequence,147.02,,
22/01/2025 21:00:00 - 22/01/2025 22:00:00,BZN|CH,Without Sequence,141.49,,
22/01/2025 22:00:00 - 22/01/2025 23:00:00,BZN|CH,Without Sequence,134.89,,
22/01/2025 23:00:00 - 23/01/2025 00:00:00,BZN|CH,Without Sequence,130.14,,
23/01/2025 00:00:00 - 23/01/2025 01:00:00,BZN|CH,Without Sequence,127.16,,
23/01/2025 01:00:00 - 23/01/2025 02:00:00,BZN|CH,Without Sequence,125.11,,
23/01/2025 02:00:00 - 23/01/2025 03:00:00,BZN|CH,Without Sequence,123.7,,
23/01/2025 03:00:00 - 23/01/2025 04:00:00,BZN|CH,Without Sequence,123.95,,
23/01/2025 04:00:00 - 23/01/2025 05:00:00,BZN|CH,Without Sequence,131,,
23/01/2025 05:00:00 - 23/01/2025 06:00:00,BZN|CH,Without Sequence,145.26,,
23/01/2025 06:00:00 - 23/01/2025 07:00:00,BZN|CH,Without Sequence,166.77,,
23/01/2025 07:00:00 - 23/01/2025 08:00:00,BZN|CH,Without Sequence,174.07,,
23/01/2025 08:00:00 - 23/01/2025 09:00:00,BZN|CH,Without Sequence,167.35,,
23/01/2025 09:00:00 - 23/01/2025 10:00:00,BZN|CH,Without Sequence,161.05,,
23/01/2025 10:00:00 - 23/01/2025 11:00:00,BZN|CH,Without Sequence,156.65,,
23/01/2025 11:00:00 - 23/01/2025 12:00:00,BZN|CH,Without Sequence,150.98,,
23/01/2025 12:00:00 - 23/01/2025 13:00:00,BZN|CH,Without Sequence,148.27,,
23/01/2025 13:00:00 - 23/01/2025 14:00:00,BZN|CH,Without Sequence,152.51,,
23/01/2025 14:00:00 - 23/01/2025 15:00:00,BZN|CH,Without Sequence,160.99,,
23/01/2025 15:00:00 - 23/01/2025 16:00:00,BZN|CH,Without Sequence,170.21,,
23/01/2025 16:00:00 - 23/01/2025 17:00:00,BZN|CH,Without Sequence,172.01,,
23/01/2025 17:00:00 - 23/01/2025 18:00:00,BZN|CH,Without Sequence,166.03,,
23/01/2025 18:00:00 - 23/01/2025 19:00:00,BZN|CH,Without Sequence,158.01,,
23/01/2025 19:00:00 - 23/01/2025 20:00:00,BZN|CH,Without Sequence,149.7,,
23/01/2025 20:00:00 - 23/01/2025 21:00:00,BZN|CH,Without Sequence,143.29,,
23/01/2025 21:00:00 - 23/01/2025 22:00:00,BZN|CH,Without Sequence,141.4,,
23/01/2025 22:00:00 - 23/01/2025 23:00:00,BZN|CH,Without Sequence,134.04,,
23/01/2025 23:00:00 - 24/01/2025 00:00:00,BZN|CH,Without Sequence,128.01,,
24/01/2025 00:00:00 - 24/01/2025 01:00:00,BZN|CH,Without Sequence,125.56,,
24/01/2025 01:00:00 - 24/01/2025 02:00:00,BZN|CH,Without Sequence,123.95,,
24/01/2025 02:00:00 - 24/01/2025 03:00:00,BZN|CH,Without Sequence,122.92,,
24/01/2025 03:00:00 - 24/01/2025 04:00:00,BZN|CH,Without Sequence,123.45,,
24/01/2025 04:00:00 - 24/01/2025 05:00:00,BZN|CH,Without Sequence,130.02,,
24/01/2025 05:00:00 - 24/01/2025 06:00:00,BZN|CH,Without Sequence,145.12,,
24/01/2025 06:00:00 - 24/01/2025 07:00:00,BZN|CH,Without Sequence,160.61,,
24/01/2025 07:00:00 - 24/01/2025 08:00:00,BZN|CH,Without Sequence,162,,
24/01/2025 08:00:00 - 24/01/2025 09:00:00,BZN|CH,Without Sequence,152.8,,
24/01/2025 09:00:00 - 24/01/2025 10:00:00,BZN|CH,Without Sequence,151.16,,
24/01/2025 10:00:00 - 24/01/2025 11:00:00,BZN|CH,Without Sequence,141.03,,
24/01/2025 11:00:00 - 24/01/2025 12:00:00,BZN|CH,Without Sequence,130.05,,
24/01/2025 12:00:00 - 24/01/2025 13:00:00,BZN|CH,Without Sequence,126.98,,
24/01/2025 13:00:00 - 24/01/2025 14:00:00,BZN|CH,Without Sequence,140.47,,
24/01/2025 14:00:00 - 24/01/2025 15:00:00,BZN|CH,Without Sequence,146.54,,
24/01/2025 15:00:00 - 24/01/2025 16:00:00,BZN|CH,Without Sequence,150.51,,
24/01/2025 16:00:00 - 24/01/2025 17:00:00,BZN|CH,Without Sequence,152.92,,
24/01/2025 17:00:00 - 24/01/2025 18:00:00,BZN|CH,Without Sequence,150.11,,
24/01/2025 18:00:00 - 24/01/2025 19:00:00,BZN|CH,Without Sequence,146.74,,
24/01/2025 19:00:00 - 24/01/2025 20:00:00,BZN|CH,Without Sequence,143.08,,
24/01/2025 20:00:00 - 24/01/2025 21:00:00,BZN|CH,Without Sequence,141.25,,
24/01/2025 21:00:00 - 24/01/2025 22:00:00,BZN|CH,Without Sequence,138.83,,
24/01/2025 22:00:00 - 24/01/2025 23:00:00,BZN|CH,Without Sequence,133.07,,
24/01/2025 23:00:00 - 25/01/2025 00:00:00,BZN|CH,Without Sequence,137.09,,
25/01/2025 00:00:00 - 25/01/2025 01:00:00,BZN|CH,Without Sequence,131.82,,
25/01/2025 01:00:00 - 25/01/2025 02:00:00,BZN|CH,Without Sequence,131.19,,
25/01/2025 02:00:00 - 25/01/2025 03:00:00,BZN|CH,Without Sequence,130.81,,
25/01/2025 03:00:00 - 25/01/2025 04:00:00,BZN|CH,Without Sequence,130.11,,
25/01/2025 04:00:00 - 25/01/2025 05:00:00,BZN|CH,Without Sequence,130.97,,
25/01/2025 05:00:00 - 25/01/2025 06:00:00,BZN|CH,Without Sequence,138.72,,
25/01/2025 06:00:00 - 25/01/2025 07:00:00,BZN|CH,Without Sequence,141.18,,
25/01/2025 07:00:00 - 25/01/2025 08:00:00,BZN|CH,Without Sequence,143.94,,
25/01/2025 08:00:00 - 25/01/2025 09:00:00,BZN|CH,Without Sequence,142.48,,
25/01/2025 09:00:00 - 25/01/2025 10:00:00,BZN|CH,Without Sequence,138.84,,
25/01/2025 10:00:00 - 25/01/2025 11:00:00,BZN|CH,Without Sequence,129.76,,
25/01/2025 11:00:00 - 25/01/2025 12:00:00,BZN|CH,Without Sequence,127.35,,
25/01/2025 12:00:00 - 25/01/2025 13:00:00,BZN|CH,Without Sequence,126.91,,
25/01/2025 13:00:00 - 25/01/2025 14:00:00,BZN|CH,Without Sequence,127.86,,
25/01/2025 14:00:00 - 25/01/2025 15:00:00,BZN|CH,Without Sequence,132.93,,
25/01/2025 15:00:00 - 25/01/2025 16:00:00,BZN|CH,Without Sequence,143.1,,
25/01/2025 16:00:00 - 25/01/2025 17:00:00,BZN|CH,Without Sequence,147.39,,
25/01/2025 17:00:00 - 25/01/2025 18:00:00,BZN|CH,Without Sequence,147.39,,
25/01/2025 18:00:00 - 25/01/2025 19:00:00,BZN|CH,Without Sequence,144.99,,
25/01/2025 19:00:00 - 25/01/2025 20:00:00,BZN|CH,Without Sequence,144.03,,
25/01/2025 20:00:00 - 25/01/2025 21:00:00,BZN|CH,Without Sequence,138.7,,
25/01/2025 21:00:00 - 25/01/2025 22:00:00,BZN|CH,Without Sequence,134,,
25/01/2025 22:00:00 - 25/01/2025 23:00:00,BZN|CH,Without Sequence,128.49,,
25/01/2025 23:00:00 - 26/01/2025 00:00:00,BZN|CH,Without Sequence,136.16,,
26/01/2025 00:00:00 - 26/01/2025 01:00:00,BZN|CH,Without Sequence,130.01,,
26/01/2025 01:00:00 - 26/01/2025 02:00:00,BZN|CH,Without Sequence,128,,
26/01/2025 02:00:00 - 26/01/2025 03:00:00,BZN|CH,Without Sequence,125.09,,
26/01/2025 03:00:00 - 26/01/2025 04:00:00,BZN|CH,Without Sequence,125.01,,
26/01/2025 04:00:00 - 26/01/2025 05:00:00,BZN|CH,Without Sequence,125.09,,
26/01/2025 05:00:00 - 26/01/2025 06:00:00,BZN|CH,Without Sequence,128,,
26/01/2025 06:00:00 - 26/01/2025 07:00:00,BZN|CH,Without Sequence,133.47,,
26/01/2025 07:00:00 - 26/01/2025 08:00:00,BZN|CH,Without Sequence,136,,
26/01/2025 08:00:00 - 26/01/2025 09:00:00,BZN|CH,Without Sequence,136.53,,
26/01/2025 09:00:00 - 26/01/2025 10:00:00,BZN|CH,Without Sequence,128.96,,
26/01/2025 10:00:00 - 26/01/2025 11:00:00,BZN|CH,Without Sequence,122.96,,
26/01/2025 11:00:00 - 26/01/2025 12:00:00,BZN|CH,Without Sequence,110.79,,
26/01/2025 12:00:00 - 26/01/2025 13:00:00,BZN|CH,Without Sequence,105.99,,
26/01/2025 13:00:00 - 26/01/2025 14:00:00,BZN|CH,Without Sequence,112.13,,
26/01/2025 14:00:00 - 26/01/2025 15:00:00,BZN|CH,Without Sequence,129.17,,
26/01/2025 15:00:00 - 26/01/2025 16:00:00,BZN|CH,Without Sequence,141.32,,
26/01/2025 16:00:00 - 26/01/2025 17:00:00,BZN|CH,Without Sequence,149.77,,
26/01/2025 17:00:00 - 26/01/2025 18:00:00,BZN|CH,Without Sequence,150.8,,
26/01/2025 18:00:00 - 26/01/2025 19:00:00,BZN|CH,Without Sequence,147.9,,
26/01/2025 19:00:00 - 26/01/2025 20:00:00,BZN|CH,Without Sequence,146.15,,
26/01/2025 20:00:00 - 26/01/2025 21:00:00,BZN|CH,Without Sequence,141.28,,
26/01/2025 21:00:00 - 26/01/2025 22:00:00,BZN|CH,Without Sequence,138.16,,
26/01/2025 22:00:00 - 26/01/2025 23:00:00,BZN|CH,Without Sequence,132.27,,
26/01/2025 23:00:00 - 27/01/2025 00:00:00,BZN|CH,Without Sequence,124.33,,
27/01/2025 00:00:00 - 27/01/2025 01:00:00,BZN|CH,Without Sequence,115.72,,
27/01/2025 01:00:00 - 27/01/2025 02:00:00,BZN|CH,Without Sequence,113.04,,
27/01/2025 02:00:00 - 27/01/2025 03:00:00,BZN|CH,Without Sequence,111.63,,
27/01/2025 03:00:00 - 27/01/2025 04:00:00,BZN|CH,Without Sequence,111.75,,
27/01/2025 04:00:00 - 27/01/2025 05:00:00,BZN|CH,Without Sequence,125.65,,
27/01/2025 05:00:00 - 27/01/2025 06:00:00,BZN|CH,Without Sequence,139.94,,
27/01/2025 06:00:00 - 27/01/2025 07:00:00,BZN|CH,Without Sequence,146.27,,
27/01/2025 07:00:00 - 27/01/2025 08:00:00,BZN|CH,Without Sequence,147.3,,
27/01/2025 08:00:00 - 27/01/2025 09:00:00,BZN|CH,Without Sequence,147.3,,
27/01/2025 09:00:00 - 27/01/2025 10:00:00,BZN|CH,Without Sequence,149.85,,
27/01/2025 10:00:00 - 27/01/2025 11:00:00,BZN|CH,Without Sequence,147.5,,
27/01/2025 11:00:00 - 27/01/2025 12:00:00,BZN|CH,Without Sequence,146.41,,
27/01/2025 12:00:00 - 27/01/2025 13:00:00,BZN|CH,Without Sequence,139.1,,
27/01/2025 13:00:00 - 27/01/2025 14:00:00,BZN|CH,Without Sequence,145.17,,
27/01/2025 14:00:00 - 27/01/2025 15:00:00,BZN|CH,Without Sequence,149.82,,
27/01/2025 15:00:00 - 27/01/2025 16:00:00,BZN|CH,Without Sequence,149.86,,
27/01/2025 16:00:00 - 27/01/2025 17:00:00,BZN|CH,Without Sequence,149.52,,
27/01/2025 17:00:00 - 27/01/2025 18:00:00,BZN|CH,Without Sequence,148.18,,
27/01/2025 18:00:00 - 27/01/2025 19:00:00,BZN|CH,Without Sequence,145.61,,
27/01/2025 19:00:00 - 27/01/2025 20:00:00,BZN|CH,Without Sequence,146.3,,
27/01/2025 20:00:00 - 27/01/2025 21:00:00,BZN|CH,Without Sequence,141.14,,
27/01/2025 21:00:00 - 27/01/2025 22:00:00,BZN|CH,Without Sequence,134.36,,
27/01/2025 22:00:00 - 27/01/2025 23:00:00,BZN|CH,Without Sequence,128.42,,
27/01/2025 23:00:00 - 28/01/2025 00:00:00,BZN|CH,Without Sequence,122.64,,
28/01/2025 00:00:00 - 28/01/2025 01:00:00,BZN|CH,Without Sequence,117.57,,
28/01/2025 01:00:00 - 28/01/2025 02:00:00,BZN|CH,Without Sequence,113.78,,
28/01/2025 02:00:00 - 28/01/2025 03:00:00,BZN|CH,Without Sequence,113.07,,
28/01/2025 03:00:00 - 28/01/2025 04:00:00,BZN|CH,Without Sequence,116.14,,
28/01/2025 04:00:00 - 28/01/2025 05:00:00,BZN|CH,Without Sequence,124.31,,
28/01/2025 05:00:00 - 28/01/2025 06:00:00,BZN|CH,Without Sequence,138.94,,
28/01/2025 06:00:00 - 28/01/2025 07:00:00,BZN|CH,Without Sequence,148.26,,
28/01/2025 07:00:00 - 28/01/2025 08:00:00,BZN|CH,Without Sequence,146.84,,
28/01/2025 08:00:00 - 28/01/2025 09:00:00,BZN|CH,Without Sequence,144.05,,
28/01/2025 09:00:00 - 28/01/2025 10:00:00,BZN|CH,Without Sequence,143.06,,
28/01/2025 10:00:00 - 28/01/2025 11:00:00,BZN|CH,Without Sequence,136.54,,
28/01/2025 11:00:00 - 28/01/2025 12:00:00,BZN|CH,Without Sequence,129.53,,
28/01/2025 12:00:00 - 28/01/2025 13:00:00,BZN|CH,Without Sequence,127.49,,
28/01/2025 13:00:00 - 28/01/2025 14:00:00,BZN|CH,Without Sequence,131.66,,
28/01/2025 14:00:00 - 28/01/2025 15:00:00,BZN|CH,Without Sequence,139.7,,
28/01/2025 15:00:00 - 28/01/2025 16:00:00,BZN|CH,Without Sequence,148.72,,
28/01/2025 16:00:00 - 28/01/2025 17:00:00,BZN|CH,Without Sequence,149.5,,
28/01/2025 17:00:00 - 28/01/2025 18:00:00,BZN|CH,Without Sequence,148.61,,
28/01/2025 18:00:00 - 28/01/2025 19:00:00,BZN|CH,Without Sequence,147.22,,
28/01/2025 19:00:00 - 28/01/2025 20:00:00,BZN|CH,Without Sequence,144.98,,
28/01/2025 20:00:00 - 28/01/2025 21:00:00,BZN|CH,Without Sequence,139.82,,
28/01/2025 21:00:00 - 28/01/2025 22:00:00,BZN|CH,Without Sequence,137.36,,
28/01/2025 22:00:00 - 28/01/2025 23:00:00,BZN|CH,Without Sequence,130,,
28/01/2025 23:00:00 - 29/01/2025 00:00:00,BZN|CH,Without Sequence,121.76,,
29/01/2025 00:00:00 - 29/01/2025 01:00:00,BZN|CH,Without Sequence,114.99,,
29/01/2025 01:00:00 - 29/01/2025 02:00:00,BZN|CH,Without Sequence,112.96,,
29/01/2025 02:00:00 - 29/01/2025 03:00:00,BZN|CH,Without Sequence,112.92,,
29/01/2025 03:00:00 - 29/01/2025 04:00:00,BZN|CH,Without Sequence,114.93,,
29/01/2025 04:00:00 - 29/01/2025 05:00:00,BZN|CH,Without Sequence,125.76,,
29/01/2025 05:00:00 - 29/01/2025 06:00:00,BZN|CH,Without Sequence,143.33,,
29/01/2025 06:00:00 - 29/01/2025 07:00:00,BZN|CH,Without Sequence,149.66,,
29/01/2025 07:00:00 - 29/01/2025 08:00:00,BZN|CH,Without Sequence,147.93,,
29/01/2025 08:00:00 - 29/01/2025 09:00:00,BZN|CH,Without Sequence,141.72,,
29/01/2025 09:00:00 - 29/01/2025 10:00:00,BZN|CH,Without Sequence,138.45,,
29/01/2025 10:00:00 - 29/01/2025 11:00:00,BZN|CH,Without Sequence,133.9,,
29/01/2025 11:00:00 - 29/01/2025 12:00:00,BZN|CH,Without Sequence,124.53,,
29/01/2025 12:00:00 - 29/01/2025 13:00:00,BZN|CH,Without Sequence,123.58,,
29/01/2025 13:00:00 - 29/01/2025 14:00:00,BZN|CH,Without Sequence,125.79,,
29/01/2025 14:00:00 - 29/01/2025 15:00:00,BZN|CH,Without Sequence,139.51,,
29/01/2025 15:00:00 - 29/01/2025 16:00:00,BZN|CH,Without Sequence,144.35,,
29/01/2025 16:00:00 - 29/01/2025 17:00:00,BZN|CH,Without Sequence,149.99,,
29/01/2025 17:00:00 - 29/01/2025 18:00:00,BZN|CH,Without Sequence,150.09,,
29/01/2025 18:00:00 - 29/01/2025 19:00:00,BZN|CH,Without Sequence,149.09,,
29/01/2025 19:00:00 - 29/01/2025 20:00:00,BZN|CH,Without Sequence,144.9,,
29/01/2025 20:00:00 - 29/01/2025 21:00:00,BZN|CH,Without Sequence,139.5,,
29/01/2025 21:00:00 - 29/01/2025 22:00:00,BZN|CH,Without Sequence,135.97,,
29/01/2025 22:00:00 - 29/01/2025 23:00:00,BZN|CH,Without Sequence,128.77,,
29/01/2025 23:00:00 - 30/01/2025 00:00:00,BZN|CH,Without Sequence,129.8,,
30/01/2025 00:00:00 - 30/01/2025 01:00:00,BZN|CH,Without Sequence,125,,
30/01/2025 01:00:00 - 30/01/2025 02:00:00,BZN|CH,Without Sequence,122.91,,
30/01/2025 02:00:00 - 30/01/2025 03:00:00,BZN|CH,Without Sequence,122.47,,
30/01/2025 03:00:00 - 30/01/2025 04:00:00,BZN|CH,Without Sequence,121.9,,
30/01/2025 04:00:00 - 30/01/2025 05:00:00,BZN|CH,Without Sequence,128.13,,
30/01/2025 05:00:00 - 30/01/2025 06:00:00,BZN|CH,Without Sequence,145.51,,
30/01/2025 06:00:00 - 30/01/2025 07:00:00,BZN|CH,Without Sequence,157.89,,
30/01/2025 07:00:00 - 30/01/2025 08:00:00,BZN|CH,Without Sequence,164.2,,
30/01/2025 08:00:00 - 30/01/2025 09:00:00,BZN|CH,Without Sequence,155.06,,
30/01/2025 09:00:00 - 30/01/2025 10:00:00,BZN|CH,Without Sequence,144.77,,
30/01/2025 10:00:00 - 30/01/2025 11:00:00,BZN|CH,Without Sequence,139.37,,
30/01/2025 11:00:00 - 30/01/2025 12:00:00,BZN|CH,Without Sequence,132.17,,
30/01/2025 12:00:00 - 30/01/2025 13:00:00,BZN|CH,Without Sequence,132.51,,
30/01/2025 13:00:00 - 30/01/2025 14:00:00,BZN|CH,Without Sequence,140.41,,
30/01/2025 14:00:00 - 30/01/2025 15:00:00,BZN|CH,Without Sequence,149.37,,
30/01/2025 15:00:00 - 30/01/2025 16:00:00,BZN|CH,Without Sequence,161.8,,
30/01/2025 16:00:00 - 30/01/2025 17:00:00,BZN|CH,Without Sequence,176.71,,
30/01/2025 17:00:00 - 30/01/2025 18:00:00,BZN|CH,Without Sequence,172.36,,
30/01/2025 18:00:00 - 30/01/2025 19:00:00,BZN|CH,Without Sequence,165,,
30/01/2025 19:00:00 - 30/01/2025 20:00:00,BZN|CH,Without Sequence,152.93,,
30/01/2025 20:00:00 - 30/01/2025 21:00:00,BZN|CH,Without Sequence,143.97,,
30/01/2025 21:00:00 - 30/01/2025 22:00:00,BZN|CH,Without Sequence,142.01,,
30/01/2025 22:00:00 - 30/01/2025 23:00:00,BZN|CH,Without Sequence,134.2,,
30/01/2025 23:00:00 - 31/01/2025 00:00:00,BZN|CH,Without Sequence,132.07,,
31/01/2025 00:00:00 - 31/01/2025 01:00:00,BZN|CH,Without Sequence,123.91,,
31/01/2025 01:00:00 - 31/01/2025 02:00:00,BZN|CH,Without Sequence,124.09,,
31/01/2025 02:00:00 - 31/01/2025 03:00:00,BZN|CH,Without Sequence,124.09,,
31/01/2025 03:00:00 - 31/01/2025 04:00:00,BZN|CH,Without Sequence,124.7,,
31/01/2025 04:00:00 - 31/01/2025 05:00:00,BZN|CH,Without Sequence,132.11,,
31/01/2025 05:00:00 - 31/01/2025 06:00:00,BZN|CH,Without Sequence,145.33,,
31/01/2025 06:00:00 - 31/01/2025 07:00:00,BZN|CH,Without Sequence,154.92,,
31/01/2025 07:00:00 - 31/01/2025 08:00:00,BZN|CH,Without Sequence,162.24,,
31/01/2025 08:00:00 - 31/01/2025 09:00:00,BZN|CH,Without Sequence,157.58,,
31/01/2025 09:00:00 - 31/01/2025 10:00:00,BZN|CH,Without Sequence,144.31,,
31/01/2025 10:00:00 - 31/01/2025 11:00:00,BZN|CH,Without Sequence,142.94,,
31/01/2025 11:00:00 - 31/01/2025 12:00:00,BZN|CH,Without Sequence,139.09,,
31/01/2025 12:00:00 - 31/01/2025 13:00:00,BZN|CH,Without Sequence,136,,
31/01/2025 13:00:00 - 31/01/2025 14:00:00,BZN|CH,Without Sequence,140.5,,
31/01/2025 14:00:00 - 31/01/2025 15:00:00,BZN|CH,Without Sequence,147.92,,
31/01/2025 15:00:00 - 31/01/2025 16:00:00,BZN|CH,Without Sequence,161.66,,
31/01/2025 16:00:00 - 31/01/2025 17:00:00,BZN|CH,Without Sequence,182.01,,
31/01/2025 17:00:00 - 31/01/2025 18:00:00,BZN|CH,Without Sequence,179.63,,
31/01/2025 18:00:00 - 31/01/2025 19:00:00,BZN|CH,Without Sequence,170.02,,
31/01/2025 19:00:00 - 31/01/2025 20:00:00,BZN|CH,Without Sequence,153.78,,
31/01/2025 20:00:00 - 31/01/2025 21:00:00,BZN|CH,Without Sequence,144.94,,
31/01/2025 21:00:00 - 31/01/2025 22:00:00,BZN|CH,Without Sequence,141.81,,
31/01/2025 22:00:00 - 31/01/2025 23:00:00,BZN|CH,Without Sequence,136.2,,
31/01/2025 23:00:00 - 01/02/2025 00:00:00,BZN|CH,Without Sequence,138.4,,
01/02/2025 00:00:00 - 01/02/2025 01:00:00,BZN|CH,Without Sequence,133.38,,
01/02/2025 01:00:00 - 01/02/2025 02:00:00,BZN|CH,Without Sequence,131.99,,
01/02/2025 02:00:00 - 01/02/2025 03:00:00,BZN|CH,Without Sequence,130.37,,
01/02/2025 03:00:00 - 01/02/2025 04:00:00,BZN|CH,Without Sequence,128.36,,
01/02/2025 04:00:00 - 01/02/2025 05:00:00,BZN|CH,Without Sequence,129.31,,
01/02/2025 05:00:00 - 01/02/2025 06:00:00,BZN|CH,Without Sequence,133.32,,
01/02/2025 06:00:00 - 01/02/2025 07:00:00,BZN|CH,Without Sequence,144.28,,
01/02/2025 07:00:00 - 01/02/2025 08:00:00,BZN|CH,Without Sequence,148.91,,
01/02/2025 08:00:00 - 01/02/2025 09:00:00,BZN|CH,Without Sequence,142.31,,
01/02/2025 09:00:00 - 01/02/2025 10:00:00,BZN|CH,Without Sequence,136.9,,
01/02/2025 10:00:00 - 01/02/2025 11:00:00,BZN|CH,Without Sequence,135.9,,
01/02/2025 11:00:00 - 01/02/2025 12:00:00,BZN|CH,Without Sequence,131.08,,
01/02/2025 12:00:00 - 01/02/2025 13:00:00,BZN|CH,Without Sequence,132.2,,
01/02/2025 13:00:00 - 01/02/2025 14:00:00,BZN|CH,Without Sequence,132.03,,
01/02/2025 14:00:00 - 01/02/2025 15:00:00,BZN|CH,Without Sequence,132.65,,
01/02/2025 15:00:00 - 01/02/2025 16:00:00,BZN|CH,Without Sequence,153.31,,
01/02/2025 16:00:00 - 01/02/2025 17:00:00,BZN|CH,Without Sequence,165.4,,
01/02/2025 17:00:00 - 01/02/2025 18:00:00,BZN|CH,Without Sequence,165.9,,
01/02/2025 18:00:00 - 01/02/2025 19:00:00,BZN|CH,Without Sequence,163.41,,
01/02/2025 19:00:00 - 01/02/2025 20:00:00,BZN|CH,Without Sequence,153.44,,
01/02/2025 20:00:00 - 01/02/2025 21:00:00,BZN|CH,Without Sequence,146.73,,
01/02/2025 21:00:00 - 01/02/2025 22:00:00,BZN|CH,Without Sequence,141.18,,
01/02/2025 22:00:00 - 01/02/2025 23:00:00,BZN|CH,Without Sequence,132.03,,
01/02/2025 23:00:00 - 02/02/2025 00:00:00,BZN|CH,Without Sequence,134.53,,
02/02/2025 00:00:00 - 02/02/2025 01:00:00,BZN|CH,Without Sequence,127.89,,
02/02/2025 01:00:00 - 02/02/2025 02:00:00,BZN|CH,Without Sequence,123.26,,
02/02/2025 02:00:00 - 02/02/2025 03:00:00,BZN|CH,Without Sequence,120.16,,
02/02/2025 03:00:00 - 02/02/2025 04:00:00,BZN|CH,Without Sequence,119.05,,
02/02/2025 04:00:00 - 02/02/2025 05:00:00,BZN|CH,Without Sequence,121.22,,
02/02/2025 05:00:00 - 02/02/2025 06:00:00,BZN|CH,Without Sequence,127.37,,
02/02/2025 06:00:00 - 02/02/2025 07:00:00,BZN|CH,Without Sequence,139.43,,
02/02/2025 07:00:00 - 02/02/2025 08:00:00,BZN|CH,Without Sequence,144.36,,
02/02/2025 08:00:00 - 02/02/2025 09:00:00,BZN|CH,Without Sequence,141.38,,
02/02/2025 09:00:00 - 02/02/2025 10:00:00,BZN|CH,Without Sequence,132.08,,
02/02/2025 10:00:00 - 02/02/2025 11:00:00,BZN|CH,Without Sequence,123.55,,
02/02/2025 11:00:00 - 02/02/2025 12:00:00,BZN|CH,Without Sequence,108.6,,
02/02/2025 12:00:00 - 02/02/2025 13:00:00,BZN|CH,Without Sequence,99.7,,
02/02/2025 13:00:00 - 02/02/2025 14:00:00,BZN|CH,Without Sequence,105.74,,
02/02/2025 14:00:00 - 02/02/2025 15:00:00,BZN|CH,Without Sequence,126.98,,
02/02/2025 15:00:00 - 02/02/2025 16:00:00,BZN|CH,Without Sequence,156.31,,
02/02/2025 16:00:00 - 02/02/2025 17:00:00,BZN|CH,Without Sequence,168.45,,
02/02/2025 17:00:00 - 02/02/2025 18:00:00,BZN|CH,Without Sequence,171.09,,
02/02/2025 18:00:00 - 02/02/2025 19:00:00,BZN|CH,Without Sequence,170.99,,
02/02/2025 19:00:00 - 02/02/2025 20:00:00,BZN|CH,Without Sequence,160.79,,
02/02/2025 20:00:00 - 02/02/2025 21:00:00,BZN|CH,Without Sequence,154.21,,
02/02/2025 21:00:00 - 02/02/2025 22:00:00,BZN|CH,Without Sequence,147.92,,
02/02/2025 22:00:00 - 02/02/2025 23:00:00,BZN|CH,Without Sequence,140.81,,
02/02/2025 23:00:00 - 03/02/2025 00:00:00,BZN|CH,Without Sequence,134.81,,
03/02/2025 00:00:00 - 03/02/2025 01:00:00,BZN|CH,Without Sequence,131.66,,
03/02/2025 01:00:00 - 03/02/2025 02:00:00,BZN|CH,Without Sequence,127.13,,
03/02/2025 02:00:00 - 03/02/2025 03:00:00,BZN|CH,Without Sequence,126.14,,
03/02/2025 03:00:00 - 03/02/2025 04:00:00,BZN|CH,Without Sequence,127.67,,
03/02/2025 04:00:00 - 03/02/2025 05:00:00,BZN|CH,Without Sequence,136.36,,
03/02/2025 05:00:00 - 03/02/2025 06:00:00,BZN|CH,Without Sequence,159.73,,
03/02/2025 06:00:00 - 03/02/2025 07:00:00,BZN|CH,Without Sequence,210.52,,
03/02/2025 07:00:00 - 03/02/2025 08:00:00,BZN|CH,Without Sequence,256.39,,
03/02/2025 08:00:00 - 03/02/2025 09:00:00,BZN|CH,Without Sequence,188.99,,
03/02/2025 09:00:00 - 03/02/2025 10:00:00,BZN|CH,Without Sequence,158.14,,
03/02/2025 10:00:00 - 03/02/2025 11:00:00,BZN|CH,Without Sequence,148.8,,
03/02/2025 11:00:00 - 03/02/2025 12:00:00,BZN|CH,Without Sequence,139.37,,
03/02/2025 12:00:00 - 03/02/2025 13:00:00,BZN|CH,Without Sequence,138.15,,
03/02/2025 13:00:00 - 03/02/2025 14:00:00,BZN|CH,Without Sequence,142.48,,
03/02/2025 14:00:00 - 03/02/2025 15:00:00,BZN|CH,Without Sequence,153.01,,
03/02/2025 15:00:00 - 03/02/2025 16:00:00,BZN|CH,Without Sequence,175.27,,
03/02/2025 16:00:00 - 03/02/2025 17:00:00,BZN|CH,Without Sequence,182.41,,
03/02/2025 17:00:00 - 03/02/2025 18:00:00,BZN|CH,Without Sequence,215.56,,
03/02/2025 18:00:00 - 03/02/2025 19:00:00,BZN|CH,Without Sequence,217.7,,
03/02/2025 19:00:00 - 03/02/2025 20:00:00,BZN|CH,Without Sequence,173.1,,
03/02/2025 20:00:00 - 03/02/2025 21:00:00,BZN|CH,Without Sequence,156.36,,
03/02/2025 21:00:00 - 03/02/2025 22:00:00,BZN|CH,Without Sequence,151.35,,
03/02/2025 22:00:00 - 03/02/2025 23:00:00,BZN|CH,Without Sequence,140.77,,
03/02/2025 23:00:00 - 04/02/2025 00:00:00,BZN|CH,Without Sequence,136.06,,
04/02/2025 00:00:00 - 04/02/2025 01:00:00,BZN|CH,Without Sequence,132.47,,
04/02/2025 01:00:00 - 04/02/2025 02:00:00,BZN|CH,Without Sequence,129.61,,
04/02/2025 02:00:00 - 04/02/2025 03:00:00,BZN|CH,Without Sequence,125.8,,
04/02/2025 03:00:00 - 04/02/2025 04:00:00,BZN|CH,Without Sequence,125.97,,
04/02/2025 04:00:00 - 04/02/2025 05:00:00,BZN|CH,Without Sequence,135.61,,
04/02/2025 05:00:00 - 04/02/2025 06:00:00,BZN|CH,Without Sequence,155.97,,
04/02/2025 06:00:00 - 04/02/2025 07:00:00,BZN|CH,Without Sequence,186.24,,
04/02/2025 07:00:00 - 04/02/2025 08:00:00,BZN|CH,Without Sequence,189.2,,
04/02/2025 08:00:00 - 04/02/2025 09:00:00,BZN|CH,Without Sequence,164.89,,
04/02/2025 09:00:00 - 04/02/2025 10:00:00,BZN|CH,Without Sequence,150.09,,
04/02/2025 10:00:00 - 04/02/2025 11:00:00,BZN|CH,Without Sequence,141.06,,
04/02/2025 11:00:00 - 04/02/2025 12:00:00,BZN|CH,Without Sequence,130.42,,
04/02/2025 12:00:00 - 04/02/2025 13:00:00,BZN|CH,Without Sequence,130.07,,
04/02/2025 13:00:00 - 04/02/2025 14:00:00,BZN|CH,Without Sequence,137.07,,
04/02/2025 14:00:00 - 04/02/2025 15:00:00,BZN|CH,Without Sequence,143.13,,
04/02/2025 15:00:00 - 04/02/2025 16:00:00,BZN|CH,Without Sequence,158.69,,
04/02/2025 16:00:00 - 04/02/2025 17:00:00,BZN|CH,Without Sequence,169.85,,
04/02/2025 17:00:00 - 04/02/2025 18:00:00,BZN|CH,Without Sequence,176.51,,
04/02/2025 18:00:00 - 04/02/2025 19:00:00,BZN|CH,Without Sequence,171.99,,
04/02/2025 19:00:00 - 04/02/2025 20:00:00,BZN|CH,Without Sequence,159.61,,
04/02/2025 20:00:00 - 04/02/2025 21:00:00,BZN|CH,Without Sequence,152.52,,
04/02/2025 21:00:00 - 04/02/2025 22:00:00,BZN|CH,Without Sequence,144.81,,
04/02/2025 22:00:00 - 04/02/2025 23:00:00,BZN|CH,Without Sequence,138.89,,
04/02/2025 23:00:00 - 05/02/2025 00:00:00,BZN|CH,Without Sequence,138.2,,
05/02/2025 00:00:00 - 05/02/2025 01:00:00,BZN|CH,Without Sequence,134.1,,
05/02/2025 01:00:00 - 05/02/2025 02:00:00,BZN|CH,Without Sequence,130.98,,
05/02/2025 02:00:00 - 05/02/2025 03:00:00,BZN|CH,Without Sequence,128.53,,
05/02/2025 03:00:00 - 05/02/2025 04:00:00,BZN|CH,Without Sequence,128.2,,
05/02/2025 04:00:00 - 05/02/2025 05:00:00,BZN|CH,Without Sequence,138.4,,
05/02/2025 05:00:00 - 05/02/2025 06:00:00,BZN|CH,Without Sequence,152.34,,
05/02/2025 06:00:00 - 05/02/2025 07:00:00,BZN|CH,Without Sequence,161.73,,
05/02/2025 07:00:00 - 05/02/2025 08:00:00,BZN|CH,Without Sequence,170.29,,
05/02/2025 08:00:00 - 05/02/2025 09:00:00,BZN|CH,Without Sequence,154.91,,
05/02/2025 09:00:00 - 05/02/2025 10:00:00,BZN|CH,Without Sequence,148.15,,
05/02/2025 10:00:00 - 05/02/2025 11:00:00,BZN|CH,Without Sequence,135.55,,
05/02/2025 11:00:00 - 05/02/2025 12:00:00,BZN|CH,Without Sequence,132.33,,
05/02/2025 12:00:00 - 05/02/2025 13:00:00,BZN|CH,Without Sequence,128.98,,
05/02/2025 13:00:00 - 05/02/2025 14:00:00,BZN|CH,Without Sequence,132.14,,
05/02/2025 14:00:00 - 05/02/2025 15:00:00,BZN|CH,Without Sequence,144.32,,
05/02/2025 15:00:00 - 05/02/2025 16:00:00,BZN|CH,Without Sequence,159.44,,
05/02/2025 16:00:00 - 05/02/2025 17:00:00,BZN|CH,Without Sequence,179.03,,
05/02/2025 17:00:00 - 05/02/2025 18:00:00,BZN|CH,Without Sequence,187.59,,
05/02/2025 18:00:00 - 05/02/2025 19:00:00,BZN|CH,Without Sequence,186.92,,
05/02/2025 19:00:00 - 05/02/2025 20:00:00,BZN|CH,Without Sequence,164.5,,
05/02/2025 20:00:00 - 05/02/2025 21:00:00,BZN|CH,Without Sequence,153.86,,
05/02/2025 21:00:00 - 05/02/2025 22:00:00,BZN|CH,Without Sequence,151.85,,
05/02/2025 22:00:00 - 05/02/2025 23:00:00,BZN|CH,Without Sequence,143.08,,
05/02/2025 23:00:00 - 06/02/2025 00:00:00,BZN|CH,Without Sequence,139.06,,
06/02/2025 00:00:00 - 06/02/2025 01:00:00,BZN|CH,Without Sequence,136.41,,
06/02/2025 01:00:00 - 06/02/2025 02:00:00,BZN|CH,Without Sequence,133.95,,
06/02/2025 02:00:00 - 06/02/2025 03:00:00,BZN|CH,Without Sequence,132.98,,
06/02/2025 03:00:00 - 06/02/2025 04:00:00,BZN|CH,Without Sequence,130.8,,
06/02/2025 04:00:00 - 06/02/2025 05:00:00,BZN|CH,Without Sequence,134.76,,
06/02/2025 05:00:00 - 06/02/2025 06:00:00,BZN|CH,Without Sequence,151.88,,
06/02/2025 06:00:00 - 06/02/2025 07:00:00,BZN|CH,Without Sequence,185.76,,
06/02/2025 07:00:00 - 06/02/2025 08:00:00,BZN|CH,Without Sequence,216.41,,
06/02/2025 08:00:00 - 06/02/2025 09:00:00,BZN|CH,Without Sequence,182.07,,
06/02/2025 09:00:00 - 06/02/2025 10:00:00,BZN|CH,Without Sequence,161.03,,
06/02/2025 10:00:00 - 06/02/2025 11:00:00,BZN|CH,Without Sequence,149.69,,
06/02/2025 11:00:00 - 06/02/2025 12:00:00,BZN|CH,Without Sequence,143.72,,
06/02/2025 12:00:00 - 06/02/2025 13:00:00,BZN|CH,Without Sequence,141,,
06/02/2025 13:00:00 - 06/02/2025 14:00:00,BZN|CH,Without Sequence,144.29,,
06/02/2025 14:00:00 - 06/02/2025 15:00:00,BZN|CH,Without Sequence,150.8,,
06/02/2025 15:00:00 - 06/02/2025 16:00:00,BZN|CH,Without Sequence,162.29,,
06/02/2025 16:00:00 - 06/02/2025 17:00:00,BZN|CH,Without Sequence,169,,
06/02/2025 17:00:00 - 06/02/2025 18:00:00,BZN|CH,Without Sequence,173.5,,
06/02/2025 18:00:00 - 06/02/2025 19:00:00,BZN|CH,Without Sequence,164.59,,
06/02/2025 19:00:00 - 06/02/2025 20:00:00,BZN|CH,Without Sequence,153.9,,
06/02/2025 20:00:00 - 06/02/2025 21:00:00,BZN|CH,Without Sequence,150.99,,
06/02/2025 21:00:00 - 06/02/2025 22:00:00,BZN|CH,Without Sequence,150.58,,
06/02/2025 22:00:00 - 06/02/2025 23:00:00,BZN|CH,Without Sequence,145.72,,
06/02/2025 23:00:00 - 07/02/2025 00:00:00,BZN|CH,Without Sequence,147.09,,
07/02/2025 00:00:00 - 07/02/2025 01:00:00,BZN|CH,Without Sequence,142.99,,
07/02/2025 01:00:00 - 07/02/2025 02:00:00,BZN|CH,Without Sequence,136.65,,
07/02/2025 02:00:00 - 07/02/2025 03:00:00,BZN|CH,Without Sequence,136.56,,
07/02/2025 03:00:00 - 07/02/2025 04:00:00,BZN|CH,Without Sequence,136.18,,
07/02/2025 04:00:00 - 07/02/2025 05:00:00,BZN|CH,Without Sequence,144.9,,
07/02/2025 05:00:00 - 07/02/2025 06:00:00,BZN|CH,Without Sequence,153.69,,
07/02/2025 06:00:00 - 07/02/2025 07:00:00,BZN|CH,Without Sequence,156.93,,
07/02/2025 07:00:00 - 07/02/2025 08:00:00,BZN|CH,Without Sequence,158.64,,
07/02/2025 08:00:00 - 07/02/2025 09:00:00,BZN|CH,Without Sequence,154.16,,
07/02/2025 09:00:00 - 07/02/2025 10:00:00,BZN|CH,Without Sequence,153.3,,
07/02/2025 10:00:00 - 07/02/2025 11:00:00,BZN|CH,Without Sequence,145.05,,
07/02/2025 11:00:00 - 07/02/2025 12:00:00,BZN|CH,Without Sequence,140.89,,
07/02/2025 12:00:00 - 07/02/2025 13:00:00,BZN|CH,Without Sequence,140.93,,
07/02/2025 13:00:00 - 07/02/2025 14:00:00,BZN|CH,Without Sequence,146.07,,
07/02/2025 14:00:00 - 07/02/2025 15:00:00,BZN|CH,Without Sequence,150.86,,
07/02/2025 15:00:00 - 07/02/2025 16:00:00,BZN|CH,Without Sequence,151.12,,
07/02/2025 16:00:00 - 07/02/2025 17:00:00,BZN|CH,Without Sequence,153.3,,
07/02/2025 17:00:00 - 07/02/2025 18:00:00,BZN|CH,Without Sequence,153.8,,
07/02/2025 18:00:00 - 07/02/2025 19:00:00,BZN|CH,Without Sequence,152.82,,
07/02/2025 19:00:00 - 07/02/2025 20:00:00,BZN|CH,Without Sequence,152.06,,
07/02/2025 20:00:00 - 07/02/2025 21:00:00,BZN|CH,Without Sequence,153.29,,
07/02/2025 21:00:00 - 07/02/2025 22:00:00,BZN|CH,Without Sequence,150,,
07/02/2025 22:00:00 - 07/02/2025 23:00:00,BZN|CH,Without Sequence,144.35,,
07/02/2025 23:00:00 - 08/02/2025 00:00:00,BZN|CH,Without Sequence,150.8,,
08/02/2025 00:00:00 - 08/02/2025 01:00:00,BZN|CH,Without Sequence,144.53,,
08/02/2025 01:00:00 - 08/02/2025 02:00:00,BZN|CH,Without Sequence,140.1,,
08/02/2025 02:00:00 - 08/02/2025 03:00:00,BZN|CH,Without Sequence,138.26,,
08/02/2025 03:00:00 - 08/02/2025 04:00:00,BZN|CH,Without Sequence,137.36,,
08/02/2025 04:00:00 - 08/02/2025 05:00:00,BZN|CH,Without Sequence,138.8,,
08/02/2025 05:00:00 - 08/02/2025 06:00:00,BZN|CH,Without Sequence,147.01,,
08/02/2025 06:00:00 - 08/02/2025 07:00:00,BZN|CH,Without Sequence,152,,
08/02/2025 07:00:00 - 08/02/2025 08:00:00,BZN|CH,Without Sequence,155.81,,
08/02/2025 08:00:00 - 08/02/2025 09:00:00,BZN|CH,Without Sequence,153.76,,
08/02/2025 09:00:00 - 08/02/2025 10:00:00,BZN|CH,Without Sequence,151.04,,
08/02/2025 10:00:00 - 08/02/2025 11:00:00,BZN|CH,Without Sequence,144.99,,
08/02/2025 11:00:00 - 08/02/2025 12:00:00,BZN|CH,Without Sequence,142.7,,
08/02/2025 12:00:00 - 08/02/2025 13:00:00,BZN|CH,Without Sequence,139.77,,
08/02/2025 13:00:00 - 08/02/2025 14:00:00,BZN|CH,Without Sequence,138.87,,
08/02/2025 14:00:00 - 08/02/2025 15:00:00,BZN|CH,Without Sequence,147.08,,
08/02/2025 15:00:00 - 08/02/2025 16:00:00,BZN|CH,Without Sequence,151.21,,
08/02/2025 16:00:00 - 08/02/2025 17:00:00,BZN|CH,Without Sequence,156.4,,
08/02/2025 17:00:00 - 08/02/2025 18:00:00,BZN|CH,Without Sequence,158.1,,
08/02/2025 18:00:00 - 08/02/2025 19:00:00,BZN|CH,Without Sequence,156.4,,
08/02/2025 19:00:00 - 08/02/2025 20:00:00,BZN|CH,Without Sequence,155.79,,
08/02/2025 20:00:00 - 08/02/2025 21:00:00,BZN|CH,Without Sequence,153.33,,
08/02/2025 21:00:00 - 08/02/2025 22:00:00,BZN|CH,Without Sequence,151.28,,
08/02/2025 22:00:00 - 08/02/2025 23:00:00,BZN|CH,Without Sequence,147,,
08/02/2025 23:00:00 - 09/02/2025 00:00:00,BZN|CH,Without Sequence,142.47,,
09/02/2025 00:00:00 - 09/02/2025 01:00:00,BZN|CH,Without Sequence,139.98,,
09/02/2025 01:00:00 - 09/02/2025 02:00:00,BZN|CH,Without Sequence,138.69,,
09/02/2025 02:00:00 - 09/02/2025 03:00:00,BZN|CH,Without Sequence,137.24,,
09/02/2025 03:00:00 - 09/02/2025 04:00:00,BZN|CH,Without Sequence,135.2,,
09/02/2025 04:00:00 - 09/02/2025 05:00:00,BZN|CH,Without Sequence,136.86,,
09/02/2025 05:00:00 - 09/02/2025 06:00:00,BZN|CH,Without Sequence,139.47,,
09/02/2025 06:00:00 - 09/02/2025 07:00:00,BZN|CH,Without Sequence,142.67,,
09/02/2025 07:00:00 - 09/02/2025 08:00:00,BZN|CH,Without Sequence,148.57,,
09/02/2025 08:00:00 - 09/02/2025 09:00:00,BZN|CH,Without Sequence,147.77,,
09/02/2025 09:00:00 - 09/02/2025 10:00:00,BZN|CH,Without Sequence,149.5,,
09/02/2025 10:00:00 - 09/02/2025 11:00:00,BZN|CH,Without Sequence,141.52,,
09/02/2025 11:00:00 - 09/02/2025 12:00:00,BZN|CH,Without Sequence,139.95,,
09/02/2025 12:00:00 - 09/02/2025 13:00:00,BZN|CH,Without Sequence,133.7,,
09/02/2025 13:00:00 - 09/02/2025 14:00:00,BZN|CH,Without Sequence,138.05,,
09/02/2025 14:00:00 - 09/02/2025 15:00:00,BZN|CH,Without Sequence,138.19,,
09/02/2025 15:00:00 - 09/02/2025 16:00:00,BZN|CH,Without Sequence,144.26,,
09/02/2025 16:00:00 - 09/02/2025 17:00:00,BZN|CH,Without Sequence,155.47,,
09/02/2025 17:00:00 - 09/02/2025 18:00:00,BZN|CH,Without Sequence,161.69,,
09/02/2025 18:00:00 - 09/02/2025 19:00:00,BZN|CH,Without Sequence,157.85,,
09/02/2025 19:00:00 - 09/02/2025 20:00:00,BZN|CH,Without Sequence,156.05,,
09/02/2025 20:00:00 - 09/02/2025 21:00:00,BZN|CH,Without Sequence,152.23,,
09/02/2025 21:00:00 - 09/02/2025 22:00:00,BZN|CH,Without Sequence,151.22,,
09/02/2025 22:00:00 - 09/02/2025 23:00:00,BZN|CH,Without Sequence,141.84,,
09/02/2025 23:00:00 - 10/02/2025 00:00:00,BZN|CH,Without Sequence,145.86,,
10/02/2025 00:00:00 - 10/02/2025 01:00:00,BZN|CH,Without Sequence,141,,
10/02/2025 01:00:00 - 10/02/2025 02:00:00,BZN|CH,Without Sequence,140.74,,
10/02/2025 02:00:00 - 10/02/2025 03:00:00,BZN|CH,Without Sequence,140.45,,
10/02/2025 03:00:00 - 10/02/2025 04:00:00,BZN|CH,Without Sequence,140.22,,
10/02/2025 04:00:00 - 10/02/2025 05:00:00,BZN|CH,Without Sequence,148.07,,
10/02/2025 05:00:00 - 10/02/2025 06:00:00,BZN|CH,Without Sequence,156.1,,
10/02/2025 06:00:00 - 10/02/2025 07:00:00,BZN|CH,Without Sequence,168.7,,
10/02/2025 07:00:00 - 10/02/2025 08:00:00,BZN|CH,Without Sequence,170.4,,
10/02/2025 08:00:00 - 10/02/2025 09:00:00,BZN|CH,Without Sequence,159.72,,
10/02/2025 09:00:00 - 10/02/2025 10:00:00,BZN|CH,Without Sequence,158.6,,
10/02/2025 10:00:00 - 10/02/2025 11:00:00,BZN|CH,Without Sequence,155.67,,
10/02/2025 11:00:00 - 10/02/2025 12:00:00,BZN|CH,Without Sequence,151.09,,
10/02/2025 12:00:00 - 10/02/2025 13:00:00,BZN|CH,Without Sequence,151.51,,
10/02/2025 13:00:00 - 10/02/2025 14:00:00,BZN|CH,Without Sequence,156.09,,
10/02/2025 14:00:00 - 10/02/2025 15:00:00,BZN|CH,Without Sequence,158.4,,
10/02/2025 15:00:00 - 10/02/2025 16:00:00,BZN|CH,Without Sequence,165.43,,
10/02/2025 16:00:00 - 10/02/2025 17:00:00,BZN|CH,Without Sequence,163.09,,
10/02/2025 17:00:00 - 10/02/2025 18:00:00,BZN|CH,Without Sequence,165.19,,
10/02/2025 18:00:00 - 10/02/2025 19:00:00,BZN|CH,Without Sequence,159.98,,
10/02/2025 19:00:00 - 10/02/2025 20:00:00,BZN|CH,Without Sequence,158.04,,
10/02/2025 20:00:00 - 10/02/2025 21:00:00,BZN|CH,Without Sequence,158.4,,
10/02/2025 21:00:00 - 10/02/2025 22:00:00,BZN|CH,Without Sequence,158.39,,
10/02/2025 22:00:00 - 10/02/2025 23:00:00,BZN|CH,Without Sequence,155.69,,
10/02/2025 23:00:00 - 11/02/2025 00:00:00,BZN|CH,Without Sequence,159.85,,
11/02/2025 00:00:00 - 11/02/2025 01:00:00,BZN|CH,Without Sequence,154.47,,
11/02/2025 01:00:00 - 11/02/2025 02:00:00,BZN|CH,Without Sequence,151.41,,
11/02/2025 02:00:00 - 11/02/2025 03:00:00,BZN|CH,Without Sequence,150.04,,
11/02/2025 03:00:00 - 11/02/2025 04:00:00,BZN|CH,Without Sequence,149.28,,
11/02/2025 04:00:00 - 11/02/2025 05:00:00,BZN|CH,Without Sequence,153.38,,
11/02/2025 05:00:00 - 11/02/2025 06:00:00,BZN|CH,Without Sequence,164.05,,
11/02/2025 06:00:00 - 11/02/2025 07:00:00,BZN|CH,Without Sequence,173.27,,
11/02/2025 07:00:00 - 11/02/2025 08:00:00,BZN|CH,Without Sequence,172.7,,
11/02/2025 08:00:00 - 11/02/2025 09:00:00,BZN|CH,Without Sequence,165.21,,
11/02/2025 09:00:00 - 11/02/2025 10:00:00,BZN|CH,Without Sequence,164.55,,
11/02/2025 10:00:00 - 11/02/2025 11:00:00,BZN|CH,Without Sequence,164.93,,
11/02/2025 11:00:00 - 11/02/2025 12:00:00,BZN|CH,Without Sequence,163.61,,
11/02/2025 12:00:00 - 11/02/2025 13:00:00,BZN|CH,Without Sequence,164.24,,
11/02/2025 13:00:00 - 11/02/2025 14:00:00,BZN|CH,Without Sequence,163.61,,
11/02/2025 14:00:00 - 11/02/2025 15:00:00,BZN|CH,Without Sequence,165.6,,
11/02/2025 15:00:00 - 11/02/2025 16:00:00,BZN|CH,Without Sequence,167.9,,
11/02/2025 16:00:00 - 11/02/2025 17:00:00,BZN|CH,Without Sequence,169.3,,
11/02/2025 17:00:00 - 11/02/2025 18:00:00,BZN|CH,Without Sequence,175.44,,
11/02/2025 18:00:00 - 11/02/2025 19:00:00,BZN|CH,Without Sequence,175.99,,
11/02/2025 19:00:00 - 11/02/2025 20:00:00,BZN|CH,Without Sequence,169.23,,
11/02/2025 20:00:00 - 11/02/2025 21:00:00,BZN|CH,Without Sequence,164.45,,
11/02/2025 21:00:00 - 11/02/2025 22:00:00,BZN|CH,Without Sequence,161.62,,
11/02/2025 22:00:00 - 11/02/2025 23:00:00,BZN|CH,Without Sequence,159.86,,
11/02/2025 23:00:00 - 12/02/2025 00:00:00,BZN|CH,Without Sequence,151.41,,
12/02/2025 00:00:00 - 12/02/2025 01:00:00,BZN|CH,Without Sequence,147.86,,
12/02/2025 01:00:00 - 12/02/2025 02:00:00,BZN|CH,Without Sequence,146.07,,
12/02/2025 02:00:00 - 12/02/2025 03:00:00,BZN|CH,Without Sequence,145.08,,
12/02/2025 03:00:00 - 12/02/2025 04:00:00,BZN|CH,Without Sequence,144.76,,
12/02/2025 04:00:00 - 12/02/2025 05:00:00,BZN|CH,Without Sequence,149.25,,
12/02/2025 05:00:00 - 12/02/2025 06:00:00,BZN|CH,Without Sequence,160.06,,
12/02/2025 06:00:00 - 12/02/2025 07:00:00,BZN|CH,Without Sequence,174.36,,
12/02/2025 07:00:00 - 12/02/2025 08:00:00,BZN|CH,Without Sequence,187.02,,
12/02/2025 08:00:00 - 12/02/2025 09:00:00,BZN|CH,Without Sequence,176.35,,
12/02/2025 09:00:00 - 12/02/2025 10:00:00,BZN|CH,Without Sequence,168.1,,
12/02/2025 10:00:00 - 12/02/2025 11:00:00,BZN|CH,Without Sequence,165.16,,
12/02/2025 11:00:00 - 12/02/2025 12:00:00,BZN|CH,Without Sequence,159.09,,
12/02/2025 12:00:00 - 12/02/2025 13:00:00,BZN|CH,Without Sequence,157.06,,
12/02/2025 13:00:00 - 12/02/2025 14:00:00,BZN|CH,Without Sequence,159.6,,
12/02/2025 14:00:00 - 12/02/2025 15:00:00,BZN|CH,Without Sequence,165.56,,
12/02/2025 15:00:00 - 12/02/2025 16:00:00,BZN|CH,Without Sequence,171.71,,
12/02/2025 16:00:00 - 12/02/2025 17:00:00,BZN|CH,Without Sequence,183.45,,
12/02/2025 17:00:00 - 12/02/2025 18:00:00,BZN|CH,Without Sequence,189.61,,
12/02/2025 18:00:00 - 12/02/2025 19:00:00,BZN|CH,Without Sequence,192.87,,
12/02/2025 19:00:00 - 12/02/2025 20:00:00,BZN|CH,Without Sequence,174.61,,
12/02/2025 20:00:00 - 12/02/2025 21:00:00,BZN|CH,Without Sequence,163.19,,
12/02/2025 21:00:00 - 12/02/2025 22:00:00,BZN|CH,Without Sequence,159.7,,
12/02/2025 22:00:00 - 12/02/2025 23:00:00,BZN|CH,Without Sequence,154.28,,
12/02/2025 23:00:00 - 13/02/2025 00:00:00,BZN|CH,Without Sequence,157.45,,
13/02/2025 00:00:00 - 13/02/2025 01:00:00,BZN|CH,Without Sequence,150.87,,
13/02/2025 01:00:00 - 13/02/2025 02:00:00,BZN|CH,Without Sequence,149.52,,
13/02/2025 02:00:00 - 13/02/2025 03:00:00,BZN|CH,Without Sequence,147.34,,
13/02/2025 03:00:00 - 13/02/2025 04:00:00,BZN|CH,Without Sequence,147.39,,
13/02/2025 04:00:00 - 13/02/2025 05:00:00,BZN|CH,Without Sequence,151.13,,
13/02/2025 05:00:00 - 13/02/2025 06:00:00,BZN|CH,Without Sequence,166,,
13/02/2025 06:00:00 - 13/02/2025 07:00:00,BZN|CH,Without Sequence,190.07,,
13/02/2025 07:00:00 - 13/02/2025 08:00:00,BZN|CH,Without Sequence,214.58,,
13/02/2025 08:00:00 - 13/02/2025 09:00:00,BZN|CH,Without Sequence,193.15,,
13/02/2025 09:00:00 - 13/02/2025 10:00:00,BZN|CH,Without Sequence,176.59,,
13/02/2025 10:00:00 - 13/02/2025 11:00:00,BZN|CH,Without Sequence,168.96,,
13/02/2025 11:00:00 - 13/02/2025 12:00:00,BZN|CH,Without Sequence,161.2,,
13/02/2025 12:00:00 - 13/02/2025 13:00:00,BZN|CH,Without Sequence,160.68,,
13/02/2025 13:00:00 - 13/02/2025 14:00:00,BZN|CH,Without Sequence,163.82,,
13/02/2025 14:00:00 - 13/02/2025 15:00:00,BZN|CH,Without Sequence,169.5,,
13/02/2025 15:00:00 - 13/02/2025 16:00:00,BZN|CH,Without Sequence,180.99,,
13/02/2025 16:00:00 - 13/02/2025 17:00:00,BZN|CH,Without Sequence,190.57,,
13/02/2025 17:00:00 - 13/02/2025 18:00:00,BZN|CH,Without Sequence,200.72,,
13/02/2025 18:00:00 - 13/02/2025 19:00:00,BZN|CH,Without Sequence,198.79,,
13/02/2025 19:00:00 - 13/02/2025 20:00:00,BZN|CH,Without Sequence,175.48,,
13/02/2025 20:00:00 - 13/02/2025 21:00:00,BZN|CH,Without Sequence,162.54,,
13/02/2025 21:00:00 - 13/02/2025 22:00:00,BZN|CH,Without Sequence,157.3,,
13/02/2025 22:00:00 - 13/02/2025 23:00:00,BZN|CH,Without Sequence,152.93,,
13/02/2025 23:00:00 - 14/02/2025 00:00:00,BZN|CH,Without Sequence,147.94,,
14/02/2025 00:00:00 - 14/02/2025 01:00:00,BZN|CH,Without Sequence,143.11,,
14/02/2025 01:00:00 - 14/02/2025 02:00:00,BZN|CH,Without Sequence,141.68,,
14/02/2025 02:00:00 - 14/02/2025 03:00:00,BZN|CH,Without Sequence,140.02,,
14/02/2025 03:00:00 - 14/02/2025 04:00:00,BZN|CH,Without Sequence,139.9,,
14/02/2025 04:00:00 - 14/02/2025 05:00:00,BZN|CH,Without Sequence,148.91,,
14/02/2025 05:00:00 - 14/02/2025 06:00:00,BZN|CH,Without Sequence,162.71,,
14/02/2025 06:00:00 - 14/02/2025 07:00:00,BZN|CH,Without Sequence,196.16,,
14/02/2025 07:00:00 - 14/02/2025 08:00:00,BZN|CH,Without Sequence,202.61,,
14/02/2025 08:00:00 - 14/02/2025 09:00:00,BZN|CH,Without Sequence,198.13,,
14/02/2025 09:00:00 - 14/02/2025 10:00:00,BZN|CH,Without Sequence,182.58,,
14/02/2025 10:00:00 - 14/02/2025 11:00:00,BZN|CH,Without Sequence,170.37,,
14/02/2025 11:00:00 - 14/02/2025 12:00:00,BZN|CH,Without Sequence,167.88,,
14/02/2025 12:00:00 - 14/02/2025 13:00:00,BZN|CH,Without Sequence,166.92,,
14/02/2025 13:00:00 - 14/02/2025 14:00:00,BZN|CH,Without Sequence,169.71,,
14/02/2025 14:00:00 - 14/02/2025 15:00:00,BZN|CH,Without Sequence,176.69,,
14/02/2025 15:00:00 - 14/02/2025 16:00:00,BZN|CH,Without Sequence,180.68,,
14/02/2025 16:00:00 - 14/02/2025 17:00:00,BZN|CH,Without Sequence,183.33,,
14/02/2025 17:00:00 - 14/02/2025 18:00:00,BZN|CH,Without Sequence,192.73,,
14/02/2025 18:00:00 - 14/02/2025 19:00:00,BZN|CH,Without Sequence,195.39,,
14/02/2025 19:00:00 - 14/02/2025 20:00:00,BZN|CH,Without Sequence,185.79,,
14/02/2025 20:00:00 - 14/02/2025 21:00:00,BZN|CH,Without Sequence,167.89,,
14/02/2025 21:00:00 - 14/02/2025 22:00:00,BZN|CH,Without Sequence,160.04,,
14/02/2025 22:00:00 - 14/02/2025 23:00:00,BZN|CH,Without Sequence,156.18,,
14/02/2025 23:00:00 - 15/02/2025 00:00:00,BZN|CH,Without Sequence,143.19,,
15/02/2025 00:00:00 - 15/02/2025 01:00:00,BZN|CH,Without Sequence,137.55,,
15/02/2025 01:00:00 - 15/02/2025 02:00:00,BZN|CH,Without Sequence,135.24,,
15/02/2025 02:00:00 - 15/02/2025 03:00:00,BZN|CH,Without Sequence,133.05,,
15/02/2025 03:00:00 - 15/02/2025 04:00:00,BZN|CH,Without Sequence,133.04,,
15/02/2025 04:00:00 - 15/02/2025 05:00:00,BZN|CH,Without Sequence,131.12,,
15/02/2025 05:00:00 - 15/02/2025 06:00:00,BZN|CH,Without Sequence,134.84,,
15/02/2025 06:00:00 - 15/02/2025 07:00:00,BZN|CH,Without Sequence,148.19,,
15/02/2025 07:00:00 - 15/02/2025 08:00:00,BZN|CH,Without Sequence,149.6,,
15/02/2025 08:00:00 - 15/02/2025 09:00:00,BZN|CH,Without Sequence,140.37,,
15/02/2025 09:00:00 - 15/02/2025 10:00:00,BZN|CH,Without Sequence,133.52,,
15/02/2025 10:00:00 - 15/02/2025 11:00:00,BZN|CH,Without Sequence,124.61,,
15/02/2025 11:00:00 - 15/02/2025 12:00:00,BZN|CH,Without Sequence,120.02,,
15/02/2025 12:00:00 - 15/02/2025 13:00:00,BZN|CH,Without Sequence,114.1,,
15/02/2025 13:00:00 - 15/02/2025 14:00:00,BZN|CH,Without Sequence,122.1,,
15/02/2025 14:00:00 - 15/02/2025 15:00:00,BZN|CH,Without Sequence,133.05,,
15/02/2025 15:00:00 - 15/02/2025 16:00:00,BZN|CH,Without Sequence,155,,
15/02/2025 16:00:00 - 15/02/2025 17:00:00,BZN|CH,Without Sequence,168.59,,
15/02/2025 17:00:00 - 15/02/2025 18:00:00,BZN|CH,Without Sequence,175.02,,
15/02/2025 18:00:00 - 15/02/2025 19:00:00,BZN|CH,Without Sequence,164.06,,
15/02/2025 19:00:00 - 15/02/2025 20:00:00,BZN|CH,Without Sequence,154.42,,
15/02/2025 20:00:00 - 15/02/2025 21:00:00,BZN|CH,Without Sequence,142.89,,
15/02/2025 21:00:00 - 15/02/2025 22:00:00,BZN|CH,Without Sequence,139.18,,
15/02/2025 22:00:00 - 15/02/2025 23:00:00,BZN|CH,Without Sequence,133.95,,
15/02/2025 23:00:00 - 16/02/2025 00:00:00,BZN|CH,Without Sequence,139.39,,
16/02/2025 00:00:00 - 16/02/2025 01:00:00,BZN|CH,Without Sequence,134.06,,
16/02/2025 01:00:00 - 16/02/2025 02:00:00,BZN|CH,Without Sequence,131.01,,
16/02/2025 02:00:00 - 16/02/2025 03:00:00,BZN|CH,Without Sequence,124.68,,
16/02/2025 03:00:00 - 16/02/2025 04:00:00,BZN|CH,Without Sequence,122.87,,
16/02/2025 04:00:00 - 16/02/2025 05:00:00,BZN|CH,Without Sequence,126.14,,
16/02/2025 05:00:00 - 16/02/2025 06:00:00,BZN|CH,Without Sequence,130.68,,
16/02/2025 06:00:00 - 16/02/2025 07:00:00,BZN|CH,Without Sequence,134.03,,
16/02/2025 07:00:00 - 16/02/2025 08:00:00,BZN|CH,Without Sequence,131.81,,
16/02/2025 08:00:00 - 16/02/2025 09:00:00,BZN|CH,Without Sequence,122.01,,
16/02/2025 09:00:00 - 16/02/2025 10:00:00,BZN|CH,Without Sequence,117.71,,
16/02/2025 10:00:00 - 16/02/2025 11:00:00,BZN|CH,Without Sequence,107.52,,
16/02/2025 11:00:00 - 16/02/2025 12:00:00,BZN|CH,Without Sequence,105.53,,
16/02/2025 12:00:00 - 16/02/2025 13:00:00,BZN|CH,Without Sequence,99.07,,
16/02/2025 13:00:00 - 16/02/2025 14:00:00,BZN|CH,Without Sequence,114.45,,
16/02/2025 14:00:00 - 16/02/2025 15:00:00,BZN|CH,Without Sequence,129.06,,
16/02/2025 15:00:00 - 16/02/2025 16:00:00,BZN|CH,Without Sequence,144.32,,
16/02/2025 16:00:00 - 16/02/2025 17:00:00,BZN|CH,Without Sequence,159.3,,
16/02/2025 17:00:00 - 16/02/2025 18:00:00,BZN|CH,Without Sequence,163.59,,
16/02/2025 18:00:00 - 16/02/2025 19:00:00,BZN|CH,Without Sequence,163.34,,
16/02/2025 19:00:00 - 16/02/2025 20:00:00,BZN|CH,Without Sequence,155.74,,
16/02/2025 20:00:00 - 16/02/2025 21:00:00,BZN|CH,Without Sequence,151.6,,
16/02/2025 21:00:00 - 16/02/2025 22:00:00,BZN|CH,Without Sequence,150.49,,
16/02/2025 22:00:00 - 16/02/2025 23:00:00,BZN|CH,Without Sequence,143.89,,
16/02/2025 23:00:00 - 17/02/2025 00:00:00,BZN|CH,Without Sequence,139.31,,
17/02/2025 00:00:00 - 17/02/2025 01:00:00,BZN|CH,Without Sequence,136.82,,
17/02/2025 01:00:00 - 17/02/2025 02:00:00,BZN|CH,Without Sequence,131.71,,
17/02/2025 02:00:00 - 17/02/2025 03:00:00,BZN|CH,Without Sequence,133.03,,
17/02/2025 03:00:00 - 17/02/2025 04:00:00,BZN|CH,Without Sequence,131.78,,
17/02/2025 04:00:00 - 17/02/2025 05:00:00,BZN|CH,Without Sequence,139.02,,
17/02/2025 05:00:00 - 17/02/2025 06:00:00,BZN|CH,Without Sequence,161.45,,
17/02/2025 06:00:00 - 17/02/2025 07:00:00,BZN|CH,Without Sequence,191.77,,
17/02/2025 07:00:00 - 17/02/2025 08:00:00,BZN|CH,Without Sequence,195,,
17/02/2025 08:00:00 - 17/02/2025 09:00:00,BZN|CH,Without Sequence,165.07,,
17/02/2025 09:00:00 - 17/02/2025 10:00:00,BZN|CH,Without Sequence,157.37,,
17/02/2025 10:00:00 - 17/02/2025 11:00:00,BZN|CH,Without Sequence,153.07,,
17/02/2025 11:00:00 - 17/02/2025 12:00:00,BZN|CH,Without Sequence,144.71,,
17/02/2025 12:00:00 - 17/02/2025 13:00:00,BZN|CH,Without Sequence,142.97,,
17/02/2025 13:00:00 - 17/02/2025 14:00:00,BZN|CH,Without Sequence,150.56,,
17/02/2025 14:00:00 - 17/02/2025 15:00:00,BZN|CH,Without Sequence,158.11,,
17/02/2025 15:00:00 - 17/02/2025 16:00:00,BZN|CH,Without Sequence,170.09,,
17/02/2025 16:00:00 - 17/02/2025 17:00:00,BZN|CH,Without Sequence,188.59,,
17/02/2025 17:00:00 - 17/02/2025 18:00:00,BZN|CH,Without Sequence,204.49,,
17/02/2025 18:00:00 - 17/02/2025 19:00:00,BZN|CH,Without Sequence,203.38,,
17/02/2025 19:00:00 - 17/02/2025 20:00:00,BZN|CH,Without Sequence,171.35,,
17/02/2025 20:00:00 - 17/02/2025 21:00:00,BZN|CH,Without Sequence,159.98,,
17/02/2025 21:00:00 - 17/02/2025 22:00:00,BZN|CH,Without Sequence,156.48,,
17/02/2025 22:00:00 - 17/02/2025 23:00:00,BZN|CH,Without Sequence,149.67,,
17/02/2025 23:00:00 - 18/02/2025 00:00:00,BZN|CH,Without Sequence,143.87,,
18/02/2025 00:00:00 - 18/02/2025 01:00:00,BZN|CH,Without Sequence,136.98,,
18/02/2025 01:00:00 - 18/02/2025 02:00:00,BZN|CH,Without Sequence,132.66,,
18/02/2025 02:00:00 - 18/02/2025 03:00:00,BZN|CH,Without Sequence,131.42,,
18/02/2025 03:00:00 - 18/02/2025 04:00:00,BZN|CH,Without Sequence,131.48,,
18/02/2025 04:00:00 - 18/02/2025 05:00:00,BZN|CH,Without Sequence,144.88,,
18/02/2025 05:00:00 - 18/02/2025 06:00:00,BZN|CH,Without Sequence,161.13,,
18/02/2025 06:00:00 - 18/02/2025 07:00:00,BZN|CH,Without Sequence,190.59,,
18/02/2025 07:00:00 - 18/02/2025 08:00:00,BZN|CH,Without Sequence,190.83,,
18/02/2025 08:00:00 - 18/02/2025 09:00:00,BZN|CH,Without Sequence,160.06,,
18/02/2025 09:00:00 - 18/02/2025 10:00:00,BZN|CH,Without Sequence,147.96,,
18/02/2025 10:00:00 - 18/02/2025 11:00:00,BZN|CH,Without Sequence,137.04,,
18/02/2025 11:00:00 - 18/02/2025 12:00:00,BZN|CH,Without Sequence,132.61,,
18/02/2025 12:00:00 - 18/02/2025 13:00:00,BZN|CH,Without Sequence,133.02,,
18/02/2025 13:00:00 - 18/02/2025 14:00:00,BZN|CH,Without Sequence,140.78,,
18/02/2025 14:00:00 - 18/02/2025 15:00:00,BZN|CH,Without Sequence,152.89,,
18/02/2025 15:00:00 - 18/02/2025 16:00:00,BZN|CH,Without Sequence,162.25,,
18/02/2025 16:00:00 - 18/02/2025 17:00:00,BZN|CH,Without Sequence,176.02,,
18/02/2025 17:00:00 - 18/02/2025 18:00:00,BZN|CH,Without Sequence,177.79,,
18/02/2025 18:00:00 - 18/02/2025 19:00:00,BZN|CH,Without Sequence,175.07,,
18/02/2025 19:00:00 - 18/02/2025 20:00:00,BZN|CH,Without Sequence,167.5,,
18/02/2025 20:00:00 - 18/02/2025 21:00:00,BZN|CH,Without Sequence,158.51,,
18/02/2025 21:00:00 - 18/02/2025 22:00:00,BZN|CH,Without Sequence,155.7,,
18/02/2025 22:00:00 - 18/02/2025 23:00:00,BZN|CH,Without Sequence,152.46,,
18/02/2025 23:00:00 - 19/02/2025 00:00:00,BZN|CH,Without Sequence,142.19,,
19/02/2025 00:00:00 - 19/02/2025 01:00:00,BZN|CH,Without Sequence,138.13,,
19/02/2025 01:00:00 - 19/02/2025 02:00:00,BZN|CH,Without Sequence,136.74,,
19/02/2025 02:00:00 - 19/02/2025 03:00:00,BZN|CH,Without Sequence,134.5,,
19/02/2025 03:00:00 - 19/02/2025 04:00:00,BZN|CH,Without Sequence,134.61,,
19/02/2025 04:00:00 - 19/02/2025 05:00:00,BZN|CH,Without Sequence,143.62,,
19/02/2025 05:00:00 - 19/02/2025 06:00:00,BZN|CH,Without Sequence,156.99,,
19/02/2025 06:00:00 - 19/02/2025 07:00:00,BZN|CH,Without Sequence,166.27,,
19/02/2025 07:00:00 - 19/02/2025 08:00:00,BZN|CH,Without Sequence,168.9,,
19/02/2025 08:00:00 - 19/02/2025 09:00:00,BZN|CH,Without Sequence,154.7,,
19/02/2025 09:00:00 - 19/02/2025 10:00:00,BZN|CH,Without Sequence,151.7,,
19/02/2025 10:00:00 - 19/02/2025 11:00:00,BZN|CH,Without Sequence,148.36,,
19/02/2025 11:00:00 - 19/02/2025 12:00:00,BZN|CH,Without Sequence,145.09,,
19/02/2025 12:00:00 - 19/02/2025 13:00:00,BZN|CH,Without Sequence,144.16,,
19/02/2025 13:00:00 - 19/02/2025 14:00:00,BZN|CH,Without Sequence,145.02,,
19/02/2025 14:00:00 - 19/02/2025 15:00:00,BZN|CH,Without Sequence,151.19,,
19/02/2025 15:00:00 - 19/02/2025 16:00:00,BZN|CH,Without Sequence,157.13,,
19/02/2025 16:00:00 - 19/02/2025 17:00:00,BZN|CH,Without Sequence,161.12,,
19/02/2025 17:00:00 - 19/02/2025 18:00:00,BZN|CH,Without Sequence,168,,
19/02/2025 18:00:00 - 19/02/2025 19:00:00,BZN|CH,Without Sequence,168.07,,
19/02/2025 19:00:00 - 19/02/2025 20:00:00,BZN|CH,Without Sequence,161.18,,
19/02/2025 20:00:00 - 19/02/2025 21:00:00,BZN|CH,Without Sequence,152.22,,
19/02/2025 21:00:00 - 19/02/2025 22:00:00,BZN|CH,Without Sequence,151.49,,
19/02/2025 22:00:00 - 19/02/2025 23:00:00,BZN|CH,Without Sequence,149.56,,
19/02/2025 23:00:00 - 20/02/2025 00:00:00,BZN|CH,Without Sequence,142.89,,
20/02/2025 00:00:00 - 20/02/2025 01:00:00,BZN|CH,Without Sequence,139.25,,
20/02/2025 01:00:00 - 20/02/2025 02:00:00,BZN|CH,Without Sequence,134.07,,
20/02/2025 02:00:00 - 20/02/2025 03:00:00,BZN|CH,Without Sequence,133.6,,
20/02/2025 03:00:00 - 20/02/2025 04:00:00,BZN|CH,Without Sequence,134.91,,
20/02/2025 04:00:00 - 20/02/2025 05:00:00,BZN|CH,Without Sequence,142.93,,
20/02/2025 05:00:00 - 20/02/2025 06:00:00,BZN|CH,Without Sequence,150.29,,
20/02/2025 06:00:00 - 20/02/2025 07:00:00,BZN|CH,Without Sequence,164.32,,
20/02/2025 07:00:00 - 20/02/2025 08:00:00,BZN|CH,Without Sequence,163.93,,
20/02/2025 08:00:00 - 20/02/2025 09:00:00,BZN|CH,Without Sequence,150.11,,
20/02/2025 09:00:00 - 20/02/2025 10:00:00,BZN|CH,Without Sequence,147.8,,
20/02/2025 10:00:00 - 20/02/2025 11:00:00,BZN|CH,Without Sequence,142.32,,
20/02/2025 11:00:00 - 20/02/2025 12:00:00,BZN|CH,Without Sequence,131.94,,
20/02/2025 12:00:00 - 20/02/2025 13:00:00,BZN|CH,Without Sequence,130.28,,
20/02/2025 13:00:00 - 20/02/2025 14:00:00,BZN|CH,Without Sequence,138.02,,
20/02/2025 14:00:00 - 20/02/2025 15:00:00,BZN|CH,Without Sequence,148.51,,
20/02/2025 15:00:00 - 20/02/2025 16:00:00,BZN|CH,Without Sequence,155.99,,
20/02/2025 16:00:00 - 20/02/2025 17:00:00,BZN|CH,Without Sequence,157.2,,
20/02/2025 17:00:00 - 20/02/2025 18:00:00,BZN|CH,Without Sequence,161.91,,
20/02/2025 18:00:00 - 20/02/2025 19:00:00,BZN|CH,Without Sequence,158.49,,
20/02/2025 19:00:00 - 20/02/2025 20:00:00,BZN|CH,Without Sequence,154.7,,
20/02/2025 20:00:00 - 20/02/2025 21:00:00,BZN|CH,Without Sequence,148.04,,
20/02/2025 21:00:00 - 20/02/2025 22:00:00,BZN|CH,Without Sequence,148.21,,
20/02/2025 22:00:00 - 20/02/2025 23:00:00,BZN|CH,Without Sequence,145.03,,
20/02/2025 23:00:00 - 21/02/2025 00:00:00,BZN|CH,Without Sequence,144.4,,
21/02/2025 00:00:00 - 21/02/2025 01:00:00,BZN|CH,Without Sequence,140.57,,
21/02/2025 01:00:00 - 21/02/2025 02:00:00,BZN|CH,Without Sequence,138.55,,
21/02/2025 02:00:00 - 21/02/2025 03:00:00,BZN|CH,Without Sequence,137.96,,
21/02/2025 03:00:00 - 21/02/2025 04:00:00,BZN|CH,Without Sequence,137.4,,
21/02/2025 04:00:00 - 21/02/2025 05:00:00,BZN|CH,Without Sequence,143.3,,
21/02/2025 05:00:00 - 21/02/2025 06:00:00,BZN|CH,Without Sequence,153.8,,
21/02/2025 06:00:00 - 21/02/2025 07:00:00,BZN|CH,Without Sequence,155,,
21/02/2025 07:00:00 - 21/02/2025 08:00:00,BZN|CH,Without Sequence,149.69,,
21/02/2025 08:00:00 - 21/02/2025 09:00:00,BZN|CH,Without Sequence,147.11,,
21/02/2025 09:00:00 - 21/02/2025 10:00:00,BZN|CH,Without Sequence,147.11,,
21/02/2025 10:00:00 - 21/02/2025 11:00:00,BZN|CH,Without Sequence,142.3,,
21/02/2025 11:00:00 - 21/02/2025 12:00:00,BZN|CH,Without Sequence,130,,
21/02/2025 12:00:00 - 21/02/2025 13:00:00,BZN|CH,Without Sequence,130.07,,
21/02/2025 13:00:00 - 21/02/2025 14:00:00,BZN|CH,Without Sequence,134.38,,
21/02/2025 14:00:00 - 21/02/2025 15:00:00,BZN|CH,Without Sequence,141.92,,
21/02/2025 15:00:00 - 21/02/2025 16:00:00,BZN|CH,Without Sequence,144.67,,
21/02/2025 16:00:00 - 21/02/2025 17:00:00,BZN|CH,Without Sequence,151.59,,
21/02/2025 17:00:00 - 21/02/2025 18:00:00,BZN|CH,Without Sequence,154.77,,
21/02/2025 18:00:00 - 21/02/2025 19:00:00,BZN|CH,Without Sequence,151.59,,
21/02/2025 19:00:00 - 21/02/2025 20:00:00,BZN|CH,Without Sequence,147.03,,
21/02/2025 20:00:00 - 21/02/2025 21:00:00,BZN|CH,Without Sequence,146.26,,
21/02/2025 21:00:00 - 21/02/2025 22:00:00,BZN|CH,Without Sequence,146.75,,
21/02/2025 22:00:00 - 21/02/2025 23:00:00,BZN|CH,Without Sequence,141.92,,
21/02/2025 23:00:00 - 22/02/2025 00:00:00,BZN|CH,Without Sequence,140.36,,
22/02/2025 00:00:00 - 22/02/2025 01:00:00,BZN|CH,Without Sequence,131.18,,
22/02/2025 01:00:00 - 22/02/2025 02:00:00,BZN|CH,Without Sequence,129.33,,
22/02/2025 02:00:00 - 22/02/2025 03:00:00,BZN|CH,Without Sequence,128.11,,
22/02/2025 03:00:00 - 22/02/2025 04:00:00,BZN|CH,Without Sequence,124.12,,
22/02/2025 04:00:00 - 22/02/2025 05:00:00,BZN|CH,Without Sequence,129.72,,
22/02/2025 05:00:00 - 22/02/2025 06:00:00,BZN|CH,Without Sequence,132.05,,
22/02/2025 06:00:00 - 22/02/2025 07:00:00,BZN|CH,Without Sequence,139.63,,
22/02/2025 07:00:00 - 22/02/2025 08:00:00,BZN|CH,Without Sequence,139.19,,
22/02/2025 08:00:00 - 22/02/2025 09:00:00,BZN|CH,Without Sequence,133.21,,
22/02/2025 09:00:00 - 22/02/2025 10:00:00,BZN|CH,Without Sequence,124.28,,
22/02/2025 10:00:00 - 22/02/2025 11:00:00,BZN|CH,Without Sequence,120.11,,
22/02/2025 11:00:00 - 22/02/2025 12:00:00,BZN|CH,Without Sequence,108.13,,
22/02/2025 12:00:00 - 22/02/2025 13:00:00,BZN|CH,Without Sequence,105.01,,
22/02/2025 13:00:00 - 22/02/2025 14:00:00,BZN|CH,Without Sequence,90.08,,
22/02/2025 14:00:00 - 22/02/2025 15:00:00,BZN|CH,Without Sequence,116.42,,
22/02/2025 15:00:00 - 22/02/2025 16:00:00,BZN|CH,Without Sequence,123.85,,
22/02/2025 16:00:00 - 22/02/2025 17:00:00,BZN|CH,Without Sequence,144.08,,
22/02/2025 17:00:00 - 22/02/2025 18:00:00,BZN|CH,Without Sequence,147.49,,
22/02/2025 18:00:00 - 22/02/2025 19:00:00,BZN|CH,Without Sequence,147.15,,
22/02/2025 19:00:00 - 22/02/2025 20:00:00,BZN|CH,Without Sequence,144.09,,
22/02/2025 20:00:00 - 22/02/2025 21:00:00,BZN|CH,Without Sequence,142.2,,
22/02/2025 21:00:00 - 22/02/2025 22:00:00,BZN|CH,Without Sequence,141.37,,
22/02/2025 22:00:00 - 22/02/2025 23:00:00,BZN|CH,Without Sequence,137.88,,
22/02/2025 23:00:00 - 23/02/2025 00:00:00,BZN|CH,Without Sequence,125.12,,
23/02/2025 00:00:00 - 23/02/2025 01:00:00,BZN|CH,Without Sequence,124.9,,
23/02/2025 01:00:00 - 23/02/2025 02:00:00,BZN|CH,Without Sequence,124.67,,
23/02/2025 02:00:00 - 23/02/2025 03:00:00,BZN|CH,Without Sequence,122.15,,
23/02/2025 03:00:00 - 23/02/2025 04:00:00,BZN|CH,Without Sequence,120.45,,
23/02/2025 04:00:00 - 23/02/2025 05:00:00,BZN|CH,Without Sequence,120.42,,
23/02/2025 05:00:00 - 23/02/2025 06:00:00,BZN|CH,Without Sequence,117.45,,
23/02/2025 06:00:00 - 23/02/2025 07:00:00,BZN|CH,Without Sequence,117.33,,
23/02/2025 07:00:00 - 23/02/2025 08:00:00,BZN|CH,Without Sequence,115.8,,
23/02/2025 08:00:00 - 23/02/2025 09:00:00,BZN|CH,Without Sequence,116.78,,
23/02/2025 09:00:00 - 23/02/2025 10:00:00,BZN|CH,Without Sequence,120.35,,
23/02/2025 10:00:00 - 23/02/2025 11:00:00,BZN|CH,Without Sequence,108.14,,
23/02/2025 11:00:00 - 23/02/2025 12:00:00,BZN|CH,Without Sequence,106.4,,
23/02/2025 12:00:00 - 23/02/2025 13:00:00,BZN|CH,Without Sequence,95.77,,
23/02/2025 13:00:00 - 23/02/2025 14:00:00,BZN|CH,Without Sequence,104.31,,
23/02/2025 14:00:00 - 23/02/2025 15:00:00,BZN|CH,Without Sequence,115.35,,
23/02/2025 15:00:00 - 23/02/2025 16:00:00,BZN|CH,Without Sequence,134.06,,
23/02/2025 16:00:00 - 23/02/2025 17:00:00,BZN|CH,Without Sequence,146.9,,
23/02/2025 17:00:00 - 23/02/2025 18:00:00,BZN|CH,Without Sequence,152.46,,
23/02/2025 18:00:00 - 23/02/2025 19:00:00,BZN|CH,Without Sequence,153.19,,
23/02/2025 19:00:00 - 23/02/2025 20:00:00,BZN|CH,Without Sequence,147.6,,
23/02/2025 20:00:00 - 23/02/2025 21:00:00,BZN|CH,Without Sequence,142.1,,
23/02/2025 21:00:00 - 23/02/2025 22:00:00,BZN|CH,Without Sequence,141.99,,
23/02/2025 22:00:00 - 23/02/2025 23:00:00,BZN|CH,Without Sequence,130.63,,
23/02/2025 23:00:00 - 24/02/2025 00:00:00,BZN|CH,Without Sequence,122.71,,
24/02/2025 00:00:00 - 24/02/2025 01:00:00,BZN|CH,Without Sequence,121.06,,
24/02/2025 01:00:00 - 24/02/2025 02:00:00,BZN|CH,Without Sequence,119.44,,
24/02/2025 02:00:00 - 24/02/2025 03:00:00,BZN|CH,Without Sequence,119.64,,
24/02/2025 03:00:00 - 24/02/2025 04:00:00,BZN|CH,Without Sequence,120.52,,
24/02/2025 04:00:00 - 24/02/2025 05:00:00,BZN|CH,Without Sequence,124.17,,
24/02/2025 05:00:00 - 24/02/2025 06:00:00,BZN|CH,Without Sequence,148.5,,
24/02/2025 06:00:00 - 24/02/2025 07:00:00,BZN|CH,Without Sequence,157.99,,
24/02/2025 07:00:00 - 24/02/2025 08:00:00,BZN|CH,Without Sequence,161.67,,
24/02/2025 08:00:00 - 24/02/2025 09:00:00,BZN|CH,Without Sequence,151.66,,
24/02/2025 09:00:00 - 24/02/2025 10:00:00,BZN|CH,Without Sequence,146.6,,
24/02/2025 10:00:00 - 24/02/2025 11:00:00,BZN|CH,Without Sequence,143.54,,
24/02/2025 11:00:00 - 24/02/2025 12:00:00,BZN|CH,Without Sequence,138.29,,
24/02/2025 12:00:00 - 24/02/2025 13:00:00,BZN|CH,Without Sequence,139.61,,
24/02/2025 13:00:00 - 24/02/2025 14:00:00,BZN|CH,Without Sequence,142.01,,
24/02/2025 14:00:00 - 24/02/2025 15:00:00,BZN|CH,Without Sequence,148.46,,
24/02/2025 15:00:00 - 24/02/2025 16:00:00,BZN|CH,Without Sequence,156.04,,
24/02/2025 16:00:00 - 24/02/2025 17:00:00,BZN|CH,Without Sequence,161.61,,
24/02/2025 17:00:00 - 24/02/2025 18:00:00,BZN|CH,Without Sequence,166.04,,
24/02/2025 18:00:00 - 24/02/2025 19:00:00,BZN|CH,Without Sequence,163.12,,
24/02/2025 19:00:00 - 24/02/2025 20:00:00,BZN|CH,Without Sequence,155.04,,
24/02/2025 20:00:00 - 24/02/2025 21:00:00,BZN|CH,Without Sequence,147.29,,
24/02/2025 21:00:00 - 24/02/2025 22:00:00,BZN|CH,Without Sequence,143.55,,
24/02/2025 22:00:00 - 24/02/2025 23:00:00,BZN|CH,Without Sequence,137.89,,
24/02/2025 23:00:00 - 25/02/2025 00:00:00,BZN|CH,Without Sequence,131.99,,
25/02/2025 00:00:00 - 25/02/2025 01:00:00,BZN|CH,Without Sequence,126.26,,
25/02/2025 01:00:00 - 25/02/2025 02:00:00,BZN|CH,Without Sequence,120.75,,
25/02/2025 02:00:00 - 25/02/2025 03:00:00,BZN|CH,Without Sequence,123.14,,
25/02/2025 03:00:00 - 25/02/2025 04:00:00,BZN|CH,Without Sequence,124.02,,
25/02/2025 04:00:00 - 25/02/2025 05:00:00,BZN|CH,Without Sequence,131.81,,
25/02/2025 05:00:00 - 25/02/2025 06:00:00,BZN|CH,Without Sequence,145.69,,
25/02/2025 06:00:00 - 25/02/2025 07:00:00,BZN|CH,Without Sequence,161.35,,
25/02/2025 07:00:00 - 25/02/2025 08:00:00,BZN|CH,Without Sequence,164.71,,
25/02/2025 08:00:00 - 25/02/2025 09:00:00,BZN|CH,Without Sequence,150.7,,
25/02/2025 09:00:00 - 25/02/2025 10:00:00,BZN|CH,Without Sequence,146.73,,
25/02/2025 10:00:00 - 25/02/2025 11:00:00,BZN|CH,Without Sequence,144.41,,
25/02/2025 11:00:00 - 25/02/2025 12:00:00,BZN|CH,Without Sequence,135.41,,
25/02/2025 12:00:00 - 25/02/2025 13:00:00,BZN|CH,Without Sequence,135.61,,
25/02/2025 13:00:00 - 25/02/2025 14:00:00,BZN|CH,Without Sequence,139.35,,
25/02/2025 14:00:00 - 25/02/2025 15:00:00,BZN|CH,Without Sequence,148.98,,
25/02/2025 15:00:00 - 25/02/2025 16:00:00,BZN|CH,Without Sequence,168.96,,
25/02/2025 16:00:00 - 25/02/2025 17:00:00,BZN|CH,Without Sequence,181.08,,
25/02/2025 17:00:00 - 25/02/2025 18:00:00,BZN|CH,Without Sequence,187.5,,
25/02/2025 18:00:00 - 25/02/2025 19:00:00,BZN|CH,Without Sequence,187.24,,
25/02/2025 19:00:00 - 25/02/2025 20:00:00,BZN|CH,Without Sequence,160.05,,
25/02/2025 20:00:00 - 25/02/2025 21:00:00,BZN|CH,Without Sequence,145.51,,
25/02/2025 21:00:00 - 25/02/2025 22:00:00,BZN|CH,Without Sequence,137.61,,
25/02/2025 22:00:00 - 25/02/2025 23:00:00,BZN|CH,Without Sequence,129.48,,
25/02/2025 23:00:00 - 26/02/2025 00:00:00,BZN|CH,Without Sequence,124.81,,
26/02/2025 00:00:00 - 26/02/2025 01:00:00,BZN|CH,Without Sequence,122.27,,
26/02/2025 01:00:00 - 26/02/2025 02:00:00,BZN|CH,Without Sequence,120.24,,
26/02/2025 02:00:00 - 26/02/2025 03:00:00,BZN|CH,Without Sequence,118.77,,
26/02/2025 03:00:00 - 26/02/2025 04:00:00,BZN|CH,Without Sequence,118.79,,
26/02/2025 04:00:00 - 26/02/2025 05:00:00,BZN|CH,Without Sequence,125.75,,
26/02/2025 05:00:00 - 26/02/2025 06:00:00,BZN|CH,Without Sequence,146.94,,
26/02/2025 06:00:00 - 26/02/2025 07:00:00,BZN|CH,Without Sequence,168.21,,
26/02/2025 07:00:00 - 26/02/2025 08:00:00,BZN|CH,Without Sequence,181.13,,
26/02/2025 08:00:00 - 26/02/2025 09:00:00,BZN|CH,Without Sequence,162.73,,
26/02/2025 09:00:00 - 26/02/2025 10:00:00,BZN|CH,Without Sequence,148.98,,
26/02/2025 10:00:00 - 26/02/2025 11:00:00,BZN|CH,Without Sequence,142.05,,
26/02/2025 11:00:00 - 26/02/2025 12:00:00,BZN|CH,Without Sequence,135.62,,
26/02/2025 12:00:00 - 26/02/2025 13:00:00,BZN|CH,Without Sequence,133.5,,
26/02/2025 13:00:00 - 26/02/2025 14:00:00,BZN|CH,Without Sequence,136.36,,
26/02/2025 14:00:00 - 26/02/2025 15:00:00,BZN|CH,Without Sequence,145.06,,
26/02/2025 15:00:00 - 26/02/2025 16:00:00,BZN|CH,Without Sequence,151.4,,
26/02/2025 16:00:00 - 26/02/2025 17:00:00,BZN|CH,Without Sequence,167.87,,
26/02/2025 17:00:00 - 26/02/2025 18:00:00,BZN|CH,Without Sequence,174.43,,
26/02/2025 18:00:00 - 26/02/2025 19:00:00,BZN|CH,Without Sequence,169.03,,
26/02/2025 19:00:00 - 26/02/2025 20:00:00,BZN|CH,Without Sequence,153.67,,
26/02/2025 20:00:00 - 26/02/2025 21:00:00,BZN|CH,Without Sequence,142.98,,
26/02/2025 21:00:00 - 26/02/2025 22:00:00,BZN|CH,Without Sequence,138.05,,
26/02/2025 22:00:00 - 26/02/2025 23:00:00,BZN|CH,Without Sequence,131.39,,
26/02/2025 23:00:00 - 27/02/2025 00:00:00,BZN|CH,Without Sequence,121.01,,
27/02/2025 00:00:00 - 27/02/2025 01:00:00,BZN|CH,Without Sequence,119.98,,
27/02/2025 01:00:00 - 27/02/2025 02:00:00,BZN|CH,Without Sequence,117.44,,
27/02/2025 02:00:00 - 27/02/2025 03:00:00,BZN|CH,Without Sequence,116.6,,
27/02/2025 03:00:00 - 27/02/2025 04:00:00,BZN|CH,Without Sequence,116.08,,
27/02/2025 04:00:00 - 27/02/2025 05:00:00,BZN|CH,Without Sequence,122.16,,
27/02/2025 05:00:00 - 27/02/2025 06:00:00,BZN|CH,Without Sequence,143.03,,
27/02/2025 06:00:00 - 27/02/2025 07:00:00,BZN|CH,Without Sequence,153.09,,
27/02/2025 07:00:00 - 27/02/2025 08:00:00,BZN|CH,Without Sequence,157.51,,
27/02/2025 08:00:00 - 27/02/2025 09:00:00,BZN|CH,Without Sequence,145.09,,
27/02/2025 09:00:00 - 27/02/2025 10:00:00,BZN|CH,Without Sequence,132.93,,
27/02/2025 10:00:00 - 27/02/2025 11:00:00,BZN|CH,Without Sequence,124.51,,
27/02/2025 11:00:00 - 27/02/2025 12:00:00,BZN|CH,Without Sequence,120.8,,
27/02/2025 12:00:00 - 27/02/2025 13:00:00,BZN|CH,Without Sequence,119.61,,
27/02/2025 13:00:00 - 27/02/2025 14:00:00,BZN|CH,Without Sequence,121.07,,
27/02/2025 14:00:00 - 27/02/2025 15:00:00,BZN|CH,Without Sequence,131.97,,
27/02/2025 15:00:00 - 27/02/2025 16:00:00,BZN|CH,Without Sequence,145.28,,
27/02/2025 16:00:00 - 27/02/2025 17:00:00,BZN|CH,Without Sequence,159.53,,
27/02/2025 17:00:00 - 27/02/2025 18:00:00,BZN|CH,Without Sequence,170.72,,
27/02/2025 18:00:00 - 27/02/2025 19:00:00,BZN|CH,Without Sequence,163.94,,
27/02/2025 19:00:00 - 27/02/2025 20:00:00,BZN|CH,Without Sequence,152.5,,
27/02/2025 20:00:00 - 27/02/2025 21:00:00,BZN|CH,Without Sequence,141.85,,
27/02/2025 21:00:00 - 27/02/2025 22:00:00,BZN|CH,Without Sequence,140.01,,
27/02/2025 22:00:00 - 27/02/2025 23:00:00,BZN|CH,Without Sequence,129.91,,
27/02/2025 23:00:00 - 28/02/2025 00:00:00,BZN|CH,Without Sequence,126.01,,
28/02/2025 00:00:00 - 28/02/2025 01:00:00,BZN|CH,Without Sequence,121.08,,
28/02/2025 01:00:00 - 28/02/2025 02:00:00,BZN|CH,Without Sequence,120.76,,
28/02/2025 02:00:00 - 28/02/2025 03:00:00,BZN|CH,Without Sequence,119.14,,
28/02/2025 03:00:00 - 28/02/2025 04:00:00,BZN|CH,Without Sequence,119.15,,
28/02/2025 04:00:00 - 28/02/2025 05:00:00,BZN|CH,Without Sequence,121.43,,
28/02/2025 05:00:00 - 28/02/2025 06:00:00,BZN|CH,Without Sequence,141.46,,
28/02/2025 06:00:00 - 28/02/2025 07:00:00,BZN|CH,Without Sequence,156.46,,
28/02/2025 07:00:00 - 28/02/2025 08:00:00,BZN|CH,Without Sequence,159.33,,
28/02/2025 08:00:00 - 28/02/2025 09:00:00,BZN|CH,Without Sequence,143.96,,
28/02/2025 09:00:00 - 28/02/2025 10:00:00,BZN|CH,Without Sequence,131.72,,
28/02/2025 10:00:00 - 28/02/2025 11:00:00,BZN|CH,Without Sequence,126.83,,
28/02/2025 11:00:00 - 28/02/2025 12:00:00,BZN|CH,Without Sequence,120.67,,
28/02/2025 12:00:00 - 28/02/2025 13:00:00,BZN|CH,Without Sequence,117.65,,
28/02/2025 13:00:00 - 28/02/2025 14:00:00,BZN|CH,Without Sequence,119.22,,
28/02/2025 14:00:00 - 28/02/2025 15:00:00,BZN|CH,Without Sequence,128.59,,
28/02/2025 15:00:00 - 28/02/2025 16:00:00,BZN|CH,Without Sequence,142.84,,
28/02/2025 16:00:00 - 28/02/2025 17:00:00,BZN|CH,Without Sequence,150.44,,
28/02/2025 17:00:00 - 28/02/2025 18:00:00,BZN|CH,Without Sequence,165.17,,
28/02/2025 18:00:00 - 28/02/2025 19:00:00,BZN|CH,Without Sequence,158.56,,
28/02/2025 19:00:00 - 28/02/2025 20:00:00,BZN|CH,Without Sequence,145.8,,
28/02/2025 20:00:00 - 28/02/2025 21:00:00,BZN|CH,Without Sequence,136.37,,
28/02/2025 21:00:00 - 28/02/2025 22:00:00,BZN|CH,Without Sequence,128.34,,
28/02/2025 22:00:00 - 28/02/2025 23:00:00,BZN|CH,Without Sequence,120.7,,
28/02/2025 23:00:00 - 01/03/2025 00:00:00,BZN|CH,Without Sequence,132.99,,
01/03/2025 00:00:00 - 01/03/2025 01:00:00,BZN|CH,Without Sequence,123.69,,
01/03/2025 01:00:00 - 01/03/2025 02:00:00,BZN|CH,Without Sequence,122.58,,
01/03/2025 02:00:00 - 01/03/2025 03:00:00,BZN|CH,Without Sequence,119.07,,
01/03/2025 03:00:00 - 01/03/2025 04:00:00,BZN|CH,Without Sequence,118.98,,
01/03/2025 04:00:00 - 01/03/2025 05:00:00,BZN|CH,Without Sequence,119.54,,
01/03/2025 05:00:00 - 01/03/2025 06:00:00,BZN|CH,Without Sequence,128.33,,
01/03/2025 06:00:00 - 01/03/2025 07:00:00,BZN|CH,Without Sequence,138.53,,
01/03/2025 07:00:00 - 01/03/2025 08:00:00,BZN|CH,Without Sequence,138,,
01/03/2025 08:00:00 - 01/03/2025 09:00:00,BZN|CH,Without Sequence,136.24,,
01/03/2025 09:00:00 - 01/03/2025 10:00:00,BZN|CH,Without Sequence,120.15,,
01/03/2025 10:00:00 - 01/03/2025 11:00:00,BZN|CH,Without Sequence,117.39,,
01/03/2025 11:00:00 - 01/03/2025 12:00:00,BZN|CH,Without Sequence,111.9,,
01/03/2025 12:00:00 - 01/03/2025 13:00:00,BZN|CH,Without Sequence,105.08,,
01/03/2025 13:00:00 - 01/03/2025 14:00:00,BZN|CH,Without Sequence,109.38,,
01/03/2025 14:00:00 - 01/03/2025 15:00:00,BZN|CH,Without Sequence,117.91,,
01/03/2025 15:00:00 - 01/03/2025 16:00:00,BZN|CH,Without Sequence,131.14,,
01/03/2025 16:00:00 - 01/03/2025 17:00:00,BZN|CH,Without Sequence,143.03,,
01/03/2025 17:00:00 - 01/03/2025 18:00:00,BZN|CH,Without Sequence,151.52,,
01/03/2025 18:00:00 - 01/03/2025 19:00:00,BZN|CH,Without Sequence,149.9,,
01/03/2025 19:00:00 - 01/03/2025 20:00:00,BZN|CH,Without Sequence,140.01,,
01/03/2025 20:00:00 - 01/03/2025 21:00:00,BZN|CH,Without Sequence,132.26,,
01/03/2025 21:00:00 - 01/03/2025 22:00:00,BZN|CH,Without Sequence,128.32,,
01/03/2025 22:00:00 - 01/03/2025 23:00:00,BZN|CH,Without Sequence,123.44,,
01/03/2025 23:00:00 - 02/03/2025 00:00:00,BZN|CH,Without Sequence,119.68,,
02/03/2025 00:00:00 - 02/03/2025 01:00:00,BZN|CH,Without Sequence,115.89,,
02/03/2025 01:00:00 - 02/03/2025 02:00:00,BZN|CH,Without Sequence,114.81,,
02/03/2025 02:00:00 - 02/03/2025 03:00:00,BZN|CH,Without Sequence,112.3,,
02/03/2025 03:00:00 - 02/03/2025 04:00:00,BZN|CH,Without Sequence,111.58,,
02/03/2025 04:00:00 - 02/03/2025 05:00:00,BZN|CH,Without Sequence,112.39,,
02/03/2025 05:00:00 - 02/03/2025 06:00:00,BZN|CH,Without Sequence,115.98,,
02/03/2025 06:00:00 - 02/03/2025 07:00:00,BZN|CH,Without Sequence,117.09,,
02/03/2025 07:00:00 - 02/03/2025 08:00:00,BZN|CH,Without Sequence,110.93,,
02/03/2025 08:00:00 - 02/03/2025 09:00:00,BZN|CH,Without Sequence,101.23,,
02/03/2025 09:00:00 - 02/03/2025 10:00:00,BZN|CH,Without Sequence,91.42,,
02/03/2025 10:00:00 - 02/03/2025 11:00:00,BZN|CH,Without Sequence,68.29,,
02/03/2025 11:00:00 - 02/03/2025 12:00:00,BZN|CH,Without Sequence,69.66,,
02/03/2025 12:00:00 - 02/03/2025 13:00:00,BZN|CH,Without Sequence,20.11,,
02/03/2025 13:00:00 - 02/03/2025 14:00:00,BZN|CH,Without Sequence,34.72,,
02/03/2025 14:00:00 - 02/03/2025 15:00:00,BZN|CH,Without Sequence,81.08,,
02/03/2025 15:00:00 - 02/03/2025 16:00:00,BZN|CH,Without Sequence,99.62,,
02/03/2025 16:00:00 - 02/03/2025 17:00:00,BZN|CH,Without Sequence,131.77,,
02/03/2025 17:00:00 - 02/03/2025 18:00:00,BZN|CH,Without Sequence,143.99,,
02/03/2025 18:00:00 - 02/03/2025 19:00:00,BZN|CH,Without Sequence,141.79,,
02/03/2025 19:00:00 - 02/03/2025 20:00:00,BZN|CH,Without Sequence,134,,
02/03/2025 20:00:00 - 02/03/2025 21:00:00,BZN|CH,Without Sequence,127.9,,
02/03/2025 21:00:00 - 02/03/2025 22:00:00,BZN|CH,Without Sequence,122.08,,
02/03/2025 22:00:00 - 02/03/2025 23:00:00,BZN|CH,Without Sequence,117.09,,
02/03/2025 23:00:00 - 03/03/2025 00:00:00,BZN|CH,Without Sequence,112.17,,
03/03/2025 00:00:00 - 03/03/2025 01:00:00,BZN|CH,Without Sequence,105.79,,
03/03/2025 01:00:00 - 03/03/2025 02:00:00,BZN|CH,Without Sequence,107.06,,
03/03/2025 02:00:00 - 03/03/2025 03:00:00,BZN|CH,Without Sequence,102.08,,
03/03/2025 03:00:00 - 03/03/2025 04:00:00,BZN|CH,Without Sequence,106.34,,
03/03/2025 04:00:00 - 03/03/2025 05:00:00,BZN|CH,Without Sequence,116.4,,
03/03/2025 05:00:00 - 03/03/2025 06:00:00,BZN|CH,Without Sequence,137.1,,
03/03/2025 06:00:00 - 03/03/2025 07:00:00,BZN|CH,Without Sequence,145.98,,
03/03/2025 07:00:00 - 03/03/2025 08:00:00,BZN|CH,Without Sequence,144.5,,
03/03/2025 08:00:00 - 03/03/2025 09:00:00,BZN|CH,Without Sequence,135.81,,
03/03/2025 09:00:00 - 03/03/2025 10:00:00,BZN|CH,Without Sequence,120.53,,
03/03/2025 10:00:00 - 03/03/2025 11:00:00,BZN|CH,Without Sequence,115.04,,
03/03/2025 11:00:00 - 03/03/2025 12:00:00,BZN|CH,Without Sequence,99.41,,
03/03/2025 12:00:00 - 03/03/2025 13:00:00,BZN|CH,Without Sequence,98.31,,
03/03/2025 13:00:00 - 03/03/2025 14:00:00,BZN|CH,Without Sequence,99.55,,
03/03/2025 14:00:00 - 03/03/2025 15:00:00,BZN|CH,Without Sequence,116.05,,
03/03/2025 15:00:00 - 03/03/2025 16:00:00,BZN|CH,Without Sequence,129.4,,
03/03/2025 16:00:00 - 03/03/2025 17:00:00,BZN|CH,Without Sequence,148.05,,
03/03/2025 17:00:00 - 03/03/2025 18:00:00,BZN|CH,Without Sequence,159.08,,
03/03/2025 18:00:00 - 03/03/2025 19:00:00,BZN|CH,Without Sequence,163.61,,
03/03/2025 19:00:00 - 03/03/2025 20:00:00,BZN|CH,Without Sequence,148.8,,
03/03/2025 20:00:00 - 03/03/2025 21:00:00,BZN|CH,Without Sequence,143.2,,
03/03/2025 21:00:00 - 03/03/2025 22:00:00,BZN|CH,Without Sequence,138.08,,
03/03/2025 22:00:00 - 03/03/2025 23:00:00,BZN|CH,Without Sequence,128.31,,
03/03/2025 23:00:00 - 04/03/2025 00:00:00,BZN|CH,Without Sequence,129.17,,
04/03/2025 00:00:00 - 04/03/2025 01:00:00,BZN|CH,Without Sequence,123.79,,
04/03/2025 01:00:00 - 04/03/2025 02:00:00,BZN|CH,Without Sequence,119.72,,
04/03/2025 02:00:00 - 04/03/2025 03:00:00,BZN|CH,Without Sequence,117.68,,
04/03/2025 03:00:00 - 04/03/2025 04:00:00,BZN|CH,Without Sequence,118.24,,
04/03/2025 04:00:00 - 04/03/2025 05:00:00,BZN|CH,Without Sequence,130.75,,
04/03/2025 05:00:00 - 04/03/2025 06:00:00,BZN|CH,Without Sequence,150.31,,
04/03/2025 06:00:00 - 04/03/2025 07:00:00,BZN|CH,Without Sequence,167.98,,
04/03/2025 07:00:00 - 04/03/2025 08:00:00,BZN|CH,Without Sequence,152.96,,
04/03/2025 08:00:00 - 04/03/2025 09:00:00,BZN|CH,Without Sequence,139.04,,
04/03/2025 09:00:00 - 04/03/2025 10:00:00,BZN|CH,Without Sequence,121.3,,
04/03/2025 10:00:00 - 04/03/2025 11:00:00,BZN|CH,Without Sequence,111.73,,
04/03/2025 11:00:00 - 04/03/2025 12:00:00,BZN|CH,Without Sequence,100.29,,
04/03/2025 12:00:00 - 04/03/2025 13:00:00,BZN|CH,Without Sequence,98.55,,
04/03/2025 13:00:00 - 04/03/2025 14:00:00,BZN|CH,Without Sequence,106.53,,
04/03/2025 14:00:00 - 04/03/2025 15:00:00,BZN|CH,Without Sequence,121.05,,
04/03/2025 15:00:00 - 04/03/2025 16:00:00,BZN|CH,Without Sequence,138.19,,
04/03/2025 16:00:00 - 04/03/2025 17:00:00,BZN|CH,Without Sequence,154.18,,
04/03/2025 17:00:00 - 04/03/2025 18:00:00,BZN|CH,Without Sequence,173.86,,
04/03/2025 18:00:00 - 04/03/2025 19:00:00,BZN|CH,Without Sequence,168.09,,
04/03/2025 19:00:00 - 04/03/2025 20:00:00,BZN|CH,Without Sequence,151,,
04/03/2025 20:00:00 - 04/03/2025 21:00:00,BZN|CH,Without Sequence,143.79,,
04/03/2025 21:00:00 - 04/03/2025 22:00:00,BZN|CH,Without Sequence,138.18,,
04/03/2025 22:00:00 - 04/03/2025 23:00:00,BZN|CH,Without Sequence,135.69,,
04/03/2025 23:00:00 - 05/03/2025 00:00:00,BZN|CH,Without Sequence,128.03,,
05/03/2025 00:00:00 - 05/03/2025 01:00:00,BZN|CH,Without Sequence,120.07,,
05/03/2025 01:00:00 - 05/03/2025 02:00:00,BZN|CH,Without Sequence,119.81,,
05/03/2025 02:00:00 - 05/03/2025 03:00:00,BZN|CH,Without Sequence,117.1,,
05/03/2025 03:00:00 - 05/03/2025 04:00:00,BZN|CH,Without Sequence,117.1,,
05/03/2025 04:00:00 - 05/03/2025 05:00:00,BZN|CH,Without Sequence,131.21,,
05/03/2025 05:00:00 - 05/03/2025 06:00:00,BZN|CH,Without Sequence,145.49,,
05/03/2025 06:00:00 - 05/03/2025 07:00:00,BZN|CH,Without Sequence,150.13,,
05/03/2025 07:00:00 - 05/03/2025 08:00:00,BZN|CH,Without Sequence,147.54,,
05/03/2025 08:00:00 - 05/03/2025 09:00:00,BZN|CH,Without Sequence,133.61,,
05/03/2025 09:00:00 - 05/03/2025 10:00:00,BZN|CH,Without Sequence,117.3,,
05/03/2025 10:00:00 - 05/03/2025 11:00:00,BZN|CH,Without Sequence,108.81,,
05/03/2025 11:00:00 - 05/03/2025 12:00:00,BZN|CH,Without Sequence,102.83,,
05/03/2025 12:00:00 - 05/03/2025 13:00:00,BZN|CH,Without Sequence,99.35,,
05/03/2025 13:00:00 - 05/03/2025 14:00:00,BZN|CH,Without Sequence,100.47,,
05/03/2025 14:00:00 - 05/03/2025 15:00:00,BZN|CH,Without Sequence,114.66,,
05/03/2025 15:00:00 - 05/03/2025 16:00:00,BZN|CH,Without Sequence,134.38,,
05/03/2025 16:00:00 - 05/03/2025 17:00:00,BZN|CH,Without Sequence,147.93,,
05/03/2025 17:00:00 - 05/03/2025 18:00:00,BZN|CH,Without Sequence,158.79,,
05/03/2025 18:00:00 - 05/03/2025 19:00:00,BZN|CH,Without Sequence,155.32,,
05/03/2025 19:00:00 - 05/03/2025 20:00:00,BZN|CH,Without Sequence,145.87,,
05/03/2025 20:00:00 - 05/03/2025 21:00:00,BZN|CH,Without Sequence,143.15,,
05/03/2025 21:00:00 - 05/03/2025 22:00:00,BZN|CH,Without Sequence,136.87,,
05/03/2025 22:00:00 - 05/03/2025 23:00:00,BZN|CH,Without Sequence,130.94,,
05/03/2025 23:00:00 - 06/03/2025 00:00:00,BZN|CH,Without Sequence,124.07,,
06/03/2025 00:00:00 - 06/03/2025 01:00:00,BZN|CH,Without Sequence,111.58,,
06/03/2025 01:00:00 - 06/03/2025 02:00:00,BZN|CH,Without Sequence,109.18,,
06/03/2025 02:00:00 - 06/03/2025 03:00:00,BZN|CH,Without Sequence,108.04,,
06/03/2025 03:00:00 - 06/03/2025 04:00:00,BZN|CH,Without Sequence,108.98,,
06/03/2025 04:00:00 - 06/03/2025 05:00:00,BZN|CH,Without Sequence,124.03,,
06/03/2025 05:00:00 - 06/03/2025 06:00:00,BZN|CH,Without Sequence,141.65,,
06/03/2025 06:00:00 - 06/03/2025 07:00:00,BZN|CH,Without Sequence,143.89,,
06/03/2025 07:00:00 - 06/03/2025 08:00:00,BZN|CH,Without Sequence,143.7,,
06/03/2025 08:00:00 - 06/03/2025 09:00:00,BZN|CH,Without Sequence,123.4,,
06/03/2025 09:00:00 - 06/03/2025 10:00:00,BZN|CH,Without Sequence,112.37,,
06/03/2025 10:00:00 - 06/03/2025 11:00:00,BZN|CH,Without Sequence,99,,
06/03/2025 11:00:00 - 06/03/2025 12:00:00,BZN|CH,Without Sequence,83.83,,
06/03/2025 12:00:00 - 06/03/2025 13:00:00,BZN|CH,Without Sequence,60.04,,
06/03/2025 13:00:00 - 06/03/2025 14:00:00,BZN|CH,Without Sequence,85.08,,
06/03/2025 14:00:00 - 06/03/2025 15:00:00,BZN|CH,Without Sequence,105.95,,
06/03/2025 15:00:00 - 06/03/2025 16:00:00,BZN|CH,Without Sequence,116.4,,
06/03/2025 16:00:00 - 06/03/2025 17:00:00,BZN|CH,Without Sequence,149.4,,
06/03/2025 17:00:00 - 06/03/2025 18:00:00,BZN|CH,Without Sequence,161.09,,
06/03/2025 18:00:00 - 06/03/2025 19:00:00,BZN|CH,Without Sequence,152.6,,
06/03/2025 19:00:00 - 06/03/2025 20:00:00,BZN|CH,Without Sequence,143,,
06/03/2025 20:00:00 - 06/03/2025 21:00:00,BZN|CH,Without Sequence,139.32,,
06/03/2025 21:00:00 - 06/03/2025 22:00:00,BZN|CH,Without Sequence,133.59,,
06/03/2025 22:00:00 - 06/03/2025 23:00:00,BZN|CH,Without Sequence,129.96,,
06/03/2025 23:00:00 - 07/03/2025 00:00:00,BZN|CH,Without Sequence,113.03,,
07/03/2025 00:00:00 - 07/03/2025 01:00:00,BZN|CH,Without Sequence,107.58,,
07/03/2025 01:00:00 - 07/03/2025 02:00:00,BZN|CH,Without Sequence,106.63,,
07/03/2025 02:00:00 - 07/03/2025 03:00:00,BZN|CH,Without Sequence,104.74,,
07/03/2025 03:00:00 - 07/03/2025 04:00:00,BZN|CH,Without Sequence,107.81,,
07/03/2025 04:00:00 - 07/03/2025 05:00:00,BZN|CH,Without Sequence,123.19,,
07/03/2025 05:00:00 - 07/03/2025 06:00:00,BZN|CH,Without Sequence,145.83,,
07/03/2025 06:00:00 - 07/03/2025 07:00:00,BZN|CH,Without Sequence,150.07,,
07/03/2025 07:00:00 - 07/03/2025 08:00:00,BZN|CH,Without Sequence,136.36,,
07/03/2025 08:00:00 - 07/03/2025 09:00:00,BZN|CH,Without Sequence,130.3,,
07/03/2025 09:00:00 - 07/03/2025 10:00:00,BZN|CH,Without Sequence,113.25,,
07/03/2025 10:00:00 - 07/03/2025 11:00:00,BZN|CH,Without Sequence,100.03,,
07/03/2025 11:00:00 - 07/03/2025 12:00:00,BZN|CH,Without Sequence,15.49,,
07/03/2025 12:00:00 - 07/03/2025 13:00:00,BZN|CH,Without Sequence,13.51,,
07/03/2025 13:00:00 - 07/03/2025 14:00:00,BZN|CH,Without Sequence,36.9,,
07/03/2025 14:00:00 - 07/03/2025 15:00:00,BZN|CH,Without Sequence,81.08,,
07/03/2025 15:00:00 - 07/03/2025 16:00:00,BZN|CH,Without Sequence,125.24,,
07/03/2025 16:00:00 - 07/03/2025 17:00:00,BZN|CH,Without Sequence,155.02,,
07/03/2025 17:00:00 - 07/03/2025 18:00:00,BZN|CH,Without Sequence,181.19,,
07/03/2025 18:00:00 - 07/03/2025 19:00:00,BZN|CH,Without Sequence,173.35,,
07/03/2025 19:00:00 - 07/03/2025 20:00:00,BZN|CH,Without Sequence,144.24,,
07/03/2025 20:00:00 - 07/03/2025 21:00:00,BZN|CH,Without Sequence,130.38,,
07/03/2025 21:00:00 - 07/03/2025 22:00:00,BZN|CH,Without Sequence,125.34,,
07/03/2025 22:00:00 - 07/03/2025 23:00:00,BZN|CH,Without Sequence,121.08,,
07/03/2025 23:00:00 - 08/03/2025 00:00:00,BZN|CH,Without Sequence,122.54,,
08/03/2025 00:00:00 - 08/03/2025 01:00:00,BZN|CH,Without Sequence,119.06,,
08/03/2025 01:00:00 - 08/03/2025 02:00:00,BZN|CH,Without Sequence,114.61,,
08/03/2025 02:00:00 - 08/03/2025 03:00:00,BZN|CH,Without Sequence,115.06,,
08/03/2025 03:00:00 - 08/03/2025 04:00:00,BZN|CH,Without Sequence,115.8,,
08/03/2025 04:00:00 - 08/03/2025 05:00:00,BZN|CH,Without Sequence,120.43,,
08/03/2025 05:00:00 - 08/03/2025 06:00:00,BZN|CH,Without Sequence,129.73,,
08/03/2025 06:00:00 - 08/03/2025 07:00:00,BZN|CH,Without Sequence,131.63,,
08/03/2025 07:00:00 - 08/03/2025 08:00:00,BZN|CH,Without Sequence,118.58,,
08/03/2025 08:00:00 - 08/03/2025 09:00:00,BZN|CH,Without Sequence,104.94,,
08/03/2025 09:00:00 - 08/03/2025 10:00:00,BZN|CH,Without Sequence,75.31,,
08/03/2025 10:00:00 - 08/03/2025 11:00:00,BZN|CH,Without Sequence,20.8,,
08/03/2025 11:00:00 - 08/03/2025 12:00:00,BZN|CH,Without Sequence,11.98,,
08/03/2025 12:00:00 - 08/03/2025 13:00:00,BZN|CH,Without Sequence,10.56,,
08/03/2025 13:00:00 - 08/03/2025 14:00:00,BZN|CH,Without Sequence,20.6,,
08/03/2025 14:00:00 - 08/03/2025 15:00:00,BZN|CH,Without Sequence,64.99,,
08/03/2025 15:00:00 - 08/03/2025 16:00:00,BZN|CH,Without Sequence,109.44,,
08/03/2025 16:00:00 - 08/03/2025 17:00:00,BZN|CH,Without Sequence,135.67,,
08/03/2025 17:00:00 - 08/03/2025 18:00:00,BZN|CH,Without Sequence,148.56,,
08/03/2025 18:00:00 - 08/03/2025 19:00:00,BZN|CH,Without Sequence,140.05,,
08/03/2025 19:00:00 - 08/03/2025 20:00:00,BZN|CH,Without Sequence,138.1,,
08/03/2025 20:00:00 - 08/03/2025 21:00:00,BZN|CH,Without Sequence,135.76,,
08/03/2025 21:00:00 - 08/03/2025 22:00:00,BZN|CH,Without Sequence,129.03,,
08/03/2025 22:00:00 - 08/03/2025 23:00:00,BZN|CH,Without Sequence,120.52,,
08/03/2025 23:00:00 - 09/03/2025 00:00:00,BZN|CH,Without Sequence,114.67,,
09/03/2025 00:00:00 - 09/03/2025 01:00:00,BZN|CH,Without Sequence,109.68,,
09/03/2025 01:00:00 - 09/03/2025 02:00:00,BZN|CH,Without Sequence,107.84,,
09/03/2025 02:00:00 - 09/03/2025 03:00:00,BZN|CH,Without Sequence,105.25,,
09/03/2025 03:00:00 - 09/03/2025 04:00:00,BZN|CH,Without Sequence,104.87,,
09/03/2025 04:00:00 - 09/03/2025 05:00:00,BZN|CH,Without Sequence,106.19,,
09/03/2025 05:00:00 - 09/03/2025 06:00:00,BZN|CH,Without Sequence,108.43,,
09/03/2025 06:00:00 - 09/03/2025 07:00:00,BZN|CH,Without Sequence,106.2,,
09/03/2025 07:00:00 - 09/03/2025 08:00:00,BZN|CH,Without Sequence,101.06,,
09/03/2025 08:00:00 - 09/03/2025 09:00:00,BZN|CH,Without Sequence,30.2,,
09/03/2025 09:00:00 - 09/03/2025 10:00:00,BZN|CH,Without Sequence,0,,
09/03/2025 10:00:00 - 09/03/2025 11:00:00,BZN|CH,Without Sequence,-0.15,,
09/03/2025 11:00:00 - 09/03/2025 12:00:00,BZN|CH,Without Sequence,-6.24,,
09/03/2025 12:00:00 - 09/03/2025 13:00:00,BZN|CH,Without Sequence,-6.5,,
09/03/2025 13:00:00 - 09/03/2025 14:00:00,BZN|CH,Without Sequence,0.01,,
09/03/2025 14:00:00 - 09/03/2025 15:00:00,BZN|CH,Without Sequence,16.28,,
09/03/2025 15:00:00 - 09/03/2025 16:00:00,BZN|CH,Without Sequence,88.22,,
09/03/2025 16:00:00 - 09/03/2025 17:00:00,BZN|CH,Without Sequence,126.06,,
09/03/2025 17:00:00 - 09/03/2025 18:00:00,BZN|CH,Without Sequence,143.51,,
09/03/2025 18:00:00 - 09/03/2025 19:00:00,BZN|CH,Without Sequence,137.1,,
09/03/2025 19:00:00 - 09/03/2025 20:00:00,BZN|CH,Without Sequence,130.09,,
09/03/2025 20:00:00 - 09/03/2025 21:00:00,BZN|CH,Without Sequence,122.69,,
09/03/2025 21:00:00 - 09/03/2025 22:00:00,BZN|CH,Without Sequence,110.68,,
09/03/2025 22:00:00 - 09/03/2025 23:00:00,BZN|CH,Without Sequence,104.89,,
09/03/2025 23:00:00 - 10/03/2025 00:00:00,BZN|CH,Without Sequence,105.83,,
10/03/2025 00:00:00 - 10/03/2025 01:00:00,BZN|CH,Without Sequence,102.94,,
10/03/2025 01:00:00 - 10/03/2025 02:00:00,BZN|CH,Without Sequence,102.09,,
10/03/2025 02:00:00 - 10/03/2025 03:00:00,BZN|CH,Without Sequence,101.27,,
10/03/2025 03:00:00 - 10/03/2025 04:00:00,BZN|CH,Without Sequence,102.62,,
10/03/2025 04:00:00 - 10/03/2025 05:00:00,BZN|CH,Without Sequence,112.68,,
10/03/2025 05:00:00 - 10/03/2025 06:00:00,BZN|CH,Without Sequence,139.87,,
10/03/2025 06:00:00 - 10/03/2025 07:00:00,BZN|CH,Without Sequence,156.53,,
10/03/2025 07:00:00 - 10/03/2025 08:00:00,BZN|CH,Without Sequence,139.99,,
10/03/2025 08:00:00 - 10/03/2025 09:00:00,BZN|CH,Without Sequence,129.9,,
10/03/2025 09:00:00 - 10/03/2025 10:00:00,BZN|CH,Without Sequence,126.09,,
10/03/2025 10:00:00 - 10/03/2025 11:00:00,BZN|CH,Without Sequence,112.85,,
10/03/2025 11:00:00 - 10/03/2025 12:00:00,BZN|CH,Without Sequence,107.32,,
10/03/2025 12:00:00 - 10/03/2025 13:00:00,BZN|CH,Without Sequence,104.67,,
10/03/2025 13:00:00 - 10/03/2025 14:00:00,BZN|CH,Without Sequence,103.79,,
10/03/2025 14:00:00 - 10/03/2025 15:00:00,BZN|CH,Without Sequence,107.92,,
10/03/2025 15:00:00 - 10/03/2025 16:00:00,BZN|CH,Without Sequence,129.28,,
10/03/2025 16:00:00 - 10/03/2025 17:00:00,BZN|CH,Without Sequence,147.4,,
10/03/2025 17:00:00 - 10/03/2025 18:00:00,BZN|CH,Without Sequence,171.32,,
10/03/2025 18:00:00 - 10/03/2025 19:00:00,BZN|CH,Without Sequence,160.44,,
10/03/2025 19:00:00 - 10/03/2025 20:00:00,BZN|CH,Without Sequence,142.64,,
10/03/2025 20:00:00 - 10/03/2025 21:00:00,BZN|CH,Without Sequence,130.14,,
10/03/2025 21:00:00 - 10/03/2025 22:00:00,BZN|CH,Without Sequence,119.37,,
10/03/2025 22:00:00 - 10/03/2025 23:00:00,BZN|CH,Without Sequence,109.33,,
10/03/2025 23:00:00 - 11/03/2025 00:00:00,BZN|CH,Without Sequence,108.35,,
11/03/2025 00:00:00 - 11/03/2025 01:00:00,BZN|CH,Without Sequence,104.79,,
11/03/2025 01:00:00 - 11/03/2025 02:00:00,BZN|CH,Without Sequence,102.2,,
11/03/2025 02:00:00 - 11/03/2025 03:00:00,BZN|CH,Without Sequence,102.98,,
11/03/2025 03:00:00 - 11/03/2025 04:00:00,BZN|CH,Without Sequence,103.97,,
11/03/2025 04:00:00 - 11/03/2025 05:00:00,BZN|CH,Without Sequence,110.24,,
11/03/2025 05:00:00 - 11/03/2025 06:00:00,BZN|CH,Without Sequence,144.98,,
11/03/2025 06:00:00 - 11/03/2025 07:00:00,BZN|CH,Without Sequence,164.38,,
11/03/2025 07:00:00 - 11/03/2025 08:00:00,BZN|CH,Without Sequence,145.1,,
11/03/2025 08:00:00 - 11/03/2025 09:00:00,BZN|CH,Without Sequence,127.91,,
11/03/2025 09:00:00 - 11/03/2025 10:00:00,BZN|CH,Without Sequence,110.72,,
11/03/2025 10:00:00 - 11/03/2025 11:00:00,BZN|CH,Without Sequence,106.19,,
11/03/2025 11:00:00 - 11/03/2025 12:00:00,BZN|CH,Without Sequence,101.9,,
11/03/2025 12:00:00 - 11/03/2025 13:00:00,BZN|CH,Without Sequence,100.8,,
11/03/2025 13:00:00 - 11/03/2025 14:00:00,BZN|CH,Without Sequence,100.61,,
11/03/2025 14:00:00 - 11/03/2025 15:00:00,BZN|CH,Without Sequence,113.46,,
11/03/2025 15:00:00 - 11/03/2025 16:00:00,BZN|CH,Without Sequence,137.81,,
11/03/2025 16:00:00 - 11/03/2025 17:00:00,BZN|CH,Without Sequence,161.49,,
11/03/2025 17:00:00 - 11/03/2025 18:00:00,BZN|CH,Without Sequence,183.23,,
11/03/2025 18:00:00 - 11/03/2025 19:00:00,BZN|CH,Without Sequence,174.35,,
11/03/2025 19:00:00 - 11/03/2025 20:00:00,BZN|CH,Without Sequence,144.06,,
11/03/2025 20:00:00 - 11/03/2025 21:00:00,BZN|CH,Without Sequence,129.8,,
11/03/2025 21:00:00 - 11/03/2025 22:00:00,BZN|CH,Without Sequence,122.08,,
11/03/2025 22:00:00 - 11/03/2025 23:00:00,BZN|CH,Without Sequence,110.03,,
11/03/2025 23:00:00 - 12/03/2025 00:00:00,BZN|CH,Without Sequence,108.06,,
12/03/2025 00:00:00 - 12/03/2025 01:00:00,BZN|CH,Without Sequence,103.17,,
12/03/2025 01:00:00 - 12/03/2025 02:00:00,BZN|CH,Without Sequence,103.7,,
12/03/2025 02:00:00 - 12/03/2025 03:00:00,BZN|CH,Without Sequence,99.83,,
12/03/2025 03:00:00 - 12/03/2025 04:00:00,BZN|CH,Without Sequence,102.39,,
12/03/2025 04:00:00 - 12/03/2025 05:00:00,BZN|CH,Without Sequence,108.72,,
12/03/2025 05:00:00 - 12/03/2025 06:00:00,BZN|CH,Without Sequence,143.21,,
12/03/2025 06:00:00 - 12/03/2025 07:00:00,BZN|CH,Without Sequence,152.4,,
12/03/2025 07:00:00 - 12/03/2025 08:00:00,BZN|CH,Without Sequence,147.27,,
12/03/2025 08:00:00 - 12/03/2025 09:00:00,BZN|CH,Without Sequence,134.86,,
12/03/2025 09:00:00 - 12/03/2025 10:00:00,BZN|CH,Without Sequence,134.85,,
12/03/2025 10:00:00 - 12/03/2025 11:00:00,BZN|CH,Without Sequence,134.63,,
12/03/2025 11:00:00 - 12/03/2025 12:00:00,BZN|CH,Without Sequence,110.23,,
12/03/2025 12:00:00 - 12/03/2025 13:00:00,BZN|CH,Without Sequence,112.27,,
12/03/2025 13:00:00 - 12/03/2025 14:00:00,BZN|CH,Without Sequence,110.06,,
12/03/2025 14:00:00 - 12/03/2025 15:00:00,BZN|CH,Without Sequence,131.61,,
12/03/2025 15:00:00 - 12/03/2025 16:00:00,BZN|CH,Without Sequence,140.53,,
12/03/2025 16:00:00 - 12/03/2025 17:00:00,BZN|CH,Without Sequence,157.21,,
12/03/2025 17:00:00 - 12/03/2025 18:00:00,BZN|CH,Without Sequence,179.79,,
12/03/2025 18:00:00 - 12/03/2025 19:00:00,BZN|CH,Without Sequence,174.37,,
12/03/2025 19:00:00 - 12/03/2025 20:00:00,BZN|CH,Without Sequence,149.18,,
12/03/2025 20:00:00 - 12/03/2025 21:00:00,BZN|CH,Without Sequence,134.75,,
12/03/2025 21:00:00 - 12/03/2025 22:00:00,BZN|CH,Without Sequence,121.15,,
12/03/2025 22:00:00 - 12/03/2025 23:00:00,BZN|CH,Without Sequence,110.51,,
12/03/2025 23:00:00 - 13/03/2025 00:00:00,BZN|CH,Without Sequence,108.75,,
13/03/2025 00:00:00 - 13/03/2025 01:00:00,BZN|CH,Without Sequence,103.74,,
13/03/2025 01:00:00 - 13/03/2025 02:00:00,BZN|CH,Without Sequence,102.38,,
13/03/2025 02:00:00 - 13/03/2025 03:00:00,BZN|CH,Without Sequence,101.24,,
13/03/2025 03:00:00 - 13/03/2025 04:00:00,BZN|CH,Without Sequence,101.85,,
13/03/2025 04:00:00 - 13/03/2025 05:00:00,BZN|CH,Without Sequence,107.29,,
13/03/2025 05:00:00 - 13/03/2025 06:00:00,BZN|CH,Without Sequence,134.9,,
13/03/2025 06:00:00 - 13/03/2025 07:00:00,BZN|CH,Without Sequence,148.32,,
13/03/2025 07:00:00 - 13/03/2025 08:00:00,BZN|CH,Without Sequence,143.93,,
13/03/2025 08:00:00 - 13/03/2025 09:00:00,BZN|CH,Without Sequence,129.67,,
13/03/2025 09:00:00 - 13/03/2025 10:00:00,BZN|CH,Without Sequence,115.09,,
13/03/2025 10:00:00 - 13/03/2025 11:00:00,BZN|CH,Without Sequence,106.09,,
13/03/2025 11:00:00 - 13/03/2025 12:00:00,BZN|CH,Without Sequence,103.93,,
13/03/2025 12:00:00 - 13/03/2025 13:00:00,BZN|CH,Without Sequence,104.07,,
13/03/2025 13:00:00 - 13/03/2025 14:00:00,BZN|CH,Without Sequence,104.99,,
13/03/2025 14:00:00 - 13/03/2025 15:00:00,BZN|CH,Without Sequence,109.88,,
13/03/2025 15:00:00 - 13/03/2025 16:00:00,BZN|CH,Without Sequence,123,,
13/03/2025 16:00:00 - 13/03/2025 17:00:00,BZN|CH,Without Sequence,143.06,,
13/03/2025 17:00:00 - 13/03/2025 18:00:00,BZN|CH,Without Sequence,158.69,,
13/03/2025 18:00:00 - 13/03/2025 19:00:00,BZN|CH,Without Sequence,168.36,,
13/03/2025 19:00:00 - 13/03/2025 20:00:00,BZN|CH,Without Sequence,145.5,,
13/03/2025 20:00:00 - 13/03/2025 21:00:00,BZN|CH,Without Sequence,132.01,,
13/03/2025 21:00:00 - 13/03/2025 22:00:00,BZN|CH,Without Sequence,124.01,,
13/03/2025 22:00:00 - 13/03/2025 23:00:00,BZN|CH,Without Sequence,114.51,,
13/03/2025 23:00:00 - 14/03/2025 00:00:00,BZN|CH,Without Sequence,114.35,,
14/03/2025 00:00:00 - 14/03/2025 01:00:00,BZN|CH,Without Sequence,109.66,,
14/03/2025 01:00:00 - 14/03/2025 02:00:00,BZN|CH,Without Sequence,107.95,,
14/03/2025 02:00:00 - 14/03/2025 03:00:00,BZN|CH,Without Sequence,106.02,,
14/03/2025 03:00:00 - 14/03/2025 04:00:00,BZN|CH,Without Sequence,107.44,,
14/03/2025 04:00:00 - 14/03/2025 05:00:00,BZN|CH,Without Sequence,113.05,,
14/03/2025 05:00:00 - 14/03/2025 06:00:00,BZN|CH,Without Sequence,140.82,,
14/03/2025 06:00:00 - 14/03/2025 07:00:00,BZN|CH,Without Sequence,157.75,,
14/03/2025 07:00:00 - 14/03/2025 08:00:00,BZN|CH,Without Sequence,160.13,,
14/03/2025 08:00:00 - 14/03/2025 09:00:00,BZN|CH,Without Sequence,145.1,,
14/03/2025 09:00:00 - 14/03/2025 10:00:00,BZN|CH,Without Sequence,131.09,,
14/03/2025 10:00:00 - 14/03/2025 11:00:00,BZN|CH,Without Sequence,120.83,,
14/03/2025 11:00:00 - 14/03/2025 12:00:00,BZN|CH,Without Sequence,112.34,,
14/03/2025 12:00:00 - 14/03/2025 13:00:00,BZN|CH,Without Sequence,110.65,,
14/03/2025 13:00:00 - 14/03/2025 14:00:00,BZN|CH,Without Sequence,113.3,,
14/03/2025 14:00:00 - 14/03/2025 15:00:00,BZN|CH,Without Sequence,119.77,,
14/03/2025 15:00:00 - 14/03/2025 16:00:00,BZN|CH,Without Sequence,129.21,,
14/03/2025 16:00:00 - 14/03/2025 17:00:00,BZN|CH,Without Sequence,142.32,,
14/03/2025 17:00:00 - 14/03/2025 18:00:00,BZN|CH,Without Sequence,159.03,,
14/03/2025 18:00:00 - 14/03/2025 19:00:00,BZN|CH,Without Sequence,156.5,,
14/03/2025 19:00:00 - 14/03/2025 20:00:00,BZN|CH,Without Sequence,141.41,,
14/03/2025 20:00:00 - 14/03/2025 21:00:00,BZN|CH,Without Sequence,131.55,,
14/03/2025 21:00:00 - 14/03/2025 22:00:00,BZN|CH,Without Sequence,124.93,,
14/03/2025 22:00:00 - 14/03/2025 23:00:00,BZN|CH,Without Sequence,119.05,,
14/03/2025 23:00:00 - 15/03/2025 00:00:00,BZN|CH,Without Sequence,117.23,,
15/03/2025 00:00:00 - 15/03/2025 01:00:00,BZN|CH,Without Sequence,111.29,,
15/03/2025 01:00:00 - 15/03/2025 02:00:00,BZN|CH,Without Sequence,107.92,,
15/03/2025 02:00:00 - 15/03/2025 03:00:00,BZN|CH,Without Sequence,106.36,,
15/03/2025 03:00:00 - 15/03/2025 04:00:00,BZN|CH,Without Sequence,107.1,,
15/03/2025 04:00:00 - 15/03/2025 05:00:00,BZN|CH,Without Sequence,109.96,,
15/03/2025 05:00:00 - 15/03/2025 06:00:00,BZN|CH,Without Sequence,121.92,,
15/03/2025 06:00:00 - 15/03/2025 07:00:00,BZN|CH,Without Sequence,126.91,,
15/03/2025 07:00:00 - 15/03/2025 08:00:00,BZN|CH,Without Sequence,124.44,,
15/03/2025 08:00:00 - 15/03/2025 09:00:00,BZN|CH,Without Sequence,119.27,,
15/03/2025 09:00:00 - 15/03/2025 10:00:00,BZN|CH,Without Sequence,112.99,,
15/03/2025 10:00:00 - 15/03/2025 11:00:00,BZN|CH,Without Sequence,109.51,,
15/03/2025 11:00:00 - 15/03/2025 12:00:00,BZN|CH,Without Sequence,101.31,,
15/03/2025 12:00:00 - 15/03/2025 13:00:00,BZN|CH,Without Sequence,89.25,,
15/03/2025 13:00:00 - 15/03/2025 14:00:00,BZN|CH,Without Sequence,96.39,,
15/03/2025 14:00:00 - 15/03/2025 15:00:00,BZN|CH,Without Sequence,107.31,,
15/03/2025 15:00:00 - 15/03/2025 16:00:00,BZN|CH,Without Sequence,113.27,,
15/03/2025 16:00:00 - 15/03/2025 17:00:00,BZN|CH,Without Sequence,134.54,,
15/03/2025 17:00:00 - 15/03/2025 18:00:00,BZN|CH,Without Sequence,144.55,,
15/03/2025 18:00:00 - 15/03/2025 19:00:00,BZN|CH,Without Sequence,142.88,,
15/03/2025 19:00:00 - 15/03/2025 20:00:00,BZN|CH,Without Sequence,138.95,,
15/03/2025 20:00:00 - 15/03/2025 21:00:00,BZN|CH,Without Sequence,129.57,,
15/03/2025 21:00:00 - 15/03/2025 22:00:00,BZN|CH,Without Sequence,121.77,,
15/03/2025 22:00:00 - 15/03/2025 23:00:00,BZN|CH,Without Sequence,112.21,,
15/03/2025 23:00:00 - 16/03/2025 00:00:00,BZN|CH,Without Sequence,109.87,,
16/03/2025 00:00:00 - 16/03/2025 01:00:00,BZN|CH,Without Sequence,106.61,,
16/03/2025 01:00:00 - 16/03/2025 02:00:00,BZN|CH,Without Sequence,97.09,,
16/03/2025 02:00:00 - 16/03/2025 03:00:00,BZN|CH,Without Sequence,99.71,,
16/03/2025 03:00:00 - 16/03/2025 04:00:00,BZN|CH,Without Sequence,98.1,,
16/03/2025 04:00:00 - 16/03/2025 05:00:00,BZN|CH,Without Sequence,101.3,,
16/03/2025 05:00:00 - 16/03/2025 06:00:00,BZN|CH,Without Sequence,106.11,,
16/03/2025 06:00:00 - 16/03/2025 07:00:00,BZN|CH,Without Sequence,104.65,,
16/03/2025 07:00:00 - 16/03/2025 08:00:00,BZN|CH,Without Sequence,94.96,,
16/03/2025 08:00:00 - 16/03/2025 09:00:00,BZN|CH,Without Sequence,91.02,,
16/03/2025 09:00:00 - 16/03/2025 10:00:00,BZN|CH,Without Sequence,61.08,,
16/03/2025 10:00:00 - 16/03/2025 11:00:00,BZN|CH,Without Sequence,33.38,,
16/03/2025 11:00:00 - 16/03/2025 12:00:00,BZN|CH,Without Sequence,38.9,,
16/03/2025 12:00:00 - 16/03/2025 13:00:00,BZN|CH,Without Sequence,21.72,,
16/03/2025 13:00:00 - 16/03/2025 14:00:00,BZN|CH,Without Sequence,29.57,,
16/03/2025 14:00:00 - 16/03/2025 15:00:00,BZN|CH,Without Sequence,52.92,,
16/03/2025 15:00:00 - 16/03/2025 16:00:00,BZN|CH,Without Sequence,103.09,,
16/03/2025 16:00:00 - 16/03/2025 17:00:00,BZN|CH,Without Sequence,126.95,,
16/03/2025 17:00:00 - 16/03/2025 18:00:00,BZN|CH,Without Sequence,136.15,,
16/03/2025 18:00:00 - 16/03/2025 19:00:00,BZN|CH,Without Sequence,138.59,,
16/03/2025 19:00:00 - 16/03/2025 20:00:00,BZN|CH,Without Sequence,130.19,,
16/03/2025 20:00:00 - 16/03/2025 21:00:00,BZN|CH,Without Sequence,126.43,,
16/03/2025 21:00:00 - 16/03/2025 22:00:00,BZN|CH,Without Sequence,127.05,,
16/03/2025 22:00:00 - 16/03/2025 23:00:00,BZN|CH,Without Sequence,120.04,,
16/03/2025 23:00:00 - 17/03/2025 00:00:00,BZN|CH,Without Sequence,109.7,,
17/03/2025 00:00:00 - 17/03/2025 01:00:00,BZN|CH,Without Sequence,108.41,,
17/03/2025 01:00:00 - 17/03/2025 02:00:00,BZN|CH,Without Sequence,104.3,,
17/03/2025 02:00:00 - 17/03/2025 03:00:00,BZN|CH,Without Sequence,104.47,,
17/03/2025 03:00:00 - 17/03/2025 04:00:00,BZN|CH,Without Sequence,105.75,,
17/03/2025 04:00:00 - 17/03/2025 05:00:00,BZN|CH,Without Sequence,111.8,,
17/03/2025 05:00:00 - 17/03/2025 06:00:00,BZN|CH,Without Sequence,137.65,,
17/03/2025 06:00:00 - 17/03/2025 07:00:00,BZN|CH,Without Sequence,144.95,,
17/03/2025 07:00:00 - 17/03/2025 08:00:00,BZN|CH,Without Sequence,141.5,,
17/03/2025 08:00:00 - 17/03/2025 09:00:00,BZN|CH,Without Sequence,139.43,,
17/03/2025 09:00:00 - 17/03/2025 10:00:00,BZN|CH,Without Sequence,127.12,,
17/03/2025 10:00:00 - 17/03/2025 11:00:00,BZN|CH,Without Sequence,112.16,,
17/03/2025 11:00:00 - 17/03/2025 12:00:00,BZN|CH,Without Sequence,104.3,,
17/03/2025 12:00:00 - 17/03/2025 13:00:00,BZN|CH,Without Sequence,101.23,,
17/03/2025 13:00:00 - 17/03/2025 14:00:00,BZN|CH,Without Sequence,104.9,,
17/03/2025 14:00:00 - 17/03/2025 15:00:00,BZN|CH,Without Sequence,113.16,,
17/03/2025 15:00:00 - 17/03/2025 16:00:00,BZN|CH,Without Sequence,132.31,,
17/03/2025 16:00:00 - 17/03/2025 17:00:00,BZN|CH,Without Sequence,141.53,,
17/03/2025 17:00:00 - 17/03/2025 18:00:00,BZN|CH,Without Sequence,161.9,,
17/03/2025 18:00:00 - 17/03/2025 19:00:00,BZN|CH,Without Sequence,159.54,,
17/03/2025 19:00:00 - 17/03/2025 20:00:00,BZN|CH,Without Sequence,142.93,,
17/03/2025 20:00:00 - 17/03/2025 21:00:00,BZN|CH,Without Sequence,137.33,,
17/03/2025 21:00:00 - 17/03/2025 22:00:00,BZN|CH,Without Sequence,138.51,,
17/03/2025 22:00:00 - 17/03/2025 23:00:00,BZN|CH,Without Sequence,127.26,,
17/03/2025 23:00:00 - 18/03/2025 00:00:00,BZN|CH,Without Sequence,117.3,,
18/03/2025 00:00:00 - 18/03/2025 01:00:00,BZN|CH,Without Sequence,111.87,,
18/03/2025 01:00:00 - 18/03/2025 02:00:00,BZN|CH,Without Sequence,108.9,,
18/03/2025 02:00:00 - 18/03/2025 03:00:00,BZN|CH,Without Sequence,107.4,,
18/03/2025 03:00:00 - 18/03/2025 04:00:00,BZN|CH,Without Sequence,107.41,,
18/03/2025 04:00:00 - 18/03/2025 05:00:00,BZN|CH,Without Sequence,113.38,,
18/03/2025 05:00:00 - 18/03/2025 06:00:00,BZN|CH,Without Sequence,143.08,,
18/03/2025 06:00:00 - 18/03/2025 07:00:00,BZN|CH,Without Sequence,146.96,,
18/03/2025 07:00:00 - 18/03/2025 08:00:00,BZN|CH,Without Sequence,142.52,,
18/03/2025 08:00:00 - 18/03/2025 09:00:00,BZN|CH,Without Sequence,130.01,,
18/03/2025 09:00:00 - 18/03/2025 10:00:00,BZN|CH,Without Sequence,113.01,,
18/03/2025 10:00:00 - 18/03/2025 11:00:00,BZN|CH,Without Sequence,107.07,,
18/03/2025 11:00:00 - 18/03/2025 12:00:00,BZN|CH,Without Sequence,95.2,,
18/03/2025 12:00:00 - 18/03/2025 13:00:00,BZN|CH,Without Sequence,28.21,,
18/03/2025 13:00:00 - 18/03/2025 14:00:00,BZN|CH,Without Sequence,85.09,,
18/03/2025 14:00:00 - 18/03/2025 15:00:00,BZN|CH,Without Sequence,106.1,,
18/03/2025 15:00:00 - 18/03/2025 16:00:00,BZN|CH,Without Sequence,120.41,,
18/03/2025 16:00:00 - 18/03/2025 17:00:00,BZN|CH,Without Sequence,144.94,,
18/03/2025 17:00:00 - 18/03/2025 18:00:00,BZN|CH,Without Sequence,170.9,,
18/03/2025 18:00:00 - 18/03/2025 19:00:00,BZN|CH,Without Sequence,168.7,,
18/03/2025 19:00:00 - 18/03/2025 20:00:00,BZN|CH,Without Sequence,141.84,,
18/03/2025 20:00:00 - 18/03/2025 21:00:00,BZN|CH,Without Sequence,133.31,,
18/03/2025 21:00:00 - 18/03/2025 22:00:00,BZN|CH,Without Sequence,128.76,,
18/03/2025 22:00:00 - 18/03/2025 23:00:00,BZN|CH,Without Sequence,122.88,,
18/03/2025 23:00:00 - 19/03/2025 00:00:00,BZN|CH,Without Sequence,113.99,,
19/03/2025 00:00:00 - 19/03/2025 01:00:00,BZN|CH,Without Sequence,110.5,,
19/03/2025 01:00:00 - 19/03/2025 02:00:00,BZN|CH,Without Sequence,109.1,,
19/03/2025 02:00:00 - 19/03/2025 03:00:00,BZN|CH,Without Sequence,109.5,,
19/03/2025 03:00:00 - 19/03/2025 04:00:00,BZN|CH,Without Sequence,110.01,,
19/03/2025 04:00:00 - 19/03/2025 05:00:00,BZN|CH,Without Sequence,124.67,,
19/03/2025 05:00:00 - 19/03/2025 06:00:00,BZN|CH,Without Sequence,149.57,,
19/03/2025 06:00:00 - 19/03/2025 07:00:00,BZN|CH,Without Sequence,150.06,,
19/03/2025 07:00:00 - 19/03/2025 08:00:00,BZN|CH,Without Sequence,142.89,,
19/03/2025 08:00:00 - 19/03/2025 09:00:00,BZN|CH,Without Sequence,128.23,,
19/03/2025 09:00:00 - 19/03/2025 10:00:00,BZN|CH,Without Sequence,112.9,,
19/03/2025 10:00:00 - 19/03/2025 11:00:00,BZN|CH,Without Sequence,100.76,,
19/03/2025 11:00:00 - 19/03/2025 12:00:00,BZN|CH,Without Sequence,-1.13,,
19/03/2025 12:00:00 - 19/03/2025 13:00:00,BZN|CH,Without Sequence,-1.45,,
19/03/2025 13:00:00 - 19/03/2025 14:00:00,BZN|CH,Without Sequence,11.76,,
19/03/2025 14:00:00 - 19/03/2025 15:00:00,BZN|CH,Without Sequence,76.7,,
19/03/2025 15:00:00 - 19/03/2025 16:00:00,BZN|CH,Without Sequence,121.02,,
19/03/2025 16:00:00 - 19/03/2025 17:00:00,BZN|CH,Without Sequence,159.06,,
19/03/2025 17:00:00 - 19/03/2025 18:00:00,BZN|CH,Without Sequence,199.7,,
19/03/2025 18:00:00 - 19/03/2025 19:00:00,BZN|CH,Without Sequence,191.35,,
19/03/2025 19:00:00 - 19/03/2025 20:00:00,BZN|CH,Without Sequence,160.72,,
19/03/2025 20:00:00 - 19/03/2025 21:00:00,BZN|CH,Without Sequence,141.08,,
19/03/2025 21:00:00 - 19/03/2025 22:00:00,BZN|CH,Without Sequence,130.08,,
19/03/2025 22:00:00 - 19/03/2025 23:00:00,BZN|CH,Without Sequence,123.81,,
19/03/2025 23:00:00 - 20/03/2025 00:00:00,BZN|CH,Without Sequence,121.5,,
20/03/2025 00:00:00 - 20/03/2025 01:00:00,BZN|CH,Without Sequence,114.73,,
20/03/2025 01:00:00 - 20/03/2025 02:00:00,BZN|CH,Without Sequence,113,,
20/03/2025 02:00:00 - 20/03/2025 03:00:00,BZN|CH,Without Sequence,112.72,,
20/03/2025 03:00:00 - 20/03/2025 04:00:00,BZN|CH,Without Sequence,113.26,,
20/03/2025 04:00:00 - 20/03/2025 05:00:00,BZN|CH,Without Sequence,127.83,,
20/03/2025 05:00:00 - 20/03/2025 06:00:00,BZN|CH,Without Sequence,151.29,,
20/03/2025 06:00:00 - 20/03/2025 07:00:00,BZN|CH,Without Sequence,145.1,,
20/03/2025 07:00:00 - 20/03/2025 08:00:00,BZN|CH,Without Sequence,140.07,,
20/03/2025 08:00:00 - 20/03/2025 09:00:00,BZN|CH,Without Sequence,117.24,,
20/03/2025 09:00:00 - 20/03/2025 10:00:00,BZN|CH,Without Sequence,107.45,,
20/03/2025 10:00:00 - 20/03/2025 11:00:00,BZN|CH,Without Sequence,107.1,,
20/03/2025 11:00:00 - 20/03/2025 12:00:00,BZN|CH,Without Sequence,95.16,,
20/03/2025 12:00:00 - 20/03/2025 13:00:00,BZN|CH,Without Sequence,55.01,,
20/03/2025 13:00:00 - 20/03/2025 14:00:00,BZN|CH,Without Sequence,94.99,,
20/03/2025 14:00:00 - 20/03/2025 15:00:00,BZN|CH,Without Sequence,112.24,,
20/03/2025 15:00:00 - 20/03/2025 16:00:00,BZN|CH,Without Sequence,117.32,,
20/03/2025 16:00:00 - 20/03/2025 17:00:00,BZN|CH,Without Sequence,152.03,,
20/03/2025 17:00:00 - 20/03/2025 18:00:00,BZN|CH,Without Sequence,178.99,,
20/03/2025 18:00:00 - 20/03/2025 19:00:00,BZN|CH,Without Sequence,180.06,,
20/03/2025 19:00:00 - 20/03/2025 20:00:00,BZN|CH,Without Sequence,165.28,,
20/03/2025 20:00:00 - 20/03/2025 21:00:00,BZN|CH,Without Sequence,143.69,,
20/03/2025 21:00:00 - 20/03/2025 22:00:00,BZN|CH,Without Sequence,132.85,,
20/03/2025 22:00:00 - 20/03/2025 23:00:00,BZN|CH,Without Sequence,120.56,,
20/03/2025 23:00:00 - 21/03/2025 00:00:00,BZN|CH,Without Sequence,121.5,,
21/03/2025 00:00:00 - 21/03/2025 01:00:00,BZN|CH,Without Sequence,116.32,,
21/03/2025 01:00:00 - 21/03/2025 02:00:00,BZN|CH,Without Sequence,113.84,,
21/03/2025 02:00:00 - 21/03/2025 03:00:00,BZN|CH,Without Sequence,113.27,,
21/03/2025 03:00:00 - 21/03/2025 04:00:00,BZN|CH,Without Sequence,115.11,,
21/03/2025 04:00:00 - 21/03/2025 05:00:00,BZN|CH,Without Sequence,128.53,,
21/03/2025 05:00:00 - 21/03/2025 06:00:00,BZN|CH,Without Sequence,152.76,,
21/03/2025 06:00:00 - 21/03/2025 07:00:00,BZN|CH,Without Sequence,143.43,,
21/03/2025 07:00:00 - 21/03/2025 08:00:00,BZN|CH,Without Sequence,142.56,,
21/03/2025 08:00:00 - 21/03/2025 09:00:00,BZN|CH,Without Sequence,133.6,,
21/03/2025 09:00:00 - 21/03/2025 10:00:00,BZN|CH,Without Sequence,115.76,,
21/03/2025 10:00:00 - 21/03/2025 11:00:00,BZN|CH,Without Sequence,109.39,,
21/03/2025 11:00:00 - 21/03/2025 12:00:00,BZN|CH,Without Sequence,105.25,,
21/03/2025 12:00:00 - 21/03/2025 13:00:00,BZN|CH,Without Sequence,105.47,,
21/03/2025 13:00:00 - 21/03/2025 14:00:00,BZN|CH,Without Sequence,114.03,,
21/03/2025 14:00:00 - 21/03/2025 15:00:00,BZN|CH,Without Sequence,119.09,,
21/03/2025 15:00:00 - 21/03/2025 16:00:00,BZN|CH,Without Sequence,135.84,,
21/03/2025 16:00:00 - 21/03/2025 17:00:00,BZN|CH,Without Sequence,143.92,,
21/03/2025 17:00:00 - 21/03/2025 18:00:00,BZN|CH,Without Sequence,150.08,,
21/03/2025 18:00:00 - 21/03/2025 19:00:00,BZN|CH,Without Sequence,150.06,,
21/03/2025 19:00:00 - 21/03/2025 20:00:00,BZN|CH,Without Sequence,145.02,,
21/03/2025 20:00:00 - 21/03/2025 21:00:00,BZN|CH,Without Sequence,135.5,,
21/03/2025 21:00:00 - 21/03/2025 22:00:00,BZN|CH,Without Sequence,127.07,,
21/03/2025 22:00:00 - 21/03/2025 23:00:00,BZN|CH,Without Sequence,123.47,,
21/03/2025 23:00:00 - 22/03/2025 00:00:00,BZN|CH,Without Sequence,127.4,,
22/03/2025 00:00:00 - 22/03/2025 01:00:00,BZN|CH,Without Sequence,119.87,,
22/03/2025 01:00:00 - 22/03/2025 02:00:00,BZN|CH,Without Sequence,117.43,,
22/03/2025 02:00:00 - 22/03/2025 03:00:00,BZN|CH,Without Sequence,115.16,,
22/03/2025 03:00:00 - 22/03/2025 04:00:00,BZN|CH,Without Sequence,114.27,,
22/03/2025 04:00:00 - 22/03/2025 05:00:00,BZN|CH,Without Sequence,118.92,,
22/03/2025 05:00:00 - 22/03/2025 06:00:00,BZN|CH,Without Sequence,125.16,,
22/03/2025 06:00:00 - 22/03/2025 07:00:00,BZN|CH,Without Sequence,129.9,,
22/03/2025 07:00:00 - 22/03/2025 08:00:00,BZN|CH,Without Sequence,127.52,,
22/03/2025 08:00:00 - 22/03/2025 09:00:00,BZN|CH,Without Sequence,121.04,,
22/03/2025 09:00:00 - 22/03/2025 10:00:00,BZN|CH,Without Sequence,116.05,,
22/03/2025 10:00:00 - 22/03/2025 11:00:00,BZN|CH,Without Sequence,106.01,,
22/03/2025 11:00:00 - 22/03/2025 12:00:00,BZN|CH,Without Sequence,85.83,,
22/03/2025 12:00:00 - 22/03/2025 13:00:00,BZN|CH,Without Sequence,85.98,,
22/03/2025 13:00:00 - 22/03/2025 14:00:00,BZN|CH,Without Sequence,95.7,,
22/03/2025 14:00:00 - 22/03/2025 15:00:00,BZN|CH,Without Sequence,102.49,,
22/03/2025 15:00:00 - 22/03/2025 16:00:00,BZN|CH,Without Sequence,118.67,,
22/03/2025 16:00:00 - 22/03/2025 17:00:00,BZN|CH,Without Sequence,130.93,,
22/03/2025 17:00:00 - 22/03/2025 18:00:00,BZN|CH,Without Sequence,142.1,,
22/03/2025 18:00:00 - 22/03/2025 19:00:00,BZN|CH,Without Sequence,144.15,,
22/03/2025 19:00:00 - 22/03/2025 20:00:00,BZN|CH,Without Sequence,140.92,,
22/03/2025 20:00:00 - 22/03/2025 21:00:00,BZN|CH,Without Sequence,133.33,,
22/03/2025 21:00:00 - 22/03/2025 22:00:00,BZN|CH,Without Sequence,127.16,,
22/03/2025 22:00:00 - 22/03/2025 23:00:00,BZN|CH,Without Sequence,118.74,,
22/03/2025 23:00:00 - 23/03/2025 00:00:00,BZN|CH,Without Sequence,112.61,,
23/03/2025 00:00:00 - 23/03/2025 01:00:00,BZN|CH,Without Sequence,107.92,,
23/03/2025 01:00:00 - 23/03/2025 02:00:00,BZN|CH,Without Sequence,102.37,,
23/03/2025 02:00:00 - 23/03/2025 03:00:00,BZN|CH,Without Sequence,103.98,,
23/03/2025 03:00:00 - 23/03/2025 04:00:00,BZN|CH,Without Sequence,103.08,,
23/03/2025 04:00:00 - 23/03/2025 05:00:00,BZN|CH,Without Sequence,105,,
23/03/2025 05:00:00 - 23/03/2025 06:00:00,BZN|CH,Without Sequence,109.56,,
23/03/2025 06:00:00 - 23/03/2025 07:00:00,BZN|CH,Without Sequence,101.98,,
23/03/2025 07:00:00 - 23/03/2025 08:00:00,BZN|CH,Without Sequence,97.7,,
23/03/2025 08:00:00 - 23/03/2025 09:00:00,BZN|CH,Without Sequence,103.79,,
23/03/2025 09:00:00 - 23/03/2025 10:00:00,BZN|CH,Without Sequence,28.37,,
23/03/2025 10:00:00 - 23/03/2025 11:00:00,BZN|CH,Without Sequence,10.11,,
23/03/2025 11:00:00 - 23/03/2025 12:00:00,BZN|CH,Without Sequence,5.62,,
23/03/2025 12:00:00 - 23/03/2025 13:00:00,BZN|CH,Without Sequence,3.94,,
23/03/2025 13:00:00 - 23/03/2025 14:00:00,BZN|CH,Without Sequence,10.75,,
23/03/2025 14:00:00 - 23/03/2025 15:00:00,BZN|CH,Without Sequence,35.34,,
23/03/2025 15:00:00 - 23/03/2025 16:00:00,BZN|CH,Without Sequence,111.05,,
23/03/2025 16:00:00 - 23/03/2025 17:00:00,BZN|CH,Without Sequence,122.9,,
23/03/2025 17:00:00 - 23/03/2025 18:00:00,BZN|CH,Without Sequence,145.74,,
23/03/2025 18:00:00 - 23/03/2025 19:00:00,BZN|CH,Without Sequence,147.87,,
23/03/2025 19:00:00 - 23/03/2025 20:00:00,BZN|CH,Without Sequence,138.1,,
23/03/2025 20:00:00 - 23/03/2025 21:00:00,BZN|CH,Without Sequence,131.7,,
23/03/2025 21:00:00 - 23/03/2025 22:00:00,BZN|CH,Without Sequence,123.41,,
23/03/2025 22:00:00 - 23/03/2025 23:00:00,BZN|CH,Without Sequence,115.23,,
23/03/2025 23:00:00 - 24/03/2025 00:00:00,BZN|CH,Without Sequence,107.47,,
24/03/2025 00:00:00 - 24/03/2025 01:00:00,BZN|CH,Without Sequence,101.79,,
24/03/2025 01:00:00 - 24/03/2025 02:00:00,BZN|CH,Without Sequence,99.19,,
24/03/2025 02:00:00 - 24/03/2025 03:00:00,BZN|CH,Without Sequence,100.4,,
24/03/2025 03:00:00 - 24/03/2025 04:00:00,BZN|CH,Without Sequence,102.64,,
24/03/2025 04:00:00 - 24/03/2025 05:00:00,BZN|CH,Without Sequence,113.12,,
24/03/2025 05:00:00 - 24/03/2025 06:00:00,BZN|CH,Without Sequence,147.47,,
24/03/2025 06:00:00 - 24/03/2025 07:00:00,BZN|CH,Without Sequence,164.55,,
24/03/2025 07:00:00 - 24/03/2025 08:00:00,BZN|CH,Without Sequence,146.17,,
24/03/2025 08:00:00 - 24/03/2025 09:00:00,BZN|CH,Without Sequence,130.1,,
24/03/2025 09:00:00 - 24/03/2025 10:00:00,BZN|CH,Without Sequence,121.91,,
24/03/2025 10:00:00 - 24/03/2025 11:00:00,BZN|CH,Without Sequence,112.16,,
24/03/2025 11:00:00 - 24/03/2025 12:00:00,BZN|CH,Without Sequence,97.26,,
24/03/2025 12:00:00 - 24/03/2025 13:00:00,BZN|CH,Without Sequence,99.89,,
24/03/2025 13:00:00 - 24/03/2025 14:00:00,BZN|CH,Without Sequence,113.18,,
24/03/2025 14:00:00 - 24/03/2025 15:00:00,BZN|CH,Without Sequence,121.36,,
24/03/2025 15:00:00 - 24/03/2025 16:00:00,BZN|CH,Without Sequence,123.16,,
24/03/2025 16:00:00 - 24/03/2025 17:00:00,BZN|CH,Without Sequence,152.57,,
24/03/2025 17:00:00 - 24/03/2025 18:00:00,BZN|CH,Without Sequence,179.58,,
24/03/2025 18:00:00 - 24/03/2025 19:00:00,BZN|CH,Without Sequence,183.89,,
24/03/2025 19:00:00 - 24/03/2025 20:00:00,BZN|CH,Without Sequence,160.09,,
24/03/2025 20:00:00 - 24/03/2025 21:00:00,BZN|CH,Without Sequence,142.08,,
24/03/2025 21:00:00 - 24/03/2025 22:00:00,BZN|CH,Without Sequence,129.13,,
24/03/2025 22:00:00 - 24/03/2025 23:00:00,BZN|CH,Without Sequence,121.98,,
24/03/2025 23:00:00 - 25/03/2025 00:00:00,BZN|CH,Without Sequence,121.84,,
25/03/2025 00:00:00 - 25/03/2025 01:00:00,BZN|CH,Without Sequence,114.53,,
25/03/2025 01:00:00 - 25/03/2025 02:00:00,BZN|CH,Without Sequence,110.36,,
25/03/2025 02:00:00 - 25/03/2025 03:00:00,BZN|CH,Without Sequence,106.81,,
25/03/2025 03:00:00 - 25/03/2025 04:00:00,BZN|CH,Without Sequence,107.45,,
25/03/2025 04:00:00 - 25/03/2025 05:00:00,BZN|CH,Without Sequence,118.36,,
25/03/2025 05:00:00 - 25/03/2025 06:00:00,BZN|CH,Without Sequence,135.84,,
25/03/2025 06:00:00 - 25/03/2025 07:00:00,BZN|CH,Without Sequence,147.75,,
25/03/2025 07:00:00 - 25/03/2025 08:00:00,BZN|CH,Without Sequence,137.86,,
25/03/2025 08:00:00 - 25/03/2025 09:00:00,BZN|CH,Without Sequence,124.87,,
25/03/2025 09:00:00 - 25/03/2025 10:00:00,BZN|CH,Without Sequence,116.81,,
25/03/2025 10:00:00 - 25/03/2025 11:00:00,BZN|CH,Without Sequence,112.04,,
25/03/2025 11:00:00 - 25/03/2025 12:00:00,BZN|CH,Without Sequence,105.3,,
25/03/2025 12:00:00 - 25/03/2025 13:00:00,BZN|CH,Without Sequence,106.52,,
25/03/2025 13:00:00 - 25/03/2025 14:00:00,BZN|CH,Without Sequence,113.91,,
25/03/2025 14:00:00 - 25/03/2025 15:00:00,BZN|CH,Without Sequence,120.22,,
25/03/2025 15:00:00 - 25/03/2025 16:00:00,BZN|CH,Without Sequence,132.08,,
25/03/2025 16:00:00 - 25/03/2025 17:00:00,BZN|CH,Without Sequence,138.88,,
25/03/2025 17:00:00 - 25/03/2025 18:00:00,BZN|CH,Without Sequence,155.8,,
25/03/2025 18:00:00 - 25/03/2025 19:00:00,BZN|CH,Without Sequence,160.25,,
25/03/2025 19:00:00 - 25/03/2025 20:00:00,BZN|CH,Without Sequence,142.89,,
25/03/2025 20:00:00 - 25/03/2025 21:00:00,BZN|CH,Without Sequence,131.36,,
25/03/2025 21:00:00 - 25/03/2025 22:00:00,BZN|CH,Without Sequence,123.63,,
25/03/2025 22:00:00 - 25/03/2025 23:00:00,BZN|CH,Without Sequence,122.07,,
25/03/2025 23:00:00 - 26/03/2025 00:00:00,BZN|CH,Without Sequence,115.08,,
26/03/2025 00:00:00 - 26/03/2025 01:00:00,BZN|CH,Without Sequence,111.47,,
26/03/2025 01:00:00 - 26/03/2025 02:00:00,BZN|CH,Without Sequence,108.82,,
26/03/2025 02:00:00 - 26/03/2025 03:00:00,BZN|CH,Without Sequence,107.22,,
26/03/2025 03:00:00 - 26/03/2025 04:00:00,BZN|CH,Without Sequence,108.09,,
26/03/2025 04:00:00 - 26/03/2025 05:00:00,BZN|CH,Without Sequence,115.08,,
26/03/2025 05:00:00 - 26/03/2025 06:00:00,BZN|CH,Without Sequence,133.13,,
26/03/2025 06:00:00 - 26/03/2025 07:00:00,BZN|CH,Without Sequence,143.2,,
26/03/2025 07:00:00 - 26/03/2025 08:00:00,BZN|CH,Without Sequence,140.24,,
26/03/2025 08:00:00 - 26/03/2025 09:00:00,BZN|CH,Without Sequence,123.39,,
26/03/2025 09:00:00 - 26/03/2025 10:00:00,BZN|CH,Without Sequence,115.02,,
26/03/2025 10:00:00 - 26/03/2025 11:00:00,BZN|CH,Without Sequence,111.01,,
26/03/2025 11:00:00 - 26/03/2025 12:00:00,BZN|CH,Without Sequence,105.35,,
26/03/2025 12:00:00 - 26/03/2025 13:00:00,BZN|CH,Without Sequence,105.7,,
26/03/2025 13:00:00 - 26/03/2025 14:00:00,BZN|CH,Without Sequence,111.03,,
26/03/2025 14:00:00 - 26/03/2025 15:00:00,BZN|CH,Without Sequence,119.95,,
26/03/2025 15:00:00 - 26/03/2025 16:00:00,BZN|CH,Without Sequence,129.08,,
26/03/2025 16:00:00 - 26/03/2025 17:00:00,BZN|CH,Without Sequence,145.48,,
26/03/2025 17:00:00 - 26/03/2025 18:00:00,BZN|CH,Without Sequence,164.09,,
26/03/2025 18:00:00 - 26/03/2025 19:00:00,BZN|CH,Without Sequence,166.18,,
26/03/2025 19:00:00 - 26/03/2025 20:00:00,BZN|CH,Without Sequence,143.06,,
26/03/2025 20:00:00 - 26/03/2025 21:00:00,BZN|CH,Without Sequence,127.74,,
26/03/2025 21:00:00 - 26/03/2025 22:00:00,BZN|CH,Without Sequence,120.5,,
26/03/2025 22:00:00 - 26/03/2025 23:00:00,BZN|CH,Without Sequence,115.08,,
26/03/2025 23:00:00 - 27/03/2025 00:00:00,BZN|CH,Without Sequence,110.02,,
27/03/2025 00:00:00 - 27/03/2025 01:00:00,BZN|CH,Without Sequence,103.6,,
27/03/2025 01:00:00 - 27/03/2025 02:00:00,BZN|CH,Without Sequence,100.19,,
27/03/2025 02:00:00 - 27/03/2025 03:00:00,BZN|CH,Without Sequence,102.88,,
27/03/2025 03:00:00 - 27/03/2025 04:00:00,BZN|CH,Without Sequence,103.43,,
27/03/2025 04:00:00 - 27/03/2025 05:00:00,BZN|CH,Without Sequence,112.03,,
27/03/2025 05:00:00 - 27/03/2025 06:00:00,BZN|CH,Without Sequence,133.18,,
27/03/2025 06:00:00 - 27/03/2025 07:00:00,BZN|CH,Without Sequence,142.58,,
27/03/2025 07:00:00 - 27/03/2025 08:00:00,BZN|CH,Without Sequence,129.1,,
27/03/2025 08:00:00 - 27/03/2025 09:00:00,BZN|CH,Without Sequence,127.96,,
27/03/2025 09:00:00 - 27/03/2025 10:00:00,BZN|CH,Without Sequence,112.06,,
27/03/2025 10:00:00 - 27/03/2025 11:00:00,BZN|CH,Without Sequence,106.31,,
27/03/2025 11:00:00 - 27/03/2025 12:00:00,BZN|CH,Without Sequence,95.89,,
27/03/2025 12:00:00 - 27/03/2025 13:00:00,BZN|CH,Without Sequence,87.34,,
27/03/2025 13:00:00 - 27/03/2025 14:00:00,BZN|CH,Without Sequence,90.41,,
27/03/2025 14:00:00 - 27/03/2025 15:00:00,BZN|CH,Without Sequence,101.85,,
27/03/2025 15:00:00 - 27/03/2025 16:00:00,BZN|CH,Without Sequence,112.02,,
27/03/2025 16:00:00 - 27/03/2025 17:00:00,BZN|CH,Without Sequence,132.71,,
27/03/2025 17:00:00 - 27/03/2025 18:00:00,BZN|CH,Without Sequence,166.28,,
27/03/2025 18:00:00 - 27/03/2025 19:00:00,BZN|CH,Without Sequence,174.91,,
27/03/2025 19:00:00 - 27/03/2025 20:00:00,BZN|CH,Without Sequence,148.28,,
27/03/2025 20:00:00 - 27/03/2025 21:00:00,BZN|CH,Without Sequence,126.31,,
27/03/2025 21:00:00 - 27/03/2025 22:00:00,BZN|CH,Without Sequence,118.41,,
27/03/2025 22:00:00 - 27/03/2025 23:00:00,BZN|CH,Without Sequence,112.1,,
27/03/2025 23:00:00 - 28/03/2025 00:00:00,BZN|CH,Without Sequence,110.06,,
28/03/2025 00:00:00 - 28/03/2025 01:00:00,BZN|CH,Without Sequence,110.01,,
28/03/2025 01:00:00 - 28/03/2025 02:00:00,BZN|CH,Without Sequence,108.76,,
28/03/2025 02:00:00 - 28/03/2025 03:00:00,BZN|CH,Without Sequence,110.01,,
28/03/2025 03:00:00 - 28/03/2025 04:00:00,BZN|CH,Without Sequence,110.01,,
28/03/2025 04:00:00 - 28/03/2025 05:00:00,BZN|CH,Without Sequence,114.02,,
28/03/2025 05:00:00 - 28/03/2025 06:00:00,BZN|CH,Without Sequence,127.29,,
28/03/2025 06:00:00 - 28/03/2025 07:00:00,BZN|CH,Without Sequence,136.23,,
28/03/2025 07:00:00 - 28/03/2025 08:00:00,BZN|CH,Without Sequence,134.66,,
28/03/2025 08:00:00 - 28/03/2025 09:00:00,BZN|CH,Without Sequence,124.8,,
28/03/2025 09:00:00 - 28/03/2025 10:00:00,BZN|CH,Without Sequence,106.02,,
28/03/2025 10:00:00 - 28/03/2025 11:00:00,BZN|CH,Without Sequence,99.39,,
28/03/2025 11:00:00 - 28/03/2025 12:00:00,BZN|CH,Without Sequence,69.57,,
28/03/2025 12:00:00 - 28/03/2025 13:00:00,BZN|CH,Without Sequence,54.12,,
28/03/2025 13:00:00 - 28/03/2025 14:00:00,BZN|CH,Without Sequence,74.99,,
28/03/2025 14:00:00 - 28/03/2025 15:00:00,BZN|CH,Without Sequence,99.54,,
28/03/2025 15:00:00 - 28/03/2025 16:00:00,BZN|CH,Without Sequence,116.7,,
28/03/2025 16:00:00 - 28/03/2025 17:00:00,BZN|CH,Without Sequence,137.57,,
28/03/2025 17:00:00 - 28/03/2025 18:00:00,BZN|CH,Without Sequence,162.13,,
28/03/2025 18:00:00 - 28/03/2025 19:00:00,BZN|CH,Without Sequence,165.09,,
28/03/2025 19:00:00 - 28/03/2025 20:00:00,BZN|CH,Without Sequence,144.22,,
28/03/2025 20:00:00 - 28/03/2025 21:00:00,BZN|CH,Without Sequence,131.18,,
28/03/2025 21:00:00 - 28/03/2025 22:00:00,BZN|CH,Without Sequence,127.8,,
28/03/2025 22:00:00 - 28/03/2025 23:00:00,BZN|CH,Without Sequence,110.04,,
28/03/2025 23:00:00 - 29/03/2025 00:00:00,BZN|CH,Without Sequence,110.07,,
29/03/2025 00:00:00 - 29/03/2025 01:00:00,BZN|CH,Without Sequence,107.91,,
29/03/2025 01:00:00 - 29/03/2025 02:00:00,BZN|CH,Without Sequence,107.05,,
29/03/2025 02:00:00 - 29/03/2025 03:00:00,BZN|CH,Without Sequence,105.95,,
29/03/2025 03:00:00 - 29/03/2025 04:00:00,BZN|CH,Without Sequence,108.87,,
29/03/2025 04:00:00 - 29/03/2025 05:00:00,BZN|CH,Without Sequence,110.03,,
29/03/2025 05:00:00 - 29/03/2025 06:00:00,BZN|CH,Without Sequence,110.87,,
29/03/2025 06:00:00 - 29/03/2025 07:00:00,BZN|CH,Without Sequence,116.62,,
29/03/2025 07:00:00 - 29/03/2025 08:00:00,BZN|CH,Without Sequence,117.51,,
29/03/2025 08:00:00 - 29/03/2025 09:00:00,BZN|CH,Without Sequence,112.51,,
29/03/2025 09:00:00 - 29/03/2025 10:00:00,BZN|CH,Without Sequence,111.25,,
29/03/2025 10:00:00 - 29/03/2025 11:00:00,BZN|CH,Without Sequence,112.71,,
29/03/2025 11:00:00 - 29/03/2025 12:00:00,BZN|CH,Without Sequence,110.04,,
29/03/2025 12:00:00 - 29/03/2025 13:00:00,BZN|CH,Without Sequence,110.03,,
29/03/2025 13:00:00 - 29/03/2025 14:00:00,BZN|CH,Without Sequence,110.05,,
29/03/2025 14:00:00 - 29/03/2025 15:00:00,BZN|CH,Without Sequence,112.1,,
29/03/2025 15:00:00 - 29/03/2025 16:00:00,BZN|CH,Without Sequence,121.91,,
29/03/2025 16:00:00 - 29/03/2025 17:00:00,BZN|CH,Without Sequence,130.42,,
29/03/2025 17:00:00 - 29/03/2025 18:00:00,BZN|CH,Without Sequence,140.01,,
29/03/2025 18:00:00 - 29/03/2025 19:00:00,BZN|CH,Without Sequence,143.87,,
29/03/2025 19:00:00 - 29/03/2025 20:00:00,BZN|CH,Without Sequence,131.1,,
29/03/2025 20:00:00 - 29/03/2025 21:00:00,BZN|CH,Without Sequence,127.52,,
29/03/2025 21:00:00 - 29/03/2025 22:00:00,BZN|CH,Without Sequence,124.7,,
29/03/2025 22:00:00 - 29/03/2025 23:00:00,BZN|CH,Without Sequence,117.96,,
29/03/2025 23:00:00 - 30/03/2025 00:00:00,BZN|CH,Without Sequence,111.5,,
30/03/2025 00:00:00 - 30/03/2025 01:00:00,BZN|CH,Without Sequence,110.04,,
30/03/2025 01:00:00 - 30/03/2025 02:00:00,BZN|CH,Without Sequence,105.14,,
30/03/2025 02:00:00 - 30/03/2025 03:00:00,BZN|CH,Without Sequence,105.1,,
30/03/2025 03:00:00 - 30/03/2025 04:00:00,BZN|CH,Without Sequence,104.63,,
30/03/2025 04:00:00 - 30/03/2025 05:00:00,BZN|CH,Without Sequence,107.22,,
30/03/2025 05:00:00 - 30/03/2025 06:00:00,BZN|CH,Without Sequence,105.1,,
30/03/2025 06:00:00 - 30/03/2025 07:00:00,BZN|CH,Without Sequence,106.44,,
30/03/2025 07:00:00 - 30/03/2025 08:00:00,BZN|CH,Without Sequence,101.15,,
30/03/2025 08:00:00 - 30/03/2025 09:00:00,BZN|CH,Without Sequence,17.08,,
30/03/2025 09:00:00 - 30/03/2025 10:00:00,BZN|CH,Without Sequence,-0.81,,
30/03/2025 10:00:00 - 30/03/2025 11:00:00,BZN|CH,Without Sequence,-5,,
30/03/2025 11:00:00 - 30/03/2025 12:00:00,BZN|CH,Without Sequence,-29.73,,
30/03/2025 12:00:00 - 30/03/2025 13:00:00,BZN|CH,Without Sequence,-32.86,,
30/03/2025 13:00:00 - 30/03/2025 14:00:00,BZN|CH,Without Sequence,-21.97,,
30/03/2025 14:00:00 - 30/03/2025 15:00:00,BZN|CH,Without Sequence,-2,,
30/03/2025 15:00:00 - 30/03/2025 16:00:00,BZN|CH,Without Sequence,65.01,,
30/03/2025 16:00:00 - 30/03/2025 17:00:00,BZN|CH,Without Sequence,110.08,,
30/03/2025 17:00:00 - 30/03/2025 18:00:00,BZN|CH,Without Sequence,127.94,,
30/03/2025 18:00:00 - 30/03/2025 19:00:00,BZN|CH,Without Sequence,129.18,,
30/03/2025 19:00:00 - 30/03/2025 20:00:00,BZN|CH,Without Sequence,123.49,,
30/03/2025 20:00:00 - 30/03/2025 21:00:00,BZN|CH,Without Sequence,121.43,,
30/03/2025 21:00:00 - 30/03/2025 22:00:00,BZN|CH,Without Sequence,110.08,,
30/03/2025 22:00:00 - 30/03/2025 23:00:00,BZN|CH,Without Sequence,102.47,,
30/03/2025 23:00:00 - 31/03/2025 00:00:00,BZN|CH,Without Sequence,100.85,,
31/03/2025 00:00:00 - 31/03/2025 01:00:00,BZN|CH,Without Sequence,100.27,,
31/03/2025 01:00:00 - 31/03/2025 02:00:00,BZN|CH,Without Sequence,100.04,,
31/03/2025 02:00:00 - 31/03/2025 03:00:00,BZN|CH,Without Sequence,101.58,,
31/03/2025 03:00:00 - 31/03/2025 04:00:00,BZN|CH,Without Sequence,106.29,,
31/03/2025 04:00:00 - 31/03/2025 05:00:00,BZN|CH,Without Sequence,123.3,,
31/03/2025 05:00:00 - 31/03/2025 06:00:00,BZN|CH,Without Sequence,137.95,,
31/03/2025 06:00:00 - 31/03/2025 07:00:00,BZN|CH,Without Sequence,141.98,,
31/03/2025 07:00:00 - 31/03/2025 08:00:00,BZN|CH,Without Sequence,128.98,,
31/03/2025 08:00:00 - 31/03/2025 09:00:00,BZN|CH,Without Sequence,120.07,,
31/03/2025 09:00:00 - 31/03/2025 10:00:00,BZN|CH,Without Sequence,106.87,,
31/03/2025 10:00:00 - 31/03/2025 11:00:00,BZN|CH,Without Sequence,98.47,,
31/03/2025 11:00:00 - 31/03/2025 12:00:00,BZN|CH,Without Sequence,98.21,,
31/03/2025 12:00:00 - 31/03/2025 13:00:00,BZN|CH,Without Sequence,97.7,,
31/03/2025 13:00:00 - 31/03/2025 14:00:00,BZN|CH,Without Sequence,99.48,,
31/03/2025 14:00:00 - 31/03/2025 15:00:00,BZN|CH,Without Sequence,113.48,,
31/03/2025 15:00:00 - 31/03/2025 16:00:00,BZN|CH,Without Sequence,113.61,,
31/03/2025 16:00:00 - 31/03/2025 17:00:00,BZN|CH,Without Sequence,138.17,,
31/03/2025 17:00:00 - 31/03/2025 18:00:00,BZN|CH,Without Sequence,157.12,,
31/03/2025 18:00:00 - 31/03/2025 19:00:00,BZN|CH,Without Sequence,146.45,,
31/03/2025 19:00:00 - 31/03/2025 20:00:00,BZN|CH,Without Sequence,127.54,,
31/03/2025 20:00:00 - 31/03/2025 21:00:00,BZN|CH,Without Sequence,118.12,,
31/03/2025 21:00:00 - 31/03/2025 22:00:00,BZN|CH,Without Sequence,111.31,,
31/03/2025 22:00:00 - 31/03/2025 23:00:00,BZN|CH,Without Sequence,109.59,,
31/03/2025 23:00:00 - 01/04/2025 00:00:00,BZN|CH,Without Sequence,103.52,,
01/04/2025 00:00:00 - 01/04/2025 01:00:00,BZN|CH,Without Sequence,100.23,,
01/04/2025 01:00:00 - 01/04/2025 02:00:00,BZN|CH,Without Sequence,100.74,,
01/04/2025 02:00:00 - 01/04/2025 03:00:00,BZN|CH,Without Sequence,103.28,,
01/04/2025 03:00:00 - 01/04/2025 04:00:00,BZN|CH,Without Sequence,111.98,,
01/04/2025 04:00:00 - 01/04/2025 05:00:00,BZN|CH,Without Sequence,136.1,,
01/04/2025 05:00:00 - 01/04/2025 06:00:00,BZN|CH,Without Sequence,173.02,,
01/04/2025 06:00:00 - 01/04/2025 07:00:00,BZN|CH,Without Sequence,159.16,,
01/04/2025 07:00:00 - 01/04/2025 08:00:00,BZN|CH,Without Sequence,130.65,,
01/04/2025 08:00:00 - 01/04/2025 09:00:00,BZN|CH,Without Sequence,105.35,,
01/04/2025 09:00:00 - 01/04/2025 10:00:00,BZN|CH,Without Sequence,87.81,,
01/04/2025 10:00:00 - 01/04/2025 11:00:00,BZN|CH,Without Sequence,89.15,,
01/04/2025 11:00:00 - 01/04/2025 12:00:00,BZN|CH,Without Sequence,90.83,,
01/04/2025 12:00:00 - 01/04/2025 13:00:00,BZN|CH,Without Sequence,92.19,,
01/04/2025 13:00:00 - 01/04/2025 14:00:00,BZN|CH,Without Sequence,98.2,,
01/04/2025 14:00:00 - 01/04/2025 15:00:00,BZN|CH,Without Sequence,105.67,,
01/04/2025 15:00:00 - 01/04/2025 16:00:00,BZN|CH,Without Sequence,117.9,,
01/04/2025 16:00:00 - 01/04/2025 17:00:00,BZN|CH,Without Sequence,130.61,,
01/04/2025 17:00:00 - 01/04/2025 18:00:00,BZN|CH,Without Sequence,150.25,,
01/04/2025 18:00:00 - 01/04/2025 19:00:00,BZN|CH,Without Sequence,137.08,,
01/04/2025 19:00:00 - 01/04/2025 20:00:00,BZN|CH,Without Sequence,130.05,,
01/04/2025 20:00:00 - 01/04/2025 21:00:00,BZN|CH,Without Sequence,126.01,,
01/04/2025 21:00:00 - 01/04/2025 22:00:00,BZN|CH,Without Sequence,116.99,,
01/04/2025 22:00:00 - 01/04/2025 23:00:00,BZN|CH,Without Sequence,108.59,,
01/04/2025 23:00:00 - 02/04/2025 00:00:00,BZN|CH,Without Sequence,104.35,,
02/04/2025 00:00:00 - 02/04/2025 01:00:00,BZN|CH,Without Sequence,104.11,,
02/04/2025 01:00:00 - 02/04/2025 02:00:00,BZN|CH,Without Sequence,104.46,,
02/04/2025 02:00:00 - 02/04/2025 03:00:00,BZN|CH,Without Sequence,103.96,,
02/04/2025 03:00:00 - 02/04/2025 04:00:00,BZN|CH,Without Sequence,108.51,,
02/04/2025 04:00:00 - 02/04/2025 05:00:00,BZN|CH,Without Sequence,126.57,,
02/04/2025 05:00:00 - 02/04/2025 06:00:00,BZN|CH,Without Sequence,146.1,,
02/04/2025 06:00:00 - 02/04/2025 07:00:00,BZN|CH,Without Sequence,135.79,,
02/04/2025 07:00:00 - 02/04/2025 08:00:00,BZN|CH,Without Sequence,121.59,,
02/04/2025 08:00:00 - 02/04/2025 09:00:00,BZN|CH,Without Sequence,104.87,,
02/04/2025 09:00:00 - 02/04/2025 10:00:00,BZN|CH,Without Sequence,104.22,,
02/04/2025 10:00:00 - 02/04/2025 11:00:00,BZN|CH,Without Sequence,94.48,,
02/04/2025 11:00:00 - 02/04/2025 12:00:00,BZN|CH,Without Sequence,93.73,,
02/04/2025 12:00:00 - 02/04/2025 13:00:00,BZN|CH,Without Sequence,95.71,,
02/04/2025 13:00:00 - 02/04/2025 14:00:00,BZN|CH,Without Sequence,104.24,,
02/04/2025 14:00:00 - 02/04/2025 15:00:00,BZN|CH,Without Sequence,104.78,,
02/04/2025 15:00:00 - 02/04/2025 16:00:00,BZN|CH,Without Sequence,116.5,,
02/04/2025 16:00:00 - 02/04/2025 17:00:00,BZN|CH,Without Sequence,129.74,,
02/04/2025 17:00:00 - 02/04/2025 18:00:00,BZN|CH,Without Sequence,147.08,,
02/04/2025 18:00:00 - 02/04/2025 19:00:00,BZN|CH,Without Sequence,136.47,,
02/04/2025 19:00:00 - 02/04/2025 20:00:00,BZN|CH,Without Sequence,127.09,,
02/04/2025 20:00:00 - 02/04/2025 21:00:00,BZN|CH,Without Sequence,121.5,,
02/04/2025 21:00:00 - 02/04/2025 22:00:00,BZN|CH,Without Sequence,118.3,,
02/04/2025 22:00:00 - 02/04/2025 23:00:00,BZN|CH,Without Sequence,119.47,,
02/04/2025 23:00:00 - 03/04/2025 00:00:00,BZN|CH,Without Sequence,111.79,,
03/04/2025 00:00:00 - 03/04/2025 01:00:00,BZN|CH,Without Sequence,109.8,,
03/04/2025 01:00:00 - 03/04/2025 02:00:00,BZN|CH,Without Sequence,108.54,,
03/04/2025 02:00:00 - 03/04/2025 03:00:00,BZN|CH,Without Sequence,105.91,,
03/04/2025 03:00:00 - 03/04/2025 04:00:00,BZN|CH,Without Sequence,112.91,,
03/04/2025 04:00:00 - 03/04/2025 05:00:00,BZN|CH,Without Sequence,130.21,,
03/04/2025 05:00:00 - 03/04/2025 06:00:00,BZN|CH,Without Sequence,156.77,,
03/04/2025 06:00:00 - 03/04/2025 07:00:00,BZN|CH,Without Sequence,137.79,,
03/04/2025 07:00:00 - 03/04/2025 08:00:00,BZN|CH,Without Sequence,130.02,,
03/04/2025 08:00:00 - 03/04/2025 09:00:00,BZN|CH,Without Sequence,103.9,,
03/04/2025 09:00:00 - 03/04/2025 10:00:00,BZN|CH,Without Sequence,50.68,,
03/04/2025 10:00:00 - 03/04/2025 11:00:00,BZN|CH,Without Sequence,53.77,,
03/04/2025 11:00:00 - 03/04/2025 12:00:00,BZN|CH,Without Sequence,26.11,,
03/04/2025 12:00:00 - 03/04/2025 13:00:00,BZN|CH,Without Sequence,27.74,,
03/04/2025 13:00:00 - 03/04/2025 14:00:00,BZN|CH,Without Sequence,21.97,,
03/04/2025 14:00:00 - 03/04/2025 15:00:00,BZN|CH,Without Sequence,87.06,,
03/04/2025 15:00:00 - 03/04/2025 16:00:00,BZN|CH,Without Sequence,111.54,,
03/04/2025 16:00:00 - 03/04/2025 17:00:00,BZN|CH,Without Sequence,137.01,,
03/04/2025 17:00:00 - 03/04/2025 18:00:00,BZN|CH,Without Sequence,173.14,,
03/04/2025 18:00:00 - 03/04/2025 19:00:00,BZN|CH,Without Sequence,163.71,,
03/04/2025 19:00:00 - 03/04/2025 20:00:00,BZN|CH,Without Sequence,135.67,,
03/04/2025 20:00:00 - 03/04/2025 21:00:00,BZN|CH,Without Sequence,130.08,,
03/04/2025 21:00:00 - 03/04/2025 22:00:00,BZN|CH,Without Sequence,110.8,,
03/04/2025 22:00:00 - 03/04/2025 23:00:00,BZN|CH,Without Sequence,114.22,,
03/04/2025 23:00:00 - 04/04/2025 00:00:00,BZN|CH,Without Sequence,109.19,,
04/04/2025 00:00:00 - 04/04/2025 01:00:00,BZN|CH,Without Sequence,105.43,,
04/04/2025 01:00:00 - 04/04/2025 02:00:00,BZN|CH,Without Sequence,102.1,,
04/04/2025 02:00:00 - 04/04/2025 03:00:00,BZN|CH,Without Sequence,105.19,,
04/04/2025 03:00:00 - 04/04/2025 04:00:00,BZN|CH,Without Sequence,116.62,,
04/04/2025 04:00:00 - 04/04/2025 05:00:00,BZN|CH,Without Sequence,154.5,,
04/04/2025 05:00:00 - 04/04/2025 06:00:00,BZN|CH,Without Sequence,180.85,,
04/04/2025 06:00:00 - 04/04/2025 07:00:00,BZN|CH,Without Sequence,153.78,,
04/04/2025 07:00:00 - 04/04/2025 08:00:00,BZN|CH,Without Sequence,103.51,,
04/04/2025 08:00:00 - 04/04/2025 09:00:00,BZN|CH,Without Sequence,91.28,,
04/04/2025 09:00:00 - 04/04/2025 10:00:00,BZN|CH,Without Sequence,59.24,,
04/04/2025 10:00:00 - 04/04/2025 11:00:00,BZN|CH,Without Sequence,-0.92,,
04/04/2025 11:00:00 - 04/04/2025 12:00:00,BZN|CH,Without Sequence,-3.54,,
04/04/2025 12:00:00 - 04/04/2025 13:00:00,BZN|CH,Without Sequence,-2.52,,
04/04/2025 13:00:00 - 04/04/2025 14:00:00,BZN|CH,Without Sequence,5.95,,
04/04/2025 14:00:00 - 04/04/2025 15:00:00,BZN|CH,Without Sequence,53.86,,
04/04/2025 15:00:00 - 04/04/2025 16:00:00,BZN|CH,Without Sequence,100.99,,
04/04/2025 16:00:00 - 04/04/2025 17:00:00,BZN|CH,Without Sequence,133.66,,
04/04/2025 17:00:00 - 04/04/2025 18:00:00,BZN|CH,Without Sequence,164.92,,
04/04/2025 18:00:00 - 04/04/2025 19:00:00,BZN|CH,Without Sequence,143.7,,
04/04/2025 19:00:00 - 04/04/2025 20:00:00,BZN|CH,Without Sequence,129.69,,
04/04/2025 20:00:00 - 04/04/2025 21:00:00,BZN|CH,Without Sequence,126.3,,
04/04/2025 21:00:00 - 04/04/2025 22:00:00,BZN|CH,Without Sequence,112.18,,
04/04/2025 22:00:00 - 04/04/2025 23:00:00,BZN|CH,Without Sequence,103.79,,
04/04/2025 23:00:00 - 05/04/2025 00:00:00,BZN|CH,Without Sequence,103.04,,
05/04/2025 00:00:00 - 05/04/2025 01:00:00,BZN|CH,Without Sequence,102.88,,
05/04/2025 01:00:00 - 05/04/2025 02:00:00,BZN|CH,Without Sequence,102.09,,
05/04/2025 02:00:00 - 05/04/2025 03:00:00,BZN|CH,Without Sequence,101.46,,
05/04/2025 03:00:00 - 05/04/2025 04:00:00,BZN|CH,Without Sequence,101.35,,
05/04/2025 04:00:00 - 05/04/2025 05:00:00,BZN|CH,Without Sequence,101.54,,
05/04/2025 05:00:00 - 05/04/2025 06:00:00,BZN|CH,Without Sequence,95.9,,
05/04/2025 06:00:00 - 05/04/2025 07:00:00,BZN|CH,Without Sequence,82.84,,
05/04/2025 07:00:00 - 05/04/2025 08:00:00,BZN|CH,Without Sequence,60.05,,
05/04/2025 08:00:00 - 05/04/2025 09:00:00,BZN|CH,Without Sequence,-1,,
05/04/2025 09:00:00 - 05/04/2025 10:00:00,BZN|CH,Without Sequence,-6.5,,
05/04/2025 10:00:00 - 05/04/2025 11:00:00,BZN|CH,Without Sequence,-29.4,,
05/04/2025 11:00:00 - 05/04/2025 12:00:00,BZN|CH,Without Sequence,-59.98,,
05/04/2025 12:00:00 - 05/04/2025 13:00:00,BZN|CH,Without Sequence,-59.96,,
05/04/2025 13:00:00 - 05/04/2025 14:00:00,BZN|CH,Without Sequence,-33.18,,
05/04/2025 14:00:00 - 05/04/2025 15:00:00,BZN|CH,Without Sequence,-5.77,,
05/04/2025 15:00:00 - 05/04/2025 16:00:00,BZN|CH,Without Sequence,12.03,,
05/04/2025 16:00:00 - 05/04/2025 17:00:00,BZN|CH,Without Sequence,103.69,,
05/04/2025 17:00:00 - 05/04/2025 18:00:00,BZN|CH,Without Sequence,110.25,,
05/04/2025 18:00:00 - 05/04/2025 19:00:00,BZN|CH,Without Sequence,119.47,,
05/04/2025 19:00:00 - 05/04/2025 20:00:00,BZN|CH,Without Sequence,116.8,,
05/04/2025 20:00:00 - 05/04/2025 21:00:00,BZN|CH,Without Sequence,111.77,,
05/04/2025 21:00:00 - 05/04/2025 22:00:00,BZN|CH,Without Sequence,107.35,,
05/04/2025 22:00:00 - 05/04/2025 23:00:00,BZN|CH,Without Sequence,102.8,,
05/04/2025 23:00:00 - 06/04/2025 00:00:00,BZN|CH,Without Sequence,98.5,,
06/04/2025 00:00:00 - 06/04/2025 01:00:00,BZN|CH,Without Sequence,95.16,,
06/04/2025 01:00:00 - 06/04/2025 02:00:00,BZN|CH,Without Sequence,92.54,,
06/04/2025 02:00:00 - 06/04/2025 03:00:00,BZN|CH,Without Sequence,89.72,,
06/04/2025 03:00:00 - 06/04/2025 04:00:00,BZN|CH,Without Sequence,93.11,,
06/04/2025 04:00:00 - 06/04/2025 05:00:00,BZN|CH,Without Sequence,94.15,,
06/04/2025 05:00:00 - 06/04/2025 06:00:00,BZN|CH,Without Sequence,66.34,,
06/04/2025 06:00:00 - 06/04/2025 07:00:00,BZN|CH,Without Sequence,19.97,,
06/04/2025 07:00:00 - 06/04/2025 08:00:00,BZN|CH,Without Sequence,-2.99,,
06/04/2025 08:00:00 - 06/04/2025 09:00:00,BZN|CH,Without Sequence,-8.85,,
06/04/2025 09:00:00 - 06/04/2025 10:00:00,BZN|CH,Without Sequence,-27.21,,
06/04/2025 10:00:00 - 06/04/2025 11:00:00,BZN|CH,Without Sequence,-50.91,,
06/04/2025 11:00:00 - 06/04/2025 12:00:00,BZN|CH,Without Sequence,-80.77,,
06/04/2025 12:00:00 - 06/04/2025 13:00:00,BZN|CH,Without Sequence,-94.65,,
06/04/2025 13:00:00 - 06/04/2025 14:00:00,BZN|CH,Without Sequence,-54.71,,
06/04/2025 14:00:00 - 06/04/2025 15:00:00,BZN|CH,Without Sequence,-12.24,,
06/04/2025 15:00:00 - 06/04/2025 16:00:00,BZN|CH,Without Sequence,9.83,,
06/04/2025 16:00:00 - 06/04/2025 17:00:00,BZN|CH,Without Sequence,98.01,,
06/04/2025 17:00:00 - 06/04/2025 18:00:00,BZN|CH,Without Sequence,130.75,,
06/04/2025 18:00:00 - 06/04/2025 19:00:00,BZN|CH,Without Sequence,134.51,,
06/04/2025 19:00:00 - 06/04/2025 20:00:00,BZN|CH,Without Sequence,125.74,,
06/04/2025 20:00:00 - 06/04/2025 21:00:00,BZN|CH,Without Sequence,117.1,,
06/04/2025 21:00:00 - 06/04/2025 22:00:00,BZN|CH,Without Sequence,110.04,,
06/04/2025 22:00:00 - 06/04/2025 23:00:00,BZN|CH,Without Sequence,92.7,,
06/04/2025 23:00:00 - 07/04/2025 00:00:00,BZN|CH,Without Sequence,89.68,,
07/04/2025 00:00:00 - 07/04/2025 01:00:00,BZN|CH,Without Sequence,88.06,,
07/04/2025 01:00:00 - 07/04/2025 02:00:00,BZN|CH,Without Sequence,89.75,,
07/04/2025 02:00:00 - 07/04/2025 03:00:00,BZN|CH,Without Sequence,92.8,,
07/04/2025 03:00:00 - 07/04/2025 04:00:00,BZN|CH,Without Sequence,102.34,,
07/04/2025 04:00:00 - 07/04/2025 05:00:00,BZN|CH,Without Sequence,132.91,,
07/04/2025 05:00:00 - 07/04/2025 06:00:00,BZN|CH,Without Sequence,165.18,,
07/04/2025 06:00:00 - 07/04/2025 07:00:00,BZN|CH,Without Sequence,139.46,,
07/04/2025 07:00:00 - 07/04/2025 08:00:00,BZN|CH,Without Sequence,104.14,,
07/04/2025 08:00:00 - 07/04/2025 09:00:00,BZN|CH,Without Sequence,93.1,,
07/04/2025 09:00:00 - 07/04/2025 10:00:00,BZN|CH,Without Sequence,45.05,,
07/04/2025 10:00:00 - 07/04/2025 11:00:00,BZN|CH,Without Sequence,3.9,,
07/04/2025 11:00:00 - 07/04/2025 12:00:00,BZN|CH,Without Sequence,-1.99,,
07/04/2025 12:00:00 - 07/04/2025 13:00:00,BZN|CH,Without Sequence,-3.76,,
07/04/2025 13:00:00 - 07/04/2025 14:00:00,BZN|CH,Without Sequence,22.87,,
07/04/2025 14:00:00 - 07/04/2025 15:00:00,BZN|CH,Without Sequence,68.49,,
07/04/2025 15:00:00 - 07/04/2025 16:00:00,BZN|CH,Without Sequence,103.93,,
07/04/2025 16:00:00 - 07/04/2025 17:00:00,BZN|CH,Without Sequence,132.27,,
07/04/2025 17:00:00 - 07/04/2025 18:00:00,BZN|CH,Without Sequence,175.62,,
07/04/2025 18:00:00 - 07/04/2025 19:00:00,BZN|CH,Without Sequence,169.24,,
07/04/2025 19:00:00 - 07/04/2025 20:00:00,BZN|CH,Without Sequence,137.54,,
07/04/2025 20:00:00 - 07/04/2025 21:00:00,BZN|CH,Without Sequence,120.64,,
07/04/2025 21:00:00 - 07/04/2025 22:00:00,BZN|CH,Without Sequence,110.27,,
07/04/2025 22:00:00 - 07/04/2025 23:00:00,BZN|CH,Without Sequence,99.52,,
07/04/2025 23:00:00 - 08/04/2025 00:00:00,BZN|CH,Without Sequence,95.22,,
08/04/2025 00:00:00 - 08/04/2025 01:00:00,BZN|CH,Without Sequence,95.05,,
08/04/2025 01:00:00 - 08/04/2025 02:00:00,BZN|CH,Without Sequence,95.79,,
08/04/2025 02:00:00 - 08/04/2025 03:00:00,BZN|CH,Without Sequence,95.05,,
08/04/2025 03:00:00 - 08/04/2025 04:00:00,BZN|CH,Without Sequence,105.74,,
08/04/2025 04:00:00 - 08/04/2025 05:00:00,BZN|CH,Without Sequence,139.24,,
08/04/2025 05:00:00 - 08/04/2025 06:00:00,BZN|CH,Without Sequence,184.03,,
08/04/2025 06:00:00 - 08/04/2025 07:00:00,BZN|CH,Without Sequence,145.75,,
08/04/2025 07:00:00 - 08/04/2025 08:00:00,BZN|CH,Without Sequence,112.58,,
08/04/2025 08:00:00 - 08/04/2025 09:00:00,BZN|CH,Without Sequence,88.01,,
08/04/2025 09:00:00 - 08/04/2025 10:00:00,BZN|CH,Without Sequence,73.65,,
08/04/2025 10:00:00 - 08/04/2025 11:00:00,BZN|CH,Without Sequence,58.72,,
08/04/2025 11:00:00 - 08/04/2025 12:00:00,BZN|CH,Without Sequence,49.96,,
08/04/2025 12:00:00 - 08/04/2025 13:00:00,BZN|CH,Without Sequence,61.86,,
08/04/2025 13:00:00 - 08/04/2025 14:00:00,BZN|CH,Without Sequence,77.26,,
08/04/2025 14:00:00 - 08/04/2025 15:00:00,BZN|CH,Without Sequence,91.13,,
08/04/2025 15:00:00 - 08/04/2025 16:00:00,BZN|CH,Without Sequence,108.38,,
08/04/2025 16:00:00 - 08/04/2025 17:00:00,BZN|CH,Without Sequence,131.07,,
08/04/2025 17:00:00 - 08/04/2025 18:00:00,BZN|CH,Without Sequence,173.1,,
08/04/2025 18:00:00 - 08/04/2025 19:00:00,BZN|CH,Without Sequence,169.71,,
08/04/2025 19:00:00 - 08/04/2025 20:00:00,BZN|CH,Without Sequence,135.29,,
08/04/2025 20:00:00 - 08/04/2025 21:00:00,BZN|CH,Without Sequence,117.49,,
08/04/2025 21:00:00 - 08/04/2025 22:00:00,BZN|CH,Without Sequence,111.32,,
08/04/2025 22:00:00 - 08/04/2025 23:00:00,BZN|CH,Without Sequence,100.77,,
08/04/2025 23:00:00 - 09/04/2025 00:00:00,BZN|CH,Without Sequence,96.77,,
09/04/2025 00:00:00 - 09/04/2025 01:00:00,BZN|CH,Without Sequence,95.47,,
09/04/2025 01:00:00 - 09/04/2025 02:00:00,BZN|CH,Without Sequence,95.2,,
09/04/2025 02:00:00 - 09/04/2025 03:00:00,BZN|CH,Without Sequence,97.27,,
09/04/2025 03:00:00 - 09/04/2025 04:00:00,BZN|CH,Without Sequence,109,,
09/04/2025 04:00:00 - 09/04/2025 05:00:00,BZN|CH,Without Sequence,139.11,,
09/04/2025 05:00:00 - 09/04/2025 06:00:00,BZN|CH,Without Sequence,172.36,,
09/04/2025 06:00:00 - 09/04/2025 07:00:00,BZN|CH,Without Sequence,137.95,,
09/04/2025 07:00:00 - 09/04/2025 08:00:00,BZN|CH,Without Sequence,97.53,,
09/04/2025 08:00:00 - 09/04/2025 09:00:00,BZN|CH,Without Sequence,81.66,,
09/04/2025 09:00:00 - 09/04/2025 10:00:00,BZN|CH,Without Sequence,66.62,,
09/04/2025 10:00:00 - 09/04/2025 11:00:00,BZN|CH,Without Sequence,41.4,,
09/04/2025 11:00:00 - 09/04/2025 12:00:00,BZN|CH,Without Sequence,36.95,,
09/04/2025 12:00:00 - 09/04/2025 13:00:00,BZN|CH,Without Sequence,61.86,,
09/04/2025 13:00:00 - 09/04/2025 14:00:00,BZN|CH,Without Sequence,84.94,,
09/04/2025 14:00:00 - 09/04/2025 15:00:00,BZN|CH,Without Sequence,97.97,,
09/04/2025 15:00:00 - 09/04/2025 16:00:00,BZN|CH,Without Sequence,107.34,,
09/04/2025 16:00:00 - 09/04/2025 17:00:00,BZN|CH,Without Sequence,122.59,,
09/04/2025 17:00:00 - 09/04/2025 18:00:00,BZN|CH,Without Sequence,135.18,,
09/04/2025 18:00:00 - 09/04/2025 19:00:00,BZN|CH,Without Sequence,141.45,,
09/04/2025 19:00:00 - 09/04/2025 20:00:00,BZN|CH,Without Sequence,124.48,,
09/04/2025 20:00:00 - 09/04/2025 21:00:00,BZN|CH,Without Sequence,117.77,,
09/04/2025 21:00:00 - 09/04/2025 22:00:00,BZN|CH,Without Sequence,107.15,,
09/04/2025 22:00:00 - 09/04/2025 23:00:00,BZN|CH,Without Sequence,102.9,,
09/04/2025 23:00:00 - 10/04/2025 00:00:00,BZN|CH,Without Sequence,96.47,,
10/04/2025 00:00:00 - 10/04/2025 01:00:00,BZN|CH,Without Sequence,93.99,,
10/04/2025 01:00:00 - 10/04/2025 02:00:00,BZN|CH,Without Sequence,93.77,,
10/04/2025 02:00:00 - 10/04/2025 03:00:00,BZN|CH,Without Sequence,94.8,,
10/04/2025 03:00:00 - 10/04/2025 04:00:00,BZN|CH,Without Sequence,101.37,,
10/04/2025 04:00:00 - 10/04/2025 05:00:00,BZN|CH,Without Sequence,129.98,,
10/04/2025 05:00:00 - 10/04/2025 06:00:00,BZN|CH,Without Sequence,163.79,,
10/04/2025 06:00:00 - 10/04/2025 07:00:00,BZN|CH,Without Sequence,126.59,,
10/04/2025 07:00:00 - 10/04/2025 08:00:00,BZN|CH,Without Sequence,100.81,,
10/04/2025 08:00:00 - 10/04/2025 09:00:00,BZN|CH,Without Sequence,83.37,,
10/04/2025 09:00:00 - 10/04/2025 10:00:00,BZN|CH,Without Sequence,66.43,,
10/04/2025 10:00:00 - 10/04/2025 11:00:00,BZN|CH,Without Sequence,13.07,,
10/04/2025 11:00:00 - 10/04/2025 12:00:00,BZN|CH,Without Sequence,0.09,,
10/04/2025 12:00:00 - 10/04/2025 13:00:00,BZN|CH,Without Sequence,0.24,,
10/04/2025 13:00:00 - 10/04/2025 14:00:00,BZN|CH,Without Sequence,2.6,,
10/04/2025 14:00:00 - 10/04/2025 15:00:00,BZN|CH,Without Sequence,65.01,,
10/04/2025 15:00:00 - 10/04/2025 16:00:00,BZN|CH,Without Sequence,81.76,,
10/04/2025 16:00:00 - 10/04/2025 17:00:00,BZN|CH,Without Sequence,107.04,,
10/04/2025 17:00:00 - 10/04/2025 18:00:00,BZN|CH,Without Sequence,128.25,,
10/04/2025 18:00:00 - 10/04/2025 19:00:00,BZN|CH,Without Sequence,129.93,,
10/04/2025 19:00:00 - 10/04/2025 20:00:00,BZN|CH,Without Sequence,108,,
10/04/2025 20:00:00 - 10/04/2025 21:00:00,BZN|CH,Without Sequence,102.89,,
10/04/2025 21:00:00 - 10/04/2025 22:00:00,BZN|CH,Without Sequence,93.81,,
10/04/2025 22:00:00 - 10/04/2025 23:00:00,BZN|CH,Without Sequence,83.8,,
10/04/2025 23:00:00 - 11/04/2025 00:00:00,BZN|CH,Without Sequence,92.59,,
11/04/2025 00:00:00 - 11/04/2025 01:00:00,BZN|CH,Without Sequence,90.19,,
11/04/2025 01:00:00 - 11/04/2025 02:00:00,BZN|CH,Without Sequence,94.68,,
11/04/2025 02:00:00 - 11/04/2025 03:00:00,BZN|CH,Without Sequence,95.03,,
11/04/2025 03:00:00 - 11/04/2025 04:00:00,BZN|CH,Without Sequence,98.4,,
11/04/2025 04:00:00 - 11/04/2025 05:00:00,BZN|CH,Without Sequence,109,,
11/04/2025 05:00:00 - 11/04/2025 06:00:00,BZN|CH,Without Sequence,112.19,,
11/04/2025 06:00:00 - 11/04/2025 07:00:00,BZN|CH,Without Sequence,102,,
11/04/2025 07:00:00 - 11/04/2025 08:00:00,BZN|CH,Without Sequence,95.05,,
11/04/2025 08:00:00 - 11/04/2025 09:00:00,BZN|CH,Without Sequence,80.54,,
11/04/2025 09:00:00 - 11/04/2025 10:00:00,BZN|CH,Without Sequence,64.23,,
11/04/2025 10:00:00 - 11/04/2025 11:00:00,BZN|CH,Without Sequence,0.55,,
11/04/2025 11:00:00 - 11/04/2025 12:00:00,BZN|CH,Without Sequence,-1.1,,
11/04/2025 12:00:00 - 11/04/2025 13:00:00,BZN|CH,Without Sequence,0.54,,
11/04/2025 13:00:00 - 11/04/2025 14:00:00,BZN|CH,Without Sequence,0.56,,
11/04/2025 14:00:00 - 11/04/2025 15:00:00,BZN|CH,Without Sequence,25.11,,
11/04/2025 15:00:00 - 11/04/2025 16:00:00,BZN|CH,Without Sequence,81.25,,
11/04/2025 16:00:00 - 11/04/2025 17:00:00,BZN|CH,Without Sequence,105.74,,
11/04/2025 17:00:00 - 11/04/2025 18:00:00,BZN|CH,Without Sequence,125.29,,
11/04/2025 18:00:00 - 11/04/2025 19:00:00,BZN|CH,Without Sequence,135.21,,
11/04/2025 19:00:00 - 11/04/2025 20:00:00,BZN|CH,Without Sequence,114.42,,
11/04/2025 20:00:00 - 11/04/2025 21:00:00,BZN|CH,Without Sequence,106.4,,
11/04/2025 21:00:00 - 11/04/2025 22:00:00,BZN|CH,Without Sequence,103.51,,
11/04/2025 22:00:00 - 11/04/2025 23:00:00,BZN|CH,Without Sequence,108.97,,
11/04/2025 23:00:00 - 12/04/2025 00:00:00,BZN|CH,Without Sequence,101.91,,
12/04/2025 00:00:00 - 12/04/2025 01:00:00,BZN|CH,Without Sequence,98.3,,
12/04/2025 01:00:00 - 12/04/2025 02:00:00,BZN|CH,Without Sequence,100.19,,
12/04/2025 02:00:00 - 12/04/2025 03:00:00,BZN|CH,Without Sequence,97.59,,
12/04/2025 03:00:00 - 12/04/2025 04:00:00,BZN|CH,Without Sequence,100.93,,
12/04/2025 04:00:00 - 12/04/2025 05:00:00,BZN|CH,Without Sequence,106.32,,
12/04/2025 05:00:00 - 12/04/2025 06:00:00,BZN|CH,Without Sequence,109.99,,
12/04/2025 06:00:00 - 12/04/2025 07:00:00,BZN|CH,Without Sequence,95.14,,
12/04/2025 07:00:00 - 12/04/2025 08:00:00,BZN|CH,Without Sequence,80.41,,
12/04/2025 08:00:00 - 12/04/2025 09:00:00,BZN|CH,Without Sequence,37.57,,
12/04/2025 09:00:00 - 12/04/2025 10:00:00,BZN|CH,Without Sequence,16.85,,
12/04/2025 10:00:00 - 12/04/2025 11:00:00,BZN|CH,Without Sequence,-1.72,,
12/04/2025 11:00:00 - 12/04/2025 12:00:00,BZN|CH,Without Sequence,-14.35,,
12/04/2025 12:00:00 - 12/04/2025 13:00:00,BZN|CH,Without Sequence,-26.32,,
12/04/2025 13:00:00 - 12/04/2025 14:00:00,BZN|CH,Without Sequence,-10.72,,
12/04/2025 14:00:00 - 12/04/2025 15:00:00,BZN|CH,Without Sequence,5.93,,
12/04/2025 15:00:00 - 12/04/2025 16:00:00,BZN|CH,Without Sequence,71.35,,
12/04/2025 16:00:00 - 12/04/2025 17:00:00,BZN|CH,Without Sequence,95.95,,
12/04/2025 17:00:00 - 12/04/2025 18:00:00,BZN|CH,Without Sequence,120.59,,
12/04/2025 18:00:00 - 12/04/2025 19:00:00,BZN|CH,Without Sequence,113.9,,
12/04/2025 19:00:00 - 12/04/2025 20:00:00,BZN|CH,Without Sequence,100.71,,
12/04/2025 20:00:00 - 12/04/2025 21:00:00,BZN|CH,Without Sequence,95.46,,
12/04/2025 21:00:00 - 12/04/2025 22:00:00,BZN|CH,Without Sequence,83.1,,
12/04/2025 22:00:00 - 12/04/2025 23:00:00,BZN|CH,Without Sequence,85.7,,
12/04/2025 23:00:00 - 13/04/2025 00:00:00,BZN|CH,Without Sequence,86.09,,
13/04/2025 00:00:00 - 13/04/2025 01:00:00,BZN|CH,Without Sequence,82.8,,
13/04/2025 01:00:00 - 13/04/2025 02:00:00,BZN|CH,Without Sequence,81.9,,
13/04/2025 02:00:00 - 13/04/2025 03:00:00,BZN|CH,Without Sequence,78.71,,
13/04/2025 03:00:00 - 13/04/2025 04:00:00,BZN|CH,Without Sequence,79.75,,
13/04/2025 04:00:00 - 13/04/2025 05:00:00,BZN|CH,Without Sequence,79.83,,
13/04/2025 05:00:00 - 13/04/2025 06:00:00,BZN|CH,Without Sequence,77.06,,
13/04/2025 06:00:00 - 13/04/2025 07:00:00,BZN|CH,Without Sequence,84.15,,
13/04/2025 07:00:00 - 13/04/2025 08:00:00,BZN|CH,Without Sequence,85.45,,
13/04/2025 08:00:00 - 13/04/2025 09:00:00,BZN|CH,Without Sequence,15.79,,
13/04/2025 09:00:00 - 13/04/2025 10:00:00,BZN|CH,Without Sequence,7.67,,
13/04/2025 10:00:00 - 13/04/2025 11:00:00,BZN|CH,Without Sequence,5.92,,
13/04/2025 11:00:00 - 13/04/2025 12:00:00,BZN|CH,Without Sequence,3.11,,
13/04/2025 12:00:00 - 13/04/2025 13:00:00,BZN|CH,Without Sequence,-0.03,,
13/04/2025 13:00:00 - 13/04/2025 14:00:00,BZN|CH,Without Sequence,1.32,,
13/04/2025 14:00:00 - 13/04/2025 15:00:00,BZN|CH,Without Sequence,70.1,,
13/04/2025 15:00:00 - 13/04/2025 16:00:00,BZN|CH,Without Sequence,87.45,,
13/04/2025 16:00:00 - 13/04/2025 17:00:00,BZN|CH,Without Sequence,102.71,,
13/04/2025 17:00:00 - 13/04/2025 18:00:00,BZN|CH,Without Sequence,119.46,,
13/04/2025 18:00:00 - 13/04/2025 19:00:00,BZN|CH,Without Sequence,130.18,,
13/04/2025 19:00:00 - 13/04/2025 20:00:00,BZN|CH,Without Sequence,115.13,,
13/04/2025 20:00:00 - 13/04/2025 21:00:00,BZN|CH,Without Sequence,109.63,,
13/04/2025 21:00:00 - 13/04/2025 22:00:00,BZN|CH,Without Sequence,99.25,,
13/04/2025 22:00:00 - 13/04/2025 23:00:00,BZN|CH,Without Sequence,81.95,,
13/04/2025 23:00:00 - 14/04/2025 00:00:00,BZN|CH,Without Sequence,80.87,,
14/04/2025 00:00:00 - 14/04/2025 01:00:00,BZN|CH,Without Sequence,80.9,,
14/04/2025 01:00:00 - 14/04/2025 02:00:00,BZN|CH,Without Sequence,80.63,,
14/04/2025 02:00:00 - 14/04/2025 03:00:00,BZN|CH,Without Sequence,81.92,,
14/04/2025 03:00:00 - 14/04/2025 04:00:00,BZN|CH,Without Sequence,92.92,,
14/04/2025 04:00:00 - 14/04/2025 05:00:00,BZN|CH,Without Sequence,124.44,,
14/04/2025 05:00:00 - 14/04/2025 06:00:00,BZN|CH,Without Sequence,157.4,,
14/04/2025 06:00:00 - 14/04/2025 07:00:00,BZN|CH,Without Sequence,139.92,,
14/04/2025 07:00:00 - 14/04/2025 08:00:00,BZN|CH,Without Sequence,109.59,,
14/04/2025 08:00:00 - 14/04/2025 09:00:00,BZN|CH,Without Sequence,95.18,,
14/04/2025 09:00:00 - 14/04/2025 10:00:00,BZN|CH,Without Sequence,82.43,,
14/04/2025 10:00:00 - 14/04/2025 11:00:00,BZN|CH,Without Sequence,75.01,,
14/04/2025 11:00:00 - 14/04/2025 12:00:00,BZN|CH,Without Sequence,66.83,,
14/04/2025 12:00:00 - 14/04/2025 13:00:00,BZN|CH,Without Sequence,67.34,,
14/04/2025 13:00:00 - 14/04/2025 14:00:00,BZN|CH,Without Sequence,80.48,,
14/04/2025 14:00:00 - 14/04/2025 15:00:00,BZN|CH,Without Sequence,90.13,,
14/04/2025 15:00:00 - 14/04/2025 16:00:00,BZN|CH,Without Sequence,111.07,,
14/04/2025 16:00:00 - 14/04/2025 17:00:00,BZN|CH,Without Sequence,129.95,,
14/04/2025 17:00:00 - 14/04/2025 18:00:00,BZN|CH,Without Sequence,160.46,,
14/04/2025 18:00:00 - 14/04/2025 19:00:00,BZN|CH,Without Sequence,151.4,,
14/04/2025 19:00:00 - 14/04/2025 20:00:00,BZN|CH,Without Sequence,118.14,,
14/04/2025 20:00:00 - 14/04/2025 21:00:00,BZN|CH,Without Sequence,102.6,,
14/04/2025 21:00:00 - 14/04/2025 22:00:00,BZN|CH,Without Sequence,96.19,,
14/04/2025 22:00:00 - 14/04/2025 23:00:00,BZN|CH,Without Sequence,88.35,,
14/04/2025 23:00:00 - 15/04/2025 00:00:00,BZN|CH,Without Sequence,84.04,,
15/04/2025 00:00:00 - 15/04/2025 01:00:00,BZN|CH,Without Sequence,81.29,,
15/04/2025 01:00:00 - 15/04/2025 02:00:00,BZN|CH,Without Sequence,78.3,,
15/04/2025 02:00:00 - 15/04/2025 03:00:00,BZN|CH,Without Sequence,80.06,,
15/04/2025 03:00:00 - 15/04/2025 04:00:00,BZN|CH,Without Sequence,85.48,,
15/04/2025 04:00:00 - 15/04/2025 05:00:00,BZN|CH,Without Sequence,103.23,,
15/04/2025 05:00:00 - 15/04/2025 06:00:00,BZN|CH,Without Sequence,109.77,,
15/04/2025 06:00:00 - 15/04/2025 07:00:00,BZN|CH,Without Sequence,106.78,,
15/04/2025 07:00:00 - 15/04/2025 08:00:00,BZN|CH,Without Sequence,103.9,,
15/04/2025 08:00:00 - 15/04/2025 09:00:00,BZN|CH,Without Sequence,110.39,,
15/04/2025 09:00:00 - 15/04/2025 10:00:00,BZN|CH,Without Sequence,109.05,,
15/04/2025 10:00:00 - 15/04/2025 11:00:00,BZN|CH,Without Sequence,102.16,,
15/04/2025 11:00:00 - 15/04/2025 12:00:00,BZN|CH,Without Sequence,93.17,,
15/04/2025 12:00:00 - 15/04/2025 13:00:00,BZN|CH,Without Sequence,90.02,,
15/04/2025 13:00:00 - 15/04/2025 14:00:00,BZN|CH,Without Sequence,88.62,,
15/04/2025 14:00:00 - 15/04/2025 15:00:00,BZN|CH,Without Sequence,93.97,,
15/04/2025 15:00:00 - 15/04/2025 16:00:00,BZN|CH,Without Sequence,89.9,,
15/04/2025 16:00:00 - 15/04/2025 17:00:00,BZN|CH,Without Sequence,108.16,,
15/04/2025 17:00:00 - 15/04/2025 18:00:00,BZN|CH,Without Sequence,127.63,,
15/04/2025 18:00:00 - 15/04/2025 19:00:00,BZN|CH,Without Sequence,124.24,,
15/04/2025 19:00:00 - 15/04/2025 20:00:00,BZN|CH,Without Sequence,111.91,,
15/04/2025 20:00:00 - 15/04/2025 21:00:00,BZN|CH,Without Sequence,107.31,,
15/04/2025 21:00:00 - 15/04/2025 22:00:00,BZN|CH,Without Sequence,100.88,,
15/04/2025 22:00:00 - 15/04/2025 23:00:00,BZN|CH,Without Sequence,88.09,,
15/04/2025 23:00:00 - 16/04/2025 00:00:00,BZN|CH,Without Sequence,88,,
16/04/2025 00:00:00 - 16/04/2025 01:00:00,BZN|CH,Without Sequence,84.81,,
16/04/2025 01:00:00 - 16/04/2025 02:00:00,BZN|CH,Without Sequence,84.38,,
16/04/2025 02:00:00 - 16/04/2025 03:00:00,BZN|CH,Without Sequence,85.46,,
16/04/2025 03:00:00 - 16/04/2025 04:00:00,BZN|CH,Without Sequence,99.47,,
16/04/2025 04:00:00 - 16/04/2025 05:00:00,BZN|CH,Without Sequence,117.88,,
16/04/2025 05:00:00 - 16/04/2025 06:00:00,BZN|CH,Without Sequence,135.08,,
16/04/2025 06:00:00 - 16/04/2025 07:00:00,BZN|CH,Without Sequence,111.59,,
16/04/2025 07:00:00 - 16/04/2025 08:00:00,BZN|CH,Without Sequence,87.79,,
16/04/2025 08:00:00 - 16/04/2025 09:00:00,BZN|CH,Without Sequence,84.32,,
16/04/2025 09:00:00 - 16/04/2025 10:00:00,BZN|CH,Without Sequence,82.75,,
16/04/2025 10:00:00 - 16/04/2025 11:00:00,BZN|CH,Without Sequence,88.03,,
16/04/2025 11:00:00 - 16/04/2025 12:00:00,BZN|CH,Without Sequence,89.9,,
16/04/2025 12:00:00 - 16/04/2025 13:00:00,BZN|CH,Without Sequence,84.2,,
16/04/2025 13:00:00 - 16/04/2025 14:00:00,BZN|CH,Without Sequence,86.1,,
16/04/2025 14:00:00 - 16/04/2025 15:00:00,BZN|CH,Without Sequence,97.6,,
16/04/2025 15:00:00 - 16/04/2025 16:00:00,BZN|CH,Without Sequence,101.22,,
16/04/2025 16:00:00 - 16/04/2025 17:00:00,BZN|CH,Without Sequence,119.76,,
16/04/2025 17:00:00 - 16/04/2025 18:00:00,BZN|CH,Without Sequence,146.63,,
16/04/2025 18:00:00 - 16/04/2025 19:00:00,BZN|CH,Without Sequence,143.92,,
16/04/2025 19:00:00 - 16/04/2025 20:00:00,BZN|CH,Without Sequence,112.79,,
16/04/2025 20:00:00 - 16/04/2025 21:00:00,BZN|CH,Without Sequence,102.5,,
16/04/2025 21:00:00 - 16/04/2025 22:00:00,BZN|CH,Without Sequence,96.24,,
16/04/2025 22:00:00 - 16/04/2025 23:00:00,BZN|CH,Without Sequence,87.79,,
16/04/2025 23:00:00 - 17/04/2025 00:00:00,BZN|CH,Without Sequence,83.14,,
17/04/2025 00:00:00 - 17/04/2025 01:00:00,BZN|CH,Without Sequence,82.49,,
17/04/2025 01:00:00 - 17/04/2025 02:00:00,BZN|CH,Without Sequence,80.73,,
17/04/2025 02:00:00 - 17/04/2025 03:00:00,BZN|CH,Without Sequence,82.17,,
17/04/2025 03:00:00 - 17/04/2025 04:00:00,BZN|CH,Without Sequence,88.22,,
17/04/2025 04:00:00 - 17/04/2025 05:00:00,BZN|CH,Without Sequence,104.98,,
17/04/2025 05:00:00 - 17/04/2025 06:00:00,BZN|CH,Without Sequence,126.18,,
17/04/2025 06:00:00 - 17/04/2025 07:00:00,BZN|CH,Without Sequence,123.47,,
17/04/2025 07:00:00 - 17/04/2025 08:00:00,BZN|CH,Without Sequence,118.6,,
17/04/2025 08:00:00 - 17/04/2025 09:00:00,BZN|CH,Without Sequence,112.41,,
17/04/2025 09:00:00 - 17/04/2025 10:00:00,BZN|CH,Without Sequence,108.85,,
17/04/2025 10:00:00 - 17/04/2025 11:00:00,BZN|CH,Without Sequence,84.07,,
17/04/2025 11:00:00 - 17/04/2025 12:00:00,BZN|CH,Without Sequence,83.18,,
17/04/2025 12:00:00 - 17/04/2025 13:00:00,BZN|CH,Without Sequence,83.36,,
17/04/2025 13:00:00 - 17/04/2025 14:00:00,BZN|CH,Without Sequence,97.67,,
17/04/2025 14:00:00 - 17/04/2025 15:00:00,BZN|CH,Without Sequence,93.53,,
17/04/2025 15:00:00 - 17/04/2025 16:00:00,BZN|CH,Without Sequence,95.62,,
17/04/2025 16:00:00 - 17/04/2025 17:00:00,BZN|CH,Without Sequence,107.12,,
17/04/2025 17:00:00 - 17/04/2025 18:00:00,BZN|CH,Without Sequence,124.26,,
17/04/2025 18:00:00 - 17/04/2025 19:00:00,BZN|CH,Without Sequence,121.95,,
17/04/2025 19:00:00 - 17/04/2025 20:00:00,BZN|CH,Without Sequence,102,,
17/04/2025 20:00:00 - 17/04/2025 21:00:00,BZN|CH,Without Sequence,93.22,,
17/04/2025 21:00:00 - 17/04/2025 22:00:00,BZN|CH,Without Sequence,88.25,,
17/04/2025 22:00:00 - 17/04/2025 23:00:00,BZN|CH,Without Sequence,82.07,,
17/04/2025 23:00:00 - 18/04/2025 00:00:00,BZN|CH,Without Sequence,80.7,,
18/04/2025 00:00:00 - 18/04/2025 01:00:00,BZN|CH,Without Sequence,80.21,,
18/04/2025 01:00:00 - 18/04/2025 02:00:00,BZN|CH,Without Sequence,77,,
18/04/2025 02:00:00 - 18/04/2025 03:00:00,BZN|CH,Without Sequence,75.41,,
18/04/2025 03:00:00 - 18/04/2025 04:00:00,BZN|CH,Without Sequence,77.64,,
18/04/2025 04:00:00 - 18/04/2025 05:00:00,BZN|CH,Without Sequence,75.24,,
18/04/2025 05:00:00 - 18/04/2025 06:00:00,BZN|CH,Without Sequence,79.99,,
18/04/2025 06:00:00 - 18/04/2025 07:00:00,BZN|CH,Without Sequence,81.76,,
18/04/2025 07:00:00 - 18/04/2025 08:00:00,BZN|CH,Without Sequence,84.75,,
18/04/2025 08:00:00 - 18/04/2025 09:00:00,BZN|CH,Without Sequence,78.96,,
18/04/2025 09:00:00 - 18/04/2025 10:00:00,BZN|CH,Without Sequence,74.83,,
18/04/2025 10:00:00 - 18/04/2025 11:00:00,BZN|CH,Without Sequence,59.49,,
18/04/2025 11:00:00 - 18/04/2025 12:00:00,BZN|CH,Without Sequence,44.47,,
18/04/2025 12:00:00 - 18/04/2025 13:00:00,BZN|CH,Without Sequence,40.7,,
18/04/2025 13:00:00 - 18/04/2025 14:00:00,BZN|CH,Without Sequence,53.81,,
18/04/2025 14:00:00 - 18/04/2025 15:00:00,BZN|CH,Without Sequence,66.48,,
18/04/2025 15:00:00 - 18/04/2025 16:00:00,BZN|CH,Without Sequence,86.06,,
18/04/2025 16:00:00 - 18/04/2025 17:00:00,BZN|CH,Without Sequence,103.76,,
18/04/2025 17:00:00 - 18/04/2025 18:00:00,BZN|CH,Without Sequence,124.18,,
18/04/2025 18:00:00 - 18/04/2025 19:00:00,BZN|CH,Without Sequence,128.47,,
18/04/2025 19:00:00 - 18/04/2025 20:00:00,BZN|CH,Without Sequence,115.97,,
18/04/2025 20:00:00 - 18/04/2025 21:00:00,BZN|CH,Without Sequence,105.98,,
18/04/2025 21:00:00 - 18/04/2025 22:00:00,BZN|CH,Without Sequence,99.92,,
18/04/2025 22:00:00 - 18/04/2025 23:00:00,BZN|CH,Without Sequence,102.95,,
18/04/2025 23:00:00 - 19/04/2025 00:00:00,BZN|CH,Without Sequence,93.94,,
19/04/2025 00:00:00 - 19/04/2025 01:00:00,BZN|CH,Without Sequence,89.67,,
19/04/2025 01:00:00 - 19/04/2025 02:00:00,BZN|CH,Without Sequence,87.6,,
19/04/2025 02:00:00 - 19/04/2025 03:00:00,BZN|CH,Without Sequence,88.69,,
19/04/2025 03:00:00 - 19/04/2025 04:00:00,BZN|CH,Without Sequence,89.99,,
19/04/2025 04:00:00 - 19/04/2025 05:00:00,BZN|CH,Without Sequence,95.76,,
19/04/2025 05:00:00 - 19/04/2025 06:00:00,BZN|CH,Without Sequence,96.7,,
19/04/2025 06:00:00 - 19/04/2025 07:00:00,BZN|CH,Without Sequence,81.46,,
19/04/2025 07:00:00 - 19/04/2025 08:00:00,BZN|CH,Without Sequence,51.13,,
19/04/2025 08:00:00 - 19/04/2025 09:00:00,BZN|CH,Without Sequence,10.33,,
19/04/2025 09:00:00 - 19/04/2025 10:00:00,BZN|CH,Without Sequence,0.88,,
19/04/2025 10:00:00 - 19/04/2025 11:00:00,BZN|CH,Without Sequence,-1.17,,
19/04/2025 11:00:00 - 19/04/2025 12:00:00,BZN|CH,Without Sequence,-10.63,,
19/04/2025 12:00:00 - 19/04/2025 13:00:00,BZN|CH,Without Sequence,-12.67,,
19/04/2025 13:00:00 - 19/04/2025 14:00:00,BZN|CH,Without Sequence,-4.67,,
19/04/2025 14:00:00 - 19/04/2025 15:00:00,BZN|CH,Without Sequence,2.06,,
19/04/2025 15:00:00 - 19/04/2025 16:00:00,BZN|CH,Without Sequence,61.25,,
19/04/2025 16:00:00 - 19/04/2025 17:00:00,BZN|CH,Without Sequence,99.02,,
19/04/2025 17:00:00 - 19/04/2025 18:00:00,BZN|CH,Without Sequence,118.56,,
19/04/2025 18:00:00 - 19/04/2025 19:00:00,BZN|CH,Without Sequence,123.25,,
19/04/2025 19:00:00 - 19/04/2025 20:00:00,BZN|CH,Without Sequence,114.31,,
19/04/2025 20:00:00 - 19/04/2025 21:00:00,BZN|CH,Without Sequence,102.79,,
19/04/2025 21:00:00 - 19/04/2025 22:00:00,BZN|CH,Without Sequence,96.48,,
19/04/2025 22:00:00 - 19/04/2025 23:00:00,BZN|CH,Without Sequence,86.88,,
19/04/2025 23:00:00 - 20/04/2025 00:00:00,BZN|CH,Without Sequence,83.04,,
20/04/2025 00:00:00 - 20/04/2025 01:00:00,BZN|CH,Without Sequence,80.51,,
20/04/2025 01:00:00 - 20/04/2025 02:00:00,BZN|CH,Without Sequence,79.99,,
20/04/2025 02:00:00 - 20/04/2025 03:00:00,BZN|CH,Without Sequence,81.02,,
20/04/2025 03:00:00 - 20/04/2025 04:00:00,BZN|CH,Without Sequence,82.63,,
20/04/2025 04:00:00 - 20/04/2025 05:00:00,BZN|CH,Without Sequence,84.98,,
20/04/2025 05:00:00 - 20/04/2025 06:00:00,BZN|CH,Without Sequence,77.32,,
20/04/2025 06:00:00 - 20/04/2025 07:00:00,BZN|CH,Without Sequence,52,,
20/04/2025 07:00:00 - 20/04/2025 08:00:00,BZN|CH,Without Sequence,2.84,,
20/04/2025 08:00:00 - 20/04/2025 09:00:00,BZN|CH,Without Sequence,-0.99,,
20/04/2025 09:00:00 - 20/04/2025 10:00:00,BZN|CH,Without Sequence,-13.24,,
20/04/2025 10:00:00 - 20/04/2025 11:00:00,BZN|CH,Without Sequence,-32.08,,
20/04/2025 11:00:00 - 20/04/2025 12:00:00,BZN|CH,Without Sequence,-40.82,,
20/04/2025 12:00:00 - 20/04/2025 13:00:00,BZN|CH,Without Sequence,-40.51,,
20/04/2025 13:00:00 - 20/04/2025 14:00:00,BZN|CH,Without Sequence,-18,,
20/04/2025 14:00:00 - 20/04/2025 15:00:00,BZN|CH,Without Sequence,-5.32,,
20/04/2025 15:00:00 - 20/04/2025 16:00:00,BZN|CH,Without Sequence,34.37,,
20/04/2025 16:00:00 - 20/04/2025 17:00:00,BZN|CH,Without Sequence,97.89,,
20/04/2025 17:00:00 - 20/04/2025 18:00:00,BZN|CH,Without Sequence,121.17,,
20/04/2025 18:00:00 - 20/04/2025 19:00:00,BZN|CH,Without Sequence,126.66,,
20/04/2025 19:00:00 - 20/04/2025 20:00:00,BZN|CH,Without Sequence,117.02,,
20/04/2025 20:00:00 - 20/04/2025 21:00:00,BZN|CH,Without Sequence,109.09,,
20/04/2025 21:00:00 - 20/04/2025 22:00:00,BZN|CH,Without Sequence,99.01,,
20/04/2025 22:00:00 - 20/04/2025 23:00:00,BZN|CH,Without Sequence,96.63,,
20/04/2025 23:00:00 - 21/04/2025 00:00:00,BZN|CH,Without Sequence,93.07,,
21/04/2025 00:00:00 - 21/04/2025 01:00:00,BZN|CH,Without Sequence,92.31,,
21/04/2025 01:00:00 - 21/04/2025 02:00:00,BZN|CH,Without Sequence,91.51,,
21/04/2025 02:00:00 - 21/04/2025 03:00:00,BZN|CH,Without Sequence,91.59,,
21/04/2025 03:00:00 - 21/04/2025 04:00:00,BZN|CH,Without Sequence,94.27,,
21/04/2025 04:00:00 - 21/04/2025 05:00:00,BZN|CH,Without Sequence,92.78,,
21/04/2025 05:00:00 - 21/04/2025 06:00:00,BZN|CH,Without Sequence,88.44,,
21/04/2025 06:00:00 - 21/04/2025 07:00:00,BZN|CH,Without Sequence,77.68,,
21/04/2025 07:00:00 - 21/04/2025 08:00:00,BZN|CH,Without Sequence,58.46,,
21/04/2025 08:00:00 - 21/04/2025 09:00:00,BZN|CH,Without Sequence,18.71,,
21/04/2025 09:00:00 - 21/04/2025 10:00:00,BZN|CH,Without Sequence,0.09,,
21/04/2025 10:00:00 - 21/04/2025 11:00:00,BZN|CH,Without Sequence,0,,
21/04/2025 11:00:00 - 21/04/2025 12:00:00,BZN|CH,Without Sequence,-3.3,,
21/04/2025 12:00:00 - 21/04/2025 13:00:00,BZN|CH,Without Sequence,-2.54,,
21/04/2025 13:00:00 - 21/04/2025 14:00:00,BZN|CH,Without Sequence,0.5,,
21/04/2025 14:00:00 - 21/04/2025 15:00:00,BZN|CH,Without Sequence,30.04,,
21/04/2025 15:00:00 - 21/04/2025 16:00:00,BZN|CH,Without Sequence,77.8,,
21/04/2025 16:00:00 - 21/04/2025 17:00:00,BZN|CH,Without Sequence,107.49,,
21/04/2025 17:00:00 - 21/04/2025 18:00:00,BZN|CH,Without Sequence,120.6,,
21/04/2025 18:00:00 - 21/04/2025 19:00:00,BZN|CH,Without Sequence,129.18,,
21/04/2025 19:00:00 - 21/04/2025 20:00:00,BZN|CH,Without Sequence,123.95,,
21/04/2025 20:00:00 - 21/04/2025 21:00:00,BZN|CH,Without Sequence,115.06,,
21/04/2025 21:00:00 - 21/04/2025 22:00:00,BZN|CH,Without Sequence,105.14,,
21/04/2025 22:00:00 - 21/04/2025 23:00:00,BZN|CH,Without Sequence,101.11,,
21/04/2025 23:00:00 - 22/04/2025 00:00:00,BZN|CH,Without Sequence,93.68,,
22/04/2025 00:00:00 - 22/04/2025 01:00:00,BZN|CH,Without Sequence,91.31,,
22/04/2025 01:00:00 - 22/04/2025 02:00:00,BZN|CH,Without Sequence,91.05,,
22/04/2025 02:00:00 - 22/04/2025 03:00:00,BZN|CH,Without Sequence,93.47,,
22/04/2025 03:00:00 - 22/04/2025 04:00:00,BZN|CH,Without Sequence,98.97,,
22/04/2025 04:00:00 - 22/04/2025 05:00:00,BZN|CH,Without Sequence,117.81,,
22/04/2025 05:00:00 - 22/04/2025 06:00:00,BZN|CH,Without Sequence,143.72,,
22/04/2025 06:00:00 - 22/04/2025 07:00:00,BZN|CH,Without Sequence,128.33,,
22/04/2025 07:00:00 - 22/04/2025 08:00:00,BZN|CH,Without Sequence,112.93,,
22/04/2025 08:00:00 - 22/04/2025 09:00:00,BZN|CH,Without Sequence,97.97,,
22/04/2025 09:00:00 - 22/04/2025 10:00:00,BZN|CH,Without Sequence,87.34,,
22/04/2025 10:00:00 - 22/04/2025 11:00:00,BZN|CH,Without Sequence,69.59,,
22/04/2025 11:00:00 - 22/04/2025 12:00:00,BZN|CH,Without Sequence,60.03,,
22/04/2025 12:00:00 - 22/04/2025 13:00:00,BZN|CH,Without Sequence,60.68,,
22/04/2025 13:00:00 - 22/04/2025 14:00:00,BZN|CH,Without Sequence,74.8,,
22/04/2025 14:00:00 - 22/04/2025 15:00:00,BZN|CH,Without Sequence,91.23,,
22/04/2025 15:00:00 - 22/04/2025 16:00:00,BZN|CH,Without Sequence,110.01,,
22/04/2025 16:00:00 - 22/04/2025 17:00:00,BZN|CH,Without Sequence,126.46,,
22/04/2025 17:00:00 - 22/04/2025 18:00:00,BZN|CH,Without Sequence,153.08,,
22/04/2025 18:00:00 - 22/04/2025 19:00:00,BZN|CH,Without Sequence,161.28,,
22/04/2025 19:00:00 - 22/04/2025 20:00:00,BZN|CH,Without Sequence,141.66,,
22/04/2025 20:00:00 - 22/04/2025 21:00:00,BZN|CH,Without Sequence,123.95,,
22/04/2025 21:00:00 - 22/04/2025 22:00:00,BZN|CH,Without Sequence,111.89,,
22/04/2025 22:00:00 - 22/04/2025 23:00:00,BZN|CH,Without Sequence,108.68,,
22/04/2025 23:00:00 - 23/04/2025 00:00:00,BZN|CH,Without Sequence,101.68,,
23/04/2025 00:00:00 - 23/04/2025 01:00:00,BZN|CH,Without Sequence,99,,
23/04/2025 01:00:00 - 23/04/2025 02:00:00,BZN|CH,Without Sequence,97.7,,
23/04/2025 02:00:00 - 23/04/2025 03:00:00,BZN|CH,Without Sequence,98.77,,
23/04/2025 03:00:00 - 23/04/2025 04:00:00,BZN|CH,Without Sequence,110.09,,
23/04/2025 04:00:00 - 23/04/2025 05:00:00,BZN|CH,Without Sequence,140.04,,
23/04/2025 05:00:00 - 23/04/2025 06:00:00,BZN|CH,Without Sequence,167.42,,
23/04/2025 06:00:00 - 23/04/2025 07:00:00,BZN|CH,Without Sequence,142.05,,
23/04/2025 07:00:00 - 23/04/2025 08:00:00,BZN|CH,Without Sequence,113.35,,
23/04/2025 08:00:00 - 23/04/2025 09:00:00,BZN|CH,Without Sequence,99.09,,
23/04/2025 09:00:00 - 23/04/2025 10:00:00,BZN|CH,Without Sequence,94.71,,
23/04/2025 10:00:00 - 23/04/2025 11:00:00,BZN|CH,Without Sequence,87.92,,
23/04/2025 11:00:00 - 23/04/2025 12:00:00,BZN|CH,Without Sequence,84.1,,
23/04/2025 12:00:00 - 23/04/2025 13:00:00,BZN|CH,Without Sequence,84.76,,
23/04/2025 13:00:00 - 23/04/2025 14:00:00,BZN|CH,Without Sequence,90.1,,
23/04/2025 14:00:00 - 23/04/2025 15:00:00,BZN|CH,Without Sequence,96.81,,
23/04/2025 15:00:00 - 23/04/2025 16:00:00,BZN|CH,Without Sequence,110.6,,
23/04/2025 16:00:00 - 23/04/2025 17:00:00,BZN|CH,Without Sequence,127.63,,
23/04/2025 17:00:00 - 23/04/2025 18:00:00,BZN|CH,Without Sequence,160.86,,
23/04/2025 18:00:00 - 23/04/2025 19:00:00,BZN|CH,Without Sequence,154.12,,
23/04/2025 19:00:00 - 23/04/2025 20:00:00,BZN|CH,Without Sequence,123.88,,
23/04/2025 20:00:00 - 23/04/2025 21:00:00,BZN|CH,Without Sequence,109.43,,
23/04/2025 21:00:00 - 23/04/2025 22:00:00,BZN|CH,Without Sequence,100.71,,
23/04/2025 22:00:00 - 23/04/2025 23:00:00,BZN|CH,Without Sequence,91.55,,
23/04/2025 23:00:00 - 24/04/2025 00:00:00,BZN|CH,Without Sequence,86.86,,
24/04/2025 00:00:00 - 24/04/2025 01:00:00,BZN|CH,Without Sequence,85.05,,
24/04/2025 01:00:00 - 24/04/2025 02:00:00,BZN|CH,Without Sequence,84.31,,
24/04/2025 02:00:00 - 24/04/2025 03:00:00,BZN|CH,Without Sequence,85.63,,
24/04/2025 03:00:00 - 24/04/2025 04:00:00,BZN|CH,Without Sequence,89.59,,
24/04/2025 04:00:00 - 24/04/2025 05:00:00,BZN|CH,Without Sequence,114.67,,
24/04/2025 05:00:00 - 24/04/2025 06:00:00,BZN|CH,Without Sequence,121.63,,
24/04/2025 06:00:00 - 24/04/2025 07:00:00,BZN|CH,Without Sequence,116.43,,
24/04/2025 07:00:00 - 24/04/2025 08:00:00,BZN|CH,Without Sequence,103.3,,
24/04/2025 08:00:00 - 24/04/2025 09:00:00,BZN|CH,Without Sequence,94.45,,
24/04/2025 09:00:00 - 24/04/2025 10:00:00,BZN|CH,Without Sequence,90.97,,
24/04/2025 10:00:00 - 24/04/2025 11:00:00,BZN|CH,Without Sequence,86.97,,
24/04/2025 11:00:00 - 24/04/2025 12:00:00,BZN|CH,Without Sequence,79.66,,
24/04/2025 12:00:00 - 24/04/2025 13:00:00,BZN|CH,Without Sequence,78.9,,
24/04/2025 13:00:00 - 24/04/2025 14:00:00,BZN|CH,Without Sequence,84.3,,
24/04/2025 14:00:00 - 24/04/2025 15:00:00,BZN|CH,Without Sequence,91.07,,
24/04/2025 15:00:00 - 24/04/2025 16:00:00,BZN|CH,Without Sequence,98.43,,
24/04/2025 16:00:00 - 24/04/2025 17:00:00,BZN|CH,Without Sequence,111.26,,
24/04/2025 17:00:00 - 24/04/2025 18:00:00,BZN|CH,Without Sequence,122.86,,
24/04/2025 18:00:00 - 24/04/2025 19:00:00,BZN|CH,Without Sequence,119.1,,
24/04/2025 19:00:00 - 24/04/2025 20:00:00,BZN|CH,Without Sequence,114.73,,
24/04/2025 20:00:00 - 24/04/2025 21:00:00,BZN|CH,Without Sequence,102.73,,
24/04/2025 21:00:00 - 24/04/2025 22:00:00,BZN|CH,Without Sequence,91.73,,
24/04/2025 22:00:00 - 24/04/2025 23:00:00,BZN|CH,Without Sequence,90.54,,
24/04/2025 23:00:00 - 25/04/2025 00:00:00,BZN|CH,Without Sequence,86.53,,
25/04/2025 00:00:00 - 25/04/2025 01:00:00,BZN|CH,Without Sequence,83.89,,
25/04/2025 01:00:00 - 25/04/2025 02:00:00,BZN|CH,Without Sequence,83.16,,
25/04/2025 02:00:00 - 25/04/2025 03:00:00,BZN|CH,Without Sequence,83.47,,
25/04/2025 03:00:00 - 25/04/2025 04:00:00,BZN|CH,Without Sequence,90.17,,
25/04/2025 04:00:00 - 25/04/2025 05:00:00,BZN|CH,Without Sequence,104.69,,
25/04/2025 05:00:00 - 25/04/2025 06:00:00,BZN|CH,Without Sequence,113.95,,
25/04/2025 06:00:00 - 25/04/2025 07:00:00,BZN|CH,Without Sequence,113.04,,
25/04/2025 07:00:00 - 25/04/2025 08:00:00,BZN|CH,Without Sequence,97.77,,
25/04/2025 08:00:00 - 25/04/2025 09:00:00,BZN|CH,Without Sequence,83.21,,
25/04/2025 09:00:00 - 25/04/2025 10:00:00,BZN|CH,Without Sequence,75.01,,
25/04/2025 10:00:00 - 25/04/2025 11:00:00,BZN|CH,Without Sequence,60.63,,
25/04/2025 11:00:00 - 25/04/2025 12:00:00,BZN|CH,Without Sequence,52.01,,
25/04/2025 12:00:00 - 25/04/2025 13:00:00,BZN|CH,Without Sequence,49.76,,
25/04/2025 13:00:00 - 25/04/2025 14:00:00,BZN|CH,Without Sequence,55.01,,
25/04/2025 14:00:00 - 25/04/2025 15:00:00,BZN|CH,Without Sequence,68.75,,
25/04/2025 15:00:00 - 25/04/2025 16:00:00,BZN|CH,Without Sequence,80.99,,
25/04/2025 16:00:00 - 25/04/2025 17:00:00,BZN|CH,Without Sequence,98.9,,
25/04/2025 17:00:00 - 25/04/2025 18:00:00,BZN|CH,Without Sequence,117.27,,
25/04/2025 18:00:00 - 25/04/2025 19:00:00,BZN|CH,Without Sequence,122.56,,
25/04/2025 19:00:00 - 25/04/2025 20:00:00,BZN|CH,Without Sequence,109.65,,
25/04/2025 20:00:00 - 25/04/2025 21:00:00,BZN|CH,Without Sequence,98.89,,
25/04/2025 21:00:00 - 25/04/2025 22:00:00,BZN|CH,Without Sequence,89.69,,
25/04/2025 22:00:00 - 25/04/2025 23:00:00,BZN|CH,Without Sequence,92.13,,
25/04/2025 23:00:00 - 26/04/2025 00:00:00,BZN|CH,Without Sequence,87.24,,
26/04/2025 00:00:00 - 26/04/2025 01:00:00,BZN|CH,Without Sequence,85.15,,
26/04/2025 01:00:00 - 26/04/2025 02:00:00,BZN|CH,Without Sequence,83.45,,
26/04/2025 02:00:00 - 26/04/2025 03:00:00,BZN|CH,Without Sequence,83.96,,
26/04/2025 03:00:00 - 26/04/2025 04:00:00,BZN|CH,Without Sequence,86.33,,
26/04/2025 04:00:00 - 26/04/2025 05:00:00,BZN|CH,Without Sequence,90.16,,
26/04/2025 05:00:00 - 26/04/2025 06:00:00,BZN|CH,Without Sequence,78.76,,
26/04/2025 06:00:00 - 26/04/2025 07:00:00,BZN|CH,Without Sequence,68.44,,
26/04/2025 07:00:00 - 26/04/2025 08:00:00,BZN|CH,Without Sequence,44.87,,
26/04/2025 08:00:00 - 26/04/2025 09:00:00,BZN|CH,Without Sequence,7.27,,
26/04/2025 09:00:00 - 26/04/2025 10:00:00,BZN|CH,Without Sequence,-2.75,,
26/04/2025 10:00:00 - 26/04/2025 11:00:00,BZN|CH,Without Sequence,-6,,
26/04/2025 11:00:00 - 26/04/2025 12:00:00,BZN|CH,Without Sequence,-18.4,,
26/04/2025 12:00:00 - 26/04/2025 13:00:00,BZN|CH,Without Sequence,-15.64,,
26/04/2025 13:00:00 - 26/04/2025 14:00:00,BZN|CH,Without Sequence,-5.89,,
26/04/2025 14:00:00 - 26/04/2025 15:00:00,BZN|CH,Without Sequence,-3.65,,
26/04/2025 15:00:00 - 26/04/2025 16:00:00,BZN|CH,Without Sequence,37.69,,
26/04/2025 16:00:00 - 26/04/2025 17:00:00,BZN|CH,Without Sequence,79,,
26/04/2025 17:00:00 - 26/04/2025 18:00:00,BZN|CH,Without Sequence,96.6,,
26/04/2025 18:00:00 - 26/04/2025 19:00:00,BZN|CH,Without Sequence,102.63,,
26/04/2025 19:00:00 - 26/04/2025 20:00:00,BZN|CH,Without Sequence,91.99,,
26/04/2025 20:00:00 - 26/04/2025 21:00:00,BZN|CH,Without Sequence,87.51,,
26/04/2025 21:00:00 - 26/04/2025 22:00:00,BZN|CH,Without Sequence,80.12,,
26/04/2025 22:00:00 - 26/04/2025 23:00:00,BZN|CH,Without Sequence,66.74,,
26/04/2025 23:00:00 - 27/04/2025 00:00:00,BZN|CH,Without Sequence,58.17,,
27/04/2025 00:00:00 - 27/04/2025 01:00:00,BZN|CH,Without Sequence,53.13,,
27/04/2025 01:00:00 - 27/04/2025 02:00:00,BZN|CH,Without Sequence,53.98,,
27/04/2025 02:00:00 - 27/04/2025 03:00:00,BZN|CH,Without Sequence,56,,
27/04/2025 03:00:00 - 27/04/2025 04:00:00,BZN|CH,Without Sequence,61.32,,
27/04/2025 04:00:00 - 27/04/2025 05:00:00,BZN|CH,Without Sequence,57.28,,
27/04/2025 05:00:00 - 27/04/2025 06:00:00,BZN|CH,Without Sequence,45.03,,
27/04/2025 06:00:00 - 27/04/2025 07:00:00,BZN|CH,Without Sequence,27.63,,
27/04/2025 07:00:00 - 27/04/2025 08:00:00,BZN|CH,Without Sequence,1.01,,
27/04/2025 08:00:00 - 27/04/2025 09:00:00,BZN|CH,Without Sequence,-7.58,,
27/04/2025 09:00:00 - 27/04/2025 10:00:00,BZN|CH,Without Sequence,-29.36,,
27/04/2025 10:00:00 - 27/04/2025 11:00:00,BZN|CH,Without Sequence,-58.12,,
27/04/2025 11:00:00 - 27/04/2025 12:00:00,BZN|CH,Without Sequence,-83.72,,
27/04/2025 12:00:00 - 27/04/2025 13:00:00,BZN|CH,Without Sequence,-74.64,,
27/04/2025 13:00:00 - 27/04/2025 14:00:00,BZN|CH,Without Sequence,-30.68,,
27/04/2025 14:00:00 - 27/04/2025 15:00:00,BZN|CH,Without Sequence,-5.61,,
27/04/2025 15:00:00 - 27/04/2025 16:00:00,BZN|CH,Without Sequence,22.5,,
27/04/2025 16:00:00 - 27/04/2025 17:00:00,BZN|CH,Without Sequence,87,,
27/04/2025 17:00:00 - 27/04/2025 18:00:00,BZN|CH,Without Sequence,110.03,,
27/04/2025 18:00:00 - 27/04/2025 19:00:00,BZN|CH,Without Sequence,120.1,,
27/04/2025 19:00:00 - 27/04/2025 20:00:00,BZN|CH,Without Sequence,109.31,,
27/04/2025 20:00:00 - 27/04/2025 21:00:00,BZN|CH,Without Sequence,98.95,,
27/04/2025 21:00:00 - 27/04/2025 22:00:00,BZN|CH,Without Sequence,94.07,,
27/04/2025 22:00:00 - 27/04/2025 23:00:00,BZN|CH,Without Sequence,87.95,,
27/04/2025 23:00:00 - 28/04/2025 00:00:00,BZN|CH,Without Sequence,85.51,,
28/04/2025 00:00:00 - 28/04/2025 01:00:00,BZN|CH,Without Sequence,85.27,,
28/04/2025 01:00:00 - 28/04/2025 02:00:00,BZN|CH,Without Sequence,85.46,,
28/04/2025 02:00:00 - 28/04/2025 03:00:00,BZN|CH,Without Sequence,88.92,,
28/04/2025 03:00:00 - 28/04/2025 04:00:00,BZN|CH,Without Sequence,96.63,,
28/04/2025 04:00:00 - 28/04/2025 05:00:00,BZN|CH,Without Sequence,119.99,,
28/04/2025 05:00:00 - 28/04/2025 06:00:00,BZN|CH,Without Sequence,120.68,,
28/04/2025 06:00:00 - 28/04/2025 07:00:00,BZN|CH,Without Sequence,102.16,,
28/04/2025 07:00:00 - 28/04/2025 08:00:00,BZN|CH,Without Sequence,71.73,,
28/04/2025 08:00:00 - 28/04/2025 09:00:00,BZN|CH,Without Sequence,34.69,,
28/04/2025 09:00:00 - 28/04/2025 10:00:00,BZN|CH,Without Sequence,-3.94,,
28/04/2025 10:00:00 - 28/04/2025 11:00:00,BZN|CH,Without Sequence,-5.99,,
28/04/2025 11:00:00 - 28/04/2025 12:00:00,BZN|CH,Without Sequence,-6.11,,
28/04/2025 12:00:00 - 28/04/2025 13:00:00,BZN|CH,Without Sequence,-5.07,,
28/04/2025 13:00:00 - 28/04/2025 14:00:00,BZN|CH,Without Sequence,-4.91,,
28/04/2025 14:00:00 - 28/04/2025 15:00:00,BZN|CH,Without Sequence,21.62,,
28/04/2025 15:00:00 - 28/04/2025 16:00:00,BZN|CH,Without Sequence,79.33,,
28/04/2025 16:00:00 - 28/04/2025 17:00:00,BZN|CH,Without Sequence,107.17,,
28/04/2025 17:00:00 - 28/04/2025 18:00:00,BZN|CH,Without Sequence,140.15,,
28/04/2025 18:00:00 - 28/04/2025 19:00:00,BZN|CH,Without Sequence,143.03,,
28/04/2025 19:00:00 - 28/04/2025 20:00:00,BZN|CH,Without Sequence,124.25,,
28/04/2025 20:00:00 - 28/04/2025 21:00:00,BZN|CH,Without Sequence,110.04,,
28/04/2025 21:00:00 - 28/04/2025 22:00:00,BZN|CH,Without Sequence,99.59,,
28/04/2025 22:00:00 - 28/04/2025 23:00:00,BZN|CH,Without Sequence,97.72,,
28/04/2025 23:00:00 - 29/04/2025 00:00:00,BZN|CH,Without Sequence,91.88,,
29/04/2025 00:00:00 - 29/04/2025 01:00:00,BZN|CH,Without Sequence,89.3,,
29/04/2025 01:00:00 - 29/04/2025 02:00:00,BZN|CH,Without Sequence,87.61,,
29/04/2025 02:00:00 - 29/04/2025 03:00:00,BZN|CH,Without Sequence,89.31,,
29/04/2025 03:00:00 - 29/04/2025 04:00:00,BZN|CH,Without Sequence,94.34,,
29/04/2025 04:00:00 - 29/04/2025 05:00:00,BZN|CH,Without Sequence,114.17,,
29/04/2025 05:00:00 - 29/04/2025 06:00:00,BZN|CH,Without Sequence,117,,
29/04/2025 06:00:00 - 29/04/2025 07:00:00,BZN|CH,Without Sequence,89.79,,
29/04/2025 07:00:00 - 29/04/2025 08:00:00,BZN|CH,Without Sequence,67.84,,
29/04/2025 08:00:00 - 29/04/2025 09:00:00,BZN|CH,Without Sequence,16.22,,
29/04/2025 09:00:00 - 29/04/2025 10:00:00,BZN|CH,Without Sequence,1.89,,
29/04/2025 10:00:00 - 29/04/2025 11:00:00,BZN|CH,Without Sequence,-3.59,,
29/04/2025 11:00:00 - 29/04/2025 12:00:00,BZN|CH,Without Sequence,-4.46,,
29/04/2025 12:00:00 - 29/04/2025 13:00:00,BZN|CH,Without Sequence,-4.92,,
29/04/2025 13:00:00 - 29/04/2025 14:00:00,BZN|CH,Without Sequence,0.05,,
29/04/2025 14:00:00 - 29/04/2025 15:00:00,BZN|CH,Without Sequence,19.09,,
29/04/2025 15:00:00 - 29/04/2025 16:00:00,BZN|CH,Without Sequence,79.44,,
29/04/2025 16:00:00 - 29/04/2025 17:00:00,BZN|CH,Without Sequence,100.88,,
29/04/2025 17:00:00 - 29/04/2025 18:00:00,BZN|CH,Without Sequence,139.97,,
29/04/2025 18:00:00 - 29/04/2025 19:00:00,BZN|CH,Without Sequence,144.43,,
29/04/2025 19:00:00 - 29/04/2025 20:00:00,BZN|CH,Without Sequence,126.44,,
29/04/2025 20:00:00 - 29/04/2025 21:00:00,BZN|CH,Without Sequence,104.51,,
29/04/2025 21:00:00 - 29/04/2025 22:00:00,BZN|CH,Without Sequence,95.92,,
29/04/2025 22:00:00 - 29/04/2025 23:00:00,BZN|CH,Without Sequence,90.89,,
29/04/2025 23:00:00 - 30/04/2025 00:00:00,BZN|CH,Without Sequence,84.29,,
30/04/2025 00:00:00 - 30/04/2025 01:00:00,BZN|CH,Without Sequence,83.41,,
30/04/2025 01:00:00 - 30/04/2025 02:00:00,BZN|CH,Without Sequence,84.21,,
30/04/2025 02:00:00 - 30/04/2025 03:00:00,BZN|CH,Without Sequence,86.42,,
30/04/2025 03:00:00 - 30/04/2025 04:00:00,BZN|CH,Without Sequence,90.72,,
30/04/2025 04:00:00 - 30/04/2025 05:00:00,BZN|CH,Without Sequence,108.3,,
30/04/2025 05:00:00 - 30/04/2025 06:00:00,BZN|CH,Without Sequence,110.95,,
30/04/2025 06:00:00 - 30/04/2025 07:00:00,BZN|CH,Without Sequence,93.54,,
30/04/2025 07:00:00 - 30/04/2025 08:00:00,BZN|CH,Without Sequence,72.38,,
30/04/2025 08:00:00 - 30/04/2025 09:00:00,BZN|CH,Without Sequence,16.28,,
30/04/2025 09:00:00 - 30/04/2025 10:00:00,BZN|CH,Without Sequence,5.14,,
30/04/2025 10:00:00 - 30/04/2025 11:00:00,BZN|CH,Without Sequence,-1,,
30/04/2025 11:00:00 - 30/04/2025 12:00:00,BZN|CH,Without Sequence,-4.75,,
30/04/2025 12:00:00 - 30/04/2025 13:00:00,BZN|CH,Without Sequence,-3.81,,
30/04/2025 13:00:00 - 30/04/2025 14:00:00,BZN|CH,Without Sequence,0.02,,
30/04/2025 14:00:00 - 30/04/2025 15:00:00,BZN|CH,Without Sequence,7.45,,
30/04/2025 15:00:00 - 30/04/2025 16:00:00,BZN|CH,Without Sequence,71.93,,
30/04/2025 16:00:00 - 30/04/2025 17:00:00,BZN|CH,Without Sequence,94.09,,
30/04/2025 17:00:00 - 30/04/2025 18:00:00,BZN|CH,Without Sequence,130.05,,
30/04/2025 18:00:00 - 30/04/2025 19:00:00,BZN|CH,Without Sequence,140.02,,
30/04/2025 19:00:00 - 30/04/2025 20:00:00,BZN|CH,Without Sequence,122.18,,
30/04/2025 20:00:00 - 30/04/2025 21:00:00,BZN|CH,Without Sequence,101.82,,
30/04/2025 21:00:00 - 30/04/2025 22:00:00,BZN|CH,Without Sequence,92.65,,
30/04/2025 22:00:00 - 30/04/2025 23:00:00,BZN|CH,Without Sequence,95.36,,
30/04/2025 23:00:00 - 01/05/2025 00:00:00,BZN|CH,Without Sequence,91.26,,
01/05/2025 00:00:00 - 01/05/2025 01:00:00,BZN|CH,Without Sequence,88.54,,
01/05/2025 01:00:00 - 01/05/2025 02:00:00,BZN|CH,Without Sequence,87.16,,
01/05/2025 02:00:00 - 01/05/2025 03:00:00,BZN|CH,Without Sequence,85.19,,
01/05/2025 03:00:00 - 01/05/2025 04:00:00,BZN|CH,Without Sequence,86.58,,
01/05/2025 04:00:00 - 01/05/2025 05:00:00,BZN|CH,Without Sequence,85.28,,
01/05/2025 05:00:00 - 01/05/2025 06:00:00,BZN|CH,Without Sequence,85.56,,
01/05/2025 06:00:00 - 01/05/2025 07:00:00,BZN|CH,Without Sequence,50,,
01/05/2025 07:00:00 - 01/05/2025 08:00:00,BZN|CH,Without Sequence,-1.16,,
01/05/2025 08:00:00 - 01/05/2025 09:00:00,BZN|CH,Without Sequence,-8.47,,
01/05/2025 09:00:00 - 01/05/2025 10:00:00,BZN|CH,Without Sequence,-41.52,,
01/05/2025 10:00:00 - 01/05/2025 11:00:00,BZN|CH,Without Sequence,-85.18,,
01/05/2025 11:00:00 - 01/05/2025 12:00:00,BZN|CH,Without Sequence,-105.93,,
01/05/2025 12:00:00 - 01/05/2025 13:00:00,BZN|CH,Without Sequence,-104.62,,
01/05/2025 13:00:00 - 01/05/2025 14:00:00,BZN|CH,Without Sequence,-56.7,,
01/05/2025 14:00:00 - 01/05/2025 15:00:00,BZN|CH,Without Sequence,-8.55,,
01/05/2025 15:00:00 - 01/05/2025 16:00:00,BZN|CH,Without Sequence,15.32,,
01/05/2025 16:00:00 - 01/05/2025 17:00:00,BZN|CH,Without Sequence,89.78,,
01/05/2025 17:00:00 - 01/05/2025 18:00:00,BZN|CH,Without Sequence,109.04,,
01/05/2025 18:00:00 - 01/05/2025 19:00:00,BZN|CH,Without Sequence,122.26,,
01/05/2025 19:00:00 - 01/05/2025 20:00:00,BZN|CH,Without Sequence,108.45,,
01/05/2025 20:00:00 - 01/05/2025 21:00:00,BZN|CH,Without Sequence,95.79,,
01/05/2025 21:00:00 - 01/05/2025 22:00:00,BZN|CH,Without Sequence,89.1,,
01/05/2025 22:00:00 - 01/05/2025 23:00:00,BZN|CH,Without Sequence,84.79,,
01/05/2025 23:00:00 - 02/05/2025 00:00:00,BZN|CH,Without Sequence,72.91,,
02/05/2025 00:00:00 - 02/05/2025 01:00:00,BZN|CH,Without Sequence,69.59,,
02/05/2025 01:00:00 - 02/05/2025 02:00:00,BZN|CH,Without Sequence,65.19,,
02/05/2025 02:00:00 - 02/05/2025 03:00:00,BZN|CH,Without Sequence,67.87,,
02/05/2025 03:00:00 - 02/05/2025 04:00:00,BZN|CH,Without Sequence,73.72,,
02/05/2025 04:00:00 - 02/05/2025 05:00:00,BZN|CH,Without Sequence,86.3,,
02/05/2025 05:00:00 - 02/05/2025 06:00:00,BZN|CH,Without Sequence,84.9,,
02/05/2025 06:00:00 - 02/05/2025 07:00:00,BZN|CH,Without Sequence,70.61,,
02/05/2025 07:00:00 - 02/05/2025 08:00:00,BZN|CH,Without Sequence,35.75,,
02/05/2025 08:00:00 - 02/05/2025 09:00:00,BZN|CH,Without Sequence,5.03,,
02/05/2025 09:00:00 - 02/05/2025 10:00:00,BZN|CH,Without Sequence,-2.35,,
02/05/2025 10:00:00 - 02/05/2025 11:00:00,BZN|CH,Without Sequence,-6.37,,
02/05/2025 11:00:00 - 02/05/2025 12:00:00,BZN|CH,Without Sequence,-14.49,,
02/05/2025 12:00:00 - 02/05/2025 13:00:00,BZN|CH,Without Sequence,-14.82,,
02/05/2025 13:00:00 - 02/05/2025 14:00:00,BZN|CH,Without Sequence,-3.53,,
02/05/2025 14:00:00 - 02/05/2025 15:00:00,BZN|CH,Without Sequence,1.2,,
02/05/2025 15:00:00 - 02/05/2025 16:00:00,BZN|CH,Without Sequence,51.78,,
02/05/2025 16:00:00 - 02/05/2025 17:00:00,BZN|CH,Without Sequence,98.63,,
02/05/2025 17:00:00 - 02/05/2025 18:00:00,BZN|CH,Without Sequence,115.59,,
02/05/2025 18:00:00 - 02/05/2025 19:00:00,BZN|CH,Without Sequence,131.61,,
02/05/2025 19:00:00 - 02/05/2025 20:00:00,BZN|CH,Without Sequence,115.6,,
02/05/2025 20:00:00 - 02/05/2025 21:00:00,BZN|CH,Without Sequence,99.95,,
02/05/2025 21:00:00 - 02/05/2025 22:00:00,BZN|CH,Without Sequence,89.98,,
02/05/2025 22:00:00 - 02/05/2025 23:00:00,BZN|CH,Without Sequence,92.99,,
02/05/2025 23:00:00 - 03/05/2025 00:00:00,BZN|CH,Without Sequence,89.39,,
03/05/2025 00:00:00 - 03/05/2025 01:00:00,BZN|CH,Without Sequence,86.5,,
03/05/2025 01:00:00 - 03/05/2025 02:00:00,BZN|CH,Without Sequence,86.75,,
03/05/2025 02:00:00 - 03/05/2025 03:00:00,BZN|CH,Without Sequence,84.87,,
03/05/2025 03:00:00 - 03/05/2025 04:00:00,BZN|CH,Without Sequence,87,,
03/05/2025 04:00:00 - 03/05/2025 05:00:00,BZN|CH,Without Sequence,88.05,,
03/05/2025 05:00:00 - 03/05/2025 06:00:00,BZN|CH,Without Sequence,80.34,,
03/05/2025 06:00:00 - 03/05/2025 07:00:00,BZN|CH,Without Sequence,70.6,,
03/05/2025 07:00:00 - 03/05/2025 08:00:00,BZN|CH,Without Sequence,39.61,,
03/05/2025 08:00:00 - 03/05/2025 09:00:00,BZN|CH,Without Sequence,1.77,,
03/05/2025 09:00:00 - 03/05/2025 10:00:00,BZN|CH,Without Sequence,3.24,,
03/05/2025 10:00:00 - 03/05/2025 11:00:00,BZN|CH,Without Sequence,4.06,,
03/05/2025 11:00:00 - 03/05/2025 12:00:00,BZN|CH,Without Sequence,-1.63,,
03/05/2025 12:00:00 - 03/05/2025 13:00:00,BZN|CH,Without Sequence,-2.18,,
03/05/2025 13:00:00 - 03/05/2025 14:00:00,BZN|CH,Without Sequence,-0.85,,
03/05/2025 14:00:00 - 03/05/2025 15:00:00,BZN|CH,Without Sequence,1.08,,
03/05/2025 15:00:00 - 03/05/2025 16:00:00,BZN|CH,Without Sequence,22.1,,
03/05/2025 16:00:00 - 03/05/2025 17:00:00,BZN|CH,Without Sequence,70.5,,
03/05/2025 17:00:00 - 03/05/2025 18:00:00,BZN|CH,Without Sequence,80.74,,
03/05/2025 18:00:00 - 03/05/2025 19:00:00,BZN|CH,Without Sequence,86.97,,
03/05/2025 19:00:00 - 03/05/2025 20:00:00,BZN|CH,Without Sequence,80.49,,
03/05/2025 20:00:00 - 03/05/2025 21:00:00,BZN|CH,Without Sequence,72.83,,
03/05/2025 21:00:00 - 03/05/2025 22:00:00,BZN|CH,Without Sequence,65.15,,
03/05/2025 22:00:00 - 03/05/2025 23:00:00,BZN|CH,Without Sequence,49.69,,
03/05/2025 23:00:00 - 04/05/2025 00:00:00,BZN|CH,Without Sequence,42.83,,
04/05/2025 00:00:00 - 04/05/2025 01:00:00,BZN|CH,Without Sequence,27.39,,
04/05/2025 01:00:00 - 04/05/2025 02:00:00,BZN|CH,Without Sequence,18.25,,
04/05/2025 02:00:00 - 04/05/2025 03:00:00,BZN|CH,Without Sequence,18.08,,
04/05/2025 03:00:00 - 04/05/2025 04:00:00,BZN|CH,Without Sequence,16.48,,
04/05/2025 04:00:00 - 04/05/2025 05:00:00,BZN|CH,Without Sequence,8.97,,
04/05/2025 05:00:00 - 04/05/2025 06:00:00,BZN|CH,Without Sequence,2.42,,
04/05/2025 06:00:00 - 04/05/2025 07:00:00,BZN|CH,Without Sequence,1,,
04/05/2025 07:00:00 - 04/05/2025 08:00:00,BZN|CH,Without Sequence,-1.53,,
04/05/2025 08:00:00 - 04/05/2025 09:00:00,BZN|CH,Without Sequence,2.09,,
04/05/2025 09:00:00 - 04/05/2025 10:00:00,BZN|CH,Without Sequence,2.29,,
04/05/2025 10:00:00 - 04/05/2025 11:00:00,BZN|CH,Without Sequence,-0.95,,
04/05/2025 11:00:00 - 04/05/2025 12:00:00,BZN|CH,Without Sequence,-5.19,,
04/05/2025 12:00:00 - 04/05/2025 13:00:00,BZN|CH,Without Sequence,-11.04,,
04/05/2025 13:00:00 - 04/05/2025 14:00:00,BZN|CH,Without Sequence,-5.29,,
04/05/2025 14:00:00 - 04/05/2025 15:00:00,BZN|CH,Without Sequence,0.08,,
04/05/2025 15:00:00 - 04/05/2025 16:00:00,BZN|CH,Without Sequence,13.35,,
04/05/2025 16:00:00 - 04/05/2025 17:00:00,BZN|CH,Without Sequence,77.4,,
04/05/2025 17:00:00 - 04/05/2025 18:00:00,BZN|CH,Without Sequence,100.03,,
04/05/2025 18:00:00 - 04/05/2025 19:00:00,BZN|CH,Without Sequence,111.6,,
04/05/2025 19:00:00 - 04/05/2025 20:00:00,BZN|CH,Without Sequence,104.78,,
04/05/2025 20:00:00 - 04/05/2025 21:00:00,BZN|CH,Without Sequence,87.88,,
04/05/2025 21:00:00 - 04/05/2025 22:00:00,BZN|CH,Without Sequence,79.79,,
04/05/2025 22:00:00 - 04/05/2025 23:00:00,BZN|CH,Without Sequence,74.99,,
04/05/2025 23:00:00 - 05/05/2025 00:00:00,BZN|CH,Without Sequence,70.12,,
05/05/2025 00:00:00 - 05/05/2025 01:00:00,BZN|CH,Without Sequence,67.07,,
05/05/2025 01:00:00 - 05/05/2025 02:00:00,BZN|CH,Without Sequence,68.12,,
05/05/2025 02:00:00 - 05/05/2025 03:00:00,BZN|CH,Without Sequence,69.85,,
05/05/2025 03:00:00 - 05/05/2025 04:00:00,BZN|CH,Without Sequence,78.24,,
05/05/2025 04:00:00 - 05/05/2025 05:00:00,BZN|CH,Without Sequence,102.87,,
05/05/2025 05:00:00 - 05/05/2025 06:00:00,BZN|CH,Without Sequence,114.99,,
05/05/2025 06:00:00 - 05/05/2025 07:00:00,BZN|CH,Without Sequence,98.9,,
05/05/2025 07:00:00 - 05/05/2025 08:00:00,BZN|CH,Without Sequence,80.47,,
05/05/2025 08:00:00 - 05/05/2025 09:00:00,BZN|CH,Without Sequence,73.82,,
05/05/2025 09:00:00 - 05/05/2025 10:00:00,BZN|CH,Without Sequence,73.8,,
05/05/2025 10:00:00 - 05/05/2025 11:00:00,BZN|CH,Without Sequence,52,,
05/05/2025 11:00:00 - 05/05/2025 12:00:00,BZN|CH,Without Sequence,49.12,,
05/05/2025 12:00:00 - 05/05/2025 13:00:00,BZN|CH,Without Sequence,51.7,,
05/05/2025 13:00:00 - 05/05/2025 14:00:00,BZN|CH,Without Sequence,66.59,,
05/05/2025 14:00:00 - 05/05/2025 15:00:00,BZN|CH,Without Sequence,73.78,,
05/05/2025 15:00:00 - 05/05/2025 16:00:00,BZN|CH,Without Sequence,87.35,,
05/05/2025 16:00:00 - 05/05/2025 17:00:00,BZN|CH,Without Sequence,99.72,,
05/05/2025 17:00:00 - 05/05/2025 18:00:00,BZN|CH,Without Sequence,124.95,,
05/05/2025 18:00:00 - 05/05/2025 19:00:00,BZN|CH,Without Sequence,131.26,,
05/05/2025 19:00:00 - 05/05/2025 20:00:00,BZN|CH,Without Sequence,109.62,,
05/05/2025 20:00:00 - 05/05/2025 21:00:00,BZN|CH,Without Sequence,99.41,,
05/05/2025 21:00:00 - 05/05/2025 22:00:00,BZN|CH,Without Sequence,90.06,,
05/05/2025 22:00:00 - 05/05/2025 23:00:00,BZN|CH,Without Sequence,86.19,,
05/05/2025 23:00:00 - 06/05/2025 00:00:00,BZN|CH,Without Sequence,80.56,,
06/05/2025 00:00:00 - 06/05/2025 01:00:00,BZN|CH,Without Sequence,80.88,,
06/05/2025 01:00:00 - 06/05/2025 02:00:00,BZN|CH,Without Sequence,81.48,,
06/05/2025 02:00:00 - 06/05/2025 03:00:00,BZN|CH,Without Sequence,83.75,,
06/05/2025 03:00:00 - 06/05/2025 04:00:00,BZN|CH,Without Sequence,88.91,,
06/05/2025 04:00:00 - 06/05/2025 05:00:00,BZN|CH,Without Sequence,108.2,,
06/05/2025 05:00:00 - 06/05/2025 06:00:00,BZN|CH,Without Sequence,119.23,,
06/05/2025 06:00:00 - 06/05/2025 07:00:00,BZN|CH,Without Sequence,96.15,,
06/05/2025 07:00:00 - 06/05/2025 08:00:00,BZN|CH,Without Sequence,81.18,,
06/05/2025 08:00:00 - 06/05/2025 09:00:00,BZN|CH,Without Sequence,71.98,,
06/05/2025 09:00:00 - 06/05/2025 10:00:00,BZN|CH,Without Sequence,71.92,,
06/05/2025 10:00:00 - 06/05/2025 11:00:00,BZN|CH,Without Sequence,69.75,,
06/05/2025 11:00:00 - 06/05/2025 12:00:00,BZN|CH,Without Sequence,71.22,,
06/05/2025 12:00:00 - 06/05/2025 13:00:00,BZN|CH,Without Sequence,65.81,,
06/05/2025 13:00:00 - 06/05/2025 14:00:00,BZN|CH,Without Sequence,62.42,,
06/05/2025 14:00:00 - 06/05/2025 15:00:00,BZN|CH,Without Sequence,70.62,,
06/05/2025 15:00:00 - 06/05/2025 16:00:00,BZN|CH,Without Sequence,83.72,,
06/05/2025 16:00:00 - 06/05/2025 17:00:00,BZN|CH,Without Sequence,99.08,,
06/05/2025 17:00:00 - 06/05/2025 18:00:00,BZN|CH,Without Sequence,126.8,,
06/05/2025 18:00:00 - 06/05/2025 19:00:00,BZN|CH,Without Sequence,136.04,,
06/05/2025 19:00:00 - 06/05/2025 20:00:00,BZN|CH,Without Sequence,120.83,,
06/05/2025 20:00:00 - 06/05/2025 21:00:00,BZN|CH,Without Sequence,106.81,,
06/05/2025 21:00:00 - 06/05/2025 22:00:00,BZN|CH,Without Sequence,96.99,,
06/05/2025 22:00:00 - 06/05/2025 23:00:00,BZN|CH,Without Sequence,89.6,,
06/05/2025 23:00:00 - 07/05/2025 00:00:00,BZN|CH,Without Sequence,88.69,,
07/05/2025 00:00:00 - 07/05/2025 01:00:00,BZN|CH,Without Sequence,86.83,,
07/05/2025 01:00:00 - 07/05/2025 02:00:00,BZN|CH,Without Sequence,86.85,,
07/05/2025 02:00:00 - 07/05/2025 03:00:00,BZN|CH,Without Sequence,87.96,,
07/05/2025 03:00:00 - 07/05/2025 04:00:00,BZN|CH,Without Sequence,96.95,,
07/05/2025 04:00:00 - 07/05/2025 05:00:00,BZN|CH,Without Sequence,115.59,,
07/05/2025 05:00:00 - 07/05/2025 06:00:00,BZN|CH,Without Sequence,136.87,,
07/05/2025 06:00:00 - 07/05/2025 07:00:00,BZN|CH,Without Sequence,108.49,,
07/05/2025 07:00:00 - 07/05/2025 08:00:00,BZN|CH,Without Sequence,94.93,,
07/05/2025 08:00:00 - 07/05/2025 09:00:00,BZN|CH,Without Sequence,81.01,,
07/05/2025 09:00:00 - 07/05/2025 10:00:00,BZN|CH,Without Sequence,70.03,,
07/05/2025 10:00:00 - 07/05/2025 11:00:00,BZN|CH,Without Sequence,61.46,,
07/05/2025 11:00:00 - 07/05/2025 12:00:00,BZN|CH,Without Sequence,58.48,,
07/05/2025 12:00:00 - 07/05/2025 13:00:00,BZN|CH,Without Sequence,61.94,,
07/05/2025 13:00:00 - 07/05/2025 14:00:00,BZN|CH,Without Sequence,69.04,,
07/05/2025 14:00:00 - 07/05/2025 15:00:00,BZN|CH,Without Sequence,82.9,,
07/05/2025 15:00:00 - 07/05/2025 16:00:00,BZN|CH,Without Sequence,94.78,,
07/05/2025 16:00:00 - 07/05/2025 17:00:00,BZN|CH,Without Sequence,107.15,,
07/05/2025 17:00:00 - 07/05/2025 18:00:00,BZN|CH,Without Sequence,128.61,,
07/05/2025 18:00:00 - 07/05/2025 19:00:00,BZN|CH,Without Sequence,140.9,,
07/05/2025 19:00:00 - 07/05/2025 20:00:00,BZN|CH,Without Sequence,120.48,,
07/05/2025 20:00:00 - 07/05/2025 21:00:00,BZN|CH,Without Sequence,106.35,,
07/05/2025 21:00:00 - 07/05/2025 22:00:00,BZN|CH,Without Sequence,94.58,,
07/05/2025 22:00:00 - 07/05/2025 23:00:00,BZN|CH,Without Sequence,89.83,,
07/05/2025 23:00:00 - 08/05/2025 00:00:00,BZN|CH,Without Sequence,85.73,,
08/05/2025 00:00:00 - 08/05/2025 01:00:00,BZN|CH,Without Sequence,84.52,,
08/05/2025 01:00:00 - 08/05/2025 02:00:00,BZN|CH,Without Sequence,84.46,,
08/05/2025 02:00:00 - 08/05/2025 03:00:00,BZN|CH,Without Sequence,86.88,,
08/05/2025 03:00:00 - 08/05/2025 04:00:00,BZN|CH,Without Sequence,96.45,,
08/05/2025 04:00:00 - 08/05/2025 05:00:00,BZN|CH,Without Sequence,110.6,,
08/05/2025 05:00:00 - 08/05/2025 06:00:00,BZN|CH,Without Sequence,133.36,,
08/05/2025 06:00:00 - 08/05/2025 07:00:00,BZN|CH,Without Sequence,119.21,,
08/05/2025 07:00:00 - 08/05/2025 08:00:00,BZN|CH,Without Sequence,94.17,,
08/05/2025 08:00:00 - 08/05/2025 09:00:00,BZN|CH,Without Sequence,78.44,,
08/05/2025 09:00:00 - 08/05/2025 10:00:00,BZN|CH,Without Sequence,69.93,,
08/05/2025 10:00:00 - 08/05/2025 11:00:00,BZN|CH,Without Sequence,62.2,,
08/05/2025 11:00:00 - 08/05/2025 12:00:00,BZN|CH,Without Sequence,64.31,,
08/05/2025 12:00:00 - 08/05/2025 13:00:00,BZN|CH,Without Sequence,70.31,,
08/05/2025 13:00:00 - 08/05/2025 14:00:00,BZN|CH,Without Sequence,71.73,,
08/05/2025 14:00:00 - 08/05/2025 15:00:00,BZN|CH,Without Sequence,77,,
08/05/2025 15:00:00 - 08/05/2025 16:00:00,BZN|CH,Without Sequence,94.19,,
08/05/2025 16:00:00 - 08/05/2025 17:00:00,BZN|CH,Without Sequence,102.87,,
08/05/2025 17:00:00 - 08/05/2025 18:00:00,BZN|CH,Without Sequence,131.29,,
08/05/2025 18:00:00 - 08/05/2025 19:00:00,BZN|CH,Without Sequence,144.46,,
08/05/2025 19:00:00 - 08/05/2025 20:00:00,BZN|CH,Without Sequence,126.43,,
08/05/2025 20:00:00 - 08/05/2025 21:00:00,BZN|CH,Without Sequence,111.05,,
08/05/2025 21:00:00 - 08/05/2025 22:00:00,BZN|CH,Without Sequence,99.98,,
08/05/2025 22:00:00 - 08/05/2025 23:00:00,BZN|CH,Without Sequence,99.82,,
08/05/2025 23:00:00 - 09/05/2025 00:00:00,BZN|CH,Without Sequence,96.16,,
09/05/2025 00:00:00 - 09/05/2025 01:00:00,BZN|CH,Without Sequence,95.35,,
09/05/2025 01:00:00 - 09/05/2025 02:00:00,BZN|CH,Without Sequence,94.9,,
09/05/2025 02:00:00 - 09/05/2025 03:00:00,BZN|CH,Without Sequence,96.38,,
09/05/2025 03:00:00 - 09/05/2025 04:00:00,BZN|CH,Without Sequence,106.49,,
09/05/2025 04:00:00 - 09/05/2025 05:00:00,BZN|CH,Without Sequence,125.05,,
09/05/2025 05:00:00 - 09/05/2025 06:00:00,BZN|CH,Without Sequence,133.24,,
09/05/2025 06:00:00 - 09/05/2025 07:00:00,BZN|CH,Without Sequence,101.98,,
09/05/2025 07:00:00 - 09/05/2025 08:00:00,BZN|CH,Without Sequence,86.5,,
09/05/2025 08:00:00 - 09/05/2025 09:00:00,BZN|CH,Without Sequence,70.3,,
09/05/2025 09:00:00 - 09/05/2025 10:00:00,BZN|CH,Without Sequence,66.09,,
09/05/2025 10:00:00 - 09/05/2025 11:00:00,BZN|CH,Without Sequence,66,,
09/05/2025 11:00:00 - 09/05/2025 12:00:00,BZN|CH,Without Sequence,54.81,,
09/05/2025 12:00:00 - 09/05/2025 13:00:00,BZN|CH,Without Sequence,53.01,,
09/05/2025 13:00:00 - 09/05/2025 14:00:00,BZN|CH,Without Sequence,61.04,,
09/05/2025 14:00:00 - 09/05/2025 15:00:00,BZN|CH,Without Sequence,67.07,,
09/05/2025 15:00:00 - 09/05/2025 16:00:00,BZN|CH,Without Sequence,84.01,,
09/05/2025 16:00:00 - 09/05/2025 17:00:00,BZN|CH,Without Sequence,95.42,,
09/05/2025 17:00:00 - 09/05/2025 18:00:00,BZN|CH,Without Sequence,109.08,,
09/05/2025 18:00:00 - 09/05/2025 19:00:00,BZN|CH,Without Sequence,117.14,,
09/05/2025 19:00:00 - 09/05/2025 20:00:00,BZN|CH,Without Sequence,105.66,,
09/05/2025 20:00:00 - 09/05/2025 21:00:00,BZN|CH,Without Sequence,105.66,,
09/05/2025 21:00:00 - 09/05/2025 22:00:00,BZN|CH,Without Sequence,96.98,,
09/05/2025 22:00:00 - 09/05/2025 23:00:00,BZN|CH,Without Sequence,102.48,,
09/05/2025 23:00:00 - 10/05/2025 00:00:00,BZN|CH,Without Sequence,99.65,,
10/05/2025 00:00:00 - 10/05/2025 01:00:00,BZN|CH,Without Sequence,96.91,,
10/05/2025 01:00:00 - 10/05/2025 02:00:00,BZN|CH,Without Sequence,96.73,,
10/05/2025 02:00:00 - 10/05/2025 03:00:00,BZN|CH,Without Sequence,96.58,,
10/05/2025 03:00:00 - 10/05/2025 04:00:00,BZN|CH,Without Sequence,99.85,,
10/05/2025 04:00:00 - 10/05/2025 05:00:00,BZN|CH,Without Sequence,99.05,,
10/05/2025 05:00:00 - 10/05/2025 06:00:00,BZN|CH,Without Sequence,93.89,,
10/05/2025 06:00:00 - 10/05/2025 07:00:00,BZN|CH,Without Sequence,68.32,,
10/05/2025 07:00:00 - 10/05/2025 08:00:00,BZN|CH,Without Sequence,16.09,,
10/05/2025 08:00:00 - 10/05/2025 09:00:00,BZN|CH,Without Sequence,-0.95,,
10/05/2025 09:00:00 - 10/05/2025 10:00:00,BZN|CH,Without Sequence,-7.17,,
10/05/2025 10:00:00 - 10/05/2025 11:00:00,BZN|CH,Without Sequence,-34.29,,
10/05/2025 11:00:00 - 10/05/2025 12:00:00,BZN|CH,Without Sequence,-59.95,,
10/05/2025 12:00:00 - 10/05/2025 13:00:00,BZN|CH,Without Sequence,-61.37,,
10/05/2025 13:00:00 - 10/05/2025 14:00:00,BZN|CH,Without Sequence,-26.57,,
10/05/2025 14:00:00 - 10/05/2025 15:00:00,BZN|CH,Without Sequence,-4.42,,
10/05/2025 15:00:00 - 10/05/2025 16:00:00,BZN|CH,Without Sequence,33.93,,
10/05/2025 16:00:00 - 10/05/2025 17:00:00,BZN|CH,Without Sequence,84.04,,
10/05/2025 17:00:00 - 10/05/2025 18:00:00,BZN|CH,Without Sequence,103.2,,
10/05/2025 18:00:00 - 10/05/2025 19:00:00,BZN|CH,Without Sequence,106.96,,
10/05/2025 19:00:00 - 10/05/2025 20:00:00,BZN|CH,Without Sequence,109.06,,
10/05/2025 20:00:00 - 10/05/2025 21:00:00,BZN|CH,Without Sequence,102.02,,
10/05/2025 21:00:00 - 10/05/2025 22:00:00,BZN|CH,Without Sequence,89.08,,
10/05/2025 22:00:00 - 10/05/2025 23:00:00,BZN|CH,Without Sequence,91.79,,
10/05/2025 23:00:00 - 11/05/2025 00:00:00,BZN|CH,Without Sequence,85.35,,
11/05/2025 00:00:00 - 11/05/2025 01:00:00,BZN|CH,Without Sequence,82.48,,
11/05/2025 01:00:00 - 11/05/2025 02:00:00,BZN|CH,Without Sequence,82.39,,
11/05/2025 02:00:00 - 11/05/2025 03:00:00,BZN|CH,Without Sequence,81.73,,
11/05/2025 03:00:00 - 11/05/2025 04:00:00,BZN|CH,Without Sequence,79.39,,
11/05/2025 04:00:00 - 11/05/2025 05:00:00,BZN|CH,Without Sequence,73.98,,
11/05/2025 05:00:00 - 11/05/2025 06:00:00,BZN|CH,Without Sequence,61.99,,
11/05/2025 06:00:00 - 11/05/2025 07:00:00,BZN|CH,Without Sequence,15.78,,
11/05/2025 07:00:00 - 11/05/2025 08:00:00,BZN|CH,Without Sequence,2.69,,
11/05/2025 08:00:00 - 11/05/2025 09:00:00,BZN|CH,Without Sequence,-30,,
11/05/2025 09:00:00 - 11/05/2025 10:00:00,BZN|CH,Without Sequence,-106.21,,
11/05/2025 10:00:00 - 11/05/2025 11:00:00,BZN|CH,Without Sequence,-222.61,,
11/05/2025 11:00:00 - 11/05/2025 12:00:00,BZN|CH,Without Sequence,-262.21,,
11/05/2025 12:00:00 - 11/05/2025 13:00:00,BZN|CH,Without Sequence,-261.6,,
11/05/2025 13:00:00 - 11/05/2025 14:00:00,BZN|CH,Without Sequence,-156.72,,
11/05/2025 14:00:00 - 11/05/2025 15:00:00,BZN|CH,Without Sequence,-39.26,,
11/05/2025 15:00:00 - 11/05/2025 16:00:00,BZN|CH,Without Sequence,6.27,,
11/05/2025 16:00:00 - 11/05/2025 17:00:00,BZN|CH,Without Sequence,65.59,,
11/05/2025 17:00:00 - 11/05/2025 18:00:00,BZN|CH,Without Sequence,97.08,,
11/05/2025 18:00:00 - 11/05/2025 19:00:00,BZN|CH,Without Sequence,103.59,,
11/05/2025 19:00:00 - 11/05/2025 20:00:00,BZN|CH,Without Sequence,101.03,,
11/05/2025 20:00:00 - 11/05/2025 21:00:00,BZN|CH,Without Sequence,84.58,,
11/05/2025 21:00:00 - 11/05/2025 22:00:00,BZN|CH,Without Sequence,75.19,,
11/05/2025 22:00:00 - 11/05/2025 23:00:00,BZN|CH,Without Sequence,74.18,,
11/05/2025 23:00:00 - 12/05/2025 00:00:00,BZN|CH,Without Sequence,71.9,,
12/05/2025 00:00:00 - 12/05/2025 01:00:00,BZN|CH,Without Sequence,70.51,,
12/05/2025 01:00:00 - 12/05/2025 02:00:00,BZN|CH,Without Sequence,72.96,,
12/05/2025 02:00:00 - 12/05/2025 03:00:00,BZN|CH,Without Sequence,77.48,,
12/05/2025 03:00:00 - 12/05/2025 04:00:00,BZN|CH,Without Sequence,89.88,,
12/05/2025 04:00:00 - 12/05/2025 05:00:00,BZN|CH,Without Sequence,107.42,,
12/05/2025 05:00:00 - 12/05/2025 06:00:00,BZN|CH,Without Sequence,106.97,,
12/05/2025 06:00:00 - 12/05/2025 07:00:00,BZN|CH,Without Sequence,86.82,,
12/05/2025 07:00:00 - 12/05/2025 08:00:00,BZN|CH,Without Sequence,69.11,,
12/05/2025 08:00:00 - 12/05/2025 09:00:00,BZN|CH,Without Sequence,63.08,,
12/05/2025 09:00:00 - 12/05/2025 10:00:00,BZN|CH,Without Sequence,51.83,,
12/05/2025 10:00:00 - 12/05/2025 11:00:00,BZN|CH,Without Sequence,0.01,,
12/05/2025 11:00:00 - 12/05/2025 12:00:00,BZN|CH,Without Sequence,-0.93,,
12/05/2025 12:00:00 - 12/05/2025 13:00:00,BZN|CH,Without Sequence,18.53,,
12/05/2025 13:00:00 - 12/05/2025 14:00:00,BZN|CH,Without Sequence,47.55,,
12/05/2025 14:00:00 - 12/05/2025 15:00:00,BZN|CH,Without Sequence,59.1,,
12/05/2025 15:00:00 - 12/05/2025 16:00:00,BZN|CH,Without Sequence,69.55,,
12/05/2025 16:00:00 - 12/05/2025 17:00:00,BZN|CH,Without Sequence,99.65,,
12/05/2025 17:00:00 - 12/05/2025 18:00:00,BZN|CH,Without Sequence,113.1,,
12/05/2025 18:00:00 - 12/05/2025 19:00:00,BZN|CH,Without Sequence,113,,
12/05/2025 19:00:00 - 12/05/2025 20:00:00,BZN|CH,Without Sequence,112.4,,
12/05/2025 20:00:00 - 12/05/2025 21:00:00,BZN|CH,Without Sequence,98.14,,
12/05/2025 21:00:00 - 12/05/2025 22:00:00,BZN|CH,Without Sequence,87.24,,
12/05/2025 22:00:00 - 12/05/2025 23:00:00,BZN|CH,Without Sequence,87.8,,
12/05/2025 23:00:00 - 13/05/2025 00:00:00,BZN|CH,Without Sequence,87.79,,
13/05/2025 00:00:00 - 13/05/2025 01:00:00,BZN|CH,Without Sequence,88.27,,
13/05/2025 01:00:00 - 13/05/2025 02:00:00,BZN|CH,Without Sequence,90.52,,
13/05/2025 02:00:00 - 13/05/2025 03:00:00,BZN|CH,Without Sequence,93.25,,
13/05/2025 03:00:00 - 13/05/2025 04:00:00,BZN|CH,Without Sequence,106.9,,
13/05/2025 04:00:00 - 13/05/2025 05:00:00,BZN|CH,Without Sequence,119.99,,
13/05/2025 05:00:00 - 13/05/2025 06:00:00,BZN|CH,Without Sequence,143.42,,
13/05/2025 06:00:00 - 13/05/2025 07:00:00,BZN|CH,Without Sequence,104.66,,
13/05/2025 07:00:00 - 13/05/2025 08:00:00,BZN|CH,Without Sequence,79.31,,
13/05/2025 08:00:00 - 13/05/2025 09:00:00,BZN|CH,Without Sequence,39.93,,
13/05/2025 09:00:00 - 13/05/2025 10:00:00,BZN|CH,Without Sequence,19.43,,
13/05/2025 10:00:00 - 13/05/2025 11:00:00,BZN|CH,Without Sequence,-8.98,,
13/05/2025 11:00:00 - 13/05/2025 12:00:00,BZN|CH,Without Sequence,-10.86,,
13/05/2025 12:00:00 - 13/05/2025 13:00:00,BZN|CH,Without Sequence,-9.3,,
13/05/2025 13:00:00 - 13/05/2025 14:00:00,BZN|CH,Without Sequence,-0.14,,
13/05/2025 14:00:00 - 13/05/2025 15:00:00,BZN|CH,Without Sequence,14.94,,
13/05/2025 15:00:00 - 13/05/2025 16:00:00,BZN|CH,Without Sequence,77.07,,
13/05/2025 16:00:00 - 13/05/2025 17:00:00,BZN|CH,Without Sequence,109.97,,
13/05/2025 17:00:00 - 13/05/2025 18:00:00,BZN|CH,Without Sequence,123.91,,
13/05/2025 18:00:00 - 13/05/2025 19:00:00,BZN|CH,Without Sequence,122.49,,
13/05/2025 19:00:00 - 13/05/2025 20:00:00,BZN|CH,Without Sequence,131.24,,
13/05/2025 20:00:00 - 13/05/2025 21:00:00,BZN|CH,Without Sequence,109.34,,
13/05/2025 21:00:00 - 13/05/2025 22:00:00,BZN|CH,Without Sequence,100.84,,
13/05/2025 22:00:00 - 13/05/2025 23:00:00,BZN|CH,Without Sequence,100.38,,
13/05/2025 23:00:00 - 14/05/2025 00:00:00,BZN|CH,Without Sequence,97.79,,
14/05/2025 00:00:00 - 14/05/2025 01:00:00,BZN|CH,Without Sequence,95.45,,
14/05/2025 01:00:00 - 14/05/2025 02:00:00,BZN|CH,Without Sequence,95.36,,
14/05/2025 02:00:00 - 14/05/2025 03:00:00,BZN|CH,Without Sequence,99.29,,
14/05/2025 03:00:00 - 14/05/2025 04:00:00,BZN|CH,Without Sequence,104.29,,
14/05/2025 04:00:00 - 14/05/2025 05:00:00,BZN|CH,Without Sequence,119.46,,
14/05/2025 05:00:00 - 14/05/2025 06:00:00,BZN|CH,Without Sequence,118.05,,
14/05/2025 06:00:00 - 14/05/2025 07:00:00,BZN|CH,Without Sequence,91.1,,
14/05/2025 07:00:00 - 14/05/2025 08:00:00,BZN|CH,Without Sequence,67.96,,
14/05/2025 08:00:00 - 14/05/2025 09:00:00,BZN|CH,Without Sequence,8.28,,
14/05/2025 09:00:00 - 14/05/2025 10:00:00,BZN|CH,Without Sequence,5.05,,
14/05/2025 10:00:00 - 14/05/2025 11:00:00,BZN|CH,Without Sequence,1.28,,
14/05/2025 11:00:00 - 14/05/2025 12:00:00,BZN|CH,Without Sequence,-2.99,,
14/05/2025 12:00:00 - 14/05/2025 13:00:00,BZN|CH,Without Sequence,2.6,,
14/05/2025 13:00:00 - 14/05/2025 14:00:00,BZN|CH,Without Sequence,3.97,,
14/05/2025 14:00:00 - 14/05/2025 15:00:00,BZN|CH,Without Sequence,4.48,,
14/05/2025 15:00:00 - 14/05/2025 16:00:00,BZN|CH,Without Sequence,59.69,,
14/05/2025 16:00:00 - 14/05/2025 17:00:00,BZN|CH,Without Sequence,91.62,,
14/05/2025 17:00:00 - 14/05/2025 18:00:00,BZN|CH,Without Sequence,116.26,,
14/05/2025 18:00:00 - 14/05/2025 19:00:00,BZN|CH,Without Sequence,122.06,,
14/05/2025 19:00:00 - 14/05/2025 20:00:00,BZN|CH,Without Sequence,113.94,,
14/05/2025 20:00:00 - 14/05/2025 21:00:00,BZN|CH,Without Sequence,100.17,,
14/05/2025 21:00:00 - 14/05/2025 22:00:00,BZN|CH,Without Sequence,89.75,,
14/05/2025 22:00:00 - 14/05/2025 23:00:00,BZN|CH,Without Sequence,92.71,,
14/05/2025 23:00:00 - 15/05/2025 00:00:00,BZN|CH,Without Sequence,86.26,,
15/05/2025 00:00:00 - 15/05/2025 01:00:00,BZN|CH,Without Sequence,86.37,,
15/05/2025 01:00:00 - 15/05/2025 02:00:00,BZN|CH,Without Sequence,86.93,,
15/05/2025 02:00:00 - 15/05/2025 03:00:00,BZN|CH,Without Sequence,87.45,,
15/05/2025 03:00:00 - 15/05/2025 04:00:00,BZN|CH,Without Sequence,90.01,,
15/05/2025 04:00:00 - 15/05/2025 05:00:00,BZN|CH,Without Sequence,105.39,,
15/05/2025 05:00:00 - 15/05/2025 06:00:00,BZN|CH,Without Sequence,112.27,,
15/05/2025 06:00:00 - 15/05/2025 07:00:00,BZN|CH,Without Sequence,94.99,,
15/05/2025 07:00:00 - 15/05/2025 08:00:00,BZN|CH,Without Sequence,64.39,,
15/05/2025 08:00:00 - 15/05/2025 09:00:00,BZN|CH,Without Sequence,14.87,,
15/05/2025 09:00:00 - 15/05/2025 10:00:00,BZN|CH,Without Sequence,0.43,,
15/05/2025 10:00:00 - 15/05/2025 11:00:00,BZN|CH,Without Sequence,-0.99,,
15/05/2025 11:00:00 - 15/05/2025 12:00:00,BZN|CH,Without Sequence,-3,,
15/05/2025 12:00:00 - 15/05/2025 13:00:00,BZN|CH,Without Sequence,-1,,
15/05/2025 13:00:00 - 15/05/2025 14:00:00,BZN|CH,Without Sequence,43.05,,
15/05/2025 14:00:00 - 15/05/2025 15:00:00,BZN|CH,Without Sequence,40.7,,
15/05/2025 15:00:00 - 15/05/2025 16:00:00,BZN|CH,Without Sequence,70.71,,
15/05/2025 16:00:00 - 15/05/2025 17:00:00,BZN|CH,Without Sequence,86.44,,
15/05/2025 17:00:00 - 15/05/2025 18:00:00,BZN|CH,Without Sequence,106.14,,
15/05/2025 18:00:00 - 15/05/2025 19:00:00,BZN|CH,Without Sequence,120.05,,
15/05/2025 19:00:00 - 15/05/2025 20:00:00,BZN|CH,Without Sequence,115.09,,
15/05/2025 20:00:00 - 15/05/2025 21:00:00,BZN|CH,Without Sequence,104.03,,
15/05/2025 21:00:00 - 15/05/2025 22:00:00,BZN|CH,Without Sequence,95.98,,
15/05/2025 22:00:00 - 15/05/2025 23:00:00,BZN|CH,Without Sequence,96.58,,
15/05/2025 23:00:00 - 16/05/2025 00:00:00,BZN|CH,Without Sequence,93.47,,
16/05/2025 00:00:00 - 16/05/2025 01:00:00,BZN|CH,Without Sequence,90.55,,
16/05/2025 01:00:00 - 16/05/2025 02:00:00,BZN|CH,Without Sequence,89.25,,
16/05/2025 02:00:00 - 16/05/2025 03:00:00,BZN|CH,Without Sequence,90.8,,
16/05/2025 03:00:00 - 16/05/2025 04:00:00,BZN|CH,Without Sequence,97.07,,
16/05/2025 04:00:00 - 16/05/2025 05:00:00,BZN|CH,Without Sequence,115.01,,
16/05/2025 05:00:00 - 16/05/2025 06:00:00,BZN|CH,Without Sequence,116.55,,
16/05/2025 06:00:00 - 16/05/2025 07:00:00,BZN|CH,Without Sequence,101.2,,
16/05/2025 07:00:00 - 16/05/2025 08:00:00,BZN|CH,Without Sequence,74.83,,
16/05/2025 08:00:00 - 16/05/2025 09:00:00,BZN|CH,Without Sequence,25.76,,
16/05/2025 09:00:00 - 16/05/2025 10:00:00,BZN|CH,Without Sequence,12,,
16/05/2025 10:00:00 - 16/05/2025 11:00:00,BZN|CH,Without Sequence,9.64,,
16/05/2025 11:00:00 - 16/05/2025 12:00:00,BZN|CH,Without Sequence,3.72,,
16/05/2025 12:00:00 - 16/05/2025 13:00:00,BZN|CH,Without Sequence,6.83,,
16/05/2025 13:00:00 - 16/05/2025 14:00:00,BZN|CH,Without Sequence,6.08,,
16/05/2025 14:00:00 - 16/05/2025 15:00:00,BZN|CH,Without Sequence,21.08,,
16/05/2025 15:00:00 - 16/05/2025 16:00:00,BZN|CH,Without Sequence,67.29,,
16/05/2025 16:00:00 - 16/05/2025 17:00:00,BZN|CH,Without Sequence,91.57,,
16/05/2025 17:00:00 - 16/05/2025 18:00:00,BZN|CH,Without Sequence,112.68,,
16/05/2025 18:00:00 - 16/05/2025 19:00:00,BZN|CH,Without Sequence,121.97,,
16/05/2025 19:00:00 - 16/05/2025 20:00:00,BZN|CH,Without Sequence,127.89,,
16/05/2025 20:00:00 - 16/05/2025 21:00:00,BZN|CH,Without Sequence,113.38,,
16/05/2025 21:00:00 - 16/05/2025 22:00:00,BZN|CH,Without Sequence,100.59,,
16/05/2025 22:00:00 - 16/05/2025 23:00:00,BZN|CH,Without Sequence,97.76,,
16/05/2025 23:00:00 - 17/05/2025 00:00:00,BZN|CH,Without Sequence,93,,
17/05/2025 00:00:00 - 17/05/2025 01:00:00,BZN|CH,Without Sequence,90.4,,
17/05/2025 01:00:00 - 17/05/2025 02:00:00,BZN|CH,Without Sequence,90.39,,
17/05/2025 02:00:00 - 17/05/2025 03:00:00,BZN|CH,Without Sequence,90.76,,
17/05/2025 03:00:00 - 17/05/2025 04:00:00,BZN|CH,Without Sequence,89.99,,
17/05/2025 04:00:00 - 17/05/2025 05:00:00,BZN|CH,Without Sequence,82.94,,
17/05/2025 05:00:00 - 17/05/2025 06:00:00,BZN|CH,Without Sequence,78.14,,
17/05/2025 06:00:00 - 17/05/2025 07:00:00,BZN|CH,Without Sequence,53.54,,
17/05/2025 07:00:00 - 17/05/2025 08:00:00,BZN|CH,Without Sequence,5.78,,
17/05/2025 08:00:00 - 17/05/2025 09:00:00,BZN|CH,Without Sequence,-1.98,,
17/05/2025 09:00:00 - 17/05/2025 10:00:00,BZN|CH,Without Sequence,-6.56,,
17/05/2025 10:00:00 - 17/05/2025 11:00:00,BZN|CH,Without Sequence,-14.98,,
17/05/2025 11:00:00 - 17/05/2025 12:00:00,BZN|CH,Without Sequence,-31.84,,
17/05/2025 12:00:00 - 17/05/2025 13:00:00,BZN|CH,Without Sequence,-33.34,,
17/05/2025 13:00:00 - 17/05/2025 14:00:00,BZN|CH,Without Sequence,-12.51,,
17/05/2025 14:00:00 - 17/05/2025 15:00:00,BZN|CH,Without Sequence,-4.42,,
17/05/2025 15:00:00 - 17/05/2025 16:00:00,BZN|CH,Without Sequence,9.31,,
17/05/2025 16:00:00 - 17/05/2025 17:00:00,BZN|CH,Without Sequence,70.98,,
17/05/2025 17:00:00 - 17/05/2025 18:00:00,BZN|CH,Without Sequence,99.44,,
17/05/2025 18:00:00 - 17/05/2025 19:00:00,BZN|CH,Without Sequence,109,,
17/05/2025 19:00:00 - 17/05/2025 20:00:00,BZN|CH,Without Sequence,115.99,,
17/05/2025 20:00:00 - 17/05/2025 21:00:00,BZN|CH,Without Sequence,112.97,,
17/05/2025 21:00:00 - 17/05/2025 22:00:00,BZN|CH,Without Sequence,102.98,,
17/05/2025 22:00:00 - 17/05/2025 23:00:00,BZN|CH,Without Sequence,97.59,,
17/05/2025 23:00:00 - 18/05/2025 00:00:00,BZN|CH,Without Sequence,94.5,,
18/05/2025 00:00:00 - 18/05/2025 01:00:00,BZN|CH,Without Sequence,90.07,,
18/05/2025 01:00:00 - 18/05/2025 02:00:00,BZN|CH,Without Sequence,87.24,,
18/05/2025 02:00:00 - 18/05/2025 03:00:00,BZN|CH,Without Sequence,89.38,,
18/05/2025 03:00:00 - 18/05/2025 04:00:00,BZN|CH,Without Sequence,90.93,,
18/05/2025 04:00:00 - 18/05/2025 05:00:00,BZN|CH,Without Sequence,88.46,,
18/05/2025 05:00:00 - 18/05/2025 06:00:00,BZN|CH,Without Sequence,80.61,,
18/05/2025 06:00:00 - 18/05/2025 07:00:00,BZN|CH,Without Sequence,47.93,,
18/05/2025 07:00:00 - 18/05/2025 08:00:00,BZN|CH,Without Sequence,4.91,,
18/05/2025 08:00:00 - 18/05/2025 09:00:00,BZN|CH,Without Sequence,-1.17,,
18/05/2025 09:00:00 - 18/05/2025 10:00:00,BZN|CH,Without Sequence,-2.88,,
18/05/2025 10:00:00 - 18/05/2025 11:00:00,BZN|CH,Without Sequence,-10.83,,
18/05/2025 11:00:00 - 18/05/2025 12:00:00,BZN|CH,Without Sequence,-20.14,,
18/05/2025 12:00:00 - 18/05/2025 13:00:00,BZN|CH,Without Sequence,-22.81,,
18/05/2025 13:00:00 - 18/05/2025 14:00:00,BZN|CH,Without Sequence,-13.04,,
18/05/2025 14:00:00 - 18/05/2025 15:00:00,BZN|CH,Without Sequence,-1.38,,
18/05/2025 15:00:00 - 18/05/2025 16:00:00,BZN|CH,Without Sequence,1.19,,
18/05/2025 16:00:00 - 18/05/2025 17:00:00,BZN|CH,Without Sequence,75.64,,
18/05/2025 17:00:00 - 18/05/2025 18:00:00,BZN|CH,Without Sequence,107.66,,
18/05/2025 18:00:00 - 18/05/2025 19:00:00,BZN|CH,Without Sequence,110.04,,
18/05/2025 19:00:00 - 18/05/2025 20:00:00,BZN|CH,Without Sequence,109.42,,
18/05/2025 20:00:00 - 18/05/2025 21:00:00,BZN|CH,Without Sequence,109.79,,
18/05/2025 21:00:00 - 18/05/2025 22:00:00,BZN|CH,Without Sequence,105.72,,
18/05/2025 22:00:00 - 18/05/2025 23:00:00,BZN|CH,Without Sequence,99.75,,
18/05/2025 23:00:00 - 19/05/2025 00:00:00,BZN|CH,Without Sequence,95.6,,
19/05/2025 00:00:00 - 19/05/2025 01:00:00,BZN|CH,Without Sequence,92.78,,
19/05/2025 01:00:00 - 19/05/2025 02:00:00,BZN|CH,Without Sequence,93.11,,
19/05/2025 02:00:00 - 19/05/2025 03:00:00,BZN|CH,Without Sequence,95.01,,
19/05/2025 03:00:00 - 19/05/2025 04:00:00,BZN|CH,Without Sequence,101.85,,
19/05/2025 04:00:00 - 19/05/2025 05:00:00,BZN|CH,Without Sequence,119.59,,
19/05/2025 05:00:00 - 19/05/2025 06:00:00,BZN|CH,Without Sequence,134.05,,
19/05/2025 06:00:00 - 19/05/2025 07:00:00,BZN|CH,Without Sequence,108.88,,
19/05/2025 07:00:00 - 19/05/2025 08:00:00,BZN|CH,Without Sequence,90.92,,
19/05/2025 08:00:00 - 19/05/2025 09:00:00,BZN|CH,Without Sequence,68.36,,
19/05/2025 09:00:00 - 19/05/2025 10:00:00,BZN|CH,Without Sequence,37.05,,
19/05/2025 10:00:00 - 19/05/2025 11:00:00,BZN|CH,Without Sequence,14.29,,
19/05/2025 11:00:00 - 19/05/2025 12:00:00,BZN|CH,Without Sequence,8.49,,
19/05/2025 12:00:00 - 19/05/2025 13:00:00,BZN|CH,Without Sequence,8.82,,
19/05/2025 13:00:00 - 19/05/2025 14:00:00,BZN|CH,Without Sequence,27.3,,
19/05/2025 14:00:00 - 19/05/2025 15:00:00,BZN|CH,Without Sequence,68.22,,
19/05/2025 15:00:00 - 19/05/2025 16:00:00,BZN|CH,Without Sequence,87.85,,
19/05/2025 16:00:00 - 19/05/2025 17:00:00,BZN|CH,Without Sequence,111.78,,
19/05/2025 17:00:00 - 19/05/2025 18:00:00,BZN|CH,Without Sequence,149.41,,
19/05/2025 18:00:00 - 19/05/2025 19:00:00,BZN|CH,Without Sequence,173.75,,
19/05/2025 19:00:00 - 19/05/2025 20:00:00,BZN|CH,Without Sequence,152.98,,
19/05/2025 20:00:00 - 19/05/2025 21:00:00,BZN|CH,Without Sequence,123.72,,
19/05/2025 21:00:00 - 19/05/2025 22:00:00,BZN|CH,Without Sequence,112.69,,
19/05/2025 22:00:00 - 19/05/2025 23:00:00,BZN|CH,Without Sequence,112.25,,
19/05/2025 23:00:00 - 20/05/2025 00:00:00,BZN|CH,Without Sequence,107.26,,
20/05/2025 00:00:00 - 20/05/2025 01:00:00,BZN|CH,Without Sequence,104.4,,
20/05/2025 01:00:00 - 20/05/2025 02:00:00,BZN|CH,Without Sequence,104.66,,
20/05/2025 02:00:00 - 20/05/2025 03:00:00,BZN|CH,Without Sequence,105.51,,
20/05/2025 03:00:00 - 20/05/2025 04:00:00,BZN|CH,Without Sequence,113.03,,
20/05/2025 04:00:00 - 20/05/2025 05:00:00,BZN|CH,Without Sequence,143.79,,
20/05/2025 05:00:00 - 20/05/2025 06:00:00,BZN|CH,Without Sequence,138.41,,
20/05/2025 06:00:00 - 20/05/2025 07:00:00,BZN|CH,Without Sequence,109.55,,
20/05/2025 07:00:00 - 20/05/2025 08:00:00,BZN|CH,Without Sequence,86.38,,
20/05/2025 08:00:00 - 20/05/2025 09:00:00,BZN|CH,Without Sequence,61.06,,
20/05/2025 09:00:00 - 20/05/2025 10:00:00,BZN|CH,Without Sequence,28.88,,
20/05/2025 10:00:00 - 20/05/2025 11:00:00,BZN|CH,Without Sequence,12.42,,
20/05/2025 11:00:00 - 20/05/2025 12:00:00,BZN|CH,Without Sequence,10.14,,
20/05/2025 12:00:00 - 20/05/2025 13:00:00,BZN|CH,Without Sequence,11.89,,
20/05/2025 13:00:00 - 20/05/2025 14:00:00,BZN|CH,Without Sequence,39.78,,
20/05/2025 14:00:00 - 20/05/2025 15:00:00,BZN|CH,Without Sequence,74.84,,
20/05/2025 15:00:00 - 20/05/2025 16:00:00,BZN|CH,Without Sequence,91.03,,
20/05/2025 16:00:00 - 20/05/2025 17:00:00,BZN|CH,Without Sequence,111.65,,
20/05/2025 17:00:00 - 20/05/2025 18:00:00,BZN|CH,Without Sequence,140.83,,
20/05/2025 18:00:00 - 20/05/2025 19:00:00,BZN|CH,Without Sequence,169,,
20/05/2025 19:00:00 - 20/05/2025 20:00:00,BZN|CH,Without Sequence,147.19,,
20/05/2025 20:00:00 - 20/05/2025 21:00:00,BZN|CH,Without Sequence,123,,
20/05/2025 21:00:00 - 20/05/2025 22:00:00,BZN|CH,Without Sequence,109.09,,
20/05/2025 22:00:00 - 20/05/2025 23:00:00,BZN|CH,Without Sequence,106.36,,
20/05/2025 23:00:00 - 21/05/2025 00:00:00,BZN|CH,Without Sequence,102.49,,
21/05/2025 00:00:00 - 21/05/2025 01:00:00,BZN|CH,Without Sequence,100.49,,
21/05/2025 01:00:00 - 21/05/2025 02:00:00,BZN|CH,Without Sequence,98.96,,
21/05/2025 02:00:00 - 21/05/2025 03:00:00,BZN|CH,Without Sequence,98.97,,
21/05/2025 03:00:00 - 21/05/2025 04:00:00,BZN|CH,Without Sequence,102.38,,
21/05/2025 04:00:00 - 21/05/2025 05:00:00,BZN|CH,Without Sequence,110.89,,
21/05/2025 05:00:00 - 21/05/2025 06:00:00,BZN|CH,Without Sequence,116.83,,
21/05/2025 06:00:00 - 21/05/2025 07:00:00,BZN|CH,Without Sequence,102.33,,
21/05/2025 07:00:00 - 21/05/2025 08:00:00,BZN|CH,Without Sequence,94.01,,
21/05/2025 08:00:00 - 21/05/2025 09:00:00,BZN|CH,Without Sequence,89.92,,
21/05/2025 09:00:00 - 21/05/2025 10:00:00,BZN|CH,Without Sequence,79.97,,
21/05/2025 10:00:00 - 21/05/2025 11:00:00,BZN|CH,Without Sequence,76.07,,
21/05/2025 11:00:00 - 21/05/2025 12:00:00,BZN|CH,Without Sequence,75.4,,
21/05/2025 12:00:00 - 21/05/2025 13:00:00,BZN|CH,Without Sequence,75.21,,
21/05/2025 13:00:00 - 21/05/2025 14:00:00,BZN|CH,Without Sequence,76.18,,
21/05/2025 14:00:00 - 21/05/2025 15:00:00,BZN|CH,Without Sequence,84.61,,
21/05/2025 15:00:00 - 21/05/2025 16:00:00,BZN|CH,Without Sequence,100.2,,
21/05/2025 16:00:00 - 21/05/2025 17:00:00,BZN|CH,Without Sequence,110.01,,
21/05/2025 17:00:00 - 21/05/2025 18:00:00,BZN|CH,Without Sequence,114.02,,
21/05/2025 18:00:00 - 21/05/2025 19:00:00,BZN|CH,Without Sequence,131.57,,
21/05/2025 19:00:00 - 21/05/2025 20:00:00,BZN|CH,Without Sequence,114.96,,
21/05/2025 20:00:00 - 21/05/2025 21:00:00,BZN|CH,Without Sequence,104.93,,
21/05/2025 21:00:00 - 21/05/2025 22:00:00,BZN|CH,Without Sequence,100.26,,
21/05/2025 22:00:00 - 21/05/2025 23:00:00,BZN|CH,Without Sequence,96.17,,
21/05/2025 23:00:00 - 22/05/2025 00:00:00,BZN|CH,Without Sequence,92.28,,
22/05/2025 00:00:00 - 22/05/2025 01:00:00,BZN|CH,Without Sequence,90.8,,
22/05/2025 01:00:00 - 22/05/2025 02:00:00,BZN|CH,Without Sequence,89.46,,
22/05/2025 02:00:00 - 22/05/2025 03:00:00,BZN|CH,Without Sequence,88.98,,
22/05/2025 03:00:00 - 22/05/2025 04:00:00,BZN|CH,Without Sequence,95.26,,
22/05/2025 04:00:00 - 22/05/2025 05:00:00,BZN|CH,Without Sequence,107.33,,
22/05/2025 05:00:00 - 22/05/2025 06:00:00,BZN|CH,Without Sequence,115.61,,
22/05/2025 06:00:00 - 22/05/2025 07:00:00,BZN|CH,Without Sequence,108.57,,
22/05/2025 07:00:00 - 22/05/2025 08:00:00,BZN|CH,Without Sequence,103.23,,
22/05/2025 08:00:00 - 22/05/2025 09:00:00,BZN|CH,Without Sequence,103.61,,
22/05/2025 09:00:00 - 22/05/2025 10:00:00,BZN|CH,Without Sequence,102.06,,
22/05/2025 10:00:00 - 22/05/2025 11:00:00,BZN|CH,Without Sequence,96.08,,
22/05/2025 11:00:00 - 22/05/2025 12:00:00,BZN|CH,Without Sequence,94.93,,
22/05/2025 12:00:00 - 22/05/2025 13:00:00,BZN|CH,Without Sequence,96.8,,
22/05/2025 13:00:00 - 22/05/2025 14:00:00,BZN|CH,Without Sequence,95.96,,
22/05/2025 14:00:00 - 22/05/2025 15:00:00,BZN|CH,Without Sequence,94.97,,
22/05/2025 15:00:00 - 22/05/2025 16:00:00,BZN|CH,Without Sequence,96.66,,
22/05/2025 16:00:00 - 22/05/2025 17:00:00,BZN|CH,Without Sequence,102.94,,
22/05/2025 17:00:00 - 22/05/2025 18:00:00,BZN|CH,Without Sequence,111.77,,
22/05/2025 18:00:00 - 22/05/2025 19:00:00,BZN|CH,Without Sequence,118.98,,
22/05/2025 19:00:00 - 22/05/2025 20:00:00,BZN|CH,Without Sequence,119.11,,
22/05/2025 20:00:00 - 22/05/2025 21:00:00,BZN|CH,Without Sequence,108.99,,
22/05/2025 21:00:00 - 22/05/2025 22:00:00,BZN|CH,Without Sequence,100.95,,
22/05/2025 22:00:00 - 22/05/2025 23:00:00,BZN|CH,Without Sequence,101.79,,
22/05/2025 23:00:00 - 23/05/2025 00:00:00,BZN|CH,Without Sequence,97.57,,
23/05/2025 00:00:00 - 23/05/2025 01:00:00,BZN|CH,Without Sequence,93.23,,
23/05/2025 01:00:00 - 23/05/2025 02:00:00,BZN|CH,Without Sequence,94.11,,
23/05/2025 02:00:00 - 23/05/2025 03:00:00,BZN|CH,Without Sequence,94.96,,
23/05/2025 03:00:00 - 23/05/2025 04:00:00,BZN|CH,Without Sequence,101.86,,
23/05/2025 04:00:00 - 23/05/2025 05:00:00,BZN|CH,Without Sequence,116.12,,
23/05/2025 05:00:00 - 23/05/2025 06:00:00,BZN|CH,Without Sequence,120.99,,
23/05/2025 06:00:00 - 23/05/2025 07:00:00,BZN|CH,Without Sequence,108.25,,
23/05/2025 07:00:00 - 23/05/2025 08:00:00,BZN|CH,Without Sequence,86.34,,
23/05/2025 08:00:00 - 23/05/2025 09:00:00,BZN|CH,Without Sequence,81.08,,
23/05/2025 09:00:00 - 23/05/2025 10:00:00,BZN|CH,Without Sequence,76.93,,
23/05/2025 10:00:00 - 23/05/2025 11:00:00,BZN|CH,Without Sequence,60.49,,
23/05/2025 11:00:00 - 23/05/2025 12:00:00,BZN|CH,Without Sequence,56.59,,
23/05/2025 12:00:00 - 23/05/2025 13:00:00,BZN|CH,Without Sequence,54.88,,
23/05/2025 13:00:00 - 23/05/2025 14:00:00,BZN|CH,Without Sequence,63.78,,
23/05/2025 14:00:00 - 23/05/2025 15:00:00,BZN|CH,Without Sequence,78.61,,
23/05/2025 15:00:00 - 23/05/2025 16:00:00,BZN|CH,Without Sequence,86.22,,
23/05/2025 16:00:00 - 23/05/2025 17:00:00,BZN|CH,Without Sequence,95.6,,
23/05/2025 17:00:00 - 23/05/2025 18:00:00,BZN|CH,Without Sequence,113.19,,
23/05/2025 18:00:00 - 23/05/2025 19:00:00,BZN|CH,Without Sequence,143.43,,
23/05/2025 19:00:00 - 23/05/2025 20:00:00,BZN|CH,Without Sequence,140.93,,
23/05/2025 20:00:00 - 23/05/2025 21:00:00,BZN|CH,Without Sequence,117.24,,
23/05/2025 21:00:00 - 23/05/2025 22:00:00,BZN|CH,Without Sequence,102.1,,
23/05/2025 22:00:00 - 23/05/2025 23:00:00,BZN|CH,Without Sequence,106.49,,
23/05/2025 23:00:00 - 24/05/2025 00:00:00,BZN|CH,Without Sequence,100.15,,
24/05/2025 00:00:00 - 24/05/2025 01:00:00,BZN|CH,Without Sequence,97.16,,
24/05/2025 01:00:00 - 24/05/2025 02:00:00,BZN|CH,Without Sequence,96.2,,
24/05/2025 02:00:00 - 24/05/2025 03:00:00,BZN|CH,Without Sequence,97.45,,
24/05/2025 03:00:00 - 24/05/2025 04:00:00,BZN|CH,Without Sequence,98.22,,
24/05/2025 04:00:00 - 24/05/2025 05:00:00,BZN|CH,Without Sequence,97.23,,
24/05/2025 05:00:00 - 24/05/2025 06:00:00,BZN|CH,Without Sequence,93.5,,
24/05/2025 06:00:00 - 24/05/2025 07:00:00,BZN|CH,Without Sequence,76.51,,
24/05/2025 07:00:00 - 24/05/2025 08:00:00,BZN|CH,Without Sequence,32.53,,
24/05/2025 08:00:00 - 24/05/2025 09:00:00,BZN|CH,Without Sequence,0.07,,
24/05/2025 09:00:00 - 24/05/2025 10:00:00,BZN|CH,Without Sequence,1,,
24/05/2025 10:00:00 - 24/05/2025 11:00:00,BZN|CH,Without Sequence,-2.04,,
24/05/2025 11:00:00 - 24/05/2025 12:00:00,BZN|CH,Without Sequence,-2.05,,
24/05/2025 12:00:00 - 24/05/2025 13:00:00,BZN|CH,Without Sequence,-2.78,,
24/05/2025 13:00:00 - 24/05/2025 14:00:00,BZN|CH,Without Sequence,-1.38,,
24/05/2025 14:00:00 - 24/05/2025 15:00:00,BZN|CH,Without Sequence,2.25,,
24/05/2025 15:00:00 - 24/05/2025 16:00:00,BZN|CH,Without Sequence,56.04,,
24/05/2025 16:00:00 - 24/05/2025 17:00:00,BZN|CH,Without Sequence,92.8,,
24/05/2025 17:00:00 - 24/05/2025 18:00:00,BZN|CH,Without Sequence,103.84,,
24/05/2025 18:00:00 - 24/05/2025 19:00:00,BZN|CH,Without Sequence,116.31,,
24/05/2025 19:00:00 - 24/05/2025 20:00:00,BZN|CH,Without Sequence,110.37,,
24/05/2025 20:00:00 - 24/05/2025 21:00:00,BZN|CH,Without Sequence,102.46,,
24/05/2025 21:00:00 - 24/05/2025 22:00:00,BZN|CH,Without Sequence,94.26,,
24/05/2025 22:00:00 - 24/05/2025 23:00:00,BZN|CH,Without Sequence,71.7,,
24/05/2025 23:00:00 - 25/05/2025 00:00:00,BZN|CH,Without Sequence,69.5,,
25/05/2025 00:00:00 - 25/05/2025 01:00:00,BZN|CH,Without Sequence,60.92,,
25/05/2025 01:00:00 - 25/05/2025 02:00:00,BZN|CH,Without Sequence,56.53,,
25/05/2025 02:00:00 - 25/05/2025 03:00:00,BZN|CH,Without Sequence,39.06,,
25/05/2025 03:00:00 - 25/05/2025 04:00:00,BZN|CH,Without Sequence,27.56,,
25/05/2025 04:00:00 - 25/05/2025 05:00:00,BZN|CH,Without Sequence,9.46,,
25/05/2025 05:00:00 - 25/05/2025 06:00:00,BZN|CH,Without Sequence,4.16,,
25/05/2025 06:00:00 - 25/05/2025 07:00:00,BZN|CH,Without Sequence,1.77,,
25/05/2025 07:00:00 - 25/05/2025 08:00:00,BZN|CH,Without Sequence,4.02,,
25/05/2025 08:00:00 - 25/05/2025 09:00:00,BZN|CH,Without Sequence,0,,
25/05/2025 09:00:00 - 25/05/2025 10:00:00,BZN|CH,Without Sequence,-3,,
25/05/2025 10:00:00 - 25/05/2025 11:00:00,BZN|CH,Without Sequence,-8.37,,
25/05/2025 11:00:00 - 25/05/2025 12:00:00,BZN|CH,Without Sequence,-9.55,,
25/05/2025 12:00:00 - 25/05/2025 13:00:00,BZN|CH,Without Sequence,-14.72,,
25/05/2025 13:00:00 - 25/05/2025 14:00:00,BZN|CH,Without Sequence,-14.88,,
25/05/2025 14:00:00 - 25/05/2025 15:00:00,BZN|CH,Without Sequence,-4.99,,
25/05/2025 15:00:00 - 25/05/2025 16:00:00,BZN|CH,Without Sequence,1.81,,
25/05/2025 16:00:00 - 25/05/2025 17:00:00,BZN|CH,Without Sequence,66.12,,
25/05/2025 17:00:00 - 25/05/2025 18:00:00,BZN|CH,Without Sequence,78.93,,
25/05/2025 18:00:00 - 25/05/2025 19:00:00,BZN|CH,Without Sequence,96.15,,
25/05/2025 19:00:00 - 25/05/2025 20:00:00,BZN|CH,Without Sequence,100.03,,
25/05/2025 20:00:00 - 25/05/2025 21:00:00,BZN|CH,Without Sequence,98.55,,
25/05/2025 21:00:00 - 25/05/2025 22:00:00,BZN|CH,Without Sequence,92.75,,
25/05/2025 22:00:00 - 25/05/2025 23:00:00,BZN|CH,Without Sequence,84.44,,
25/05/2025 23:00:00 - 26/05/2025 00:00:00,BZN|CH,Without Sequence,75.12,,
26/05/2025 00:00:00 - 26/05/2025 01:00:00,BZN|CH,Without Sequence,71.03,,
26/05/2025 01:00:00 - 26/05/2025 02:00:00,BZN|CH,Without Sequence,71.73,,
26/05/2025 02:00:00 - 26/05/2025 03:00:00,BZN|CH,Without Sequence,76.16,,
26/05/2025 03:00:00 - 26/05/2025 04:00:00,BZN|CH,Without Sequence,88.03,,
26/05/2025 04:00:00 - 26/05/2025 05:00:00,BZN|CH,Without Sequence,110.84,,
26/05/2025 05:00:00 - 26/05/2025 06:00:00,BZN|CH,Without Sequence,118.83,,
26/05/2025 06:00:00 - 26/05/2025 07:00:00,BZN|CH,Without Sequence,95.8,,
26/05/2025 07:00:00 - 26/05/2025 08:00:00,BZN|CH,Without Sequence,86.06,,
26/05/2025 08:00:00 - 26/05/2025 09:00:00,BZN|CH,Without Sequence,72.61,,
26/05/2025 09:00:00 - 26/05/2025 10:00:00,BZN|CH,Without Sequence,65.21,,
26/05/2025 10:00:00 - 26/05/2025 11:00:00,BZN|CH,Without Sequence,50.03,,
26/05/2025 11:00:00 - 26/05/2025 12:00:00,BZN|CH,Without Sequence,45.08,,
26/05/2025 12:00:00 - 26/05/2025 13:00:00,BZN|CH,Without Sequence,45.07,,
26/05/2025 13:00:00 - 26/05/2025 14:00:00,BZN|CH,Without Sequence,48.95,,
26/05/2025 14:00:00 - 26/05/2025 15:00:00,BZN|CH,Without Sequence,67.4,,
26/05/2025 15:00:00 - 26/05/2025 16:00:00,BZN|CH,Without Sequence,85,,
26/05/2025 16:00:00 - 26/05/2025 17:00:00,BZN|CH,Without Sequence,95.67,,
26/05/2025 17:00:00 - 26/05/2025 18:00:00,BZN|CH,Without Sequence,121.09,,
26/05/2025 18:00:00 - 26/05/2025 19:00:00,BZN|CH,Without Sequence,158.33,,
26/05/2025 19:00:00 - 26/05/2025 20:00:00,BZN|CH,Without Sequence,151.35,,
26/05/2025 20:00:00 - 26/05/2025 21:00:00,BZN|CH,Without Sequence,116.76,,
26/05/2025 21:00:00 - 26/05/2025 22:00:00,BZN|CH,Without Sequence,97.3,,
26/05/2025 22:00:00 - 26/05/2025 23:00:00,BZN|CH,Without Sequence,94.46,,
26/05/2025 23:00:00 - 27/05/2025 00:00:00,BZN|CH,Without Sequence,87.94,,
27/05/2025 00:00:00 - 27/05/2025 01:00:00,BZN|CH,Without Sequence,84.5,,
27/05/2025 01:00:00 - 27/05/2025 02:00:00,BZN|CH,Without Sequence,83.6,,
27/05/2025 02:00:00 - 27/05/2025 03:00:00,BZN|CH,Without Sequence,83.59,,
27/05/2025 03:00:00 - 27/05/2025 04:00:00,BZN|CH,Without Sequence,86.89,,
27/05/2025 04:00:00 - 27/05/2025 05:00:00,BZN|CH,Without Sequence,93.19,,
27/05/2025 05:00:00 - 27/05/2025 06:00:00,BZN|CH,Without Sequence,98.91,,
27/05/2025 06:00:00 - 27/05/2025 07:00:00,BZN|CH,Without Sequence,95.94,,
27/05/2025 07:00:00 - 27/05/2025 08:00:00,BZN|CH,Without Sequence,83.39,,
27/05/2025 08:00:00 - 27/05/2025 09:00:00,BZN|CH,Without Sequence,82.95,,
27/05/2025 09:00:00 - 27/05/2025 10:00:00,BZN|CH,Without Sequence,82.51,,
27/05/2025 10:00:00 - 27/05/2025 11:00:00,BZN|CH,Without Sequence,69.59,,
27/05/2025 11:00:00 - 27/05/2025 12:00:00,BZN|CH,Without Sequence,68.85,,
27/05/2025 12:00:00 - 27/05/2025 13:00:00,BZN|CH,Without Sequence,73.8,,
27/05/2025 13:00:00 - 27/05/2025 14:00:00,BZN|CH,Without Sequence,68.73,,
27/05/2025 14:00:00 - 27/05/2025 15:00:00,BZN|CH,Without Sequence,72.31,,
27/05/2025 15:00:00 - 27/05/2025 16:00:00,BZN|CH,Without Sequence,86.59,,
27/05/2025 16:00:00 - 27/05/2025 17:00:00,BZN|CH,Without Sequence,104.8,,
27/05/2025 17:00:00 - 27/05/2025 18:00:00,BZN|CH,Without Sequence,118.1,,
27/05/2025 18:00:00 - 27/05/2025 19:00:00,BZN|CH,Without Sequence,143.32,,
27/05/2025 19:00:00 - 27/05/2025 20:00:00,BZN|CH,Without Sequence,126.44,,
27/05/2025 20:00:00 - 27/05/2025 21:00:00,BZN|CH,Without Sequence,103.36,,
27/05/2025 21:00:00 - 27/05/2025 22:00:00,BZN|CH,Without Sequence,93.19,,
27/05/2025 22:00:00 - 27/05/2025 23:00:00,BZN|CH,Without Sequence,82.55,,
27/05/2025 23:00:00 - 28/05/2025 00:00:00,BZN|CH,Without Sequence,73.98,,
28/05/2025 00:00:00 - 28/05/2025 01:00:00,BZN|CH,Without Sequence,73.05,,
28/05/2025 01:00:00 - 28/05/2025 02:00:00,BZN|CH,Without Sequence,74.6,,
28/05/2025 02:00:00 - 28/05/2025 03:00:00,BZN|CH,Without Sequence,73.86,,
28/05/2025 03:00:00 - 28/05/2025 04:00:00,BZN|CH,Without Sequence,76.72,,
28/05/2025 04:00:00 - 28/05/2025 05:00:00,BZN|CH,Without Sequence,90.23,,
28/05/2025 05:00:00 - 28/05/2025 06:00:00,BZN|CH,Without Sequence,94.57,,
28/05/2025 06:00:00 - 28/05/2025 07:00:00,BZN|CH,Without Sequence,93.11,,
28/05/2025 07:00:00 - 28/05/2025 08:00:00,BZN|CH,Without Sequence,79,,
28/05/2025 08:00:00 - 28/05/2025 09:00:00,BZN|CH,Without Sequence,74.61,,
28/05/2025 09:00:00 - 28/05/2025 10:00:00,BZN|CH,Without Sequence,75.03,,
28/05/2025 10:00:00 - 28/05/2025 11:00:00,BZN|CH,Without Sequence,73.96,,
28/05/2025 11:00:00 - 28/05/2025 12:00:00,BZN|CH,Without Sequence,74.8,,
28/05/2025 12:00:00 - 28/05/2025 13:00:00,BZN|CH,Without Sequence,77.78,,
28/05/2025 13:00:00 - 28/05/2025 14:00:00,BZN|CH,Without Sequence,78.01,,
28/05/2025 14:00:00 - 28/05/2025 15:00:00,BZN|CH,Without Sequence,79.02,,
28/05/2025 15:00:00 - 28/05/2025 16:00:00,BZN|CH,Without Sequence,81.99,,
28/05/2025 16:00:00 - 28/05/2025 17:00:00,BZN|CH,Without Sequence,92.92,,
28/05/2025 17:00:00 - 28/05/2025 18:00:00,BZN|CH,Without Sequence,103.03,,
28/05/2025 18:00:00 - 28/05/2025 19:00:00,BZN|CH,Without Sequence,128.07,,
28/05/2025 19:00:00 - 28/05/2025 20:00:00,BZN|CH,Without Sequence,120.94,,
28/05/2025 20:00:00 - 28/05/2025 21:00:00,BZN|CH,Without Sequence,107.95,,
28/05/2025 21:00:00 - 28/05/2025 22:00:00,BZN|CH,Without Sequence,95.03,,
28/05/2025 22:00:00 - 28/05/2025 23:00:00,BZN|CH,Without Sequence,92.34,,
28/05/2025 23:00:00 - 29/05/2025 00:00:00,BZN|CH,Without Sequence,87.84,,
29/05/2025 00:00:00 - 29/05/2025 01:00:00,BZN|CH,Without Sequence,86.87,,
29/05/2025 01:00:00 - 29/05/2025 02:00:00,BZN|CH,Without Sequence,86.49,,
29/05/2025 02:00:00 - 29/05/2025 03:00:00,BZN|CH,Without Sequence,83.91,,
29/05/2025 03:00:00 - 29/05/2025 04:00:00,BZN|CH,Without Sequence,84.09,,
29/05/2025 04:00:00 - 29/05/2025 05:00:00,BZN|CH,Without Sequence,82.26,,
29/05/2025 05:00:00 - 29/05/2025 06:00:00,BZN|CH,Without Sequence,77.99,,
29/05/2025 06:00:00 - 29/05/2025 07:00:00,BZN|CH,Without Sequence,71.52,,
29/05/2025 07:00:00 - 29/05/2025 08:00:00,BZN|CH,Without Sequence,35.88,,
29/05/2025 08:00:00 - 29/05/2025 09:00:00,BZN|CH,Without Sequence,3.84,,
29/05/2025 09:00:00 - 29/05/2025 10:00:00,BZN|CH,Without Sequence,-1.93,,
29/05/2025 10:00:00 - 29/05/2025 11:00:00,BZN|CH,Without Sequence,-2.99,,
29/05/2025 11:00:00 - 29/05/2025 12:00:00,BZN|CH,Without Sequence,-4.67,,
29/05/2025 12:00:00 - 29/05/2025 13:00:00,BZN|CH,Without Sequence,-4.73,,
29/05/2025 13:00:00 - 29/05/2025 14:00:00,BZN|CH,Without Sequence,-3,,
29/05/2025 14:00:00 - 29/05/2025 15:00:00,BZN|CH,Without Sequence,1.11,,
29/05/2025 15:00:00 - 29/05/2025 16:00:00,BZN|CH,Without Sequence,28.61,,
29/05/2025 16:00:00 - 29/05/2025 17:00:00,BZN|CH,Without Sequence,70.97,,
29/05/2025 17:00:00 - 29/05/2025 18:00:00,BZN|CH,Without Sequence,86.35,,
29/05/2025 18:00:00 - 29/05/2025 19:00:00,BZN|CH,Without Sequence,90.98,,
29/05/2025 19:00:00 - 29/05/2025 20:00:00,BZN|CH,Without Sequence,91.87,,
29/05/2025 20:00:00 - 29/05/2025 21:00:00,BZN|CH,Without Sequence,86.95,,
29/05/2025 21:00:00 - 29/05/2025 22:00:00,BZN|CH,Without Sequence,74.91,,
29/05/2025 22:00:00 - 29/05/2025 23:00:00,BZN|CH,Without Sequence,71.11,,
29/05/2025 23:00:00 - 30/05/2025 00:00:00,BZN|CH,Without Sequence,67.9,,
30/05/2025 00:00:00 - 30/05/2025 01:00:00,BZN|CH,Without Sequence,65.71,,
30/05/2025 01:00:00 - 30/05/2025 02:00:00,BZN|CH,Without Sequence,54.61,,
30/05/2025 02:00:00 - 30/05/2025 03:00:00,BZN|CH,Without Sequence,62.36,,
30/05/2025 03:00:00 - 30/05/2025 04:00:00,BZN|CH,Without Sequence,70.17,,
30/05/2025 04:00:00 - 30/05/2025 05:00:00,BZN|CH,Without Sequence,75.09,,
30/05/2025 05:00:00 - 30/05/2025 06:00:00,BZN|CH,Without Sequence,75.02,,
30/05/2025 06:00:00 - 30/05/2025 07:00:00,BZN|CH,Without Sequence,70.05,,
30/05/2025 07:00:00 - 30/05/2025 08:00:00,BZN|CH,Without Sequence,27.34,,
30/05/2025 08:00:00 - 30/05/2025 09:00:00,BZN|CH,Without Sequence,-0.21,,
30/05/2025 09:00:00 - 30/05/2025 10:00:00,BZN|CH,Without Sequence,-0.2,,
30/05/2025 10:00:00 - 30/05/2025 11:00:00,BZN|CH,Without Sequence,-2.99,,
30/05/2025 11:00:00 - 30/05/2025 12:00:00,BZN|CH,Without Sequence,-5.36,,
30/05/2025 12:00:00 - 30/05/2025 13:00:00,BZN|CH,Without Sequence,-8.31,,
30/05/2025 13:00:00 - 30/05/2025 14:00:00,BZN|CH,Without Sequence,-3.33,,
30/05/2025 14:00:00 - 30/05/2025 15:00:00,BZN|CH,Without Sequence,-0.51,,
30/05/2025 15:00:00 - 30/05/2025 16:00:00,BZN|CH,Without Sequence,13.2,,
30/05/2025 16:00:00 - 30/05/2025 17:00:00,BZN|CH,Without Sequence,70.92,,
30/05/2025 17:00:00 - 30/05/2025 18:00:00,BZN|CH,Without Sequence,96.4,,
30/05/2025 18:00:00 - 30/05/2025 19:00:00,BZN|CH,Without Sequence,101.03,,
30/05/2025 19:00:00 - 30/05/2025 20:00:00,BZN|CH,Without Sequence,114.41,,
30/05/2025 20:00:00 - 30/05/2025 21:00:00,BZN|CH,Without Sequence,107.6,,
30/05/2025 21:00:00 - 30/05/2025 22:00:00,BZN|CH,Without Sequence,95.7,,
30/05/2025 22:00:00 - 30/05/2025 23:00:00,BZN|CH,Without Sequence,99.61,,
30/05/2025 23:00:00 - 31/05/2025 00:00:00,BZN|CH,Without Sequence,95.98,,
31/05/2025 00:00:00 - 31/05/2025 01:00:00,BZN|CH,Without Sequence,95.12,,
31/05/2025 01:00:00 - 31/05/2025 02:00:00,BZN|CH,Without Sequence,94.53,,
31/05/2025 02:00:00 - 31/05/2025 03:00:00,BZN|CH,Without Sequence,94.34,,
31/05/2025 03:00:00 - 31/05/2025 04:00:00,BZN|CH,Without Sequence,93.91,,
31/05/2025 04:00:00 - 31/05/2025 05:00:00,BZN|CH,Without Sequence,93.19,,
31/05/2025 05:00:00 - 31/05/2025 06:00:00,BZN|CH,Without Sequence,88.73,,
31/05/2025 06:00:00 - 31/05/2025 07:00:00,BZN|CH,Without Sequence,63.23,,
31/05/2025 07:00:00 - 31/05/2025 08:00:00,BZN|CH,Without Sequence,13.43,,
31/05/2025 08:00:00 - 31/05/2025 09:00:00,BZN|CH,Without Sequence,-2.56,,
31/05/2025 09:00:00 - 31/05/2025 10:00:00,BZN|CH,Without Sequence,-3.05,,
31/05/2025 10:00:00 - 31/05/2025 11:00:00,BZN|CH,Without Sequence,-10.76,,
31/05/2025 11:00:00 - 31/05/2025 12:00:00,BZN|CH,Without Sequence,-14.56,,
31/05/2025 12:00:00 - 31/05/2025 13:00:00,BZN|CH,Without Sequence,-14.43,,
31/05/2025 13:00:00 - 31/05/2025 14:00:00,BZN|CH,Without Sequence,-3.76,,
31/05/2025 14:00:00 - 31/05/2025 15:00:00,BZN|CH,Without Sequence,1.3,,
31/05/2025 15:00:00 - 31/05/2025 16:00:00,BZN|CH,Without Sequence,48.16,,
31/05/2025 16:00:00 - 31/05/2025 17:00:00,BZN|CH,Without Sequence,91.48,,
31/05/2025 17:00:00 - 31/05/2025 18:00:00,BZN|CH,Without Sequence,95.19,,
31/05/2025 18:00:00 - 31/05/2025 19:00:00,BZN|CH,Without Sequence,93.87,,
31/05/2025 19:00:00 - 31/05/2025 20:00:00,BZN|CH,Without Sequence,99.38,,
31/05/2025 20:00:00 - 31/05/2025 21:00:00,BZN|CH,Without Sequence,100.37,,
31/05/2025 21:00:00 - 31/05/2025 22:00:00,BZN|CH,Without Sequence,99.97,,
31/05/2025 22:00:00 - 31/05/2025 23:00:00,BZN|CH,Without Sequence,85.49,,
31/05/2025 23:00:00 - 01/06/2025 00:00:00,BZN|CH,Without Sequence,83.97,,
01/06/2025 00:00:00 - 01/06/2025 01:00:00,BZN|CH,Without Sequence,76.03,,
01/06/2025 01:00:00 - 01/06/2025 02:00:00,BZN|CH,Without Sequence,70.46,,
01/06/2025 02:00:00 - 01/06/2025 03:00:00,BZN|CH,Without Sequence,69.8,,
01/06/2025 03:00:00 - 01/06/2025 04:00:00,BZN|CH,Without Sequence,66.11,,
01/06/2025 04:00:00 - 01/06/2025 05:00:00,BZN|CH,Without Sequence,60.7,,
01/06/2025 05:00:00 - 01/06/2025 06:00:00,BZN|CH,Without Sequence,35.8,,
01/06/2025 06:00:00 - 01/06/2025 07:00:00,BZN|CH,Without Sequence,8.88,,
01/06/2025 07:00:00 - 01/06/2025 08:00:00,BZN|CH,Without Sequence,-1.53,,
01/06/2025 08:00:00 - 01/06/2025 09:00:00,BZN|CH,Without Sequence,-3.22,,
01/06/2025 09:00:00 - 01/06/2025 10:00:00,BZN|CH,Without Sequence,-6.29,,
01/06/2025 10:00:00 - 01/06/2025 11:00:00,BZN|CH,Without Sequence,-10.33,,
01/06/2025 11:00:00 - 01/06/2025 12:00:00,BZN|CH,Without Sequence,-15.85,,
01/06/2025 12:00:00 - 01/06/2025 13:00:00,BZN|CH,Without Sequence,-19.56,,
01/06/2025 13:00:00 - 01/06/2025 14:00:00,BZN|CH,Without Sequence,-14.33,,
01/06/2025 14:00:00 - 01/06/2025 15:00:00,BZN|CH,Without Sequence,-7.08,,
01/06/2025 15:00:00 - 01/06/2025 16:00:00,BZN|CH,Without Sequence,2.06,,
01/06/2025 16:00:00 - 01/06/2025 17:00:00,BZN|CH,Without Sequence,42.68,,
01/06/2025 17:00:00 - 01/06/2025 18:00:00,BZN|CH,Without Sequence,73.77,,
01/06/2025 18:00:00 - 01/06/2025 19:00:00,BZN|CH,Without Sequence,91.6,,
01/06/2025 19:00:00 - 01/06/2025 20:00:00,BZN|CH,Without Sequence,87.49,,
01/06/2025 20:00:00 - 01/06/2025 21:00:00,BZN|CH,Without Sequence,87.5,,
01/06/2025 21:00:00 - 01/06/2025 22:00:00,BZN|CH,Without Sequence,84.95,,
01/06/2025 22:00:00 - 01/06/2025 23:00:00,BZN|CH,Without Sequence,81.8,,
01/06/2025 23:00:00 - 02/06/2025 00:00:00,BZN|CH,Without Sequence,76.52,,
02/06/2025 00:00:00 - 02/06/2025 01:00:00,BZN|CH,Without Sequence,71.14,,
02/06/2025 01:00:00 - 02/06/2025 02:00:00,BZN|CH,Without Sequence,68.85,,
02/06/2025 02:00:00 - 02/06/2025 03:00:00,BZN|CH,Without Sequence,67.83,,
02/06/2025 03:00:00 - 02/06/2025 04:00:00,BZN|CH,Without Sequence,82.9,,
02/06/2025 04:00:00 - 02/06/2025 05:00:00,BZN|CH,Without Sequence,95.26,,
02/06/2025 05:00:00 - 02/06/2025 06:00:00,BZN|CH,Without Sequence,104.99,,
02/06/2025 06:00:00 - 02/06/2025 07:00:00,BZN|CH,Without Sequence,103,,
02/06/2025 07:00:00 - 02/06/2025 08:00:00,BZN|CH,Without Sequence,81.49,,
02/06/2025 08:00:00 - 02/06/2025 09:00:00,BZN|CH,Without Sequence,66.45,,
02/06/2025 09:00:00 - 02/06/2025 10:00:00,BZN|CH,Without Sequence,56.31,,
02/06/2025 10:00:00 - 02/06/2025 11:00:00,BZN|CH,Without Sequence,39.78,,
02/06/2025 11:00:00 - 02/06/2025 12:00:00,BZN|CH,Without Sequence,29.29,,
02/06/2025 12:00:00 - 02/06/2025 13:00:00,BZN|CH,Without Sequence,30,,
02/06/2025 13:00:00 - 02/06/2025 14:00:00,BZN|CH,Without Sequence,41.39,,
02/06/2025 14:00:00 - 02/06/2025 15:00:00,BZN|CH,Without Sequence,48.95,,
02/06/2025 15:00:00 - 02/06/2025 16:00:00,BZN|CH,Without Sequence,84.22,,
02/06/2025 16:00:00 - 02/06/2025 17:00:00,BZN|CH,Without Sequence,99.48,,
02/06/2025 17:00:00 - 02/06/2025 18:00:00,BZN|CH,Without Sequence,113.03,,
02/06/2025 18:00:00 - 02/06/2025 19:00:00,BZN|CH,Without Sequence,111.4,,
02/06/2025 19:00:00 - 02/06/2025 20:00:00,BZN|CH,Without Sequence,105.14,,
02/06/2025 20:00:00 - 02/06/2025 21:00:00,BZN|CH,Without Sequence,104.99,,
02/06/2025 21:00:00 - 02/06/2025 22:00:00,BZN|CH,Without Sequence,101.48,,
02/06/2025 22:00:00 - 02/06/2025 23:00:00,BZN|CH,Without Sequence,100.2,,
02/06/2025 23:00:00 - 03/06/2025 00:00:00,BZN|CH,Without Sequence,94,,
03/06/2025 00:00:00 - 03/06/2025 01:00:00,BZN|CH,Without Sequence,92.1,,
03/06/2025 01:00:00 - 03/06/2025 02:00:00,BZN|CH,Without Sequence,90,,
03/06/2025 02:00:00 - 03/06/2025 03:00:00,BZN|CH,Without Sequence,91.09,,
03/06/2025 03:00:00 - 03/06/2025 04:00:00,BZN|CH,Without Sequence,101.99,,
03/06/2025 04:00:00 - 03/06/2025 05:00:00,BZN|CH,Without Sequence,110.03,,
03/06/2025 05:00:00 - 03/06/2025 06:00:00,BZN|CH,Without Sequence,104.95,,
03/06/2025 06:00:00 - 03/06/2025 07:00:00,BZN|CH,Without Sequence,84.65,,
03/06/2025 07:00:00 - 03/06/2025 08:00:00,BZN|CH,Without Sequence,65.09,,
03/06/2025 08:00:00 - 03/06/2025 09:00:00,BZN|CH,Without Sequence,25.18,,
03/06/2025 09:00:00 - 03/06/2025 10:00:00,BZN|CH,Without Sequence,58.24,,
03/06/2025 10:00:00 - 03/06/2025 11:00:00,BZN|CH,Without Sequence,53.95,,
03/06/2025 11:00:00 - 03/06/2025 12:00:00,BZN|CH,Without Sequence,54.51,,
03/06/2025 12:00:00 - 03/06/2025 13:00:00,BZN|CH,Without Sequence,50.06,,
03/06/2025 13:00:00 - 03/06/2025 14:00:00,BZN|CH,Without Sequence,27.01,,
03/06/2025 14:00:00 - 03/06/2025 15:00:00,BZN|CH,Without Sequence,35.04,,
03/06/2025 15:00:00 - 03/06/2025 16:00:00,BZN|CH,Without Sequence,63.91,,
03/06/2025 16:00:00 - 03/06/2025 17:00:00,BZN|CH,Without Sequence,82.08,,
03/06/2025 17:00:00 - 03/06/2025 18:00:00,BZN|CH,Without Sequence,96.53,,
03/06/2025 18:00:00 - 03/06/2025 19:00:00,BZN|CH,Without Sequence,113.01,,
03/06/2025 19:00:00 - 03/06/2025 20:00:00,BZN|CH,Without Sequence,113.2,,
03/06/2025 20:00:00 - 03/06/2025 21:00:00,BZN|CH,Without Sequence,94.65,,
03/06/2025 21:00:00 - 03/06/2025 22:00:00,BZN|CH,Without Sequence,82.59,,
03/06/2025 22:00:00 - 03/06/2025 23:00:00,BZN|CH,Without Sequence,83.09,,
03/06/2025 23:00:00 - 04/06/2025 00:00:00,BZN|CH,Without Sequence,76.58,,
04/06/2025 00:00:00 - 04/06/2025 01:00:00,BZN|CH,Without Sequence,71.6,,
04/06/2025 01:00:00 - 04/06/2025 02:00:00,BZN|CH,Without Sequence,73.44,,
04/06/2025 02:00:00 - 04/06/2025 03:00:00,BZN|CH,Without Sequence,74.27,,
04/06/2025 03:00:00 - 04/06/2025 04:00:00,BZN|CH,Without Sequence,82.22,,
04/06/2025 04:00:00 - 04/06/2025 05:00:00,BZN|CH,Without Sequence,94.16,,
04/06/2025 05:00:00 - 04/06/2025 06:00:00,BZN|CH,Without Sequence,79.93,,
04/06/2025 06:00:00 - 04/06/2025 07:00:00,BZN|CH,Without Sequence,82.69,,
04/06/2025 07:00:00 - 04/06/2025 08:00:00,BZN|CH,Without Sequence,69.31,,
04/06/2025 08:00:00 - 04/06/2025 09:00:00,BZN|CH,Without Sequence,49.3,,
04/06/2025 09:00:00 - 04/06/2025 10:00:00,BZN|CH,Without Sequence,22.7,,
04/06/2025 10:00:00 - 04/06/2025 11:00:00,BZN|CH,Without Sequence,14.35,,
04/06/2025 11:00:00 - 04/06/2025 12:00:00,BZN|CH,Without Sequence,12.93,,
04/06/2025 12:00:00 - 04/06/2025 13:00:00,BZN|CH,Without Sequence,18.59,,
04/06/2025 13:00:00 - 04/06/2025 14:00:00,BZN|CH,Without Sequence,39.15,,
04/06/2025 14:00:00 - 04/06/2025 15:00:00,BZN|CH,Without Sequence,65.64,,
04/06/2025 15:00:00 - 04/06/2025 16:00:00,BZN|CH,Without Sequence,85.12,,
04/06/2025 16:00:00 - 04/06/2025 17:00:00,BZN|CH,Without Sequence,100.02,,
04/06/2025 17:00:00 - 04/06/2025 18:00:00,BZN|CH,Without Sequence,100.97,,
04/06/2025 18:00:00 - 04/06/2025 19:00:00,BZN|CH,Without Sequence,101.69,,
04/06/2025 19:00:00 - 04/06/2025 20:00:00,BZN|CH,Without Sequence,103.78,,
04/06/2025 20:00:00 - 04/06/2025 21:00:00,BZN|CH,Without Sequence,100.91,,
04/06/2025 21:00:00 - 04/06/2025 22:00:00,BZN|CH,Without Sequence,95.05,,
04/06/2025 22:00:00 - 04/06/2025 23:00:00,BZN|CH,Without Sequence,82.9,,
04/06/2025 23:00:00 - 05/06/2025 00:00:00,BZN|CH,Without Sequence,81.83,,
05/06/2025 00:00:00 - 05/06/2025 01:00:00,BZN|CH,Without Sequence,78.96,,
05/06/2025 01:00:00 - 05/06/2025 02:00:00,BZN|CH,Without Sequence,76.34,,
05/06/2025 02:00:00 - 05/06/2025 03:00:00,BZN|CH,Without Sequence,79.97,,
05/06/2025 03:00:00 - 05/06/2025 04:00:00,BZN|CH,Without Sequence,84.9,,
05/06/2025 04:00:00 - 05/06/2025 05:00:00,BZN|CH,Without Sequence,87.19,,
05/06/2025 05:00:00 - 05/06/2025 06:00:00,BZN|CH,Without Sequence,79.78,,
05/06/2025 06:00:00 - 05/06/2025 07:00:00,BZN|CH,Without Sequence,82.04,,
05/06/2025 07:00:00 - 05/06/2025 08:00:00,BZN|CH,Without Sequence,82.76,,
05/06/2025 08:00:00 - 05/06/2025 09:00:00,BZN|CH,Without Sequence,66.8,,
05/06/2025 09:00:00 - 05/06/2025 10:00:00,BZN|CH,Without Sequence,41.7,,
05/06/2025 10:00:00 - 05/06/2025 11:00:00,BZN|CH,Without Sequence,17.62,,
05/06/2025 11:00:00 - 05/06/2025 12:00:00,BZN|CH,Without Sequence,5.7,,
05/06/2025 12:00:00 - 05/06/2025 13:00:00,BZN|CH,Without Sequence,8.6,,
05/06/2025 13:00:00 - 05/06/2025 14:00:00,BZN|CH,Without Sequence,19.95,,
05/06/2025 14:00:00 - 05/06/2025 15:00:00,BZN|CH,Without Sequence,47.87,,
05/06/2025 15:00:00 - 05/06/2025 16:00:00,BZN|CH,Without Sequence,78.28,,
05/06/2025 16:00:00 - 05/06/2025 17:00:00,BZN|CH,Without Sequence,67.18,,
05/06/2025 17:00:00 - 05/06/2025 18:00:00,BZN|CH,Without Sequence,68.47,,
05/06/2025 18:00:00 - 05/06/2025 19:00:00,BZN|CH,Without Sequence,66.8,,
05/06/2025 19:00:00 - 05/06/2025 20:00:00,BZN|CH,Without Sequence,68.89,,
05/06/2025 20:00:00 - 05/06/2025 21:00:00,BZN|CH,Without Sequence,67.8,,
05/06/2025 21:00:00 - 05/06/2025 22:00:00,BZN|CH,Without Sequence,68.63,,
05/06/2025 22:00:00 - 05/06/2025 23:00:00,BZN|CH,Without Sequence,64.38,,
05/06/2025 23:00:00 - 06/06/2025 00:00:00,BZN|CH,Without Sequence,59.42,,
06/06/2025 00:00:00 - 06/06/2025 01:00:00,BZN|CH,Without Sequence,54.07,,
06/06/2025 01:00:00 - 06/06/2025 02:00:00,BZN|CH,Without Sequence,49.92,,
06/06/2025 02:00:00 - 06/06/2025 03:00:00,BZN|CH,Without Sequence,47.31,,
06/06/2025 03:00:00 - 06/06/2025 04:00:00,BZN|CH,Without Sequence,54.07,,
06/06/2025 04:00:00 - 06/06/2025 05:00:00,BZN|CH,Without Sequence,63.06,,
06/06/2025 05:00:00 - 06/06/2025 06:00:00,BZN|CH,Without Sequence,67.24,,
06/06/2025 06:00:00 - 06/06/2025 07:00:00,BZN|CH,Without Sequence,51.99,,
06/06/2025 07:00:00 - 06/06/2025 08:00:00,BZN|CH,Without Sequence,16.95,,
06/06/2025 08:00:00 - 06/06/2025 09:00:00,BZN|CH,Without Sequence,-3.26,,
06/06/2025 09:00:00 - 06/06/2025 10:00:00,BZN|CH,Without Sequence,-4.35,,
06/06/2025 10:00:00 - 06/06/2025 11:00:00,BZN|CH,Without Sequence,-4.99,,
06/06/2025 11:00:00 - 06/06/2025 12:00:00,BZN|CH,Without Sequence,-7.8,,
06/06/2025 12:00:00 - 06/06/2025 13:00:00,BZN|CH,Without Sequence,-7.98,,
06/06/2025 13:00:00 - 06/06/2025 14:00:00,BZN|CH,Without Sequence,-4.23,,
06/06/2025 14:00:00 - 06/06/2025 15:00:00,BZN|CH,Without Sequence,0,,
06/06/2025 15:00:00 - 06/06/2025 16:00:00,BZN|CH,Without Sequence,9.96,,
06/06/2025 16:00:00 - 06/06/2025 17:00:00,BZN|CH,Without Sequence,59.33,,
06/06/2025 17:00:00 - 06/06/2025 18:00:00,BZN|CH,Without Sequence,91.2,,
06/06/2025 18:00:00 - 06/06/2025 19:00:00,BZN|CH,Without Sequence,88.6,,
06/06/2025 19:00:00 - 06/06/2025 20:00:00,BZN|CH,Without Sequence,111.97,,
06/06/2025 20:00:00 - 06/06/2025 21:00:00,BZN|CH,Without Sequence,110.82,,
06/06/2025 21:00:00 - 06/06/2025 22:00:00,BZN|CH,Without Sequence,85.03,,
06/06/2025 22:00:00 - 06/06/2025 23:00:00,BZN|CH,Without Sequence,80.89,,
06/06/2025 23:00:00 - 07/06/2025 00:00:00,BZN|CH,Without Sequence,79.66,,
07/06/2025 00:00:00 - 07/06/2025 01:00:00,BZN|CH,Without Sequence,80.3,,
07/06/2025 01:00:00 - 07/06/2025 02:00:00,BZN|CH,Without Sequence,80.31,,
07/06/2025 02:00:00 - 07/06/2025 03:00:00,BZN|CH,Without Sequence,79.73,,
07/06/2025 03:00:00 - 07/06/2025 04:00:00,BZN|CH,Without Sequence,83.09,,
07/06/2025 04:00:00 - 07/06/2025 05:00:00,BZN|CH,Without Sequence,81.96,,
07/06/2025 05:00:00 - 07/06/2025 06:00:00,BZN|CH,Without Sequence,82.65,,
07/06/2025 06:00:00 - 07/06/2025 07:00:00,BZN|CH,Without Sequence,75.58,,
07/06/2025 07:00:00 - 07/06/2025 08:00:00,BZN|CH,Without Sequence,56.07,,
07/06/2025 08:00:00 - 07/06/2025 09:00:00,BZN|CH,Without Sequence,29,,
07/06/2025 09:00:00 - 07/06/2025 10:00:00,BZN|CH,Without Sequence,15.41,,
07/06/2025 10:00:00 - 07/06/2025 11:00:00,BZN|CH,Without Sequence,7.18,,
07/06/2025 11:00:00 - 07/06/2025 12:00:00,BZN|CH,Without Sequence,1.88,,
07/06/2025 12:00:00 - 07/06/2025 13:00:00,BZN|CH,Without Sequence,0.11,,
07/06/2025 13:00:00 - 07/06/2025 14:00:00,BZN|CH,Without Sequence,0.37,,
07/06/2025 14:00:00 - 07/06/2025 15:00:00,BZN|CH,Without Sequence,6.96,,
07/06/2025 15:00:00 - 07/06/2025 16:00:00,BZN|CH,Without Sequence,20.66,,
07/06/2025 16:00:00 - 07/06/2025 17:00:00,BZN|CH,Without Sequence,66.06,,
07/06/2025 17:00:00 - 07/06/2025 18:00:00,BZN|CH,Without Sequence,84.95,,
07/06/2025 18:00:00 - 07/06/2025 19:00:00,BZN|CH,Without Sequence,85.14,,
07/06/2025 19:00:00 - 07/06/2025 20:00:00,BZN|CH,Without Sequence,85.13,,
07/06/2025 20:00:00 - 07/06/2025 21:00:00,BZN|CH,Without Sequence,85.94,,
07/06/2025 21:00:00 - 07/06/2025 22:00:00,BZN|CH,Without Sequence,83.48,,
07/06/2025 22:00:00 - 07/06/2025 23:00:00,BZN|CH,Without Sequence,66.9,,
07/06/2025 23:00:00 - 08/06/2025 00:00:00,BZN|CH,Without Sequence,62.7,,
08/06/2025 00:00:00 - 08/06/2025 01:00:00,BZN|CH,Without Sequence,53.93,,
08/06/2025 01:00:00 - 08/06/2025 02:00:00,BZN|CH,Without Sequence,50.61,,
08/06/2025 02:00:00 - 08/06/2025 03:00:00,BZN|CH,Without Sequence,45.07,,
08/06/2025 03:00:00 - 08/06/2025 04:00:00,BZN|CH,Without Sequence,26.12,,
08/06/2025 04:00:00 - 08/06/2025 05:00:00,BZN|CH,Without Sequence,18.48,,
08/06/2025 05:00:00 - 08/06/2025 06:00:00,BZN|CH,Without Sequence,10.16,,
08/06/2025 06:00:00 - 08/06/2025 07:00:00,BZN|CH,Without Sequence,-0.02,,
08/06/2025 07:00:00 - 08/06/2025 08:00:00,BZN|CH,Without Sequence,0.75,,
08/06/2025 08:00:00 - 08/06/2025 09:00:00,BZN|CH,Without Sequence,-4.48,,
08/06/2025 09:00:00 - 08/06/2025 10:00:00,BZN|CH,Without Sequence,-9.88,,
08/06/2025 10:00:00 - 08/06/2025 11:00:00,BZN|CH,Without Sequence,-19.01,,
08/06/2025 11:00:00 - 08/06/2025 12:00:00,BZN|CH,Without Sequence,-38.69,,
08/06/2025 12:00:00 - 08/06/2025 13:00:00,BZN|CH,Without Sequence,-56.43,,
08/06/2025 13:00:00 - 08/06/2025 14:00:00,BZN|CH,Without Sequence,-51.35,,
08/06/2025 14:00:00 - 08/06/2025 15:00:00,BZN|CH,Without Sequence,-17.57,,
08/06/2025 15:00:00 - 08/06/2025 16:00:00,BZN|CH,Without Sequence,-2.47,,
08/06/2025 16:00:00 - 08/06/2025 17:00:00,BZN|CH,Without Sequence,3.89,,
08/06/2025 17:00:00 - 08/06/2025 18:00:00,BZN|CH,Without Sequence,36.08,,
08/06/2025 18:00:00 - 08/06/2025 19:00:00,BZN|CH,Without Sequence,56.25,,
08/06/2025 19:00:00 - 08/06/2025 20:00:00,BZN|CH,Without Sequence,67.21,,
08/06/2025 20:00:00 - 08/06/2025 21:00:00,BZN|CH,Without Sequence,71.56,,
08/06/2025 21:00:00 - 08/06/2025 22:00:00,BZN|CH,Without Sequence,63.04,,
08/06/2025 22:00:00 - 08/06/2025 23:00:00,BZN|CH,Without Sequence,30.29,,
08/06/2025 23:00:00 - 09/06/2025 00:00:00,BZN|CH,Without Sequence,21.01,,
09/06/2025 00:00:00 - 09/06/2025 01:00:00,BZN|CH,Without Sequence,17.78,,
09/06/2025 01:00:00 - 09/06/2025 02:00:00,BZN|CH,Without Sequence,16.03,,
09/06/2025 02:00:00 - 09/06/2025 03:00:00,BZN|CH,Without Sequence,14.74,,
09/06/2025 03:00:00 - 09/06/2025 04:00:00,BZN|CH,Without Sequence,21.31,,
09/06/2025 04:00:00 - 09/06/2025 05:00:00,BZN|CH,Without Sequence,24.38,,
09/06/2025 05:00:00 - 09/06/2025 06:00:00,BZN|CH,Without Sequence,23.03,,
09/06/2025 06:00:00 - 09/06/2025 07:00:00,BZN|CH,Without Sequence,1.31,,
09/06/2025 07:00:00 - 09/06/2025 08:00:00,BZN|CH,Without Sequence,-1.75,,
09/06/2025 08:00:00 - 09/06/2025 09:00:00,BZN|CH,Without Sequence,-3.23,,
09/06/2025 09:00:00 - 09/06/2025 10:00:00,BZN|CH,Without Sequence,-6.97,,
09/06/2025 10:00:00 - 09/06/2025 11:00:00,BZN|CH,Without Sequence,-13.33,,
09/06/2025 11:00:00 - 09/06/2025 12:00:00,BZN|CH,Without Sequence,-22.9,,
09/06/2025 12:00:00 - 09/06/2025 13:00:00,BZN|CH,Without Sequence,-21.85,,
09/06/2025 13:00:00 - 09/06/2025 14:00:00,BZN|CH,Without Sequence,-14.07,,
09/06/2025 14:00:00 - 09/06/2025 15:00:00,BZN|CH,Without Sequence,-4.79,,
09/06/2025 15:00:00 - 09/06/2025 16:00:00,BZN|CH,Without Sequence,3.61,,
09/06/2025 16:00:00 - 09/06/2025 17:00:00,BZN|CH,Without Sequence,63.24,,
09/06/2025 17:00:00 - 09/06/2025 18:00:00,BZN|CH,Without Sequence,86.04,,
09/06/2025 18:00:00 - 09/06/2025 19:00:00,BZN|CH,Without Sequence,85.5,,
09/06/2025 19:00:00 - 09/06/2025 20:00:00,BZN|CH,Without Sequence,85.73,,
09/06/2025 20:00:00 - 09/06/2025 21:00:00,BZN|CH,Without Sequence,86.04,,
09/06/2025 21:00:00 - 09/06/2025 22:00:00,BZN|CH,Without Sequence,85.78,,
09/06/2025 22:00:00 - 09/06/2025 23:00:00,BZN|CH,Without Sequence,84.59,,
09/06/2025 23:00:00 - 10/06/2025 00:00:00,BZN|CH,Without Sequence,81.66,,
10/06/2025 00:00:00 - 10/06/2025 01:00:00,BZN|CH,Without Sequence,71.03,,
10/06/2025 01:00:00 - 10/06/2025 02:00:00,BZN|CH,Without Sequence,66.5,,
10/06/2025 02:00:00 - 10/06/2025 03:00:00,BZN|CH,Without Sequence,65.01,,
10/06/2025 03:00:00 - 10/06/2025 04:00:00,BZN|CH,Without Sequence,69.31,,
10/06/2025 04:00:00 - 10/06/2025 05:00:00,BZN|CH,Without Sequence,84.4,,
10/06/2025 05:00:00 - 10/06/2025 06:00:00,BZN|CH,Without Sequence,84.92,,
10/06/2025 06:00:00 - 10/06/2025 07:00:00,BZN|CH,Without Sequence,81.99,,
10/06/2025 07:00:00 - 10/06/2025 08:00:00,BZN|CH,Without Sequence,61.91,,
10/06/2025 08:00:00 - 10/06/2025 09:00:00,BZN|CH,Without Sequence,39.16,,
10/06/2025 09:00:00 - 10/06/2025 10:00:00,BZN|CH,Without Sequence,6.02,,
10/06/2025 10:00:00 - 10/06/2025 11:00:00,BZN|CH,Without Sequence,1.26,,
10/06/2025 11:00:00 - 10/06/2025 12:00:00,BZN|CH,Without Sequence,-1,,
10/06/2025 12:00:00 - 10/06/2025 13:00:00,BZN|CH,Without Sequence,-0.99,,
10/06/2025 13:00:00 - 10/06/2025 14:00:00,BZN|CH,Without Sequence,2.19,,
10/06/2025 14:00:00 - 10/06/2025 15:00:00,BZN|CH,Without Sequence,5.61,,
10/06/2025 15:00:00 - 10/06/2025 16:00:00,BZN|CH,Without Sequence,47.37,,
10/06/2025 16:00:00 - 10/06/2025 17:00:00,BZN|CH,Without Sequence,65.87,,
10/06/2025 17:00:00 - 10/06/2025 18:00:00,BZN|CH,Without Sequence,84.35,,
10/06/2025 18:00:00 - 10/06/2025 19:00:00,BZN|CH,Without Sequence,85.34,,
10/06/2025 19:00:00 - 10/06/2025 20:00:00,BZN|CH,Without Sequence,85.39,,
10/06/2025 20:00:00 - 10/06/2025 21:00:00,BZN|CH,Without Sequence,84.48,,
10/06/2025 21:00:00 - 10/06/2025 22:00:00,BZN|CH,Without Sequence,79.04,,
10/06/2025 22:00:00 - 10/06/2025 23:00:00,BZN|CH,Without Sequence,66.03,,
10/06/2025 23:00:00 - 11/06/2025 00:00:00,BZN|CH,Without Sequence,64.39,,
11/06/2025 00:00:00 - 11/06/2025 01:00:00,BZN|CH,Without Sequence,64.39,,
11/06/2025 01:00:00 - 11/06/2025 02:00:00,BZN|CH,Without Sequence,63.91,,
11/06/2025 02:00:00 - 11/06/2025 03:00:00,BZN|CH,Without Sequence,68.19,,
11/06/2025 03:00:00 - 11/06/2025 04:00:00,BZN|CH,Without Sequence,77.76,,
11/06/2025 04:00:00 - 11/06/2025 05:00:00,BZN|CH,Without Sequence,81.5,,
11/06/2025 05:00:00 - 11/06/2025 06:00:00,BZN|CH,Without Sequence,81.86,,
11/06/2025 06:00:00 - 11/06/2025 07:00:00,BZN|CH,Without Sequence,80.01,,
11/06/2025 07:00:00 - 11/06/2025 08:00:00,BZN|CH,Without Sequence,62.05,,
11/06/2025 08:00:00 - 11/06/2025 09:00:00,BZN|CH,Without Sequence,39.01,,
11/06/2025 09:00:00 - 11/06/2025 10:00:00,BZN|CH,Without Sequence,10.32,,
11/06/2025 10:00:00 - 11/06/2025 11:00:00,BZN|CH,Without Sequence,-0.39,,
11/06/2025 11:00:00 - 11/06/2025 12:00:00,BZN|CH,Without Sequence,-2.4,,
11/06/2025 12:00:00 - 11/06/2025 13:00:00,BZN|CH,Without Sequence,-1.16,,
11/06/2025 13:00:00 - 11/06/2025 14:00:00,BZN|CH,Without Sequence,0.81,,
11/06/2025 14:00:00 - 11/06/2025 15:00:00,BZN|CH,Without Sequence,3.09,,
11/06/2025 15:00:00 - 11/06/2025 16:00:00,BZN|CH,Without Sequence,62.71,,
11/06/2025 16:00:00 - 11/06/2025 17:00:00,BZN|CH,Without Sequence,84.71,,
11/06/2025 17:00:00 - 11/06/2025 18:00:00,BZN|CH,Without Sequence,84.29,,
11/06/2025 18:00:00 - 11/06/2025 19:00:00,BZN|CH,Without Sequence,85.16,,
11/06/2025 19:00:00 - 11/06/2025 20:00:00,BZN|CH,Without Sequence,85.06,,
11/06/2025 20:00:00 - 11/06/2025 21:00:00,BZN|CH,Without Sequence,87.04,,
11/06/2025 21:00:00 - 11/06/2025 22:00:00,BZN|CH,Without Sequence,83.4,,
11/06/2025 22:00:00 - 11/06/2025 23:00:00,BZN|CH,Without Sequence,81.91,,
11/06/2025 23:00:00 - 12/06/2025 00:00:00,BZN|CH,Without Sequence,81.55,,
12/06/2025 00:00:00 - 12/06/2025 01:00:00,BZN|CH,Without Sequence,81.61,,
12/06/2025 01:00:00 - 12/06/2025 02:00:00,BZN|CH,Without Sequence,81.78,,
12/06/2025 02:00:00 - 12/06/2025 03:00:00,BZN|CH,Without Sequence,81.68,,
12/06/2025 03:00:00 - 12/06/2025 04:00:00,BZN|CH,Without Sequence,81.19,,
12/06/2025 04:00:00 - 12/06/2025 05:00:00,BZN|CH,Without Sequence,81.59,,
12/06/2025 05:00:00 - 12/06/2025 06:00:00,BZN|CH,Without Sequence,89.27,,
12/06/2025 06:00:00 - 12/06/2025 07:00:00,BZN|CH,Without Sequence,85.93,,
12/06/2025 07:00:00 - 12/06/2025 08:00:00,BZN|CH,Without Sequence,56.08,,
12/06/2025 08:00:00 - 12/06/2025 09:00:00,BZN|CH,Without Sequence,1,,
12/06/2025 09:00:00 - 12/06/2025 10:00:00,BZN|CH,Without Sequence,-2.97,,
12/06/2025 10:00:00 - 12/06/2025 11:00:00,BZN|CH,Without Sequence,-6.96,,
12/06/2025 11:00:00 - 12/06/2025 12:00:00,BZN|CH,Without Sequence,-12.27,,
12/06/2025 12:00:00 - 12/06/2025 13:00:00,BZN|CH,Without Sequence,-12.95,,
12/06/2025 13:00:00 - 12/06/2025 14:00:00,BZN|CH,Without Sequence,-4.21,,
12/06/2025 14:00:00 - 12/06/2025 15:00:00,BZN|CH,Without Sequence,7.75,,
12/06/2025 15:00:00 - 12/06/2025 16:00:00,BZN|CH,Without Sequence,48.2,,
12/06/2025 16:00:00 - 12/06/2025 17:00:00,BZN|CH,Without Sequence,74.93,,
12/06/2025 17:00:00 - 12/06/2025 18:00:00,BZN|CH,Without Sequence,83.49,,
12/06/2025 18:00:00 - 12/06/2025 19:00:00,BZN|CH,Without Sequence,93.7,,
12/06/2025 19:00:00 - 12/06/2025 20:00:00,BZN|CH,Without Sequence,103.49,,
12/06/2025 20:00:00 - 12/06/2025 21:00:00,BZN|CH,Without Sequence,91.81,,
12/06/2025 21:00:00 - 12/06/2025 22:00:00,BZN|CH,Without Sequence,82.01,,
12/06/2025 22:00:00 - 12/06/2025 23:00:00,BZN|CH,Without Sequence,70.86,,
12/06/2025 23:00:00 - 13/06/2025 00:00:00,BZN|CH,Without Sequence,63.64,,
13/06/2025 00:00:00 - 13/06/2025 01:00:00,BZN|CH,Without Sequence,64.51,,
13/06/2025 01:00:00 - 13/06/2025 02:00:00,BZN|CH,Without Sequence,65.15,,
13/06/2025 02:00:00 - 13/06/2025 03:00:00,BZN|CH,Without Sequence,65.09,,
13/06/2025 03:00:00 - 13/06/2025 04:00:00,BZN|CH,Without Sequence,68.55,,
13/06/2025 04:00:00 - 13/06/2025 05:00:00,BZN|CH,Without Sequence,79.05,,
13/06/2025 05:00:00 - 13/06/2025 06:00:00,BZN|CH,Without Sequence,80.58,,
13/06/2025 06:00:00 - 13/06/2025 07:00:00,BZN|CH,Without Sequence,64.41,,
13/06/2025 07:00:00 - 13/06/2025 08:00:00,BZN|CH,Without Sequence,39.02,,
13/06/2025 08:00:00 - 13/06/2025 09:00:00,BZN|CH,Without Sequence,7.28,,
13/06/2025 09:00:00 - 13/06/2025 10:00:00,BZN|CH,Without Sequence,-0.04,,
13/06/2025 10:00:00 - 13/06/2025 11:00:00,BZN|CH,Without Sequence,-4.98,,
13/06/2025 11:00:00 - 13/06/2025 12:00:00,BZN|CH,Without Sequence,-10.56,,
13/06/2025 12:00:00 - 13/06/2025 13:00:00,BZN|CH,Without Sequence,-9.69,,
13/06/2025 13:00:00 - 13/06/2025 14:00:00,BZN|CH,Without Sequence,4.11,,
13/06/2025 14:00:00 - 13/06/2025 15:00:00,BZN|CH,Without Sequence,4.18,,
13/06/2025 15:00:00 - 13/06/2025 16:00:00,BZN|CH,Without Sequence,48.66,,
13/06/2025 16:00:00 - 13/06/2025 17:00:00,BZN|CH,Without Sequence,80.03,,
13/06/2025 17:00:00 - 13/06/2025 18:00:00,BZN|CH,Without Sequence,99.1,,
13/06/2025 18:00:00 - 13/06/2025 19:00:00,BZN|CH,Without Sequence,108.42,,
13/06/2025 19:00:00 - 13/06/2025 20:00:00,BZN|CH,Without Sequence,100.39,,
13/06/2025 20:00:00 - 13/06/2025 21:00:00,BZN|CH,Without Sequence,88.79,,
13/06/2025 21:00:00 - 13/06/2025 22:00:00,BZN|CH,Without Sequence,78.56,,
13/06/2025 22:00:00 - 13/06/2025 23:00:00,BZN|CH,Without Sequence,64.79,,
13/06/2025 23:00:00 - 14/06/2025 00:00:00,BZN|CH,Without Sequence,60.21,,
14/06/2025 00:00:00 - 14/06/2025 01:00:00,BZN|CH,Without Sequence,62.56,,
14/06/2025 01:00:00 - 14/06/2025 02:00:00,BZN|CH,Without Sequence,60.89,,
14/06/2025 02:00:00 - 14/06/2025 03:00:00,BZN|CH,Without Sequence,59.48,,
14/06/2025 03:00:00 - 14/06/2025 04:00:00,BZN|CH,Without Sequence,59.1,,
14/06/2025 04:00:00 - 14/06/2025 05:00:00,BZN|CH,Without Sequence,53.93,,
14/06/2025 05:00:00 - 14/06/2025 06:00:00,BZN|CH,Without Sequence,54.44,,
14/06/2025 06:00:00 - 14/06/2025 07:00:00,BZN|CH,Without Sequence,15.08,,
14/06/2025 07:00:00 - 14/06/2025 08:00:00,BZN|CH,Without Sequence,9.91,,
14/06/2025 08:00:00 - 14/06/2025 09:00:00,BZN|CH,Without Sequence,2.41,,
14/06/2025 09:00:00 - 14/06/2025 10:00:00,BZN|CH,Without Sequence,-2.86,,
14/06/2025 10:00:00 - 14/06/2025 11:00:00,BZN|CH,Without Sequence,-19.4,,
14/06/2025 11:00:00 - 14/06/2025 12:00:00,BZN|CH,Without Sequence,-26.14,,
14/06/2025 12:00:00 - 14/06/2025 13:00:00,BZN|CH,Without Sequence,-17.56,,
14/06/2025 13:00:00 - 14/06/2025 14:00:00,BZN|CH,Without Sequence,-3.11,,
14/06/2025 14:00:00 - 14/06/2025 15:00:00,BZN|CH,Without Sequence,1.43,,
14/06/2025 15:00:00 - 14/06/2025 16:00:00,BZN|CH,Without Sequence,31.34,,
14/06/2025 16:00:00 - 14/06/2025 17:00:00,BZN|CH,Without Sequence,75.18,,
14/06/2025 17:00:00 - 14/06/2025 18:00:00,BZN|CH,Without Sequence,92.81,,
14/06/2025 18:00:00 - 14/06/2025 19:00:00,BZN|CH,Without Sequence,98.2,,
14/06/2025 19:00:00 - 14/06/2025 20:00:00,BZN|CH,Without Sequence,110.02,,
14/06/2025 20:00:00 - 14/06/2025 21:00:00,BZN|CH,Without Sequence,96.03,,
14/06/2025 21:00:00 - 14/06/2025 22:00:00,BZN|CH,Without Sequence,86.03,,
14/06/2025 22:00:00 - 14/06/2025 23:00:00,BZN|CH,Without Sequence,89.1,,
14/06/2025 23:00:00 - 15/06/2025 00:00:00,BZN|CH,Without Sequence,86.92,,
15/06/2025 00:00:00 - 15/06/2025 01:00:00,BZN|CH,Without Sequence,86.78,,
15/06/2025 01:00:00 - 15/06/2025 02:00:00,BZN|CH,Without Sequence,85.54,,
15/06/2025 02:00:00 - 15/06/2025 03:00:00,BZN|CH,Without Sequence,84.89,,
15/06/2025 03:00:00 - 15/06/2025 04:00:00,BZN|CH,Without Sequence,84.63,,
15/06/2025 04:00:00 - 15/06/2025 05:00:00,BZN|CH,Without Sequence,74.91,,
15/06/2025 05:00:00 - 15/06/2025 06:00:00,BZN|CH,Without Sequence,64.77,,
15/06/2025 06:00:00 - 15/06/2025 07:00:00,BZN|CH,Without Sequence,44.07,,
15/06/2025 07:00:00 - 15/06/2025 08:00:00,BZN|CH,Without Sequence,17.65,,
15/06/2025 08:00:00 - 15/06/2025 09:00:00,BZN|CH,Without Sequence,10.08,,
15/06/2025 09:00:00 - 15/06/2025 10:00:00,BZN|CH,Without Sequence,3.27,,
15/06/2025 10:00:00 - 15/06/2025 11:00:00,BZN|CH,Without Sequence,0.49,,
15/06/2025 11:00:00 - 15/06/2025 12:00:00,BZN|CH,Without Sequence,-5.01,,
15/06/2025 12:00:00 - 15/06/2025 13:00:00,BZN|CH,Without Sequence,-2.01,,
15/06/2025 13:00:00 - 15/06/2025 14:00:00,BZN|CH,Without Sequence,4.5,,
15/06/2025 14:00:00 - 15/06/2025 15:00:00,BZN|CH,Without Sequence,13.07,,
15/06/2025 15:00:00 - 15/06/2025 16:00:00,BZN|CH,Without Sequence,55.78,,
15/06/2025 16:00:00 - 15/06/2025 17:00:00,BZN|CH,Without Sequence,89.62,,
15/06/2025 17:00:00 - 15/06/2025 18:00:00,BZN|CH,Without Sequence,105.14,,
15/06/2025 18:00:00 - 15/06/2025 19:00:00,BZN|CH,Without Sequence,104.15,,
15/06/2025 19:00:00 - 15/06/2025 20:00:00,BZN|CH,Without Sequence,102.2,,
15/06/2025 20:00:00 - 15/06/2025 21:00:00,BZN|CH,Without Sequence,101.18,,
15/06/2025 21:00:00 - 15/06/2025 22:00:00,BZN|CH,Without Sequence,98.19,,
15/06/2025 22:00:00 - 15/06/2025 23:00:00,BZN|CH,Without Sequence,89.6,,
15/06/2025 23:00:00 - 16/06/2025 00:00:00,BZN|CH,Without Sequence,85.39,,
16/06/2025 00:00:00 - 16/06/2025 01:00:00,BZN|CH,Without Sequence,81.9,,
16/06/2025 01:00:00 - 16/06/2025 02:00:00,BZN|CH,Without Sequence,83.56,,
16/06/2025 02:00:00 - 16/06/2025 03:00:00,BZN|CH,Without Sequence,82.81,,
16/06/2025 03:00:00 - 16/06/2025 04:00:00,BZN|CH,Without Sequence,88.81,,
16/06/2025 04:00:00 - 16/06/2025 05:00:00,BZN|CH,Without Sequence,105.46,,
16/06/2025 05:00:00 - 16/06/2025 06:00:00,BZN|CH,Without Sequence,127.96,,
16/06/2025 06:00:00 - 16/06/2025 07:00:00,BZN|CH,Without Sequence,107.23,,
16/06/2025 07:00:00 - 16/06/2025 08:00:00,BZN|CH,Without Sequence,77.76,,
16/06/2025 08:00:00 - 16/06/2025 09:00:00,BZN|CH,Without Sequence,65.39,,
16/06/2025 09:00:00 - 16/06/2025 10:00:00,BZN|CH,Without Sequence,51.09,,
16/06/2025 10:00:00 - 16/06/2025 11:00:00,BZN|CH,Without Sequence,29.15,,
16/06/2025 11:00:00 - 16/06/2025 12:00:00,BZN|CH,Without Sequence,27.64,,
16/06/2025 12:00:00 - 16/06/2025 13:00:00,BZN|CH,Without Sequence,25.67,,
16/06/2025 13:00:00 - 16/06/2025 14:00:00,BZN|CH,Without Sequence,23.49,,
16/06/2025 14:00:00 - 16/06/2025 15:00:00,BZN|CH,Without Sequence,46.21,,
16/06/2025 15:00:00 - 16/06/2025 16:00:00,BZN|CH,Without Sequence,70.99,,
16/06/2025 16:00:00 - 16/06/2025 17:00:00,BZN|CH,Without Sequence,100.09,,
16/06/2025 17:00:00 - 16/06/2025 18:00:00,BZN|CH,Without Sequence,108.46,,
16/06/2025 18:00:00 - 16/06/2025 19:00:00,BZN|CH,Without Sequence,105.44,,
16/06/2025 19:00:00 - 16/06/2025 20:00:00,BZN|CH,Without Sequence,96.59,,
16/06/2025 20:00:00 - 16/06/2025 21:00:00,BZN|CH,Without Sequence,103.2,,
16/06/2025 21:00:00 - 16/06/2025 22:00:00,BZN|CH,Without Sequence,95.8,,
16/06/2025 22:00:00 - 16/06/2025 23:00:00,BZN|CH,Without Sequence,107.44,,
16/06/2025 23:00:00 - 17/06/2025 00:00:00,BZN|CH,Without Sequence,104.79,,
17/06/2025 00:00:00 - 17/06/2025 01:00:00,BZN|CH,Without Sequence,101.3,,
17/06/2025 01:00:00 - 17/06/2025 02:00:00,BZN|CH,Without Sequence,100.99,,
17/06/2025 02:00:00 - 17/06/2025 03:00:00,BZN|CH,Without Sequence,101.37,,
17/06/2025 03:00:00 - 17/06/2025 04:00:00,BZN|CH,Without Sequence,104.81,,
17/06/2025 04:00:00 - 17/06/2025 05:00:00,BZN|CH,Without Sequence,111.93,,
17/06/2025 05:00:00 - 17/06/2025 06:00:00,BZN|CH,Without Sequence,111.05,,
17/06/2025 06:00:00 - 17/06/2025 07:00:00,BZN|CH,Without Sequence,99.48,,
17/06/2025 07:00:00 - 17/06/2025 08:00:00,BZN|CH,Without Sequence,75.2,,
17/06/2025 08:00:00 - 17/06/2025 09:00:00,BZN|CH,Without Sequence,22.18,,
17/06/2025 09:00:00 - 17/06/2025 10:00:00,BZN|CH,Without Sequence,4.03,,
17/06/2025 10:00:00 - 17/06/2025 11:00:00,BZN|CH,Without Sequence,-0.09,,
17/06/2025 11:00:00 - 17/06/2025 12:00:00,BZN|CH,Without Sequence,-1.61,,
17/06/2025 12:00:00 - 17/06/2025 13:00:00,BZN|CH,Without Sequence,-0.03,,
17/06/2025 13:00:00 - 17/06/2025 14:00:00,BZN|CH,Without Sequence,7.3,,
17/06/2025 14:00:00 - 17/06/2025 15:00:00,BZN|CH,Without Sequence,23.91,,
17/06/2025 15:00:00 - 17/06/2025 16:00:00,BZN|CH,Without Sequence,73.4,,
17/06/2025 16:00:00 - 17/06/2025 17:00:00,BZN|CH,Without Sequence,104.81,,
17/06/2025 17:00:00 - 17/06/2025 18:00:00,BZN|CH,Without Sequence,122.04,,
17/06/2025 18:00:00 - 17/06/2025 19:00:00,BZN|CH,Without Sequence,128.08,,
17/06/2025 19:00:00 - 17/06/2025 20:00:00,BZN|CH,Without Sequence,116.15,,
17/06/2025 20:00:00 - 17/06/2025 21:00:00,BZN|CH,Without Sequence,129.75,,
17/06/2025 21:00:00 - 17/06/2025 22:00:00,BZN|CH,Without Sequence,115.99,,
17/06/2025 22:00:00 - 17/06/2025 23:00:00,BZN|CH,Without Sequence,104.84,,
17/06/2025 23:00:00 - 18/06/2025 00:00:00,BZN|CH,Without Sequence,101.86,,
18/06/2025 00:00:00 - 18/06/2025 01:00:00,BZN|CH,Without Sequence,96.94,,
18/06/2025 01:00:00 - 18/06/2025 02:00:00,BZN|CH,Without Sequence,95.21,,
18/06/2025 02:00:00 - 18/06/2025 03:00:00,BZN|CH,Without Sequence,96.06,,
18/06/2025 03:00:00 - 18/06/2025 04:00:00,BZN|CH,Without Sequence,101.62,,
18/06/2025 04:00:00 - 18/06/2025 05:00:00,BZN|CH,Without Sequence,114.73,,
18/06/2025 05:00:00 - 18/06/2025 06:00:00,BZN|CH,Without Sequence,115.7,,
18/06/2025 06:00:00 - 18/06/2025 07:00:00,BZN|CH,Without Sequence,102.76,,
18/06/2025 07:00:00 - 18/06/2025 08:00:00,BZN|CH,Without Sequence,77.15,,
18/06/2025 08:00:00 - 18/06/2025 09:00:00,BZN|CH,Without Sequence,21.82,,
18/06/2025 09:00:00 - 18/06/2025 10:00:00,BZN|CH,Without Sequence,4.59,,
18/06/2025 10:00:00 - 18/06/2025 11:00:00,BZN|CH,Without Sequence,1.52,,
18/06/2025 11:00:00 - 18/06/2025 12:00:00,BZN|CH,Without Sequence,-0.32,,
18/06/2025 12:00:00 - 18/06/2025 13:00:00,BZN|CH,Without Sequence,0.21,,
18/06/2025 13:00:00 - 18/06/2025 14:00:00,BZN|CH,Without Sequence,4.71,,
18/06/2025 14:00:00 - 18/06/2025 15:00:00,BZN|CH,Without Sequence,9.59,,
18/06/2025 15:00:00 - 18/06/2025 16:00:00,BZN|CH,Without Sequence,68.56,,
18/06/2025 16:00:00 - 18/06/2025 17:00:00,BZN|CH,Without Sequence,89.72,,
18/06/2025 17:00:00 - 18/06/2025 18:00:00,BZN|CH,Without Sequence,112.79,,
18/06/2025 18:00:00 - 18/06/2025 19:00:00,BZN|CH,Without Sequence,119.76,,
18/06/2025 19:00:00 - 18/06/2025 20:00:00,BZN|CH,Without Sequence,120.72,,
18/06/2025 20:00:00 - 18/06/2025 21:00:00,BZN|CH,Without Sequence,122.28,,
18/06/2025 21:00:00 - 18/06/2025 22:00:00,BZN|CH,Without Sequence,107.03,,
18/06/2025 22:00:00 - 18/06/2025 23:00:00,BZN|CH,Without Sequence,106.4,,
18/06/2025 23:00:00 - 19/06/2025 00:00:00,BZN|CH,Without Sequence,99.61,,
19/06/2025 00:00:00 - 19/06/2025 01:00:00,BZN|CH,Without Sequence,94.18,,
19/06/2025 01:00:00 - 19/06/2025 02:00:00,BZN|CH,Without Sequence,92.89,,
19/06/2025 02:00:00 - 19/06/2025 03:00:00,BZN|CH,Without Sequence,91.99,,
19/06/2025 03:00:00 - 19/06/2025 04:00:00,BZN|CH,Without Sequence,91.11,,
19/06/2025 04:00:00 - 19/06/2025 05:00:00,BZN|CH,Without Sequence,87.93,,
19/06/2025 05:00:00 - 19/06/2025 06:00:00,BZN|CH,Without Sequence,83.97,,
19/06/2025 06:00:00 - 19/06/2025 07:00:00,BZN|CH,Without Sequence,71.12,,
19/06/2025 07:00:00 - 19/06/2025 08:00:00,BZN|CH,Without Sequence,35.65,,
19/06/2025 08:00:00 - 19/06/2025 09:00:00,BZN|CH,Without Sequence,13.48,,
19/06/2025 09:00:00 - 19/06/2025 10:00:00,BZN|CH,Without Sequence,13.64,,
19/06/2025 10:00:00 - 19/06/2025 11:00:00,BZN|CH,Without Sequence,4.28,,
19/06/2025 11:00:00 - 19/06/2025 12:00:00,BZN|CH,Without Sequence,2.94,,
19/06/2025 12:00:00 - 19/06/2025 13:00:00,BZN|CH,Without Sequence,1,,
19/06/2025 13:00:00 - 19/06/2025 14:00:00,BZN|CH,Without Sequence,0.99,,
19/06/2025 14:00:00 - 19/06/2025 15:00:00,BZN|CH,Without Sequence,10.08,,
19/06/2025 15:00:00 - 19/06/2025 16:00:00,BZN|CH,Without Sequence,36.06,,
19/06/2025 16:00:00 - 19/06/2025 17:00:00,BZN|CH,Without Sequence,81.13,,
19/06/2025 17:00:00 - 19/06/2025 18:00:00,BZN|CH,Without Sequence,113.07,,
19/06/2025 18:00:00 - 19/06/2025 19:00:00,BZN|CH,Without Sequence,135.43,,
19/06/2025 19:00:00 - 19/06/2025 20:00:00,BZN|CH,Without Sequence,135.33,,
19/06/2025 20:00:00 - 19/06/2025 21:00:00,BZN|CH,Without Sequence,125.02,,
19/06/2025 21:00:00 - 19/06/2025 22:00:00,BZN|CH,Without Sequence,107.26,,
19/06/2025 22:00:00 - 19/06/2025 23:00:00,BZN|CH,Without Sequence,97.4,,
19/06/2025 23:00:00 - 20/06/2025 00:00:00,BZN|CH,Without Sequence,95.3,,
20/06/2025 00:00:00 - 20/06/2025 01:00:00,BZN|CH,Without Sequence,94.57,,
20/06/2025 01:00:00 - 20/06/2025 02:00:00,BZN|CH,Without Sequence,93.72,,
20/06/2025 02:00:00 - 20/06/2025 03:00:00,BZN|CH,Without Sequence,94.71,,
20/06/2025 03:00:00 - 20/06/2025 04:00:00,BZN|CH,Without Sequence,97.18,,
20/06/2025 04:00:00 - 20/06/2025 05:00:00,BZN|CH,Without Sequence,102.83,,
20/06/2025 05:00:00 - 20/06/2025 06:00:00,BZN|CH,Without Sequence,105.6,,
20/06/2025 06:00:00 - 20/06/2025 07:00:00,BZN|CH,Without Sequence,94.62,,
20/06/2025 07:00:00 - 20/06/2025 08:00:00,BZN|CH,Without Sequence,72.71,,
20/06/2025 08:00:00 - 20/06/2025 09:00:00,BZN|CH,Without Sequence,22.82,,
20/06/2025 09:00:00 - 20/06/2025 10:00:00,BZN|CH,Without Sequence,36.02,,
20/06/2025 10:00:00 - 20/06/2025 11:00:00,BZN|CH,Without Sequence,10.01,,
20/06/2025 11:00:00 - 20/06/2025 12:00:00,BZN|CH,Without Sequence,4.59,,
20/06/2025 12:00:00 - 20/06/2025 13:00:00,BZN|CH,Without Sequence,12.21,,
20/06/2025 13:00:00 - 20/06/2025 14:00:00,BZN|CH,Without Sequence,8.05,,
20/06/2025 14:00:00 - 20/06/2025 15:00:00,BZN|CH,Without Sequence,16.36,,
20/06/2025 15:00:00 - 20/06/2025 16:00:00,BZN|CH,Without Sequence,74.75,,
20/06/2025 16:00:00 - 20/06/2025 17:00:00,BZN|CH,Without Sequence,103.05,,
20/06/2025 17:00:00 - 20/06/2025 18:00:00,BZN|CH,Without Sequence,123.26,,
20/06/2025 18:00:00 - 20/06/2025 19:00:00,BZN|CH,Without Sequence,135.15,,
20/06/2025 19:00:00 - 20/06/2025 20:00:00,BZN|CH,Without Sequence,134.69,,
20/06/2025 20:00:00 - 20/06/2025 21:00:00,BZN|CH,Without Sequence,131.5,,
20/06/2025 21:00:00 - 20/06/2025 22:00:00,BZN|CH,Without Sequence,113.5,,
20/06/2025 22:00:00 - 20/06/2025 23:00:00,BZN|CH,Without Sequence,116.13,,
20/06/2025 23:00:00 - 21/06/2025 00:00:00,BZN|CH,Without Sequence,110.15,,
21/06/2025 00:00:00 - 21/06/2025 01:00:00,BZN|CH,Without Sequence,106.03,,
21/06/2025 01:00:00 - 21/06/2025 02:00:00,BZN|CH,Without Sequence,105.68,,
21/06/2025 02:00:00 - 21/06/2025 03:00:00,BZN|CH,Without Sequence,104.55,,
21/06/2025 03:00:00 - 21/06/2025 04:00:00,BZN|CH,Without Sequence,101.78,,
21/06/2025 04:00:00 - 21/06/2025 05:00:00,BZN|CH,Without Sequence,98.45,,
21/06/2025 05:00:00 - 21/06/2025 06:00:00,BZN|CH,Without Sequence,87.55,,
21/06/2025 06:00:00 - 21/06/2025 07:00:00,BZN|CH,Without Sequence,72.36,,
21/06/2025 07:00:00 - 21/06/2025 08:00:00,BZN|CH,Without Sequence,25.68,,
21/06/2025 08:00:00 - 21/06/2025 09:00:00,BZN|CH,Without Sequence,1.31,,
21/06/2025 09:00:00 - 21/06/2025 10:00:00,BZN|CH,Without Sequence,-2.01,,
21/06/2025 10:00:00 - 21/06/2025 11:00:00,BZN|CH,Without Sequence,-15.68,,
21/06/2025 11:00:00 - 21/06/2025 12:00:00,BZN|CH,Without Sequence,-30.18,,
21/06/2025 12:00:00 - 21/06/2025 13:00:00,BZN|CH,Without Sequence,-24.99,,
21/06/2025 13:00:00 - 21/06/2025 14:00:00,BZN|CH,Without Sequence,-5.09,,
21/06/2025 14:00:00 - 21/06/2025 15:00:00,BZN|CH,Without Sequence,3.73,,
21/06/2025 15:00:00 - 21/06/2025 16:00:00,BZN|CH,Without Sequence,45.66,,
21/06/2025 16:00:00 - 21/06/2025 17:00:00,BZN|CH,Without Sequence,98.27,,
21/06/2025 17:00:00 - 21/06/2025 18:00:00,BZN|CH,Without Sequence,121.42,,
21/06/2025 18:00:00 - 21/06/2025 19:00:00,BZN|CH,Without Sequence,138.53,,
21/06/2025 19:00:00 - 21/06/2025 20:00:00,BZN|CH,Without Sequence,130.08,,
21/06/2025 20:00:00 - 21/06/2025 21:00:00,BZN|CH,Without Sequence,127.91,,
21/06/2025 21:00:00 - 21/06/2025 22:00:00,BZN|CH,Without Sequence,114.59,,
21/06/2025 22:00:00 - 21/06/2025 23:00:00,BZN|CH,Without Sequence,104.99,,
21/06/2025 23:00:00 - 22/06/2025 00:00:00,BZN|CH,Without Sequence,96.86,,
22/06/2025 00:00:00 - 22/06/2025 01:00:00,BZN|CH,Without Sequence,88.47,,
22/06/2025 01:00:00 - 22/06/2025 02:00:00,BZN|CH,Without Sequence,85.06,,
22/06/2025 02:00:00 - 22/06/2025 03:00:00,BZN|CH,Without Sequence,84.13,,
22/06/2025 03:00:00 - 22/06/2025 04:00:00,BZN|CH,Without Sequence,78.57,,
22/06/2025 04:00:00 - 22/06/2025 05:00:00,BZN|CH,Without Sequence,73.5,,
22/06/2025 05:00:00 - 22/06/2025 06:00:00,BZN|CH,Without Sequence,44.71,,
22/06/2025 06:00:00 - 22/06/2025 07:00:00,BZN|CH,Without Sequence,17.02,,
22/06/2025 07:00:00 - 22/06/2025 08:00:00,BZN|CH,Without Sequence,3.24,,
22/06/2025 08:00:00 - 22/06/2025 09:00:00,BZN|CH,Without Sequence,-2.68,,
22/06/2025 09:00:00 - 22/06/2025 10:00:00,BZN|CH,Without Sequence,-28.02,,
22/06/2025 10:00:00 - 22/06/2025 11:00:00,BZN|CH,Without Sequence,-80.65,,
22/06/2025 11:00:00 - 22/06/2025 12:00:00,BZN|CH,Without Sequence,-105.39,,
22/06/2025 12:00:00 - 22/06/2025 13:00:00,BZN|CH,Without Sequence,-88.97,,
22/06/2025 13:00:00 - 22/06/2025 14:00:00,BZN|CH,Without Sequence,-34.32,,
22/06/2025 14:00:00 - 22/06/2025 15:00:00,BZN|CH,Without Sequence,-3.47,,
22/06/2025 15:00:00 - 22/06/2025 16:00:00,BZN|CH,Without Sequence,3.21,,
22/06/2025 16:00:00 - 22/06/2025 17:00:00,BZN|CH,Without Sequence,75.41,,
22/06/2025 17:00:00 - 22/06/2025 18:00:00,BZN|CH,Without Sequence,97.63,,
22/06/2025 18:00:00 - 22/06/2025 19:00:00,BZN|CH,Without Sequence,119.57,,
22/06/2025 19:00:00 - 22/06/2025 20:00:00,BZN|CH,Without Sequence,126.46,,
22/06/2025 20:00:00 - 22/06/2025 21:00:00,BZN|CH,Without Sequence,116.18,,
22/06/2025 21:00:00 - 22/06/2025 22:00:00,BZN|CH,Without Sequence,104.3,,
22/06/2025 22:00:00 - 22/06/2025 23:00:00,BZN|CH,Without Sequence,76.6,,
22/06/2025 23:00:00 - 23/06/2025 00:00:00,BZN|CH,Without Sequence,73.08,,
23/06/2025 00:00:00 - 23/06/2025 01:00:00,BZN|CH,Without Sequence,73.78,,
23/06/2025 01:00:00 - 23/06/2025 02:00:00,BZN|CH,Without Sequence,73.07,,
23/06/2025 02:00:00 - 23/06/2025 03:00:00,BZN|CH,Without Sequence,72.51,,
23/06/2025 03:00:00 - 23/06/2025 04:00:00,BZN|CH,Without Sequence,76.95,,
23/06/2025 04:00:00 - 23/06/2025 05:00:00,BZN|CH,Without Sequence,93.26,,
23/06/2025 05:00:00 - 23/06/2025 06:00:00,BZN|CH,Without Sequence,86.81,,
23/06/2025 06:00:00 - 23/06/2025 07:00:00,BZN|CH,Without Sequence,75.85,,
23/06/2025 07:00:00 - 23/06/2025 08:00:00,BZN|CH,Without Sequence,60.49,,
23/06/2025 08:00:00 - 23/06/2025 09:00:00,BZN|CH,Without Sequence,36.01,,
23/06/2025 09:00:00 - 23/06/2025 10:00:00,BZN|CH,Without Sequence,44.01,,
23/06/2025 10:00:00 - 23/06/2025 11:00:00,BZN|CH,Without Sequence,0.15,,
23/06/2025 11:00:00 - 23/06/2025 12:00:00,BZN|CH,Without Sequence,-0.09,,
23/06/2025 12:00:00 - 23/06/2025 13:00:00,BZN|CH,Without Sequence,-0.09,,
23/06/2025 13:00:00 - 23/06/2025 14:00:00,BZN|CH,Without Sequence,58.69,,
23/06/2025 14:00:00 - 23/06/2025 15:00:00,BZN|CH,Without Sequence,52.97,,
23/06/2025 15:00:00 - 23/06/2025 16:00:00,BZN|CH,Without Sequence,77.62,,
23/06/2025 16:00:00 - 23/06/2025 17:00:00,BZN|CH,Without Sequence,90.2,,
23/06/2025 17:00:00 - 23/06/2025 18:00:00,BZN|CH,Without Sequence,92.12,,
23/06/2025 18:00:00 - 23/06/2025 19:00:00,BZN|CH,Without Sequence,94.59,,
23/06/2025 19:00:00 - 23/06/2025 20:00:00,BZN|CH,Without Sequence,95.19,,
23/06/2025 20:00:00 - 23/06/2025 21:00:00,BZN|CH,Without Sequence,98.5,,
23/06/2025 21:00:00 - 23/06/2025 22:00:00,BZN|CH,Without Sequence,91.74,,
23/06/2025 22:00:00 - 23/06/2025 23:00:00,BZN|CH,Without Sequence,77.55,,
23/06/2025 23:00:00 - 24/06/2025 00:00:00,BZN|CH,Without Sequence,76.11,,
24/06/2025 00:00:00 - 24/06/2025 01:00:00,BZN|CH,Without Sequence,74.81,,
24/06/2025 01:00:00 - 24/06/2025 02:00:00,BZN|CH,Without Sequence,74.8,,
24/06/2025 02:00:00 - 24/06/2025 03:00:00,BZN|CH,Without Sequence,75.1,,
24/06/2025 03:00:00 - 24/06/2025 04:00:00,BZN|CH,Without Sequence,76.6,,
24/06/2025 04:00:00 - 24/06/2025 05:00:00,BZN|CH,Without Sequence,79.58,,
24/06/2025 05:00:00 - 24/06/2025 06:00:00,BZN|CH,Without Sequence,78.89,,
24/06/2025 06:00:00 - 24/06/2025 07:00:00,BZN|CH,Without Sequence,74.11,,
24/06/2025 07:00:00 - 24/06/2025 08:00:00,BZN|CH,Without Sequence,25.79,,
24/06/2025 08:00:00 - 24/06/2025 09:00:00,BZN|CH,Without Sequence,1.01,,
24/06/2025 09:00:00 - 24/06/2025 10:00:00,BZN|CH,Without Sequence,-1.61,,
24/06/2025 10:00:00 - 24/06/2025 11:00:00,BZN|CH,Without Sequence,2.43,,
24/06/2025 11:00:00 - 24/06/2025 12:00:00,BZN|CH,Without Sequence,1,,
24/06/2025 12:00:00 - 24/06/2025 13:00:00,BZN|CH,Without Sequence,0.76,,
24/06/2025 13:00:00 - 24/06/2025 14:00:00,BZN|CH,Without Sequence,-2.63,,
24/06/2025 14:00:00 - 24/06/2025 15:00:00,BZN|CH,Without Sequence,8.5,,
24/06/2025 15:00:00 - 24/06/2025 16:00:00,BZN|CH,Without Sequence,61.06,,
24/06/2025 16:00:00 - 24/06/2025 17:00:00,BZN|CH,Without Sequence,76.61,,
24/06/2025 17:00:00 - 24/06/2025 18:00:00,BZN|CH,Without Sequence,103.46,,
24/06/2025 18:00:00 - 24/06/2025 19:00:00,BZN|CH,Without Sequence,131.58,,
24/06/2025 19:00:00 - 24/06/2025 20:00:00,BZN|CH,Without Sequence,127.93,,
24/06/2025 20:00:00 - 24/06/2025 21:00:00,BZN|CH,Without Sequence,122.39,,
24/06/2025 21:00:00 - 24/06/2025 22:00:00,BZN|CH,Without Sequence,107.85,,
24/06/2025 22:00:00 - 24/06/2025 23:00:00,BZN|CH,Without Sequence,90.41,,
24/06/2025 23:00:00 - 25/06/2025 00:00:00,BZN|CH,Without Sequence,82.17,,
25/06/2025 00:00:00 - 25/06/2025 01:00:00,BZN|CH,Without Sequence,79.94,,
25/06/2025 01:00:00 - 25/06/2025 02:00:00,BZN|CH,Without Sequence,77.06,,
25/06/2025 02:00:00 - 25/06/2025 03:00:00,BZN|CH,Without Sequence,76.11,,
25/06/2025 03:00:00 - 25/06/2025 04:00:00,BZN|CH,Without Sequence,89.29,,
25/06/2025 04:00:00 - 25/06/2025 05:00:00,BZN|CH,Without Sequence,96.26,,
25/06/2025 05:00:00 - 25/06/2025 06:00:00,BZN|CH,Without Sequence,105.71,,
25/06/2025 06:00:00 - 25/06/2025 07:00:00,BZN|CH,Without Sequence,96.9,,
25/06/2025 07:00:00 - 25/06/2025 08:00:00,BZN|CH,Without Sequence,72.6,,
25/06/2025 08:00:00 - 25/06/2025 09:00:00,BZN|CH,Without Sequence,40.07,,
25/06/2025 09:00:00 - 25/06/2025 10:00:00,BZN|CH,Without Sequence,30.74,,
25/06/2025 10:00:00 - 25/06/2025 11:00:00,BZN|CH,Without Sequence,9.47,,
25/06/2025 11:00:00 - 25/06/2025 12:00:00,BZN|CH,Without Sequence,11.45,,
25/06/2025 12:00:00 - 25/06/2025 13:00:00,BZN|CH,Without Sequence,11.41,,
25/06/2025 13:00:00 - 25/06/2025 14:00:00,BZN|CH,Without Sequence,11.6,,
25/06/2025 14:00:00 - 25/06/2025 15:00:00,BZN|CH,Without Sequence,45.53,,
25/06/2025 15:00:00 - 25/06/2025 16:00:00,BZN|CH,Without Sequence,74.23,,
25/06/2025 16:00:00 - 25/06/2025 17:00:00,BZN|CH,Without Sequence,105.38,,
25/06/2025 17:00:00 - 25/06/2025 18:00:00,BZN|CH,Without Sequence,139.75,,
25/06/2025 18:00:00 - 25/06/2025 19:00:00,BZN|CH,Without Sequence,161.01,,
25/06/2025 19:00:00 - 25/06/2025 20:00:00,BZN|CH,Without Sequence,161.41,,
25/06/2025 20:00:00 - 25/06/2025 21:00:00,BZN|CH,Without Sequence,151.92,,
25/06/2025 21:00:00 - 25/06/2025 22:00:00,BZN|CH,Without Sequence,133.79,,
25/06/2025 22:00:00 - 25/06/2025 23:00:00,BZN|CH,Without Sequence,125,,
25/06/2025 23:00:00 - 26/06/2025 00:00:00,BZN|CH,Without Sequence,117.63,,
26/06/2025 00:00:00 - 26/06/2025 01:00:00,BZN|CH,Without Sequence,112.56,,
26/06/2025 01:00:00 - 26/06/2025 02:00:00,BZN|CH,Without Sequence,110.11,,
26/06/2025 02:00:00 - 26/06/2025 03:00:00,BZN|CH,Without Sequence,108.81,,
26/06/2025 03:00:00 - 26/06/2025 04:00:00,BZN|CH,Without Sequence,112.36,,
26/06/2025 04:00:00 - 26/06/2025 05:00:00,BZN|CH,Without Sequence,125.69,,
26/06/2025 05:00:00 - 26/06/2025 06:00:00,BZN|CH,Without Sequence,134.48,,
26/06/2025 06:00:00 - 26/06/2025 07:00:00,BZN|CH,Without Sequence,123.93,,
26/06/2025 07:00:00 - 26/06/2025 08:00:00,BZN|CH,Without Sequence,100.06,,
26/06/2025 08:00:00 - 26/06/2025 09:00:00,BZN|CH,Without Sequence,82.96,,
26/06/2025 09:00:00 - 26/06/2025 10:00:00,BZN|CH,Without Sequence,77.2,,
26/06/2025 10:00:00 - 26/06/2025 11:00:00,BZN|CH,Without Sequence,63,,
26/06/2025 11:00:00 - 26/06/2025 12:00:00,BZN|CH,Without Sequence,49.03,,
26/06/2025 12:00:00 - 26/06/2025 13:00:00,BZN|CH,Without Sequence,47.4,,
26/06/2025 13:00:00 - 26/06/2025 14:00:00,BZN|CH,Without Sequence,69.03,,
26/06/2025 14:00:00 - 26/06/2025 15:00:00,BZN|CH,Without Sequence,74.1,,
26/06/2025 15:00:00 - 26/06/2025 16:00:00,BZN|CH,Without Sequence,92.6,,
26/06/2025 16:00:00 - 26/06/2025 17:00:00,BZN|CH,Without Sequence,91.94,,
26/06/2025 17:00:00 - 26/06/2025 18:00:00,BZN|CH,Without Sequence,97.08,,
26/06/2025 18:00:00 - 26/06/2025 19:00:00,BZN|CH,Without Sequence,102.6,,
26/06/2025 19:00:00 - 26/06/2025 20:00:00,BZN|CH,Without Sequence,104.14,,
26/06/2025 20:00:00 - 26/06/2025 21:00:00,BZN|CH,Without Sequence,103.4,,
26/06/2025 21:00:00 - 26/06/2025 22:00:00,BZN|CH,Without Sequence,93.03,,
26/06/2025 22:00:00 - 26/06/2025 23:00:00,BZN|CH,Without Sequence,86.1,,
26/06/2025 23:00:00 - 27/06/2025 00:00:00,BZN|CH,Without Sequence,80.64,,
27/06/2025 00:00:00 - 27/06/2025 01:00:00,BZN|CH,Without Sequence,80.96,,
27/06/2025 01:00:00 - 27/06/2025 02:00:00,BZN|CH,Without Sequence,79.94,,
27/06/2025 02:00:00 - 27/06/2025 03:00:00,BZN|CH,Without Sequence,79.94,,
27/06/2025 03:00:00 - 27/06/2025 04:00:00,BZN|CH,Without Sequence,82.12,,
27/06/2025 04:00:00 - 27/06/2025 05:00:00,BZN|CH,Without Sequence,96.13,,
27/06/2025 05:00:00 - 27/06/2025 06:00:00,BZN|CH,Without Sequence,103.4,,
27/06/2025 06:00:00 - 27/06/2025 07:00:00,BZN|CH,Without Sequence,97.36,,
27/06/2025 07:00:00 - 27/06/2025 08:00:00,BZN|CH,Without Sequence,87.09,,
27/06/2025 08:00:00 - 27/06/2025 09:00:00,BZN|CH,Without Sequence,79.02,,
27/06/2025 09:00:00 - 27/06/2025 10:00:00,BZN|CH,Without Sequence,71.02,,
27/06/2025 10:00:00 - 27/06/2025 11:00:00,BZN|CH,Without Sequence,74.71,,
27/06/2025 11:00:00 - 27/06/2025 12:00:00,BZN|CH,Without Sequence,63.15,,
27/06/2025 12:00:00 - 27/06/2025 13:00:00,BZN|CH,Without Sequence,62.05,,
27/06/2025 13:00:00 - 27/06/2025 14:00:00,BZN|CH,Without Sequence,74.44,,
27/06/2025 14:00:00 - 27/06/2025 15:00:00,BZN|CH,Without Sequence,79.95,,
27/06/2025 15:00:00 - 27/06/2025 16:00:00,BZN|CH,Without Sequence,83.5,,
27/06/2025 16:00:00 - 27/06/2025 17:00:00,BZN|CH,Without Sequence,87.05,,
27/06/2025 17:00:00 - 27/06/2025 18:00:00,BZN|CH,Without Sequence,105.1,,
27/06/2025 18:00:00 - 27/06/2025 19:00:00,BZN|CH,Without Sequence,122.94,,
27/06/2025 19:00:00 - 27/06/2025 20:00:00,BZN|CH,Without Sequence,129.95,,
27/06/2025 20:00:00 - 27/06/2025 21:00:00,BZN|CH,Without Sequence,120.94,,
27/06/2025 21:00:00 - 27/06/2025 22:00:00,BZN|CH,Without Sequence,103.54,,
27/06/2025 22:00:00 - 27/06/2025 23:00:00,BZN|CH,Without Sequence,94.64,,
27/06/2025 23:00:00 - 28/06/2025 00:00:00,BZN|CH,Without Sequence,91.76,,
28/06/2025 00:00:00 - 28/06/2025 01:00:00,BZN|CH,Without Sequence,86.17,,
28/06/2025 01:00:00 - 28/06/2025 02:00:00,BZN|CH,Without Sequence,83.04,,
28/06/2025 02:00:00 - 28/06/2025 03:00:00,BZN|CH,Without Sequence,81.21,,
28/06/2025 03:00:00 - 28/06/2025 04:00:00,BZN|CH,Without Sequence,80.09,,
28/06/2025 04:00:00 - 28/06/2025 05:00:00,BZN|CH,Without Sequence,78.97,,
28/06/2025 05:00:00 - 28/06/2025 06:00:00,BZN|CH,Without Sequence,79.94,,
28/06/2025 06:00:00 - 28/06/2025 07:00:00,BZN|CH,Without Sequence,78.98,,
28/06/2025 07:00:00 - 28/06/2025 08:00:00,BZN|CH,Without Sequence,62.37,,
28/06/2025 08:00:00 - 28/06/2025 09:00:00,BZN|CH,Without Sequence,8.66,,
28/06/2025 09:00:00 - 28/06/2025 10:00:00,BZN|CH,Without Sequence,2.89,,
28/06/2025 10:00:00 - 28/06/2025 11:00:00,BZN|CH,Without Sequence,7.16,,
28/06/2025 11:00:00 - 28/06/2025 12:00:00,BZN|CH,Without Sequence,8.75,,
28/06/2025 12:00:00 - 28/06/2025 13:00:00,BZN|CH,Without Sequence,3.2,,
28/06/2025 13:00:00 - 28/06/2025 14:00:00,BZN|CH,Without Sequence,14.93,,
28/06/2025 14:00:00 - 28/06/2025 15:00:00,BZN|CH,Without Sequence,55.57,,
28/06/2025 15:00:00 - 28/06/2025 16:00:00,BZN|CH,Without Sequence,73.9,,
28/06/2025 16:00:00 - 28/06/2025 17:00:00,BZN|CH,Without Sequence,82.99,,
28/06/2025 17:00:00 - 28/06/2025 18:00:00,BZN|CH,Without Sequence,94.7,,
28/06/2025 18:00:00 - 28/06/2025 19:00:00,BZN|CH,Without Sequence,111.43,,
28/06/2025 19:00:00 - 28/06/2025 20:00:00,BZN|CH,Without Sequence,114.85,,
28/06/2025 20:00:00 - 28/06/2025 21:00:00,BZN|CH,Without Sequence,111.81,,
28/06/2025 21:00:00 - 28/06/2025 22:00:00,BZN|CH,Without Sequence,99.38,,
28/06/2025 22:00:00 - 28/06/2025 23:00:00,BZN|CH,Without Sequence,87.1,,
28/06/2025 23:00:00 - 29/06/2025 00:00:00,BZN|CH,Without Sequence,83.32,,
29/06/2025 00:00:00 - 29/06/2025 01:00:00,BZN|CH,Without Sequence,81.33,,
29/06/2025 01:00:00 - 29/06/2025 02:00:00,BZN|CH,Without Sequence,79.53,,
29/06/2025 02:00:00 - 29/06/2025 03:00:00,BZN|CH,Without Sequence,79.68,,
29/06/2025 03:00:00 - 29/06/2025 04:00:00,BZN|CH,Without Sequence,79.3,,
29/06/2025 04:00:00 - 29/06/2025 05:00:00,BZN|CH,Without Sequence,75.26,,
29/06/2025 05:00:00 - 29/06/2025 06:00:00,BZN|CH,Without Sequence,70,,
29/06/2025 06:00:00 - 29/06/2025 07:00:00,BZN|CH,Without Sequence,36.44,,
29/06/2025 07:00:00 - 29/06/2025 08:00:00,BZN|CH,Without Sequence,0.49,,
29/06/2025 08:00:00 - 29/06/2025 09:00:00,BZN|CH,Without Sequence,1.55,,
29/06/2025 09:00:00 - 29/06/2025 10:00:00,BZN|CH,Without Sequence,-4.08,,
29/06/2025 10:00:00 - 29/06/2025 11:00:00,BZN|CH,Without Sequence,-9.96,,
29/06/2025 11:00:00 - 29/06/2025 12:00:00,BZN|CH,Without Sequence,-10.03,,
29/06/2025 12:00:00 - 29/06/2025 13:00:00,BZN|CH,Without Sequence,-11.24,,
29/06/2025 13:00:00 - 29/06/2025 14:00:00,BZN|CH,Without Sequence,-3.43,,
29/06/2025 14:00:00 - 29/06/2025 15:00:00,BZN|CH,Without Sequence,2.15,,
29/06/2025 15:00:00 - 29/06/2025 16:00:00,BZN|CH,Without Sequence,51.52,,
29/06/2025 16:00:00 - 29/06/2025 17:00:00,BZN|CH,Without Sequence,79.99,,
29/06/2025 17:00:00 - 29/06/2025 18:00:00,BZN|CH,Without Sequence,101.21,,
29/06/2025 18:00:00 - 29/06/2025 19:00:00,BZN|CH,Without Sequence,114.65,,
29/06/2025 19:00:00 - 29/06/2025 20:00:00,BZN|CH,Without Sequence,118.12,,
29/06/2025 20:00:00 - 29/06/2025 21:00:00,BZN|CH,Without Sequence,117.96,,
29/06/2025 21:00:00 - 29/06/2025 22:00:00,BZN|CH,Without Sequence,105.62,,
29/06/2025 22:00:00 - 29/06/2025 23:00:00,BZN|CH,Without Sequence,96.99,,
29/06/2025 23:00:00 - 30/06/2025 00:00:00,BZN|CH,Without Sequence,91.93,,
30/06/2025 00:00:00 - 30/06/2025 01:00:00,BZN|CH,Without Sequence,90.4,,
30/06/2025 01:00:00 - 30/06/2025 02:00:00,BZN|CH,Without Sequence,93.04,,
30/06/2025 02:00:00 - 30/06/2025 03:00:00,BZN|CH,Without Sequence,93.29,,
30/06/2025 03:00:00 - 30/06/2025 04:00:00,BZN|CH,Without Sequence,103.31,,
30/06/2025 04:00:00 - 30/06/2025 05:00:00,BZN|CH,Without Sequence,118.29,,
30/06/2025 05:00:00 - 30/06/2025 06:00:00,BZN|CH,Without Sequence,121.78,,
30/06/2025 06:00:00 - 30/06/2025 07:00:00,BZN|CH,Without Sequence,102.02,,
30/06/2025 07:00:00 - 30/06/2025 08:00:00,BZN|CH,Without Sequence,94.9,,
30/06/2025 08:00:00 - 30/06/2025 09:00:00,BZN|CH,Without Sequence,78.02,,
30/06/2025 09:00:00 - 30/06/2025 10:00:00,BZN|CH,Without Sequence,66.08,,
30/06/2025 10:00:00 - 30/06/2025 11:00:00,BZN|CH,Without Sequence,41.83,,
30/06/2025 11:00:00 - 30/06/2025 12:00:00,BZN|CH,Without Sequence,37.92,,
30/06/2025 12:00:00 - 30/06/2025 13:00:00,BZN|CH,Without Sequence,51.51,,
30/06/2025 13:00:00 - 30/06/2025 14:00:00,BZN|CH,Without Sequence,56.51,,
30/06/2025 14:00:00 - 30/06/2025 15:00:00,BZN|CH,Without Sequence,76.9,,
30/06/2025 15:00:00 - 30/06/2025 16:00:00,BZN|CH,Without Sequence,92.45,,
30/06/2025 16:00:00 - 30/06/2025 17:00:00,BZN|CH,Without Sequence,108.38,,
30/06/2025 17:00:00 - 30/06/2025 18:00:00,BZN|CH,Without Sequence,166.79,,
30/06/2025 18:00:00 - 30/06/2025 19:00:00,BZN|CH,Without Sequence,176.92,,
30/06/2025 19:00:00 - 30/06/2025 20:00:00,BZN|CH,Without Sequence,171.92,,
30/06/2025 20:00:00 - 30/06/2025 21:00:00,BZN|CH,Without Sequence,142.94,,
30/06/2025 21:00:00 - 30/06/2025 22:00:00,BZN|CH,Without Sequence,115.89,,
30/06/2025 22:00:00 - 30/06/2025 23:00:00,BZN|CH,Without Sequence,107.58,,
30/06/2025 23:00:00 - 01/07/2025 00:00:00,BZN|CH,Without Sequence,96.77,,
01/07/2025 00:00:00 - 01/07/2025 01:00:00,BZN|CH,Without Sequence,92.48,,
01/07/2025 01:00:00 - 01/07/2025 02:00:00,BZN|CH,Without Sequence,92.25,,
01/07/2025 02:00:00 - 01/07/2025 03:00:00,BZN|CH,Without Sequence,92.82,,
01/07/2025 03:00:00 - 01/07/2025 04:00:00,BZN|CH,Without Sequence,98.63,,
01/07/2025 04:00:00 - 01/07/2025 05:00:00,BZN|CH,Without Sequence,112.2,,
01/07/2025 05:00:00 - 01/07/2025 06:00:00,BZN|CH,Without Sequence,118.57,,
01/07/2025 06:00:00 - 01/07/2025 07:00:00,BZN|CH,Without Sequence,117.52,,
01/07/2025 07:00:00 - 01/07/2025 08:00:00,BZN|CH,Without Sequence,100.09,,
01/07/2025 08:00:00 - 01/07/2025 09:00:00,BZN|CH,Without Sequence,85.03,,
01/07/2025 09:00:00 - 01/07/2025 10:00:00,BZN|CH,Without Sequence,81.04,,
01/07/2025 10:00:00 - 01/07/2025 11:00:00,BZN|CH,Without Sequence,75.27,,
01/07/2025 11:00:00 - 01/07/2025 12:00:00,BZN|CH,Without Sequence,74.2,,
01/07/2025 12:00:00 - 01/07/2025 13:00:00,BZN|CH,Without Sequence,72.92,,
01/07/2025 13:00:00 - 01/07/2025 14:00:00,BZN|CH,Without Sequence,81.15,,
01/07/2025 14:00:00 - 01/07/2025 15:00:00,BZN|CH,Without Sequence,94.9,,
01/07/2025 15:00:00 - 01/07/2025 16:00:00,BZN|CH,Without Sequence,105.31,,
01/07/2025 16:00:00 - 01/07/2025 17:00:00,BZN|CH,Without Sequence,123.98,,
01/07/2025 17:00:00 - 01/07/2025 18:00:00,BZN|CH,Without Sequence,195.02,,
01/07/2025 18:00:00 - 01/07/2025 19:00:00,BZN|CH,Without Sequence,215.05,,
01/07/2025 19:00:00 - 01/07/2025 20:00:00,BZN|CH,Without Sequence,203.17,,
01/07/2025 20:00:00 - 01/07/2025 21:00:00,BZN|CH,Without Sequence,164.42,,
01/07/2025 21:00:00 - 01/07/2025 22:00:00,BZN|CH,Without Sequence,126.38,,
01/07/2025 22:00:00 - 01/07/2025 23:00:00,BZN|CH,Without Sequence,113.92,,
01/07/2025 23:00:00 - 02/07/2025 00:00:00,BZN|CH,Without Sequence,100.88,,
02/07/2025 00:00:00 - 02/07/2025 01:00:00,BZN|CH,Without Sequence,94.7,,
02/07/2025 01:00:00 - 02/07/2025 02:00:00,BZN|CH,Without Sequence,94.32,,
02/07/2025 02:00:00 - 02/07/2025 03:00:00,BZN|CH,Without Sequence,95.09,,
02/07/2025 03:00:00 - 02/07/2025 04:00:00,BZN|CH,Without Sequence,101.82,,
02/07/2025 04:00:00 - 02/07/2025 05:00:00,BZN|CH,Without Sequence,114.9,,
02/07/2025 05:00:00 - 02/07/2025 06:00:00,BZN|CH,Without Sequence,119.51,,
02/07/2025 06:00:00 - 02/07/2025 07:00:00,BZN|CH,Without Sequence,108.91,,
02/07/2025 07:00:00 - 02/07/2025 08:00:00,BZN|CH,Without Sequence,94.89,,
02/07/2025 08:00:00 - 02/07/2025 09:00:00,BZN|CH,Without Sequence,83.02,,
02/07/2025 09:00:00 - 02/07/2025 10:00:00,BZN|CH,Without Sequence,77.69,,
02/07/2025 10:00:00 - 02/07/2025 11:00:00,BZN|CH,Without Sequence,74.91,,
02/07/2025 11:00:00 - 02/07/2025 12:00:00,BZN|CH,Without Sequence,64.32,,
02/07/2025 12:00:00 - 02/07/2025 13:00:00,BZN|CH,Without Sequence,66.05,,
02/07/2025 13:00:00 - 02/07/2025 14:00:00,BZN|CH,Without Sequence,72.44,,
02/07/2025 14:00:00 - 02/07/2025 15:00:00,BZN|CH,Without Sequence,82.47,,
02/07/2025 15:00:00 - 02/07/2025 16:00:00,BZN|CH,Without Sequence,93.41,,
02/07/2025 16:00:00 - 02/07/2025 17:00:00,BZN|CH,Without Sequence,112.92,,
02/07/2025 17:00:00 - 02/07/2025 18:00:00,BZN|CH,Without Sequence,148.06,,
02/07/2025 18:00:00 - 02/07/2025 19:00:00,BZN|CH,Without Sequence,178.06,,
02/07/2025 19:00:00 - 02/07/2025 20:00:00,BZN|CH,Without Sequence,170.06,,
02/07/2025 20:00:00 - 02/07/2025 21:00:00,BZN|CH,Without Sequence,149.53,,
02/07/2025 21:00:00 - 02/07/2025 22:00:00,BZN|CH,Without Sequence,115.8,,
02/07/2025 22:00:00 - 02/07/2025 23:00:00,BZN|CH,Without Sequence,97.28,,
02/07/2025 23:00:00 - 03/07/2025 00:00:00,BZN|CH,Without Sequence,90.87,,
03/07/2025 00:00:00 - 03/07/2025 01:00:00,BZN|CH,Without Sequence,90.04,,
03/07/2025 01:00:00 - 03/07/2025 02:00:00,BZN|CH,Without Sequence,85.81,,
03/07/2025 02:00:00 - 03/07/2025 03:00:00,BZN|CH,Without Sequence,85.2,,
03/07/2025 03:00:00 - 03/07/2025 04:00:00,BZN|CH,Without Sequence,90.03,,
03/07/2025 04:00:00 - 03/07/2025 05:00:00,BZN|CH,Without Sequence,99.61,,
03/07/2025 05:00:00 - 03/07/2025 06:00:00,BZN|CH,Without Sequence,107.33,,
03/07/2025 06:00:00 - 03/07/2025 07:00:00,BZN|CH,Without Sequence,103.23,,
03/07/2025 07:00:00 - 03/07/2025 08:00:00,BZN|CH,Without Sequence,92.1,,
03/07/2025 08:00:00 - 03/07/2025 09:00:00,BZN|CH,Without Sequence,90.33,,
03/07/2025 09:00:00 - 03/07/2025 10:00:00,BZN|CH,Without Sequence,86.71,,
03/07/2025 10:00:00 - 03/07/2025 11:00:00,BZN|CH,Without Sequence,84.43,,
03/07/2025 11:00:00 - 03/07/2025 12:00:00,BZN|CH,Without Sequence,84.07,,
03/07/2025 12:00:00 - 03/07/2025 13:00:00,BZN|CH,Without Sequence,84.67,,
03/07/2025 13:00:00 - 03/07/2025 14:00:00,BZN|CH,Without Sequence,88.69,,
03/07/2025 14:00:00 - 03/07/2025 15:00:00,BZN|CH,Without Sequence,96.3,,
03/07/2025 15:00:00 - 03/07/2025 16:00:00,BZN|CH,Without Sequence,99.6,,
03/07/2025 16:00:00 - 03/07/2025 17:00:00,BZN|CH,Without Sequence,102.55,,
03/07/2025 17:00:00 - 03/07/2025 18:00:00,BZN|CH,Without Sequence,133.96,,
03/07/2025 18:00:00 - 03/07/2025 19:00:00,BZN|CH,Without Sequence,172.95,,
03/07/2025 19:00:00 - 03/07/2025 20:00:00,BZN|CH,Without Sequence,171.97,,
03/07/2025 20:00:00 - 03/07/2025 21:00:00,BZN|CH,Without Sequence,135.64,,
03/07/2025 21:00:00 - 03/07/2025 22:00:00,BZN|CH,Without Sequence,112.42,,
03/07/2025 22:00:00 - 03/07/2025 23:00:00,BZN|CH,Without Sequence,106.93,,
03/07/2025 23:00:00 - 04/07/2025 00:00:00,BZN|CH,Without Sequence,103,,
04/07/2025 00:00:00 - 04/07/2025 01:00:00,BZN|CH,Without Sequence,98.19,,
04/07/2025 01:00:00 - 04/07/2025 02:00:00,BZN|CH,Without Sequence,96.94,,
04/07/2025 02:00:00 - 04/07/2025 03:00:00,BZN|CH,Without Sequence,97.97,,
04/07/2025 03:00:00 - 04/07/2025 04:00:00,BZN|CH,Without Sequence,105,,
04/07/2025 04:00:00 - 04/07/2025 05:00:00,BZN|CH,Without Sequence,122.51,,
04/07/2025 05:00:00 - 04/07/2025 06:00:00,BZN|CH,Without Sequence,119.26,,
04/07/2025 06:00:00 - 04/07/2025 07:00:00,BZN|CH,Without Sequence,102.99,,
04/07/2025 07:00:00 - 04/07/2025 08:00:00,BZN|CH,Without Sequence,89.07,,
04/07/2025 08:00:00 - 04/07/2025 09:00:00,BZN|CH,Without Sequence,88,,
04/07/2025 09:00:00 - 04/07/2025 10:00:00,BZN|CH,Without Sequence,84.87,,
04/07/2025 10:00:00 - 04/07/2025 11:00:00,BZN|CH,Without Sequence,73.15,,
04/07/2025 11:00:00 - 04/07/2025 12:00:00,BZN|CH,Without Sequence,66.95,,
04/07/2025 12:00:00 - 04/07/2025 13:00:00,BZN|CH,Without Sequence,56.2,,
04/07/2025 13:00:00 - 04/07/2025 14:00:00,BZN|CH,Without Sequence,80.18,,
04/07/2025 14:00:00 - 04/07/2025 15:00:00,BZN|CH,Without Sequence,83.31,,
04/07/2025 15:00:00 - 04/07/2025 16:00:00,BZN|CH,Without Sequence,86.06,,
04/07/2025 16:00:00 - 04/07/2025 17:00:00,BZN|CH,Without Sequence,101.51,,
04/07/2025 17:00:00 - 04/07/2025 18:00:00,BZN|CH,Without Sequence,119.93,,
04/07/2025 18:00:00 - 04/07/2025 19:00:00,BZN|CH,Without Sequence,154.95,,
04/07/2025 19:00:00 - 04/07/2025 20:00:00,BZN|CH,Without Sequence,159.59,,
04/07/2025 20:00:00 - 04/07/2025 21:00:00,BZN|CH,Without Sequence,128.76,,
04/07/2025 21:00:00 - 04/07/2025 22:00:00,BZN|CH,Without Sequence,109.77,,
04/07/2025 22:00:00 - 04/07/2025 23:00:00,BZN|CH,Without Sequence,100.9,,
04/07/2025 23:00:00 - 05/07/2025 00:00:00,BZN|CH,Without Sequence,95.38,,
05/07/2025 00:00:00 - 05/07/2025 01:00:00,BZN|CH,Without Sequence,92.5,,
05/07/2025 01:00:00 - 05/07/2025 02:00:00,BZN|CH,Without Sequence,90.75,,
05/07/2025 02:00:00 - 05/07/2025 03:00:00,BZN|CH,Without Sequence,89.13,,
05/07/2025 03:00:00 - 05/07/2025 04:00:00,BZN|CH,Without Sequence,88.85,,
05/07/2025 04:00:00 - 05/07/2025 05:00:00,BZN|CH,Without Sequence,91.07,,
05/07/2025 05:00:00 - 05/07/2025 06:00:00,BZN|CH,Without Sequence,88.68,,
05/07/2025 06:00:00 - 05/07/2025 07:00:00,BZN|CH,Without Sequence,87.44,,
05/07/2025 07:00:00 - 05/07/2025 08:00:00,BZN|CH,Without Sequence,75.95,,
05/07/2025 08:00:00 - 05/07/2025 09:00:00,BZN|CH,Without Sequence,73.16,,
05/07/2025 09:00:00 - 05/07/2025 10:00:00,BZN|CH,Without Sequence,36.94,,
05/07/2025 10:00:00 - 05/07/2025 11:00:00,BZN|CH,Without Sequence,8.23,,
05/07/2025 11:00:00 - 05/07/2025 12:00:00,BZN|CH,Without Sequence,2.08,,
05/07/2025 12:00:00 - 05/07/2025 13:00:00,BZN|CH,Without Sequence,3.68,,
05/07/2025 13:00:00 - 05/07/2025 14:00:00,BZN|CH,Without Sequence,33.09,,
05/07/2025 14:00:00 - 05/07/2025 15:00:00,BZN|CH,Without Sequence,71.08,,
05/07/2025 15:00:00 - 05/07/2025 16:00:00,BZN|CH,Without Sequence,83.31,,
05/07/2025 16:00:00 - 05/07/2025 17:00:00,BZN|CH,Without Sequence,93.3,,
05/07/2025 17:00:00 - 05/07/2025 18:00:00,BZN|CH,Without Sequence,102.69,,
05/07/2025 18:00:00 - 05/07/2025 19:00:00,BZN|CH,Without Sequence,107.87,,
05/07/2025 19:00:00 - 05/07/2025 20:00:00,BZN|CH,Without Sequence,116.67,,
05/07/2025 20:00:00 - 05/07/2025 21:00:00,BZN|CH,Without Sequence,113.02,,
05/07/2025 21:00:00 - 05/07/2025 22:00:00,BZN|CH,Without Sequence,103.05,,
05/07/2025 22:00:00 - 05/07/2025 23:00:00,BZN|CH,Without Sequence,95.16,,
05/07/2025 23:00:00 - 06/07/2025 00:00:00,BZN|CH,Without Sequence,87.52,,
06/07/2025 00:00:00 - 06/07/2025 01:00:00,BZN|CH,Without Sequence,85.95,,
06/07/2025 01:00:00 - 06/07/2025 02:00:00,BZN|CH,Without Sequence,85.08,,
06/07/2025 02:00:00 - 06/07/2025 03:00:00,BZN|CH,Without Sequence,86.21,,
06/07/2025 03:00:00 - 06/07/2025 04:00:00,BZN|CH,Without Sequence,86.05,,
06/07/2025 04:00:00 - 06/07/2025 05:00:00,BZN|CH,Without Sequence,85.64,,
06/07/2025 05:00:00 - 06/07/2025 06:00:00,BZN|CH,Without Sequence,85.7,,
06/07/2025 06:00:00 - 06/07/2025 07:00:00,BZN|CH,Without Sequence,82.31,,
06/07/2025 07:00:00 - 06/07/2025 08:00:00,BZN|CH,Without Sequence,75.93,,
06/07/2025 08:00:00 - 06/07/2025 09:00:00,BZN|CH,Without Sequence,72.47,,
06/07/2025 09:00:00 - 06/07/2025 10:00:00,BZN|CH,Without Sequence,71.07,,
06/07/2025 10:00:00 - 06/07/2025 11:00:00,BZN|CH,Without Sequence,62.07,,
06/07/2025 11:00:00 - 06/07/2025 12:00:00,BZN|CH,Without Sequence,62.09,,
06/07/2025 12:00:00 - 06/07/2025 13:00:00,BZN|CH,Without Sequence,71.01,,
06/07/2025 13:00:00 - 06/07/2025 14:00:00,BZN|CH,Without Sequence,75.95,,
06/07/2025 14:00:00 - 06/07/2025 15:00:00,BZN|CH,Without Sequence,79.97,,
06/07/2025 15:00:00 - 06/07/2025 16:00:00,BZN|CH,Without Sequence,87.2,,
06/07/2025 16:00:00 - 06/07/2025 17:00:00,BZN|CH,Without Sequence,104.45,,
06/07/2025 17:00:00 - 06/07/2025 18:00:00,BZN|CH,Without Sequence,111.27,,
06/07/2025 18:00:00 - 06/07/2025 19:00:00,BZN|CH,Without Sequence,124.21,,
06/07/2025 19:00:00 - 06/07/2025 20:00:00,BZN|CH,Without Sequence,127.7,,
06/07/2025 20:00:00 - 06/07/2025 21:00:00,BZN|CH,Without Sequence,122.13,,
06/07/2025 21:00:00 - 06/07/2025 22:00:00,BZN|CH,Without Sequence,106.66,,
06/07/2025 22:00:00 - 06/07/2025 23:00:00,BZN|CH,Without Sequence,101.45,,
06/07/2025 23:00:00 - 07/07/2025 00:00:00,BZN|CH,Without Sequence,93.77,,
07/07/2025 00:00:00 - 07/07/2025 01:00:00,BZN|CH,Without Sequence,93.76,,
07/07/2025 01:00:00 - 07/07/2025 02:00:00,BZN|CH,Without Sequence,92.82,,
07/07/2025 02:00:00 - 07/07/2025 03:00:00,BZN|CH,Without Sequence,95.01,,
07/07/2025 03:00:00 - 07/07/2025 04:00:00,BZN|CH,Without Sequence,99.99,,
07/07/2025 04:00:00 - 07/07/2025 05:00:00,BZN|CH,Without Sequence,112.07,,
07/07/2025 05:00:00 - 07/07/2025 06:00:00,BZN|CH,Without Sequence,118.58,,
07/07/2025 06:00:00 - 07/07/2025 07:00:00,BZN|CH,Without Sequence,110.81,,
07/07/2025 07:00:00 - 07/07/2025 08:00:00,BZN|CH,Without Sequence,109.19,,
07/07/2025 08:00:00 - 07/07/2025 09:00:00,BZN|CH,Without Sequence,99.54,,
07/07/2025 09:00:00 - 07/07/2025 10:00:00,BZN|CH,Without Sequence,92.11,,
07/07/2025 10:00:00 - 07/07/2025 11:00:00,BZN|CH,Without Sequence,88.92,,
07/07/2025 11:00:00 - 07/07/2025 12:00:00,BZN|CH,Without Sequence,87.55,,
07/07/2025 12:00:00 - 07/07/2025 13:00:00,BZN|CH,Without Sequence,87.5,,
07/07/2025 13:00:00 - 07/07/2025 14:00:00,BZN|CH,Without Sequence,91.04,,
07/07/2025 14:00:00 - 07/07/2025 15:00:00,BZN|CH,Without Sequence,94.96,,
07/07/2025 15:00:00 - 07/07/2025 16:00:00,BZN|CH,Without Sequence,102.7,,
07/07/2025 16:00:00 - 07/07/2025 17:00:00,BZN|CH,Without Sequence,103.15,,
07/07/2025 17:00:00 - 07/07/2025 18:00:00,BZN|CH,Without Sequence,102.71,,
07/07/2025 18:00:00 - 07/07/2025 19:00:00,BZN|CH,Without Sequence,108.79,,
07/07/2025 19:00:00 - 07/07/2025 20:00:00,BZN|CH,Without Sequence,109.7,,
07/07/2025 20:00:00 - 07/07/2025 21:00:00,BZN|CH,Without Sequence,109.26,,
07/07/2025 21:00:00 - 07/07/2025 22:00:00,BZN|CH,Without Sequence,102.69,,
07/07/2025 22:00:00 - 07/07/2025 23:00:00,BZN|CH,Without Sequence,101.6,,
07/07/2025 23:00:00 - 08/07/2025 00:00:00,BZN|CH,Without Sequence,98.63,,
08/07/2025 00:00:00 - 08/07/2025 01:00:00,BZN|CH,Without Sequence,95.67,,
08/07/2025 01:00:00 - 08/07/2025 02:00:00,BZN|CH,Without Sequence,93.19,,
08/07/2025 02:00:00 - 08/07/2025 03:00:00,BZN|CH,Without Sequence,94.07,,
08/07/2025 03:00:00 - 08/07/2025 04:00:00,BZN|CH,Without Sequence,99.71,,
08/07/2025 04:00:00 - 08/07/2025 05:00:00,BZN|CH,Without Sequence,107.99,,
08/07/2025 05:00:00 - 08/07/2025 06:00:00,BZN|CH,Without Sequence,115.32,,
08/07/2025 06:00:00 - 08/07/2025 07:00:00,BZN|CH,Without Sequence,113.09,,
08/07/2025 07:00:00 - 08/07/2025 08:00:00,BZN|CH,Without Sequence,104.01,,
08/07/2025 08:00:00 - 08/07/2025 09:00:00,BZN|CH,Without Sequence,98.61,,
08/07/2025 09:00:00 - 08/07/2025 10:00:00,BZN|CH,Without Sequence,96.07,,
08/07/2025 10:00:00 - 08/07/2025 11:00:00,BZN|CH,Without Sequence,90.58,,
08/07/2025 11:00:00 - 08/07/2025 12:00:00,BZN|CH,Without Sequence,90.66,,
08/07/2025 12:00:00 - 08/07/2025 13:00:00,BZN|CH,Without Sequence,92.01,,
08/07/2025 13:00:00 - 08/07/2025 14:00:00,BZN|CH,Without Sequence,91.7,,
08/07/2025 14:00:00 - 08/07/2025 15:00:00,BZN|CH,Without Sequence,92.08,,
08/07/2025 15:00:00 - 08/07/2025 16:00:00,BZN|CH,Without Sequence,91.53,,
08/07/2025 16:00:00 - 08/07/2025 17:00:00,BZN|CH,Without Sequence,101.83,,
08/07/2025 17:00:00 - 08/07/2025 18:00:00,BZN|CH,Without Sequence,112.77,,
08/07/2025 18:00:00 - 08/07/2025 19:00:00,BZN|CH,Without Sequence,122.36,,
08/07/2025 19:00:00 - 08/07/2025 20:00:00,BZN|CH,Without Sequence,120.81,,
08/07/2025 20:00:00 - 08/07/2025 21:00:00,BZN|CH,Without Sequence,108.4,,
08/07/2025 21:00:00 - 08/07/2025 22:00:00,BZN|CH,Without Sequence,101.51,,
08/07/2025 22:00:00 - 08/07/2025 23:00:00,BZN|CH,Without Sequence,98.65,,
08/07/2025 23:00:00 - 09/07/2025 00:00:00,BZN|CH,Without Sequence,90.37,,
09/07/2025 00:00:00 - 09/07/2025 01:00:00,BZN|CH,Without Sequence,89.18,,
09/07/2025 01:00:00 - 09/07/2025 02:00:00,BZN|CH,Without Sequence,88.07,,
09/07/2025 02:00:00 - 09/07/2025 03:00:00,BZN|CH,Without Sequence,89.56,,
09/07/2025 03:00:00 - 09/07/2025 04:00:00,BZN|CH,Without Sequence,94.9,,
09/07/2025 04:00:00 - 09/07/2025 05:00:00,BZN|CH,Without Sequence,106.74,,
09/07/2025 05:00:00 - 09/07/2025 06:00:00,BZN|CH,Without Sequence,112.84,,
09/07/2025 06:00:00 - 09/07/2025 07:00:00,BZN|CH,Without Sequence,106.8,,
09/07/2025 07:00:00 - 09/07/2025 08:00:00,BZN|CH,Without Sequence,92.09,,
09/07/2025 08:00:00 - 09/07/2025 09:00:00,BZN|CH,Without Sequence,84.55,,
09/07/2025 09:00:00 - 09/07/2025 10:00:00,BZN|CH,Without Sequence,77.63,,
09/07/2025 10:00:00 - 09/07/2025 11:00:00,BZN|CH,Without Sequence,63.64,,
09/07/2025 11:00:00 - 09/07/2025 12:00:00,BZN|CH,Without Sequence,62.03,,
09/07/2025 12:00:00 - 09/07/2025 13:00:00,BZN|CH,Without Sequence,67.6,,
09/07/2025 13:00:00 - 09/07/2025 14:00:00,BZN|CH,Without Sequence,76.03,,
09/07/2025 14:00:00 - 09/07/2025 15:00:00,BZN|CH,Without Sequence,77.91,,
09/07/2025 15:00:00 - 09/07/2025 16:00:00,BZN|CH,Without Sequence,84.64,,
09/07/2025 16:00:00 - 09/07/2025 17:00:00,BZN|CH,Without Sequence,95.63,,
09/07/2025 17:00:00 - 09/07/2025 18:00:00,BZN|CH,Without Sequence,113.33,,
09/07/2025 18:00:00 - 09/07/2025 19:00:00,BZN|CH,Without Sequence,125.05,,
09/07/2025 19:00:00 - 09/07/2025 20:00:00,BZN|CH,Without Sequence,129.94,,
09/07/2025 20:00:00 - 09/07/2025 21:00:00,BZN|CH,Without Sequence,118.79,,
09/07/2025 21:00:00 - 09/07/2025 22:00:00,BZN|CH,Without Sequence,104.91,,
09/07/2025 22:00:00 - 09/07/2025 23:00:00,BZN|CH,Without Sequence,102.19,,
09/07/2025 23:00:00 - 10/07/2025 00:00:00,BZN|CH,Without Sequence,98.56,,
10/07/2025 00:00:00 - 10/07/2025 01:00:00,BZN|CH,Without Sequence,99.64,,
10/07/2025 01:00:00 - 10/07/2025 02:00:00,BZN|CH,Without Sequence,96.02,,
10/07/2025 02:00:00 - 10/07/2025 03:00:00,BZN|CH,Without Sequence,97.15,,
10/07/2025 03:00:00 - 10/07/2025 04:00:00,BZN|CH,Without Sequence,102.17,,
10/07/2025 04:00:00 - 10/07/2025 05:00:00,BZN|CH,Without Sequence,114.81,,
10/07/2025 05:00:00 - 10/07/2025 06:00:00,BZN|CH,Without Sequence,119.16,,
10/07/2025 06:00:00 - 10/07/2025 07:00:00,BZN|CH,Without Sequence,110.07,,
10/07/2025 07:00:00 - 10/07/2025 08:00:00,BZN|CH,Without Sequence,94.17,,
10/07/2025 08:00:00 - 10/07/2025 09:00:00,BZN|CH,Without Sequence,80.49,,
10/07/2025 09:00:00 - 10/07/2025 10:00:00,BZN|CH,Without Sequence,68.99,,
10/07/2025 10:00:00 - 10/07/2025 11:00:00,BZN|CH,Without Sequence,47.11,,
10/07/2025 11:00:00 - 10/07/2025 12:00:00,BZN|CH,Without Sequence,39.87,,
10/07/2025 12:00:00 - 10/07/2025 13:00:00,BZN|CH,Without Sequence,37.81,,
10/07/2025 13:00:00 - 10/07/2025 14:00:00,BZN|CH,Without Sequence,51.71,,
10/07/2025 14:00:00 - 10/07/2025 15:00:00,BZN|CH,Without Sequence,72.54,,
10/07/2025 15:00:00 - 10/07/2025 16:00:00,BZN|CH,Without Sequence,85.97,,
10/07/2025 16:00:00 - 10/07/2025 17:00:00,BZN|CH,Without Sequence,101.31,,
10/07/2025 17:00:00 - 10/07/2025 18:00:00,BZN|CH,Without Sequence,109.66,,
10/07/2025 18:00:00 - 10/07/2025 19:00:00,BZN|CH,Without Sequence,119.65,,
10/07/2025 19:00:00 - 10/07/2025 20:00:00,BZN|CH,Without Sequence,116.86,,
10/07/2025 20:00:00 - 10/07/2025 21:00:00,BZN|CH,Without Sequence,113.99,,
10/07/2025 21:00:00 - 10/07/2025 22:00:00,BZN|CH,Without Sequence,102.79,,
10/07/2025 22:00:00 - 10/07/2025 23:00:00,BZN|CH,Without Sequence,102,,
10/07/2025 23:00:00 - 11/07/2025 00:00:00,BZN|CH,Without Sequence,97.32,,
11/07/2025 00:00:00 - 11/07/2025 01:00:00,BZN|CH,Without Sequence,97.09,,
11/07/2025 01:00:00 - 11/07/2025 02:00:00,BZN|CH,Without Sequence,97.16,,
11/07/2025 02:00:00 - 11/07/2025 03:00:00,BZN|CH,Without Sequence,97.02,,
11/07/2025 03:00:00 - 11/07/2025 04:00:00,BZN|CH,Without Sequence,99.39,,
11/07/2025 04:00:00 - 11/07/2025 05:00:00,BZN|CH,Without Sequence,106.48,,
11/07/2025 05:00:00 - 11/07/2025 06:00:00,BZN|CH,Without Sequence,106.58,,
11/07/2025 06:00:00 - 11/07/2025 07:00:00,BZN|CH,Without Sequence,102.69,,
11/07/2025 07:00:00 - 11/07/2025 08:00:00,BZN|CH,Without Sequence,92.5,,
11/07/2025 08:00:00 - 11/07/2025 09:00:00,BZN|CH,Without Sequence,81.74,,
11/07/2025 09:00:00 - 11/07/2025 10:00:00,BZN|CH,Without Sequence,74.78,,
11/07/2025 10:00:00 - 11/07/2025 11:00:00,BZN|CH,Without Sequence,75.83,,
11/07/2025 11:00:00 - 11/07/2025 12:00:00,BZN|CH,Without Sequence,69.99,,
11/07/2025 12:00:00 - 11/07/2025 13:00:00,BZN|CH,Without Sequence,74.19,,
11/07/2025 13:00:00 - 11/07/2025 14:00:00,BZN|CH,Without Sequence,75.54,,
11/07/2025 14:00:00 - 11/07/2025 15:00:00,BZN|CH,Without Sequence,79.16,,
11/07/2025 15:00:00 - 11/07/2025 16:00:00,BZN|CH,Without Sequence,84.72,,
11/07/2025 16:00:00 - 11/07/2025 17:00:00,BZN|CH,Without Sequence,92.5,,
11/07/2025 17:00:00 - 11/07/2025 18:00:00,BZN|CH,Without Sequence,102.7,,
11/07/2025 18:00:00 - 11/07/2025 19:00:00,BZN|CH,Without Sequence,110.03,,
11/07/2025 19:00:00 - 11/07/2025 20:00:00,BZN|CH,Without Sequence,110.58,,
11/07/2025 20:00:00 - 11/07/2025 21:00:00,BZN|CH,Without Sequence,109.92,,
11/07/2025 21:00:00 - 11/07/2025 22:00:00,BZN|CH,Without Sequence,101.23,,
11/07/2025 22:00:00 - 11/07/2025 23:00:00,BZN|CH,Without Sequence,101.3,,
11/07/2025 23:00:00 - 12/07/2025 00:00:00,BZN|CH,Without Sequence,95.59,,
12/07/2025 00:00:00 - 12/07/2025 01:00:00,BZN|CH,Without Sequence,91.97,,
12/07/2025 01:00:00 - 12/07/2025 02:00:00,BZN|CH,Without Sequence,90.81,,
12/07/2025 02:00:00 - 12/07/2025 03:00:00,BZN|CH,Without Sequence,90.8,,
12/07/2025 03:00:00 - 12/07/2025 04:00:00,BZN|CH,Without Sequence,89.22,,
12/07/2025 04:00:00 - 12/07/2025 05:00:00,BZN|CH,Without Sequence,89.86,,
12/07/2025 05:00:00 - 12/07/2025 06:00:00,BZN|CH,Without Sequence,95,,
12/07/2025 06:00:00 - 12/07/2025 07:00:00,BZN|CH,Without Sequence,82.06,,
12/07/2025 07:00:00 - 12/07/2025 08:00:00,BZN|CH,Without Sequence,78.2,,
12/07/2025 08:00:00 - 12/07/2025 09:00:00,BZN|CH,Without Sequence,20.99,,
12/07/2025 09:00:00 - 12/07/2025 10:00:00,BZN|CH,Without Sequence,2.9,,
12/07/2025 10:00:00 - 12/07/2025 11:00:00,BZN|CH,Without Sequence,-0.02,,
12/07/2025 11:00:00 - 12/07/2025 12:00:00,BZN|CH,Without Sequence,-0.91,,
12/07/2025 12:00:00 - 12/07/2025 13:00:00,BZN|CH,Without Sequence,-1.38,,
12/07/2025 13:00:00 - 12/07/2025 14:00:00,BZN|CH,Without Sequence,0.75,,
12/07/2025 14:00:00 - 12/07/2025 15:00:00,BZN|CH,Without Sequence,15.22,,
12/07/2025 15:00:00 - 12/07/2025 16:00:00,BZN|CH,Without Sequence,60.01,,
12/07/2025 16:00:00 - 12/07/2025 17:00:00,BZN|CH,Without Sequence,92.02,,
12/07/2025 17:00:00 - 12/07/2025 18:00:00,BZN|CH,Without Sequence,101.34,,
12/07/2025 18:00:00 - 12/07/2025 19:00:00,BZN|CH,Without Sequence,113.31,,
12/07/2025 19:00:00 - 12/07/2025 20:00:00,BZN|CH,Without Sequence,116.63,,
12/07/2025 20:00:00 - 12/07/2025 21:00:00,BZN|CH,Without Sequence,112.01,,
12/07/2025 21:00:00 - 12/07/2025 22:00:00,BZN|CH,Without Sequence,103.8,,
12/07/2025 22:00:00 - 12/07/2025 23:00:00,BZN|CH,Without Sequence,104.31,,
12/07/2025 23:00:00 - 13/07/2025 00:00:00,BZN|CH,Without Sequence,103.6,,
13/07/2025 00:00:00 - 13/07/2025 01:00:00,BZN|CH,Without Sequence,102.66,,
13/07/2025 01:00:00 - 13/07/2025 02:00:00,BZN|CH,Without Sequence,101.16,,
13/07/2025 02:00:00 - 13/07/2025 03:00:00,BZN|CH,Without Sequence,100.63,,
13/07/2025 03:00:00 - 13/07/2025 04:00:00,BZN|CH,Without Sequence,99.82,,
13/07/2025 04:00:00 - 13/07/2025 05:00:00,BZN|CH,Without Sequence,99.28,,
13/07/2025 05:00:00 - 13/07/2025 06:00:00,BZN|CH,Without Sequence,90.94,,
13/07/2025 06:00:00 - 13/07/2025 07:00:00,BZN|CH,Without Sequence,80.5,,
13/07/2025 07:00:00 - 13/07/2025 08:00:00,BZN|CH,Without Sequence,59.03,,
13/07/2025 08:00:00 - 13/07/2025 09:00:00,BZN|CH,Without Sequence,17.7,,
13/07/2025 09:00:00 - 13/07/2025 10:00:00,BZN|CH,Without Sequence,9.42,,
13/07/2025 10:00:00 - 13/07/2025 11:00:00,BZN|CH,Without Sequence,6.47,,
13/07/2025 11:00:00 - 13/07/2025 12:00:00,BZN|CH,Without Sequence,3.49,,
13/07/2025 12:00:00 - 13/07/2025 13:00:00,BZN|CH,Without Sequence,3.5,,
13/07/2025 13:00:00 - 13/07/2025 14:00:00,BZN|CH,Without Sequence,5.96,,
13/07/2025 14:00:00 - 13/07/2025 15:00:00,BZN|CH,Without Sequence,23.31,,
13/07/2025 15:00:00 - 13/07/2025 16:00:00,BZN|CH,Without Sequence,81.21,,
13/07/2025 16:00:00 - 13/07/2025 17:00:00,BZN|CH,Without Sequence,103.61,,
13/07/2025 17:00:00 - 13/07/2025 18:00:00,BZN|CH,Without Sequence,116.62,,
13/07/2025 18:00:00 - 13/07/2025 19:00:00,BZN|CH,Without Sequence,122.08,,
13/07/2025 19:00:00 - 13/07/2025 20:00:00,BZN|CH,Without Sequence,119.19,,
13/07/2025 20:00:00 - 13/07/2025 21:00:00,BZN|CH,Without Sequence,124.41,,
13/07/2025 21:00:00 - 13/07/2025 22:00:00,BZN|CH,Without Sequence,116.04,,
13/07/2025 22:00:00 - 13/07/2025 23:00:00,BZN|CH,Without Sequence,106.21,,
13/07/2025 23:00:00 - 14/07/2025 00:00:00,BZN|CH,Without Sequence,102.8,,
14/07/2025 00:00:00 - 14/07/2025 01:00:00,BZN|CH,Without Sequence,99.07,,
14/07/2025 01:00:00 - 14/07/2025 02:00:00,BZN|CH,Without Sequence,101.14,,
14/07/2025 02:00:00 - 14/07/2025 03:00:00,BZN|CH,Without Sequence,102.13,,
14/07/2025 03:00:00 - 14/07/2025 04:00:00,BZN|CH,Without Sequence,106.48,,
14/07/2025 04:00:00 - 14/07/2025 05:00:00,BZN|CH,Without Sequence,117.68,,
14/07/2025 05:00:00 - 14/07/2025 06:00:00,BZN|CH,Without Sequence,124.14,,
14/07/2025 06:00:00 - 14/07/2025 07:00:00,BZN|CH,Without Sequence,119.08,,
14/07/2025 07:00:00 - 14/07/2025 08:00:00,BZN|CH,Without Sequence,103.11,,
14/07/2025 08:00:00 - 14/07/2025 09:00:00,BZN|CH,Without Sequence,92.04,,
14/07/2025 09:00:00 - 14/07/2025 10:00:00,BZN|CH,Without Sequence,86.51,,
14/07/2025 10:00:00 - 14/07/2025 11:00:00,BZN|CH,Without Sequence,84.89,,
14/07/2025 11:00:00 - 14/07/2025 12:00:00,BZN|CH,Without Sequence,78.78,,
14/07/2025 12:00:00 - 14/07/2025 13:00:00,BZN|CH,Without Sequence,68.84,,
14/07/2025 13:00:00 - 14/07/2025 14:00:00,BZN|CH,Without Sequence,72.29,,
14/07/2025 14:00:00 - 14/07/2025 15:00:00,BZN|CH,Without Sequence,81.55,,
14/07/2025 15:00:00 - 14/07/2025 16:00:00,BZN|CH,Without Sequence,93.45,,
14/07/2025 16:00:00 - 14/07/2025 17:00:00,BZN|CH,Without Sequence,106.47,,
14/07/2025 17:00:00 - 14/07/2025 18:00:00,BZN|CH,Without Sequence,125.24,,
14/07/2025 18:00:00 - 14/07/2025 19:00:00,BZN|CH,Without Sequence,125.22,,
14/07/2025 19:00:00 - 14/07/2025 20:00:00,BZN|CH,Without Sequence,127.63,,
14/07/2025 20:00:00 - 14/07/2025 21:00:00,BZN|CH,Without Sequence,127.66,,
14/07/2025 21:00:00 - 14/07/2025 22:00:00,BZN|CH,Without Sequence,110.89,,
14/07/2025 22:00:00 - 14/07/2025 23:00:00,BZN|CH,Without Sequence,106.39,,
14/07/2025 23:00:00 - 15/07/2025 00:00:00,BZN|CH,Without Sequence,99.34,,
15/07/2025 00:00:00 - 15/07/2025 01:00:00,BZN|CH,Without Sequence,94.08,,
15/07/2025 01:00:00 - 15/07/2025 02:00:00,BZN|CH,Without Sequence,91.82,,
15/07/2025 02:00:00 - 15/07/2025 03:00:00,BZN|CH,Without Sequence,92.06,,
15/07/2025 03:00:00 - 15/07/2025 04:00:00,BZN|CH,Without Sequence,97.47,,
15/07/2025 04:00:00 - 15/07/2025 05:00:00,BZN|CH,Without Sequence,106.27,,
15/07/2025 05:00:00 - 15/07/2025 06:00:00,BZN|CH,Without Sequence,111.68,,
15/07/2025 06:00:00 - 15/07/2025 07:00:00,BZN|CH,Without Sequence,105.63,,
15/07/2025 07:00:00 - 15/07/2025 08:00:00,BZN|CH,Without Sequence,104.38,,
15/07/2025 08:00:00 - 15/07/2025 09:00:00,BZN|CH,Without Sequence,84.93,,
15/07/2025 09:00:00 - 15/07/2025 10:00:00,BZN|CH,Without Sequence,83.08,,
15/07/2025 10:00:00 - 15/07/2025 11:00:00,BZN|CH,Without Sequence,80.83,,
15/07/2025 11:00:00 - 15/07/2025 12:00:00,BZN|CH,Without Sequence,80.36,,
15/07/2025 12:00:00 - 15/07/2025 13:00:00,BZN|CH,Without Sequence,80.11,,
15/07/2025 13:00:00 - 15/07/2025 14:00:00,BZN|CH,Without Sequence,81.52,,
15/07/2025 14:00:00 - 15/07/2025 15:00:00,BZN|CH,Without Sequence,82.03,,
15/07/2025 15:00:00 - 15/07/2025 16:00:00,BZN|CH,Without Sequence,90.03,,
15/07/2025 16:00:00 - 15/07/2025 17:00:00,BZN|CH,Without Sequence,104.04,,
15/07/2025 17:00:00 - 15/07/2025 18:00:00,BZN|CH,Without Sequence,109.7,,
15/07/2025 18:00:00 - 15/07/2025 19:00:00,BZN|CH,Without Sequence,124.1,,
15/07/2025 19:00:00 - 15/07/2025 20:00:00,BZN|CH,Without Sequence,133.04,,
15/07/2025 20:00:00 - 15/07/2025 21:00:00,BZN|CH,Without Sequence,119.06,,
15/07/2025 21:00:00 - 15/07/2025 22:00:00,BZN|CH,Without Sequence,109.72,,
15/07/2025 22:00:00 - 15/07/2025 23:00:00,BZN|CH,Without Sequence,98.93,,
15/07/2025 23:00:00 - 16/07/2025 00:00:00,BZN|CH,Without Sequence,92.2,,
16/07/2025 00:00:00 - 16/07/2025 01:00:00,BZN|CH,Without Sequence,87.02,,
16/07/2025 01:00:00 - 16/07/2025 02:00:00,BZN|CH,Without Sequence,85.89,,
16/07/2025 02:00:00 - 16/07/2025 03:00:00,BZN|CH,Without Sequence,85.87,,
16/07/2025 03:00:00 - 16/07/2025 04:00:00,BZN|CH,Without Sequence,89.6,,
16/07/2025 04:00:00 - 16/07/2025 05:00:00,BZN|CH,Without Sequence,104.79,,
16/07/2025 05:00:00 - 16/07/2025 06:00:00,BZN|CH,Without Sequence,111.2,,
16/07/2025 06:00:00 - 16/07/2025 07:00:00,BZN|CH,Without Sequence,109.36,,
16/07/2025 07:00:00 - 16/07/2025 08:00:00,BZN|CH,Without Sequence,103.13,,
16/07/2025 08:00:00 - 16/07/2025 09:00:00,BZN|CH,Without Sequence,103.14,,
16/07/2025 09:00:00 - 16/07/2025 10:00:00,BZN|CH,Without Sequence,102.06,,
16/07/2025 10:00:00 - 16/07/2025 11:00:00,BZN|CH,Without Sequence,83.51,,
16/07/2025 11:00:00 - 16/07/2025 12:00:00,BZN|CH,Without Sequence,83.03,,
16/07/2025 12:00:00 - 16/07/2025 13:00:00,BZN|CH,Without Sequence,82.85,,
16/07/2025 13:00:00 - 16/07/2025 14:00:00,BZN|CH,Without Sequence,82.05,,
16/07/2025 14:00:00 - 16/07/2025 15:00:00,BZN|CH,Without Sequence,87.35,,
16/07/2025 15:00:00 - 16/07/2025 16:00:00,BZN|CH,Without Sequence,95.41,,
16/07/2025 16:00:00 - 16/07/2025 17:00:00,BZN|CH,Without Sequence,102.49,,
16/07/2025 17:00:00 - 16/07/2025 18:00:00,BZN|CH,Without Sequence,108.19,,
16/07/2025 18:00:00 - 16/07/2025 19:00:00,BZN|CH,Without Sequence,117.97,,
16/07/2025 19:00:00 - 16/07/2025 20:00:00,BZN|CH,Without Sequence,119.15,,
16/07/2025 20:00:00 - 16/07/2025 21:00:00,BZN|CH,Without Sequence,113.72,,
16/07/2025 21:00:00 - 16/07/2025 22:00:00,BZN|CH,Without Sequence,106.12,,
16/07/2025 22:00:00 - 16/07/2025 23:00:00,BZN|CH,Without Sequence,105.7,,
16/07/2025 23:00:00 - 17/07/2025 00:00:00,BZN|CH,Without Sequence,101,,
17/07/2025 00:00:00 - 17/07/2025 01:00:00,BZN|CH,Without Sequence,94.2,,
17/07/2025 01:00:00 - 17/07/2025 02:00:00,BZN|CH,Without Sequence,92.49,,
17/07/2025 02:00:00 - 17/07/2025 03:00:00,BZN|CH,Without Sequence,92.11,,
17/07/2025 03:00:00 - 17/07/2025 04:00:00,BZN|CH,Without Sequence,96.33,,
17/07/2025 04:00:00 - 17/07/2025 05:00:00,BZN|CH,Without Sequence,104.65,,
17/07/2025 05:00:00 - 17/07/2025 06:00:00,BZN|CH,Without Sequence,111.31,,
17/07/2025 06:00:00 - 17/07/2025 07:00:00,BZN|CH,Without Sequence,108.6,,
17/07/2025 07:00:00 - 17/07/2025 08:00:00,BZN|CH,Without Sequence,97.41,,
17/07/2025 08:00:00 - 17/07/2025 09:00:00,BZN|CH,Without Sequence,84.47,,
17/07/2025 09:00:00 - 17/07/2025 10:00:00,BZN|CH,Without Sequence,78.19,,
17/07/2025 10:00:00 - 17/07/2025 11:00:00,BZN|CH,Without Sequence,66.3,,
17/07/2025 11:00:00 - 17/07/2025 12:00:00,BZN|CH,Without Sequence,59.48,,
17/07/2025 12:00:00 - 17/07/2025 13:00:00,BZN|CH,Without Sequence,54.07,,
17/07/2025 13:00:00 - 17/07/2025 14:00:00,BZN|CH,Without Sequence,65.73,,
17/07/2025 14:00:00 - 17/07/2025 15:00:00,BZN|CH,Without Sequence,76.01,,
17/07/2025 15:00:00 - 17/07/2025 16:00:00,BZN|CH,Without Sequence,84.86,,
17/07/2025 16:00:00 - 17/07/2025 17:00:00,BZN|CH,Without Sequence,101.5,,
17/07/2025 17:00:00 - 17/07/2025 18:00:00,BZN|CH,Without Sequence,109,,
17/07/2025 18:00:00 - 17/07/2025 19:00:00,BZN|CH,Without Sequence,125.03,,
17/07/2025 19:00:00 - 17/07/2025 20:00:00,BZN|CH,Without Sequence,129.4,,
17/07/2025 20:00:00 - 17/07/2025 21:00:00,BZN|CH,Without Sequence,123.56,,
17/07/2025 21:00:00 - 17/07/2025 22:00:00,BZN|CH,Without Sequence,111.01,,
17/07/2025 22:00:00 - 17/07/2025 23:00:00,BZN|CH,Without Sequence,109.39,,
17/07/2025 23:00:00 - 18/07/2025 00:00:00,BZN|CH,Without Sequence,103.91,,
18/07/2025 00:00:00 - 18/07/2025 01:00:00,BZN|CH,Without Sequence,100.64,,
18/07/2025 01:00:00 - 18/07/2025 02:00:00,BZN|CH,Without Sequence,98.99,,
18/07/2025 02:00:00 - 18/07/2025 03:00:00,BZN|CH,Without Sequence,101.09,,
18/07/2025 03:00:00 - 18/07/2025 04:00:00,BZN|CH,Without Sequence,105.09,,
18/07/2025 04:00:00 - 18/07/2025 05:00:00,BZN|CH,Without Sequence,116.95,,
18/07/2025 05:00:00 - 18/07/2025 06:00:00,BZN|CH,Without Sequence,116.55,,
18/07/2025 06:00:00 - 18/07/2025 07:00:00,BZN|CH,Without Sequence,114.29,,
18/07/2025 07:00:00 - 18/07/2025 08:00:00,BZN|CH,Without Sequence,103.09,,
18/07/2025 08:00:00 - 18/07/2025 09:00:00,BZN|CH,Without Sequence,89.29,,
18/07/2025 09:00:00 - 18/07/2025 10:00:00,BZN|CH,Without Sequence,81.84,,
18/07/2025 10:00:00 - 18/07/2025 11:00:00,BZN|CH,Without Sequence,75.25,,
18/07/2025 11:00:00 - 18/07/2025 12:00:00,BZN|CH,Without Sequence,67.96,,
18/07/2025 12:00:00 - 18/07/2025 13:00:00,BZN|CH,Without Sequence,62.96,,
18/07/2025 13:00:00 - 18/07/2025 14:00:00,BZN|CH,Without Sequence,70.97,,
18/07/2025 14:00:00 - 18/07/2025 15:00:00,BZN|CH,Without Sequence,80.01,,
18/07/2025 15:00:00 - 18/07/2025 16:00:00,BZN|CH,Without Sequence,89.17,,
18/07/2025 16:00:00 - 18/07/2025 17:00:00,BZN|CH,Without Sequence,106.26,,
18/07/2025 17:00:00 - 18/07/2025 18:00:00,BZN|CH,Without Sequence,116.52,,
18/07/2025 18:00:00 - 18/07/2025 19:00:00,BZN|CH,Without Sequence,124.13,,
18/07/2025 19:00:00 - 18/07/2025 20:00:00,BZN|CH,Without Sequence,123.08,,
18/07/2025 20:00:00 - 18/07/2025 21:00:00,BZN|CH,Without Sequence,127,,
18/07/2025 21:00:00 - 18/07/2025 22:00:00,BZN|CH,Without Sequence,114.53,,
18/07/2025 22:00:00 - 18/07/2025 23:00:00,BZN|CH,Without Sequence,110.73,,
18/07/2025 23:00:00 - 19/07/2025 00:00:00,BZN|CH,Without Sequence,104.79,,
19/07/2025 00:00:00 - 19/07/2025 01:00:00,BZN|CH,Without Sequence,104.03,,
19/07/2025 01:00:00 - 19/07/2025 02:00:00,BZN|CH,Without Sequence,102.2,,
19/07/2025 02:00:00 - 19/07/2025 03:00:00,BZN|CH,Without Sequence,100.35,,
19/07/2025 03:00:00 - 19/07/2025 04:00:00,BZN|CH,Without Sequence,100.28,,
19/07/2025 04:00:00 - 19/07/2025 05:00:00,BZN|CH,Without Sequence,98.42,,
19/07/2025 05:00:00 - 19/07/2025 06:00:00,BZN|CH,Without Sequence,93.1,,
19/07/2025 06:00:00 - 19/07/2025 07:00:00,BZN|CH,Without Sequence,81.68,,
19/07/2025 07:00:00 - 19/07/2025 08:00:00,BZN|CH,Without Sequence,58.45,,
19/07/2025 08:00:00 - 19/07/2025 09:00:00,BZN|CH,Without Sequence,20.72,,
19/07/2025 09:00:00 - 19/07/2025 10:00:00,BZN|CH,Without Sequence,15.93,,
19/07/2025 10:00:00 - 19/07/2025 11:00:00,BZN|CH,Without Sequence,9.3,,
19/07/2025 11:00:00 - 19/07/2025 12:00:00,BZN|CH,Without Sequence,5.91,,
19/07/2025 12:00:00 - 19/07/2025 13:00:00,BZN|CH,Without Sequence,21.91,,
19/07/2025 13:00:00 - 19/07/2025 14:00:00,BZN|CH,Without Sequence,11.55,,
19/07/2025 14:00:00 - 19/07/2025 15:00:00,BZN|CH,Without Sequence,49.99,,
19/07/2025 15:00:00 - 19/07/2025 16:00:00,BZN|CH,Without Sequence,80.37,,
19/07/2025 16:00:00 - 19/07/2025 17:00:00,BZN|CH,Without Sequence,95.41,,
19/07/2025 17:00:00 - 19/07/2025 18:00:00,BZN|CH,Without Sequence,104.8,,
19/07/2025 18:00:00 - 19/07/2025 19:00:00,BZN|CH,Without Sequence,109.33,,
19/07/2025 19:00:00 - 19/07/2025 20:00:00,BZN|CH,Without Sequence,109.7,,
19/07/2025 20:00:00 - 19/07/2025 21:00:00,BZN|CH,Without Sequence,105.48,,
19/07/2025 21:00:00 - 19/07/2025 22:00:00,BZN|CH,Without Sequence,102.19,,
19/07/2025 22:00:00 - 19/07/2025 23:00:00,BZN|CH,Without Sequence,87.12,,
19/07/2025 23:00:00 - 20/07/2025 00:00:00,BZN|CH,Without Sequence,86.55,,
20/07/2025 00:00:00 - 20/07/2025 01:00:00,BZN|CH,Without Sequence,86.56,,
20/07/2025 01:00:00 - 20/07/2025 02:00:00,BZN|CH,Without Sequence,86.12,,
20/07/2025 02:00:00 - 20/07/2025 03:00:00,BZN|CH,Without Sequence,85.44,,
20/07/2025 03:00:00 - 20/07/2025 04:00:00,BZN|CH,Without Sequence,85.76,,
20/07/2025 04:00:00 - 20/07/2025 05:00:00,BZN|CH,Without Sequence,85.75,,
20/07/2025 05:00:00 - 20/07/2025 06:00:00,BZN|CH,Without Sequence,83.41,,
20/07/2025 06:00:00 - 20/07/2025 07:00:00,BZN|CH,Without Sequence,76.26,,
20/07/2025 07:00:00 - 20/07/2025 08:00:00,BZN|CH,Without Sequence,38.31,,
20/07/2025 08:00:00 - 20/07/2025 09:00:00,BZN|CH,Without Sequence,4.14,,
20/07/2025 09:00:00 - 20/07/2025 10:00:00,BZN|CH,Without Sequence,-3.13,,
20/07/2025 10:00:00 - 20/07/2025 11:00:00,BZN|CH,Without Sequence,-4.74,,
20/07/2025 11:00:00 - 20/07/2025 12:00:00,BZN|CH,Without Sequence,-5.24,,
20/07/2025 12:00:00 - 20/07/2025 13:00:00,BZN|CH,Without Sequence,-3.59,,
20/07/2025 13:00:00 - 20/07/2025 14:00:00,BZN|CH,Without Sequence,8,,
20/07/2025 14:00:00 - 20/07/2025 15:00:00,BZN|CH,Without Sequence,44.4,,
20/07/2025 15:00:00 - 20/07/2025 16:00:00,BZN|CH,Without Sequence,84.9,,
20/07/2025 16:00:00 - 20/07/2025 17:00:00,BZN|CH,Without Sequence,93.81,,
20/07/2025 17:00:00 - 20/07/2025 18:00:00,BZN|CH,Without Sequence,107.2,,
20/07/2025 18:00:00 - 20/07/2025 19:00:00,BZN|CH,Without Sequence,111.26,,
20/07/2025 19:00:00 - 20/07/2025 20:00:00,BZN|CH,Without Sequence,110.54,,
20/07/2025 20:00:00 - 20/07/2025 21:00:00,BZN|CH,Without Sequence,109,,
20/07/2025 21:00:00 - 20/07/2025 22:00:00,BZN|CH,Without Sequence,102.42,,
20/07/2025 22:00:00 - 20/07/2025 23:00:00,BZN|CH,Without Sequence,100.25,,
20/07/2025 23:00:00 - 21/07/2025 00:00:00,BZN|CH,Without Sequence,93.96,,
21/07/2025 00:00:00 - 21/07/2025 01:00:00,BZN|CH,Without Sequence,91.3,,
21/07/2025 01:00:00 - 21/07/2025 02:00:00,BZN|CH,Without Sequence,88.46,,
21/07/2025 02:00:00 - 21/07/2025 03:00:00,BZN|CH,Without Sequence,91.3,,
21/07/2025 03:00:00 - 21/07/2025 04:00:00,BZN|CH,Without Sequence,98.58,,
21/07/2025 04:00:00 - 21/07/2025 05:00:00,BZN|CH,Without Sequence,105.88,,
21/07/2025 05:00:00 - 21/07/2025 06:00:00,BZN|CH,Without Sequence,114.54,,
21/07/2025 06:00:00 - 21/07/2025 07:00:00,BZN|CH,Without Sequence,110.55,,
21/07/2025 07:00:00 - 21/07/2025 08:00:00,BZN|CH,Without Sequence,104.78,,
21/07/2025 08:00:00 - 21/07/2025 09:00:00,BZN|CH,Without Sequence,102.91,,
21/07/2025 09:00:00 - 21/07/2025 10:00:00,BZN|CH,Without Sequence,99.96,,
21/07/2025 10:00:00 - 21/07/2025 11:00:00,BZN|CH,Without Sequence,93.81,,
21/07/2025 11:00:00 - 21/07/2025 12:00:00,BZN|CH,Without Sequence,91.3,,
21/07/2025 12:00:00 - 21/07/2025 13:00:00,BZN|CH,Without Sequence,91.3,,
21/07/2025 13:00:00 - 21/07/2025 14:00:00,BZN|CH,Without Sequence,91.87,,
21/07/2025 14:00:00 - 21/07/2025 15:00:00,BZN|CH,Without Sequence,94.75,,
21/07/2025 15:00:00 - 21/07/2025 16:00:00,BZN|CH,Without Sequence,102.38,,
21/07/2025 16:00:00 - 21/07/2025 17:00:00,BZN|CH,Without Sequence,104.61,,
21/07/2025 17:00:00 - 21/07/2025 18:00:00,BZN|CH,Without Sequence,106.9,,
21/07/2025 18:00:00 - 21/07/2025 19:00:00,BZN|CH,Without Sequence,116.52,,
21/07/2025 19:00:00 - 21/07/2025 20:00:00,BZN|CH,Without Sequence,115.75,,
21/07/2025 20:00:00 - 21/07/2025 21:00:00,BZN|CH,Without Sequence,106.9,,
21/07/2025 21:00:00 - 21/07/2025 22:00:00,BZN|CH,Without Sequence,101.09,,
21/07/2025 22:00:00 - 21/07/2025 23:00:00,BZN|CH,Without Sequence,92.93,,
21/07/2025 23:00:00 - 22/07/2025 00:00:00,BZN|CH,Without Sequence,88.91,,
22/07/2025 00:00:00 - 22/07/2025 01:00:00,BZN|CH,Without Sequence,87.45,,
22/07/2025 01:00:00 - 22/07/2025 02:00:00,BZN|CH,Without Sequence,86.34,,
22/07/2025 02:00:00 - 22/07/2025 03:00:00,BZN|CH,Without Sequence,85.94,,
22/07/2025 03:00:00 - 22/07/2025 04:00:00,BZN|CH,Without Sequence,90.83,,
22/07/2025 04:00:00 - 22/07/2025 05:00:00,BZN|CH,Without Sequence,103.19,,
22/07/2025 05:00:00 - 22/07/2025 06:00:00,BZN|CH,Without Sequence,103.99,,
22/07/2025 06:00:00 - 22/07/2025 07:00:00,BZN|CH,Without Sequence,100.66,,
22/07/2025 07:00:00 - 22/07/2025 08:00:00,BZN|CH,Without Sequence,87.49,,
22/07/2025 08:00:00 - 22/07/2025 09:00:00,BZN|CH,Without Sequence,88.9,,
22/07/2025 09:00:00 - 22/07/2025 10:00:00,BZN|CH,Without Sequence,85.81,,
22/07/2025 10:00:00 - 22/07/2025 11:00:00,BZN|CH,Without Sequence,85.43,,
22/07/2025 11:00:00 - 22/07/2025 12:00:00,BZN|CH,Without Sequence,85.36,,
22/07/2025 12:00:00 - 22/07/2025 13:00:00,BZN|CH,Without Sequence,85.69,,
22/07/2025 13:00:00 - 22/07/2025 14:00:00,BZN|CH,Without Sequence,85.65,,
22/07/2025 14:00:00 - 22/07/2025 15:00:00,BZN|CH,Without Sequence,88.7,,
22/07/2025 15:00:00 - 22/07/2025 16:00:00,BZN|CH,Without Sequence,86.2,,
22/07/2025 16:00:00 - 22/07/2025 17:00:00,BZN|CH,Without Sequence,91.48,,
22/07/2025 17:00:00 - 22/07/2025 18:00:00,BZN|CH,Without Sequence,104.71,,
22/07/2025 18:00:00 - 22/07/2025 19:00:00,BZN|CH,Without Sequence,114.08,,
22/07/2025 19:00:00 - 22/07/2025 20:00:00,BZN|CH,Without Sequence,114.78,,
22/07/2025 20:00:00 - 22/07/2025 21:00:00,BZN|CH,Without Sequence,108.71,,
22/07/2025 21:00:00 - 22/07/2025 22:00:00,BZN|CH,Without Sequence,100.76,,
22/07/2025 22:00:00 - 22/07/2025 23:00:00,BZN|CH,Without Sequence,92.9,,
22/07/2025 23:00:00 - 23/07/2025 00:00:00,BZN|CH,Without Sequence,89.89,,
23/07/2025 00:00:00 - 23/07/2025 01:00:00,BZN|CH,Without Sequence,91.01,,
23/07/2025 01:00:00 - 23/07/2025 02:00:00,BZN|CH,Without Sequence,84.5,,
23/07/2025 02:00:00 - 23/07/2025 03:00:00,BZN|CH,Without Sequence,83.05,,
23/07/2025 03:00:00 - 23/07/2025 04:00:00,BZN|CH,Without Sequence,84.12,,
23/07/2025 04:00:00 - 23/07/2025 05:00:00,BZN|CH,Without Sequence,93.74,,
23/07/2025 05:00:00 - 23/07/2025 06:00:00,BZN|CH,Without Sequence,99.78,,
23/07/2025 06:00:00 - 23/07/2025 07:00:00,BZN|CH,Without Sequence,96.93,,
23/07/2025 07:00:00 - 23/07/2025 08:00:00,BZN|CH,Without Sequence,86.43,,
23/07/2025 08:00:00 - 23/07/2025 09:00:00,BZN|CH,Without Sequence,83.94,,
23/07/2025 09:00:00 - 23/07/2025 10:00:00,BZN|CH,Without Sequence,83.95,,
23/07/2025 10:00:00 - 23/07/2025 11:00:00,BZN|CH,Without Sequence,81.94,,
23/07/2025 11:00:00 - 23/07/2025 12:00:00,BZN|CH,Without Sequence,81.21,,
23/07/2025 12:00:00 - 23/07/2025 13:00:00,BZN|CH,Without Sequence,78.78,,
23/07/2025 13:00:00 - 23/07/2025 14:00:00,BZN|CH,Without Sequence,81.91,,
23/07/2025 14:00:00 - 23/07/2025 15:00:00,BZN|CH,Without Sequence,81.46,,
23/07/2025 15:00:00 - 23/07/2025 16:00:00,BZN|CH,Without Sequence,83.74,,
23/07/2025 16:00:00 - 23/07/2025 17:00:00,BZN|CH,Without Sequence,94.65,,
23/07/2025 17:00:00 - 23/07/2025 18:00:00,BZN|CH,Without Sequence,108.79,,
23/07/2025 18:00:00 - 23/07/2025 19:00:00,BZN|CH,Without Sequence,114.95,,
23/07/2025 19:00:00 - 23/07/2025 20:00:00,BZN|CH,Without Sequence,116.95,,
23/07/2025 20:00:00 - 23/07/2025 21:00:00,BZN|CH,Without Sequence,112.22,,
23/07/2025 21:00:00 - 23/07/2025 22:00:00,BZN|CH,Without Sequence,103.7,,
23/07/2025 22:00:00 - 23/07/2025 23:00:00,BZN|CH,Without Sequence,100.45,,
23/07/2025 23:00:00 - 24/07/2025 00:00:00,BZN|CH,Without Sequence,97.84,,
24/07/2025 00:00:00 - 24/07/2025 01:00:00,BZN|CH,Without Sequence,96.03,,
24/07/2025 01:00:00 - 24/07/2025 02:00:00,BZN|CH,Without Sequence,94.77,,
24/07/2025 02:00:00 - 24/07/2025 03:00:00,BZN|CH,Without Sequence,95.92,,
24/07/2025 03:00:00 - 24/07/2025 04:00:00,BZN|CH,Without Sequence,100.69,,
24/07/2025 04:00:00 - 24/07/2025 05:00:00,BZN|CH,Without Sequence,111.69,,
24/07/2025 05:00:00 - 24/07/2025 06:00:00,BZN|CH,Without Sequence,113.69,,
24/07/2025 06:00:00 - 24/07/2025 07:00:00,BZN|CH,Without Sequence,109.9,,
24/07/2025 07:00:00 - 24/07/2025 08:00:00,BZN|CH,Without Sequence,102.01,,
24/07/2025 08:00:00 - 24/07/2025 09:00:00,BZN|CH,Without Sequence,97.51,,
24/07/2025 09:00:00 - 24/07/2025 10:00:00,BZN|CH,Without Sequence,93.08,,
24/07/2025 10:00:00 - 24/07/2025 11:00:00,BZN|CH,Without Sequence,84.46,,
24/07/2025 11:00:00 - 24/07/2025 12:00:00,BZN|CH,Without Sequence,81.97,,
24/07/2025 12:00:00 - 24/07/2025 13:00:00,BZN|CH,Without Sequence,81.55,,
24/07/2025 13:00:00 - 24/07/2025 14:00:00,BZN|CH,Without Sequence,87.88,,
24/07/2025 14:00:00 - 24/07/2025 15:00:00,BZN|CH,Without Sequence,93.31,,
24/07/2025 15:00:00 - 24/07/2025 16:00:00,BZN|CH,Without Sequence,100.61,,
24/07/2025 16:00:00 - 24/07/2025 17:00:00,BZN|CH,Without Sequence,103.67,,
24/07/2025 17:00:00 - 24/07/2025 18:00:00,BZN|CH,Without Sequence,114.48,,
24/07/2025 18:00:00 - 24/07/2025 19:00:00,BZN|CH,Without Sequence,115.15,,
24/07/2025 19:00:00 - 24/07/2025 20:00:00,BZN|CH,Without Sequence,117.9,,
24/07/2025 20:00:00 - 24/07/2025 21:00:00,BZN|CH,Without Sequence,114.83,,
24/07/2025 21:00:00 - 24/07/2025 22:00:00,BZN|CH,Without Sequence,107.42,,
24/07/2025 22:00:00 - 24/07/2025 23:00:00,BZN|CH,Without Sequence,103.7,,
24/07/2025 23:00:00 - 25/07/2025 00:00:00,BZN|CH,Without Sequence,99.5,,
25/07/2025 00:00:00 - 25/07/2025 01:00:00,BZN|CH,Without Sequence,95.56,,
25/07/2025 01:00:00 - 25/07/2025 02:00:00,BZN|CH,Without Sequence,93.71,,
25/07/2025 02:00:00 - 25/07/2025 03:00:00,BZN|CH,Without Sequence,95.82,,
25/07/2025 03:00:00 - 25/07/2025 04:00:00,BZN|CH,Without Sequence,98.19,,
25/07/2025 04:00:00 - 25/07/2025 05:00:00,BZN|CH,Without Sequence,108.21,,
25/07/2025 05:00:00 - 25/07/2025 06:00:00,BZN|CH,Without Sequence,111.63,,
25/07/2025 06:00:00 - 25/07/2025 07:00:00,BZN|CH,Without Sequence,107.01,,
25/07/2025 07:00:00 - 25/07/2025 08:00:00,BZN|CH,Without Sequence,98.03,,
25/07/2025 08:00:00 - 25/07/2025 09:00:00,BZN|CH,Without Sequence,91.05,,
25/07/2025 09:00:00 - 25/07/2025 10:00:00,BZN|CH,Without Sequence,84.37,,
25/07/2025 10:00:00 - 25/07/2025 11:00:00,BZN|CH,Without Sequence,80.17,,
25/07/2025 11:00:00 - 25/07/2025 12:00:00,BZN|CH,Without Sequence,76.95,,
25/07/2025 12:00:00 - 25/07/2025 13:00:00,BZN|CH,Without Sequence,71.09,,
25/07/2025 13:00:00 - 25/07/2025 14:00:00,BZN|CH,Without Sequence,78.37,,
25/07/2025 14:00:00 - 25/07/2025 15:00:00,BZN|CH,Without Sequence,82.41,,
25/07/2025 15:00:00 - 25/07/2025 16:00:00,BZN|CH,Without Sequence,85.09,,
25/07/2025 16:00:00 - 25/07/2025 17:00:00,BZN|CH,Without Sequence,96.79,,
25/07/2025 17:00:00 - 25/07/2025 18:00:00,BZN|CH,Without Sequence,107.22,,
25/07/2025 18:00:00 - 25/07/2025 19:00:00,BZN|CH,Without Sequence,113.13,,
25/07/2025 19:00:00 - 25/07/2025 20:00:00,BZN|CH,Without Sequence,113.08,,
25/07/2025 20:00:00 - 25/07/2025 21:00:00,BZN|CH,Without Sequence,111.13,,
25/07/2025 21:00:00 - 25/07/2025 22:00:00,BZN|CH,Without Sequence,103.15,,
25/07/2025 22:00:00 - 25/07/2025 23:00:00,BZN|CH,Without Sequence,100.13,,
25/07/2025 23:00:00 - 26/07/2025 00:00:00,BZN|CH,Without Sequence,96.32,,
26/07/2025 00:00:00 - 26/07/2025 01:00:00,BZN|CH,Without Sequence,94.01,,
26/07/2025 01:00:00 - 26/07/2025 02:00:00,BZN|CH,Without Sequence,93.85,,
26/07/2025 02:00:00 - 26/07/2025 03:00:00,BZN|CH,Without Sequence,92.93,,
26/07/2025 03:00:00 - 26/07/2025 04:00:00,BZN|CH,Without Sequence,92.93,,
26/07/2025 04:00:00 - 26/07/2025 05:00:00,BZN|CH,Without Sequence,93.84,,
26/07/2025 05:00:00 - 26/07/2025 06:00:00,BZN|CH,Without Sequence,91.45,,
26/07/2025 06:00:00 - 26/07/2025 07:00:00,BZN|CH,Without Sequence,86.57,,
26/07/2025 07:00:00 - 26/07/2025 08:00:00,BZN|CH,Without Sequence,84.21,,
26/07/2025 08:00:00 - 26/07/2025 09:00:00,BZN|CH,Without Sequence,75.08,,
26/07/2025 09:00:00 - 26/07/2025 10:00:00,BZN|CH,Without Sequence,69.83,,
26/07/2025 10:00:00 - 26/07/2025 11:00:00,BZN|CH,Without Sequence,63.89,,
26/07/2025 11:00:00 - 26/07/2025 12:00:00,BZN|CH,Without Sequence,54.59,,
26/07/2025 12:00:00 - 26/07/2025 13:00:00,BZN|CH,Without Sequence,57.03,,
26/07/2025 13:00:00 - 26/07/2025 14:00:00,BZN|CH,Without Sequence,68,,
26/07/2025 14:00:00 - 26/07/2025 15:00:00,BZN|CH,Without Sequence,75.78,,
26/07/2025 15:00:00 - 26/07/2025 16:00:00,BZN|CH,Without Sequence,86.17,,
26/07/2025 16:00:00 - 26/07/2025 17:00:00,BZN|CH,Without Sequence,98.26,,
26/07/2025 17:00:00 - 26/07/2025 18:00:00,BZN|CH,Without Sequence,106.8,,
26/07/2025 18:00:00 - 26/07/2025 19:00:00,BZN|CH,Without Sequence,106.67,,
26/07/2025 19:00:00 - 26/07/2025 20:00:00,BZN|CH,Without Sequence,106.79,,
26/07/2025 20:00:00 - 26/07/2025 21:00:00,BZN|CH,Without Sequence,106.73,,
26/07/2025 21:00:00 - 26/07/2025 22:00:00,BZN|CH,Without Sequence,103.06,,
26/07/2025 22:00:00 - 26/07/2025 23:00:00,BZN|CH,Without Sequence,101.55,,
26/07/2025 23:00:00 - 27/07/2025 00:00:00,BZN|CH,Without Sequence,98.79,,
27/07/2025 00:00:00 - 27/07/2025 01:00:00,BZN|CH,Without Sequence,94.96,,
27/07/2025 01:00:00 - 27/07/2025 02:00:00,BZN|CH,Without Sequence,94.46,,
27/07/2025 02:00:00 - 27/07/2025 03:00:00,BZN|CH,Without Sequence,92.96,,
27/07/2025 03:00:00 - 27/07/2025 04:00:00,BZN|CH,Without Sequence,90.37,,
27/07/2025 04:00:00 - 27/07/2025 05:00:00,BZN|CH,Without Sequence,90.08,,
27/07/2025 05:00:00 - 27/07/2025 06:00:00,BZN|CH,Without Sequence,84.01,,
27/07/2025 06:00:00 - 27/07/2025 07:00:00,BZN|CH,Without Sequence,79.81,,
27/07/2025 07:00:00 - 27/07/2025 08:00:00,BZN|CH,Without Sequence,76.76,,
27/07/2025 08:00:00 - 27/07/2025 09:00:00,BZN|CH,Without Sequence,67.05,,
27/07/2025 09:00:00 - 27/07/2025 10:00:00,BZN|CH,Without Sequence,56.48,,
27/07/2025 10:00:00 - 27/07/2025 11:00:00,BZN|CH,Without Sequence,40.66,,
27/07/2025 11:00:00 - 27/07/2025 12:00:00,BZN|CH,Without Sequence,19.75,,
27/07/2025 12:00:00 - 27/07/2025 13:00:00,BZN|CH,Without Sequence,15.47,,
27/07/2025 13:00:00 - 27/07/2025 14:00:00,BZN|CH,Without Sequence,23.93,,
27/07/2025 14:00:00 - 27/07/2025 15:00:00,BZN|CH,Without Sequence,51.98,,
27/07/2025 15:00:00 - 27/07/2025 16:00:00,BZN|CH,Without Sequence,78.03,,
27/07/2025 16:00:00 - 27/07/2025 17:00:00,BZN|CH,Without Sequence,88.51,,
27/07/2025 17:00:00 - 27/07/2025 18:00:00,BZN|CH,Without Sequence,93.53,,
27/07/2025 18:00:00 - 27/07/2025 19:00:00,BZN|CH,Without Sequence,101.62,,
27/07/2025 19:00:00 - 27/07/2025 20:00:00,BZN|CH,Without Sequence,102.31,,
27/07/2025 20:00:00 - 27/07/2025 21:00:00,BZN|CH,Without Sequence,100.19,,
27/07/2025 21:00:00 - 27/07/2025 22:00:00,BZN|CH,Without Sequence,92.64,,
27/07/2025 22:00:00 - 27/07/2025 23:00:00,BZN|CH,Without Sequence,90.41,,
27/07/2025 23:00:00 - 28/07/2025 00:00:00,BZN|CH,Without Sequence,83.76,,
28/07/2025 00:00:00 - 28/07/2025 01:00:00,BZN|CH,Without Sequence,81.09,,
28/07/2025 01:00:00 - 28/07/2025 02:00:00,BZN|CH,Without Sequence,79.79,,
28/07/2025 02:00:00 - 28/07/2025 03:00:00,BZN|CH,Without Sequence,79.8,,
28/07/2025 03:00:00 - 28/07/2025 04:00:00,BZN|CH,Without Sequence,83.05,,
28/07/2025 04:00:00 - 28/07/2025 05:00:00,BZN|CH,Without Sequence,97.84,,
28/07/2025 05:00:00 - 28/07/2025 06:00:00,BZN|CH,Without Sequence,106.3,,
28/07/2025 06:00:00 - 28/07/2025 07:00:00,BZN|CH,Without Sequence,102.84,,
28/07/2025 07:00:00 - 28/07/2025 08:00:00,BZN|CH,Without Sequence,94.42,,
28/07/2025 08:00:00 - 28/07/2025 09:00:00,BZN|CH,Without Sequence,91.36,,
28/07/2025 09:00:00 - 28/07/2025 10:00:00,BZN|CH,Without Sequence,85.41,,
28/07/2025 10:00:00 - 28/07/2025 11:00:00,BZN|CH,Without Sequence,79.9,,
28/07/2025 11:00:00 - 28/07/2025 12:00:00,BZN|CH,Without Sequence,77.97,,
28/07/2025 12:00:00 - 28/07/2025 13:00:00,BZN|CH,Without Sequence,75.02,,
28/07/2025 13:00:00 - 28/07/2025 14:00:00,BZN|CH,Without Sequence,78.1,,
28/07/2025 14:00:00 - 28/07/2025 15:00:00,BZN|CH,Without Sequence,79.8,,
28/07/2025 15:00:00 - 28/07/2025 16:00:00,BZN|CH,Without Sequence,81.92,,
28/07/2025 16:00:00 - 28/07/2025 17:00:00,BZN|CH,Without Sequence,92.06,,
28/07/2025 17:00:00 - 28/07/2025 18:00:00,BZN|CH,Without Sequence,99.75,,
28/07/2025 18:00:00 - 28/07/2025 19:00:00,BZN|CH,Without Sequence,106.09,,
28/07/2025 19:00:00 - 28/07/2025 20:00:00,BZN|CH,Without Sequence,103.84,,
28/07/2025 20:00:00 - 28/07/2025 21:00:00,BZN|CH,Without Sequence,98.72,,
28/07/2025 21:00:00 - 28/07/2025 22:00:00,BZN|CH,Without Sequence,93.22,,
28/07/2025 22:00:00 - 28/07/2025 23:00:00,BZN|CH,Without Sequence,83.21,,
28/07/2025 23:00:00 - 29/07/2025 00:00:00,BZN|CH,Without Sequence,80.03,,
29/07/2025 00:00:00 - 29/07/2025 01:00:00,BZN|CH,Without Sequence,77.63,,
29/07/2025 01:00:00 - 29/07/2025 02:00:00,BZN|CH,Without Sequence,76.58,,
29/07/2025 02:00:00 - 29/07/2025 03:00:00,BZN|CH,Without Sequence,77.01,,
29/07/2025 03:00:00 - 29/07/2025 04:00:00,BZN|CH,Without Sequence,80.16,,
29/07/2025 04:00:00 - 29/07/2025 05:00:00,BZN|CH,Without Sequence,94.02,,
29/07/2025 05:00:00 - 29/07/2025 06:00:00,BZN|CH,Without Sequence,101.87,,
29/07/2025 06:00:00 - 29/07/2025 07:00:00,BZN|CH,Without Sequence,94.98,,
29/07/2025 07:00:00 - 29/07/2025 08:00:00,BZN|CH,Without Sequence,80.98,,
29/07/2025 08:00:00 - 29/07/2025 09:00:00,BZN|CH,Without Sequence,72.6,,
29/07/2025 09:00:00 - 29/07/2025 10:00:00,BZN|CH,Without Sequence,56.89,,
29/07/2025 10:00:00 - 29/07/2025 11:00:00,BZN|CH,Without Sequence,41.06,,
29/07/2025 11:00:00 - 29/07/2025 12:00:00,BZN|CH,Without Sequence,36.66,,
29/07/2025 12:00:00 - 29/07/2025 13:00:00,BZN|CH,Without Sequence,24.35,,
29/07/2025 13:00:00 - 29/07/2025 14:00:00,BZN|CH,Without Sequence,60.07,,
29/07/2025 14:00:00 - 29/07/2025 15:00:00,BZN|CH,Without Sequence,74.06,,
29/07/2025 15:00:00 - 29/07/2025 16:00:00,BZN|CH,Without Sequence,77.85,,
29/07/2025 16:00:00 - 29/07/2025 17:00:00,BZN|CH,Without Sequence,90.02,,
29/07/2025 17:00:00 - 29/07/2025 18:00:00,BZN|CH,Without Sequence,102.47,,
29/07/2025 18:00:00 - 29/07/2025 19:00:00,BZN|CH,Without Sequence,104.69,,
29/07/2025 19:00:00 - 29/07/2025 20:00:00,BZN|CH,Without Sequence,105.84,,
29/07/2025 20:00:00 - 29/07/2025 21:00:00,BZN|CH,Without Sequence,104.7,,
29/07/2025 21:00:00 - 29/07/2025 22:00:00,BZN|CH,Without Sequence,94.48,,
29/07/2025 22:00:00 - 29/07/2025 23:00:00,BZN|CH,Without Sequence,93.53,,
29/07/2025 23:00:00 - 30/07/2025 00:00:00,BZN|CH,Without Sequence,90.02,,
30/07/2025 00:00:00 - 30/07/2025 01:00:00,BZN|CH,Without Sequence,86.03,,
30/07/2025 01:00:00 - 30/07/2025 02:00:00,BZN|CH,Without Sequence,85.09,,
30/07/2025 02:00:00 - 30/07/2025 03:00:00,BZN|CH,Without Sequence,86.09,,
30/07/2025 03:00:00 - 30/07/2025 04:00:00,BZN|CH,Without Sequence,91.76,,
30/07/2025 04:00:00 - 30/07/2025 05:00:00,BZN|CH,Without Sequence,98.34,,
30/07/2025 05:00:00 - 30/07/2025 06:00:00,BZN|CH,Without Sequence,99.51,,
30/07/2025 06:00:00 - 30/07/2025 07:00:00,BZN|CH,Without Sequence,93.96,,
30/07/2025 07:00:00 - 30/07/2025 08:00:00,BZN|CH,Without Sequence,76.41,,
30/07/2025 08:00:00 - 30/07/2025 09:00:00,BZN|CH,Without Sequence,69.15,,
30/07/2025 09:00:00 - 30/07/2025 10:00:00,BZN|CH,Without Sequence,70.05,,
30/07/2025 10:00:00 - 30/07/2025 11:00:00,BZN|CH,Without Sequence,42.69,,
30/07/2025 11:00:00 - 30/07/2025 12:00:00,BZN|CH,Without Sequence,23.59,,
30/07/2025 12:00:00 - 30/07/2025 13:00:00,BZN|CH,Without Sequence,20.05,,
30/07/2025 13:00:00 - 30/07/2025 14:00:00,BZN|CH,Without Sequence,51.18,,
30/07/2025 14:00:00 - 30/07/2025 15:00:00,BZN|CH,Without Sequence,74.35,,
30/07/2025 15:00:00 - 30/07/2025 16:00:00,BZN|CH,Without Sequence,78.67,,
30/07/2025 16:00:00 - 30/07/2025 17:00:00,BZN|CH,Without Sequence,90,,
30/07/2025 17:00:00 - 30/07/2025 18:00:00,BZN|CH,Without Sequence,99.13,,
30/07/2025 18:00:00 - 30/07/2025 19:00:00,BZN|CH,Without Sequence,106.23,,
30/07/2025 19:00:00 - 30/07/2025 20:00:00,BZN|CH,Without Sequence,108.9,,
30/07/2025 20:00:00 - 30/07/2025 21:00:00,BZN|CH,Without Sequence,102.66,,
30/07/2025 21:00:00 - 30/07/2025 22:00:00,BZN|CH,Without Sequence,91.89,,
30/07/2025 22:00:00 - 30/07/2025 23:00:00,BZN|CH,Without Sequence,86.94,,
30/07/2025 23:00:00 - 31/07/2025 00:00:00,BZN|CH,Without Sequence,82.65,,
31/07/2025 00:00:00 - 31/07/2025 01:00:00,BZN|CH,Without Sequence,81.77,,
31/07/2025 01:00:00 - 31/07/2025 02:00:00,BZN|CH,Without Sequence,81.01,,
31/07/2025 02:00:00 - 31/07/2025 03:00:00,BZN|CH,Without Sequence,81.99,,
31/07/2025 03:00:00 - 31/07/2025 04:00:00,BZN|CH,Without Sequence,86.11,,
31/07/2025 04:00:00 - 31/07/2025 05:00:00,BZN|CH,Without Sequence,91.47,,
31/07/2025 05:00:00 - 31/07/2025 06:00:00,BZN|CH,Without Sequence,96.71,,
31/07/2025 06:00:00 - 31/07/2025 07:00:00,BZN|CH,Without Sequence,94.71,,
31/07/2025 07:00:00 - 31/07/2025 08:00:00,BZN|CH,Without Sequence,81.73,,
31/07/2025 08:00:00 - 31/07/2025 09:00:00,BZN|CH,Without Sequence,72.32,,
31/07/2025 09:00:00 - 31/07/2025 10:00:00,BZN|CH,Without Sequence,63.2,,
31/07/2025 10:00:00 - 31/07/2025 11:00:00,BZN|CH,Without Sequence,50.66,,
31/07/2025 11:00:00 - 31/07/2025 12:00:00,BZN|CH,Without Sequence,34.64,,
31/07/2025 12:00:00 - 31/07/2025 13:00:00,BZN|CH,Without Sequence,37.76,,
31/07/2025 13:00:00 - 31/07/2025 14:00:00,BZN|CH,Without Sequence,51.27,,
31/07/2025 14:00:00 - 31/07/2025 15:00:00,BZN|CH,Without Sequence,71.92,,
31/07/2025 15:00:00 - 31/07/2025 16:00:00,BZN|CH,Without Sequence,82.05,,
31/07/2025 16:00:00 - 31/07/2025 17:00:00,BZN|CH,Without Sequence,97.17,,
31/07/2025 17:00:00 - 31/07/2025 18:00:00,BZN|CH,Without Sequence,108.36,,
31/07/2025 18:00:00 - 31/07/2025 19:00:00,BZN|CH,Without Sequence,110.3,,
31/07/2025 19:00:00 - 31/07/2025 20:00:00,BZN|CH,Without Sequence,113.92,,
31/07/2025 20:00:00 - 31/07/2025 21:00:00,BZN|CH,Without Sequence,108.94,,
31/07/2025 21:00:00 - 31/07/2025 22:00:00,BZN|CH,Without Sequence,100.02,,
31/07/2025 22:00:00 - 31/07/2025 23:00:00,BZN|CH,Without Sequence,97.42,,
31/07/2025 23:00:00 - 01/08/2025 00:00:00,BZN|CH,Without Sequence,91.99,,
01/08/2025 00:00:00 - 01/08/2025 01:00:00,BZN|CH,Without Sequence,88.57,,
01/08/2025 01:00:00 - 01/08/2025 02:00:00,BZN|CH,Without Sequence,86.95,,
01/08/2025 02:00:00 - 01/08/2025 03:00:00,BZN|CH,Without Sequence,87.99,,
01/08/2025 03:00:00 - 01/08/2025 04:00:00,BZN|CH,Without Sequence,92.93,,
01/08/2025 04:00:00 - 01/08/2025 05:00:00,BZN|CH,Without Sequence,102.16,,
01/08/2025 05:00:00 - 01/08/2025 06:00:00,BZN|CH,Without Sequence,103.81,,
01/08/2025 06:00:00 - 01/08/2025 07:00:00,BZN|CH,Without Sequence,101.55,,
01/08/2025 07:00:00 - 01/08/2025 08:00:00,BZN|CH,Without Sequence,96.79,,
01/08/2025 08:00:00 - 01/08/2025 09:00:00,BZN|CH,Without Sequence,87,,
01/08/2025 09:00:00 - 01/08/2025 10:00:00,BZN|CH,Without Sequence,81.13,,
01/08/2025 10:00:00 - 01/08/2025 11:00:00,BZN|CH,Without Sequence,73.7,,
01/08/2025 11:00:00 - 01/08/2025 12:00:00,BZN|CH,Without Sequence,64.5,,
01/08/2025 12:00:00 - 01/08/2025 13:00:00,BZN|CH,Without Sequence,66.08,,
01/08/2025 13:00:00 - 01/08/2025 14:00:00,BZN|CH,Without Sequence,71.82,,
01/08/2025 14:00:00 - 01/08/2025 15:00:00,BZN|CH,Without Sequence,74.95,,
01/08/2025 15:00:00 - 01/08/2025 16:00:00,BZN|CH,Without Sequence,80.31,,
01/08/2025 16:00:00 - 01/08/2025 17:00:00,BZN|CH,Without Sequence,92.68,,
01/08/2025 17:00:00 - 01/08/2025 18:00:00,BZN|CH,Without Sequence,103.58,,
01/08/2025 18:00:00 - 01/08/2025 19:00:00,BZN|CH,Without Sequence,109.56,,
01/08/2025 19:00:00 - 01/08/2025 20:00:00,BZN|CH,Without Sequence,111.94,,
01/08/2025 20:00:00 - 01/08/2025 21:00:00,BZN|CH,Without Sequence,107.73,,
01/08/2025 21:00:00 - 01/08/2025 22:00:00,BZN|CH,Without Sequence,101.3,,
01/08/2025 22:00:00 - 01/08/2025 23:00:00,BZN|CH,Without Sequence,101.04,,
01/08/2025 23:00:00 - 02/08/2025 00:00:00,BZN|CH,Without Sequence,96.23,,
02/08/2025 00:00:00 - 02/08/2025 01:00:00,BZN|CH,Without Sequence,94.53,,
02/08/2025 01:00:00 - 02/08/2025 02:00:00,BZN|CH,Without Sequence,91.98,,
02/08/2025 02:00:00 - 02/08/2025 03:00:00,BZN|CH,Without Sequence,92.13,,
02/08/2025 03:00:00 - 02/08/2025 04:00:00,BZN|CH,Without Sequence,92.93,,
02/08/2025 04:00:00 - 02/08/2025 05:00:00,BZN|CH,Without Sequence,92.09,,
02/08/2025 05:00:00 - 02/08/2025 06:00:00,BZN|CH,Without Sequence,92.11,,
02/08/2025 06:00:00 - 02/08/2025 07:00:00,BZN|CH,Without Sequence,83.34,,
02/08/2025 07:00:00 - 02/08/2025 08:00:00,BZN|CH,Without Sequence,76.29,,
02/08/2025 08:00:00 - 02/08/2025 09:00:00,BZN|CH,Without Sequence,57.34,,
02/08/2025 09:00:00 - 02/08/2025 10:00:00,BZN|CH,Without Sequence,28.17,,
02/08/2025 10:00:00 - 02/08/2025 11:00:00,BZN|CH,Without Sequence,4.33,,
02/08/2025 11:00:00 - 02/08/2025 12:00:00,BZN|CH,Without Sequence,-1.37,,
02/08/2025 12:00:00 - 02/08/2025 13:00:00,BZN|CH,Without Sequence,-2.38,,
02/08/2025 13:00:00 - 02/08/2025 14:00:00,BZN|CH,Without Sequence,1.87,,
02/08/2025 14:00:00 - 02/08/2025 15:00:00,BZN|CH,Without Sequence,40.18,,
02/08/2025 15:00:00 - 02/08/2025 16:00:00,BZN|CH,Without Sequence,70.27,,
02/08/2025 16:00:00 - 02/08/2025 17:00:00,BZN|CH,Without Sequence,85.06,,
02/08/2025 17:00:00 - 02/08/2025 18:00:00,BZN|CH,Without Sequence,99.1,,
02/08/2025 18:00:00 - 02/08/2025 19:00:00,BZN|CH,Without Sequence,105.79,,
02/08/2025 19:00:00 - 02/08/2025 20:00:00,BZN|CH,Without Sequence,105.18,,
02/08/2025 20:00:00 - 02/08/2025 21:00:00,BZN|CH,Without Sequence,101.42,,
02/08/2025 21:00:00 - 02/08/2025 22:00:00,BZN|CH,Without Sequence,96.35,,
02/08/2025 22:00:00 - 02/08/2025 23:00:00,BZN|CH,Without Sequence,80.33,,
02/08/2025 23:00:00 - 03/08/2025 00:00:00,BZN|CH,Without Sequence,74.11,,
03/08/2025 00:00:00 - 03/08/2025 01:00:00,BZN|CH,Without Sequence,71.71,,
03/08/2025 01:00:00 - 03/08/2025 02:00:00,BZN|CH,Without Sequence,70.37,,
03/08/2025 02:00:00 - 03/08/2025 03:00:00,BZN|CH,Without Sequence,69.41,,
03/08/2025 03:00:00 - 03/08/2025 04:00:00,BZN|CH,Without Sequence,67.03,,
03/08/2025 04:00:00 - 03/08/2025 05:00:00,BZN|CH,Without Sequence,63.79,,
03/08/2025 05:00:00 - 03/08/2025 06:00:00,BZN|CH,Without Sequence,48.06,,
03/08/2025 06:00:00 - 03/08/2025 07:00:00,BZN|CH,Without Sequence,19.45,,
03/08/2025 07:00:00 - 03/08/2025 08:00:00,BZN|CH,Without Sequence,-0.47,,
03/08/2025 08:00:00 - 03/08/2025 09:00:00,BZN|CH,Without Sequence,-7.14,,
03/08/2025 09:00:00 - 03/08/2025 10:00:00,BZN|CH,Without Sequence,1.6,,
03/08/2025 10:00:00 - 03/08/2025 11:00:00,BZN|CH,Without Sequence,-0.57,,
03/08/2025 11:00:00 - 03/08/2025 12:00:00,BZN|CH,Without Sequence,-3.24,,
03/08/2025 12:00:00 - 03/08/2025 13:00:00,BZN|CH,Without Sequence,-3.58,,
03/08/2025 13:00:00 - 03/08/2025 14:00:00,BZN|CH,Without Sequence,-6.38,,
03/08/2025 14:00:00 - 03/08/2025 15:00:00,BZN|CH,Without Sequence,-8.61,,
03/08/2025 15:00:00 - 03/08/2025 16:00:00,BZN|CH,Without Sequence,4,,
03/08/2025 16:00:00 - 03/08/2025 17:00:00,BZN|CH,Without Sequence,70,,
03/08/2025 17:00:00 - 03/08/2025 18:00:00,BZN|CH,Without Sequence,82.06,,
03/08/2025 18:00:00 - 03/08/2025 19:00:00,BZN|CH,Without Sequence,82.2,,
03/08/2025 19:00:00 - 03/08/2025 20:00:00,BZN|CH,Without Sequence,86.9,,
03/08/2025 20:00:00 - 03/08/2025 21:00:00,BZN|CH,Without Sequence,88.77,,
03/08/2025 21:00:00 - 03/08/2025 22:00:00,BZN|CH,Without Sequence,78.16,,
03/08/2025 22:00:00 - 03/08/2025 23:00:00,BZN|CH,Without Sequence,77.18,,
03/08/2025 23:00:00 - 04/08/2025 00:00:00,BZN|CH,Without Sequence,73.12,,
04/08/2025 00:00:00 - 04/08/2025 01:00:00,BZN|CH,Without Sequence,71.88,,
04/08/2025 01:00:00 - 04/08/2025 02:00:00,BZN|CH,Without Sequence,70.8,,
04/08/2025 02:00:00 - 04/08/2025 03:00:00,BZN|CH,Without Sequence,72.42,,
04/08/2025 03:00:00 - 04/08/2025 04:00:00,BZN|CH,Without Sequence,78.37,,
04/08/2025 04:00:00 - 04/08/2025 05:00:00,BZN|CH,Without Sequence,88.31,,
04/08/2025 05:00:00 - 04/08/2025 06:00:00,BZN|CH,Without Sequence,101.01,,
04/08/2025 06:00:00 - 04/08/2025 07:00:00,BZN|CH,Without Sequence,100.02,,
04/08/2025 07:00:00 - 04/08/2025 08:00:00,BZN|CH,Without Sequence,91,,
04/08/2025 08:00:00 - 04/08/2025 09:00:00,BZN|CH,Without Sequence,81.73,,
04/08/2025 09:00:00 - 04/08/2025 10:00:00,BZN|CH,Without Sequence,72.55,,
04/08/2025 10:00:00 - 04/08/2025 11:00:00,BZN|CH,Without Sequence,48.34,,
04/08/2025 11:00:00 - 04/08/2025 12:00:00,BZN|CH,Without Sequence,27,,
04/08/2025 12:00:00 - 04/08/2025 13:00:00,BZN|CH,Without Sequence,10.83,,
04/08/2025 13:00:00 - 04/08/2025 14:00:00,BZN|CH,Without Sequence,20.44,,
04/08/2025 14:00:00 - 04/08/2025 15:00:00,BZN|CH,Without Sequence,36.97,,
04/08/2025 15:00:00 - 04/08/2025 16:00:00,BZN|CH,Without Sequence,67.1,,
04/08/2025 16:00:00 - 04/08/2025 17:00:00,BZN|CH,Without Sequence,82.93,,
04/08/2025 17:00:00 - 04/08/2025 18:00:00,BZN|CH,Without Sequence,95.06,,
04/08/2025 18:00:00 - 04/08/2025 19:00:00,BZN|CH,Without Sequence,97.93,,
04/08/2025 19:00:00 - 04/08/2025 20:00:00,BZN|CH,Without Sequence,90.97,,
04/08/2025 20:00:00 - 04/08/2025 21:00:00,BZN|CH,Without Sequence,80.95,,
04/08/2025 21:00:00 - 04/08/2025 22:00:00,BZN|CH,Without Sequence,73.32,,
04/08/2025 22:00:00 - 04/08/2025 23:00:00,BZN|CH,Without Sequence,69.55,,
04/08/2025 23:00:00 - 05/08/2025 00:00:00,BZN|CH,Without Sequence,69.01,,
05/08/2025 00:00:00 - 05/08/2025 01:00:00,BZN|CH,Without Sequence,62.05,,
05/08/2025 01:00:00 - 05/08/2025 02:00:00,BZN|CH,Without Sequence,66.57,,
05/08/2025 02:00:00 - 05/08/2025 03:00:00,BZN|CH,Without Sequence,63,,
05/08/2025 03:00:00 - 05/08/2025 04:00:00,BZN|CH,Without Sequence,67.49,,
05/08/2025 04:00:00 - 05/08/2025 05:00:00,BZN|CH,Without Sequence,79.25,,
05/08/2025 05:00:00 - 05/08/2025 06:00:00,BZN|CH,Without Sequence,82.29,,
05/08/2025 06:00:00 - 05/08/2025 07:00:00,BZN|CH,Without Sequence,74.96,,
05/08/2025 07:00:00 - 05/08/2025 08:00:00,BZN|CH,Without Sequence,63.13,,
05/08/2025 08:00:00 - 05/08/2025 09:00:00,BZN|CH,Without Sequence,63.33,,
05/08/2025 09:00:00 - 05/08/2025 10:00:00,BZN|CH,Without Sequence,20.04,,
05/08/2025 10:00:00 - 05/08/2025 11:00:00,BZN|CH,Without Sequence,-4.98,,
05/08/2025 11:00:00 - 05/08/2025 12:00:00,BZN|CH,Without Sequence,-10.2,,
05/08/2025 12:00:00 - 05/08/2025 13:00:00,BZN|CH,Without Sequence,-5.5,,
05/08/2025 13:00:00 - 05/08/2025 14:00:00,BZN|CH,Without Sequence,-1.49,,
05/08/2025 14:00:00 - 05/08/2025 15:00:00,BZN|CH,Without Sequence,28.49,,
05/08/2025 15:00:00 - 05/08/2025 16:00:00,BZN|CH,Without Sequence,64.71,,
05/08/2025 16:00:00 - 05/08/2025 17:00:00,BZN|CH,Without Sequence,69.79,,
05/08/2025 17:00:00 - 05/08/2025 18:00:00,BZN|CH,Without Sequence,80.61,,
05/08/2025 18:00:00 - 05/08/2025 19:00:00,BZN|CH,Without Sequence,87.24,,
05/08/2025 19:00:00 - 05/08/2025 20:00:00,BZN|CH,Without Sequence,85.14,,
05/08/2025 20:00:00 - 05/08/2025 21:00:00,BZN|CH,Without Sequence,79.94,,
05/08/2025 21:00:00 - 05/08/2025 22:00:00,BZN|CH,Without Sequence,72.31,,
05/08/2025 22:00:00 - 05/08/2025 23:00:00,BZN|CH,Without Sequence,74.88,,
05/08/2025 23:00:00 - 06/08/2025 00:00:00,BZN|CH,Without Sequence,73.26,,
06/08/2025 00:00:00 - 06/08/2025 01:00:00,BZN|CH,Without Sequence,73.59,,
06/08/2025 01:00:00 - 06/08/2025 02:00:00,BZN|CH,Without Sequence,73.5,,
06/08/2025 02:00:00 - 06/08/2025 03:00:00,BZN|CH,Without Sequence,73.07,,
06/08/2025 03:00:00 - 06/08/2025 04:00:00,BZN|CH,Without Sequence,73.56,,
06/08/2025 04:00:00 - 06/08/2025 05:00:00,BZN|CH,Without Sequence,89.53,,
06/08/2025 05:00:00 - 06/08/2025 06:00:00,BZN|CH,Without Sequence,97.62,,
06/08/2025 06:00:00 - 06/08/2025 07:00:00,BZN|CH,Without Sequence,82.08,,
06/08/2025 07:00:00 - 06/08/2025 08:00:00,BZN|CH,Without Sequence,84.03,,
06/08/2025 08:00:00 - 06/08/2025 09:00:00,BZN|CH,Without Sequence,81.41,,
06/08/2025 09:00:00 - 06/08/2025 10:00:00,BZN|CH,Without Sequence,77.05,,
06/08/2025 10:00:00 - 06/08/2025 11:00:00,BZN|CH,Without Sequence,70.54,,
06/08/2025 11:00:00 - 06/08/2025 12:00:00,BZN|CH,Without Sequence,62.31,,
06/08/2025 12:00:00 - 06/08/2025 13:00:00,BZN|CH,Without Sequence,62.39,,
06/08/2025 13:00:00 - 06/08/2025 14:00:00,BZN|CH,Without Sequence,63.09,,
06/08/2025 14:00:00 - 06/08/2025 15:00:00,BZN|CH,Without Sequence,72.29,,
06/08/2025 15:00:00 - 06/08/2025 16:00:00,BZN|CH,Without Sequence,73.54,,
06/08/2025 16:00:00 - 06/08/2025 17:00:00,BZN|CH,Without Sequence,94.61,,
06/08/2025 17:00:00 - 06/08/2025 18:00:00,BZN|CH,Without Sequence,111.32,,
06/08/2025 18:00:00 - 06/08/2025 19:00:00,BZN|CH,Without Sequence,113.3,,
06/08/2025 19:00:00 - 06/08/2025 20:00:00,BZN|CH,Without Sequence,115.49,,
06/08/2025 20:00:00 - 06/08/2025 21:00:00,BZN|CH,Without Sequence,114.95,,
06/08/2025 21:00:00 - 06/08/2025 22:00:00,BZN|CH,Without Sequence,103.3,,
06/08/2025 22:00:00 - 06/08/2025 23:00:00,BZN|CH,Without Sequence,101.16,,
06/08/2025 23:00:00 - 07/08/2025 00:00:00,BZN|CH,Without Sequence,97.27,,
07/08/2025 00:00:00 - 07/08/2025 01:00:00,BZN|CH,Without Sequence,95.92,,
07/08/2025 01:00:00 - 07/08/2025 02:00:00,BZN|CH,Without Sequence,94.01,,
07/08/2025 02:00:00 - 07/08/2025 03:00:00,BZN|CH,Without Sequence,93.07,,
07/08/2025 03:00:00 - 07/08/2025 04:00:00,BZN|CH,Without Sequence,101.11,,
07/08/2025 04:00:00 - 07/08/2025 05:00:00,BZN|CH,Without Sequence,103.67,,
07/08/2025 05:00:00 - 07/08/2025 06:00:00,BZN|CH,Without Sequence,102.97,,
07/08/2025 06:00:00 - 07/08/2025 07:00:00,BZN|CH,Without Sequence,98.61,,
07/08/2025 07:00:00 - 07/08/2025 08:00:00,BZN|CH,Without Sequence,75.51,,
07/08/2025 08:00:00 - 07/08/2025 09:00:00,BZN|CH,Without Sequence,69.98,,
07/08/2025 09:00:00 - 07/08/2025 10:00:00,BZN|CH,Without Sequence,69.71,,
07/08/2025 10:00:00 - 07/08/2025 11:00:00,BZN|CH,Without Sequence,4.61,,
07/08/2025 11:00:00 - 07/08/2025 12:00:00,BZN|CH,Without Sequence,-0.1,,
07/08/2025 12:00:00 - 07/08/2025 13:00:00,BZN|CH,Without Sequence,-0.96,,
07/08/2025 13:00:00 - 07/08/2025 14:00:00,BZN|CH,Without Sequence,14.01,,
07/08/2025 14:00:00 - 07/08/2025 15:00:00,BZN|CH,Without Sequence,53.2,,
07/08/2025 15:00:00 - 07/08/2025 16:00:00,BZN|CH,Without Sequence,73.23,,
07/08/2025 16:00:00 - 07/08/2025 17:00:00,BZN|CH,Without Sequence,97.2,,
07/08/2025 17:00:00 - 07/08/2025 18:00:00,BZN|CH,Without Sequence,107.61,,
07/08/2025 18:00:00 - 07/08/2025 19:00:00,BZN|CH,Without Sequence,114.07,,
07/08/2025 19:00:00 - 07/08/2025 20:00:00,BZN|CH,Without Sequence,106.6,,
07/08/2025 20:00:00 - 07/08/2025 21:00:00,BZN|CH,Without Sequence,104.64,,
07/08/2025 21:00:00 - 07/08/2025 22:00:00,BZN|CH,Without Sequence,98.32,,
07/08/2025 22:00:00 - 07/08/2025 23:00:00,BZN|CH,Without Sequence,90.81,,
07/08/2025 23:00:00 - 08/08/2025 00:00:00,BZN|CH,Without Sequence,88.71,,
08/08/2025 00:00:00 - 08/08/2025 01:00:00,BZN|CH,Without Sequence,84.36,,
08/08/2025 01:00:00 - 08/08/2025 02:00:00,BZN|CH,Without Sequence,85.34,,
08/08/2025 02:00:00 - 08/08/2025 03:00:00,BZN|CH,Without Sequence,84.7,,
08/08/2025 03:00:00 - 08/08/2025 04:00:00,BZN|CH,Without Sequence,88.75,,
08/08/2025 04:00:00 - 08/08/2025 05:00:00,BZN|CH,Without Sequence,99.91,,
08/08/2025 05:00:00 - 08/08/2025 06:00:00,BZN|CH,Without Sequence,101.55,,
08/08/2025 06:00:00 - 08/08/2025 07:00:00,BZN|CH,Without Sequence,97.82,,
08/08/2025 07:00:00 - 08/08/2025 08:00:00,BZN|CH,Without Sequence,83.14,,
08/08/2025 08:00:00 - 08/08/2025 09:00:00,BZN|CH,Without Sequence,68.29,,
08/08/2025 09:00:00 - 08/08/2025 10:00:00,BZN|CH,Without Sequence,67.96,,
08/08/2025 10:00:00 - 08/08/2025 11:00:00,BZN|CH,Without Sequence,17.27,,
08/08/2025 11:00:00 - 08/08/2025 12:00:00,BZN|CH,Without Sequence,10.91,,
08/08/2025 12:00:00 - 08/08/2025 13:00:00,BZN|CH,Without Sequence,17.87,,
08/08/2025 13:00:00 - 08/08/2025 14:00:00,BZN|CH,Without Sequence,9.95,,
08/08/2025 14:00:00 - 08/08/2025 15:00:00,BZN|CH,Without Sequence,29.49,,
08/08/2025 15:00:00 - 08/08/2025 16:00:00,BZN|CH,Without Sequence,73.5,,
08/08/2025 16:00:00 - 08/08/2025 17:00:00,BZN|CH,Without Sequence,98.97,,
08/08/2025 17:00:00 - 08/08/2025 18:00:00,BZN|CH,Without Sequence,108.59,,
08/08/2025 18:00:00 - 08/08/2025 19:00:00,BZN|CH,Without Sequence,110.38,,
08/08/2025 19:00:00 - 08/08/2025 20:00:00,BZN|CH,Without Sequence,105.97,,
08/08/2025 20:00:00 - 08/08/2025 21:00:00,BZN|CH,Without Sequence,106.7,,
08/08/2025 21:00:00 - 08/08/2025 22:00:00,BZN|CH,Without Sequence,101.53,,
08/08/2025 22:00:00 - 08/08/2025 23:00:00,BZN|CH,Without Sequence,104.16,,
08/08/2025 23:00:00 - 09/08/2025 00:00:00,BZN|CH,Without Sequence,101.89,,
09/08/2025 00:00:00 - 09/08/2025 01:00:00,BZN|CH,Without Sequence,100.4,,
09/08/2025 01:00:00 - 09/08/2025 02:00:00,BZN|CH,Without Sequence,98.94,,
09/08/2025 02:00:00 - 09/08/2025 03:00:00,BZN|CH,Without Sequence,96.77,,
09/08/2025 03:00:00 - 09/08/2025 04:00:00,BZN|CH,Without Sequence,96.99,,
09/08/2025 04:00:00 - 09/08/2025 05:00:00,BZN|CH,Without Sequence,99.05,,
09/08/2025 05:00:00 - 09/08/2025 06:00:00,BZN|CH,Without Sequence,92.11,,
09/08/2025 06:00:00 - 09/08/2025 07:00:00,BZN|CH,Without Sequence,77.23,,
09/08/2025 07:00:00 - 09/08/2025 08:00:00,BZN|CH,Without Sequence,41.13,,
09/08/2025 08:00:00 - 09/08/2025 09:00:00,BZN|CH,Without Sequence,7.95,,
09/08/2025 09:00:00 - 09/08/2025 10:00:00,BZN|CH,Without Sequence,8.04,,
09/08/2025 10:00:00 - 09/08/2025 11:00:00,BZN|CH,Without Sequence,-5.32,,
09/08/2025 11:00:00 - 09/08/2025 12:00:00,BZN|CH,Without Sequence,-12.69,,
09/08/2025 12:00:00 - 09/08/2025 13:00:00,BZN|CH,Without Sequence,-13.95,,
09/08/2025 13:00:00 - 09/08/2025 14:00:00,BZN|CH,Without Sequence,-5,,
09/08/2025 14:00:00 - 09/08/2025 15:00:00,BZN|CH,Without Sequence,34.86,,
09/08/2025 15:00:00 - 09/08/2025 16:00:00,BZN|CH,Without Sequence,65.06,,
09/08/2025 16:00:00 - 09/08/2025 17:00:00,BZN|CH,Without Sequence,83.1,,
09/08/2025 17:00:00 - 09/08/2025 18:00:00,BZN|CH,Without Sequence,103.7,,
09/08/2025 18:00:00 - 09/08/2025 19:00:00,BZN|CH,Without Sequence,106.64,,
09/08/2025 19:00:00 - 09/08/2025 20:00:00,BZN|CH,Without Sequence,106.04,,
09/08/2025 20:00:00 - 09/08/2025 21:00:00,BZN|CH,Without Sequence,103.69,,
09/08/2025 21:00:00 - 09/08/2025 22:00:00,BZN|CH,Without Sequence,98.05,,
09/08/2025 22:00:00 - 09/08/2025 23:00:00,BZN|CH,Without Sequence,86.94,,
09/08/2025 23:00:00 - 10/08/2025 00:00:00,BZN|CH,Without Sequence,83.11,,
10/08/2025 00:00:00 - 10/08/2025 01:00:00,BZN|CH,Without Sequence,82.03,,
10/08/2025 01:00:00 - 10/08/2025 02:00:00,BZN|CH,Without Sequence,80.09,,
10/08/2025 02:00:00 - 10/08/2025 03:00:00,BZN|CH,Without Sequence,78.05,,
10/08/2025 03:00:00 - 10/08/2025 04:00:00,BZN|CH,Without Sequence,78.14,,
10/08/2025 04:00:00 - 10/08/2025 05:00:00,BZN|CH,Without Sequence,74.56,,
10/08/2025 05:00:00 - 10/08/2025 06:00:00,BZN|CH,Without Sequence,70.13,,
10/08/2025 06:00:00 - 10/08/2025 07:00:00,BZN|CH,Without Sequence,48.95,,
10/08/2025 07:00:00 - 10/08/2025 08:00:00,BZN|CH,Without Sequence,1.49,,
10/08/2025 08:00:00 - 10/08/2025 09:00:00,BZN|CH,Without Sequence,-3.67,,
10/08/2025 09:00:00 - 10/08/2025 10:00:00,BZN|CH,Without Sequence,-12.78,,
10/08/2025 10:00:00 - 10/08/2025 11:00:00,BZN|CH,Without Sequence,-11.03,,
10/08/2025 11:00:00 - 10/08/2025 12:00:00,BZN|CH,Without Sequence,-22.22,,
10/08/2025 12:00:00 - 10/08/2025 13:00:00,BZN|CH,Without Sequence,-22.62,,
10/08/2025 13:00:00 - 10/08/2025 14:00:00,BZN|CH,Without Sequence,-11.05,,
10/08/2025 14:00:00 - 10/08/2025 15:00:00,BZN|CH,Without Sequence,-1.18,,
10/08/2025 15:00:00 - 10/08/2025 16:00:00,BZN|CH,Without Sequence,56.83,,
10/08/2025 16:00:00 - 10/08/2025 17:00:00,BZN|CH,Without Sequence,80.36,,
10/08/2025 17:00:00 - 10/08/2025 18:00:00,BZN|CH,Without Sequence,102.19,,
10/08/2025 18:00:00 - 10/08/2025 19:00:00,BZN|CH,Without Sequence,108.2,,
10/08/2025 19:00:00 - 10/08/2025 20:00:00,BZN|CH,Without Sequence,108.01,,
10/08/2025 20:00:00 - 10/08/2025 21:00:00,BZN|CH,Without Sequence,106.49,,
10/08/2025 21:00:00 - 10/08/2025 22:00:00,BZN|CH,Without Sequence,101.19,,
10/08/2025 22:00:00 - 10/08/2025 23:00:00,BZN|CH,Without Sequence,89.66,,
10/08/2025 23:00:00 - 11/08/2025 00:00:00,BZN|CH,Without Sequence,87.02,,
11/08/2025 00:00:00 - 11/08/2025 01:00:00,BZN|CH,Without Sequence,84.49,,
11/08/2025 01:00:00 - 11/08/2025 02:00:00,BZN|CH,Without Sequence,83.08,,
11/08/2025 02:00:00 - 11/08/2025 03:00:00,BZN|CH,Without Sequence,86.56,,
11/08/2025 03:00:00 - 11/08/2025 04:00:00,BZN|CH,Without Sequence,98.08,,
11/08/2025 04:00:00 - 11/08/2025 05:00:00,BZN|CH,Without Sequence,107.49,,
11/08/2025 05:00:00 - 11/08/2025 06:00:00,BZN|CH,Without Sequence,104.99,,
11/08/2025 06:00:00 - 11/08/2025 07:00:00,BZN|CH,Without Sequence,104.32,,
11/08/2025 07:00:00 - 11/08/2025 08:00:00,BZN|CH,Without Sequence,83.51,,
11/08/2025 08:00:00 - 11/08/2025 09:00:00,BZN|CH,Without Sequence,55.07,,
11/08/2025 09:00:00 - 11/08/2025 10:00:00,BZN|CH,Without Sequence,38.87,,
11/08/2025 10:00:00 - 11/08/2025 11:00:00,BZN|CH,Without Sequence,3.94,,
11/08/2025 11:00:00 - 11/08/2025 12:00:00,BZN|CH,Without Sequence,-0.02,,
11/08/2025 12:00:00 - 11/08/2025 13:00:00,BZN|CH,Without Sequence,0.92,,
11/08/2025 13:00:00 - 11/08/2025 14:00:00,BZN|CH,Without Sequence,13.03,,
11/08/2025 14:00:00 - 11/08/2025 15:00:00,BZN|CH,Without Sequence,54.12,,
11/08/2025 15:00:00 - 11/08/2025 16:00:00,BZN|CH,Without Sequence,88.38,,
11/08/2025 16:00:00 - 11/08/2025 17:00:00,BZN|CH,Without Sequence,108.1,,
11/08/2025 17:00:00 - 11/08/2025 18:00:00,BZN|CH,Without Sequence,114.92,,
11/08/2025 18:00:00 - 11/08/2025 19:00:00,BZN|CH,Without Sequence,114.81,,
11/08/2025 19:00:00 - 11/08/2025 20:00:00,BZN|CH,Without Sequence,114.88,,
11/08/2025 20:00:00 - 11/08/2025 21:00:00,BZN|CH,Without Sequence,112.8,,
11/08/2025 21:00:00 - 11/08/2025 22:00:00,BZN|CH,Without Sequence,102.11,,
11/08/2025 22:00:00 - 11/08/2025 23:00:00,BZN|CH,Without Sequence,98.79,,
11/08/2025 23:00:00 - 12/08/2025 00:00:00,BZN|CH,Without Sequence,96.48,,
12/08/2025 00:00:00 - 12/08/2025 01:00:00,BZN|CH,Without Sequence,93.99,,
12/08/2025 01:00:00 - 12/08/2025 02:00:00,BZN|CH,Without Sequence,93.93,,
12/08/2025 02:00:00 - 12/08/2025 03:00:00,BZN|CH,Without Sequence,95.19,,
12/08/2025 03:00:00 - 12/08/2025 04:00:00,BZN|CH,Without Sequence,106.02,,
12/08/2025 04:00:00 - 12/08/2025 05:00:00,BZN|CH,Without Sequence,114.29,,
12/08/2025 05:00:00 - 12/08/2025 06:00:00,BZN|CH,Without Sequence,110.94,,
12/08/2025 06:00:00 - 12/08/2025 07:00:00,BZN|CH,Without Sequence,105.8,,
12/08/2025 07:00:00 - 12/08/2025 08:00:00,BZN|CH,Without Sequence,86.56,,
12/08/2025 08:00:00 - 12/08/2025 09:00:00,BZN|CH,Without Sequence,70.29,,
12/08/2025 09:00:00 - 12/08/2025 10:00:00,BZN|CH,Without Sequence,39.08,,
12/08/2025 10:00:00 - 12/08/2025 11:00:00,BZN|CH,Without Sequence,15.3,,
12/08/2025 11:00:00 - 12/08/2025 12:00:00,BZN|CH,Without Sequence,11.04,,
12/08/2025 12:00:00 - 12/08/2025 13:00:00,BZN|CH,Without Sequence,11.36,,
12/08/2025 13:00:00 - 12/08/2025 14:00:00,BZN|CH,Without Sequence,27.09,,
12/08/2025 14:00:00 - 12/08/2025 15:00:00,BZN|CH,Without Sequence,70.36,,
12/08/2025 15:00:00 - 12/08/2025 16:00:00,BZN|CH,Without Sequence,93.23,,
12/08/2025 16:00:00 - 12/08/2025 17:00:00,BZN|CH,Without Sequence,106.89,,
12/08/2025 17:00:00 - 12/08/2025 18:00:00,BZN|CH,Without Sequence,134.45,,
12/08/2025 18:00:00 - 12/08/2025 19:00:00,BZN|CH,Without Sequence,149.77,,
12/08/2025 19:00:00 - 12/08/2025 20:00:00,BZN|CH,Without Sequence,138.44,,
12/08/2025 20:00:00 - 12/08/2025 21:00:00,BZN|CH,Without Sequence,110.79,,
12/08/2025 21:00:00 - 12/08/2025 22:00:00,BZN|CH,Without Sequence,99.89,,
12/08/2025 22:00:00 - 12/08/2025 23:00:00,BZN|CH,Without Sequence,98.77,,
12/08/2025 23:00:00 - 13/08/2025 00:00:00,BZN|CH,Without Sequence,92.03,,
13/08/2025 00:00:00 - 13/08/2025 01:00:00,BZN|CH,Without Sequence,89.45,,
13/08/2025 01:00:00 - 13/08/2025 02:00:00,BZN|CH,Without Sequence,86.71,,
13/08/2025 02:00:00 - 13/08/2025 03:00:00,BZN|CH,Without Sequence,87.3,,
13/08/2025 03:00:00 - 13/08/2025 04:00:00,BZN|CH,Without Sequence,94.77,,
13/08/2025 04:00:00 - 13/08/2025 05:00:00,BZN|CH,Without Sequence,105.86,,
13/08/2025 05:00:00 - 13/08/2025 06:00:00,BZN|CH,Without Sequence,107.03,,
13/08/2025 06:00:00 - 13/08/2025 07:00:00,BZN|CH,Without Sequence,103.29,,
13/08/2025 07:00:00 - 13/08/2025 08:00:00,BZN|CH,Without Sequence,96.45,,
13/08/2025 08:00:00 - 13/08/2025 09:00:00,BZN|CH,Without Sequence,83.25,,
13/08/2025 09:00:00 - 13/08/2025 10:00:00,BZN|CH,Without Sequence,75.03,,
13/08/2025 10:00:00 - 13/08/2025 11:00:00,BZN|CH,Without Sequence,56.88,,
13/08/2025 11:00:00 - 13/08/2025 12:00:00,BZN|CH,Without Sequence,52.01,,
13/08/2025 12:00:00 - 13/08/2025 13:00:00,BZN|CH,Without Sequence,56.81,,
13/08/2025 13:00:00 - 13/08/2025 14:00:00,BZN|CH,Without Sequence,75.03,,
13/08/2025 14:00:00 - 13/08/2025 15:00:00,BZN|CH,Without Sequence,85.93,,
13/08/2025 15:00:00 - 13/08/2025 16:00:00,BZN|CH,Without Sequence,100.47,,
13/08/2025 16:00:00 - 13/08/2025 17:00:00,BZN|CH,Without Sequence,110.04,,
13/08/2025 17:00:00 - 13/08/2025 18:00:00,BZN|CH,Without Sequence,147.37,,
13/08/2025 18:00:00 - 13/08/2025 19:00:00,BZN|CH,Without Sequence,153.86,,
13/08/2025 19:00:00 - 13/08/2025 20:00:00,BZN|CH,Without Sequence,145.82,,
13/08/2025 20:00:00 - 13/08/2025 21:00:00,BZN|CH,Without Sequence,117.25,,
13/08/2025 21:00:00 - 13/08/2025 22:00:00,BZN|CH,Without Sequence,106.07,,
13/08/2025 22:00:00 - 13/08/2025 23:00:00,BZN|CH,Without Sequence,101.06,,
13/08/2025 23:00:00 - 14/08/2025 00:00:00,BZN|CH,Without Sequence,98.01,,
14/08/2025 00:00:00 - 14/08/2025 01:00:00,BZN|CH,Without Sequence,95.31,,
14/08/2025 01:00:00 - 14/08/2025 02:00:00,BZN|CH,Without Sequence,93.31,,
14/08/2025 02:00:00 - 14/08/2025 03:00:00,BZN|CH,Without Sequence,93.06,,
14/08/2025 03:00:00 - 14/08/2025 04:00:00,BZN|CH,Without Sequence,98.02,,
14/08/2025 04:00:00 - 14/08/2025 05:00:00,BZN|CH,Without Sequence,110.66,,
14/08/2025 05:00:00 - 14/08/2025 06:00:00,BZN|CH,Without Sequence,112.76,,
14/08/2025 06:00:00 - 14/08/2025 07:00:00,BZN|CH,Without Sequence,104.53,,
14/08/2025 07:00:00 - 14/08/2025 08:00:00,BZN|CH,Without Sequence,95.69,,
14/08/2025 08:00:00 - 14/08/2025 09:00:00,BZN|CH,Without Sequence,89.07,,
14/08/2025 09:00:00 - 14/08/2025 10:00:00,BZN|CH,Without Sequence,74.65,,
14/08/2025 10:00:00 - 14/08/2025 11:00:00,BZN|CH,Without Sequence,60.33,,
14/08/2025 11:00:00 - 14/08/2025 12:00:00,BZN|CH,Without Sequence,50.64,,
14/08/2025 12:00:00 - 14/08/2025 13:00:00,BZN|CH,Without Sequence,60.37,,
14/08/2025 13:00:00 - 14/08/2025 14:00:00,BZN|CH,Without Sequence,76.32,,
14/08/2025 14:00:00 - 14/08/2025 15:00:00,BZN|CH,Without Sequence,91.54,,
14/08/2025 15:00:00 - 14/08/2025 16:00:00,BZN|CH,Without Sequence,101.17,,
14/08/2025 16:00:00 - 14/08/2025 17:00:00,BZN|CH,Without Sequence,116.62,,
14/08/2025 17:00:00 - 14/08/2025 18:00:00,BZN|CH,Without Sequence,134.22,,
14/08/2025 18:00:00 - 14/08/2025 19:00:00,BZN|CH,Without Sequence,140,,
14/08/2025 19:00:00 - 14/08/2025 20:00:00,BZN|CH,Without Sequence,138.2,,
14/08/2025 20:00:00 - 14/08/2025 21:00:00,BZN|CH,Without Sequence,120.5,,
14/08/2025 21:00:00 - 14/08/2025 22:00:00,BZN|CH,Without Sequence,105.98,,
14/08/2025 22:00:00 - 14/08/2025 23:00:00,BZN|CH,Without Sequence,99.09,,
14/08/2025 23:00:00 - 15/08/2025 00:00:00,BZN|CH,Without Sequence,94.52,,
15/08/2025 00:00:00 - 15/08/2025 01:00:00,BZN|CH,Without Sequence,92.03,,
15/08/2025 01:00:00 - 15/08/2025 02:00:00,BZN|CH,Without Sequence,89.39,,
15/08/2025 02:00:00 - 15/08/2025 03:00:00,BZN|CH,Without Sequence,90.94,,
15/08/2025 03:00:00 - 15/08/2025 04:00:00,BZN|CH,Without Sequence,96.99,,
15/08/2025 04:00:00 - 15/08/2025 05:00:00,BZN|CH,Without Sequence,102.79,,
15/08/2025 05:00:00 - 15/08/2025 06:00:00,BZN|CH,Without Sequence,101.99,,
15/08/2025 06:00:00 - 15/08/2025 07:00:00,BZN|CH,Without Sequence,99.6,,
15/08/2025 07:00:00 - 15/08/2025 08:00:00,BZN|CH,Without Sequence,78,,
15/08/2025 08:00:00 - 15/08/2025 09:00:00,BZN|CH,Without Sequence,51.96,,
15/08/2025 09:00:00 - 15/08/2025 10:00:00,BZN|CH,Without Sequence,10.23,,
15/08/2025 10:00:00 - 15/08/2025 11:00:00,BZN|CH,Without Sequence,2.08,,
15/08/2025 11:00:00 - 15/08/2025 12:00:00,BZN|CH,Without Sequence,0.13,,
15/08/2025 12:00:00 - 15/08/2025 13:00:00,BZN|CH,Without Sequence,2.64,,
15/08/2025 13:00:00 - 15/08/2025 14:00:00,BZN|CH,Without Sequence,61.77,,
15/08/2025 14:00:00 - 15/08/2025 15:00:00,BZN|CH,Without Sequence,67.01,,
15/08/2025 15:00:00 - 15/08/2025 16:00:00,BZN|CH,Without Sequence,75.92,,
15/08/2025 16:00:00 - 15/08/2025 17:00:00,BZN|CH,Without Sequence,93.6,,
15/08/2025 17:00:00 - 15/08/2025 18:00:00,BZN|CH,Without Sequence,106.38,,
15/08/2025 18:00:00 - 15/08/2025 19:00:00,BZN|CH,Without Sequence,108.99,,
15/08/2025 19:00:00 - 15/08/2025 20:00:00,BZN|CH,Without Sequence,106.08,,
15/08/2025 20:00:00 - 15/08/2025 21:00:00,BZN|CH,Without Sequence,99.94,,
15/08/2025 21:00:00 - 15/08/2025 22:00:00,BZN|CH,Without Sequence,92.98,,
15/08/2025 22:00:00 - 15/08/2025 23:00:00,BZN|CH,Without Sequence,93.62,,
15/08/2025 23:00:00 - 16/08/2025 00:00:00,BZN|CH,Without Sequence,90.65,,
16/08/2025 00:00:00 - 16/08/2025 01:00:00,BZN|CH,Without Sequence,85.41,,
16/08/2025 01:00:00 - 16/08/2025 02:00:00,BZN|CH,Without Sequence,82.6,,
16/08/2025 02:00:00 - 16/08/2025 03:00:00,BZN|CH,Without Sequence,82.82,,
16/08/2025 03:00:00 - 16/08/2025 04:00:00,BZN|CH,Without Sequence,83.19,,
16/08/2025 04:00:00 - 16/08/2025 05:00:00,BZN|CH,Without Sequence,83.96,,
16/08/2025 05:00:00 - 16/08/2025 06:00:00,BZN|CH,Without Sequence,83.86,,
16/08/2025 06:00:00 - 16/08/2025 07:00:00,BZN|CH,Without Sequence,78.1,,
16/08/2025 07:00:00 - 16/08/2025 08:00:00,BZN|CH,Without Sequence,63.94,,
16/08/2025 08:00:00 - 16/08/2025 09:00:00,BZN|CH,Without Sequence,16.54,,
16/08/2025 09:00:00 - 16/08/2025 10:00:00,BZN|CH,Without Sequence,11.16,,
16/08/2025 10:00:00 - 16/08/2025 11:00:00,BZN|CH,Without Sequence,1.62,,
16/08/2025 11:00:00 - 16/08/2025 12:00:00,BZN|CH,Without Sequence,0.89,,
16/08/2025 12:00:00 - 16/08/2025 13:00:00,BZN|CH,Without Sequence,6.19,,
16/08/2025 13:00:00 - 16/08/2025 14:00:00,BZN|CH,Without Sequence,54.05,,
16/08/2025 14:00:00 - 16/08/2025 15:00:00,BZN|CH,Without Sequence,54.08,,
16/08/2025 15:00:00 - 16/08/2025 16:00:00,BZN|CH,Without Sequence,68.12,,
16/08/2025 16:00:00 - 16/08/2025 17:00:00,BZN|CH,Without Sequence,77.19,,
16/08/2025 17:00:00 - 16/08/2025 18:00:00,BZN|CH,Without Sequence,97.43,,
16/08/2025 18:00:00 - 16/08/2025 19:00:00,BZN|CH,Without Sequence,101.71,,
16/08/2025 19:00:00 - 16/08/2025 20:00:00,BZN|CH,Without Sequence,100.28,,
16/08/2025 20:00:00 - 16/08/2025 21:00:00,BZN|CH,Without Sequence,94.98,,
16/08/2025 21:00:00 - 16/08/2025 22:00:00,BZN|CH,Without Sequence,89.6,,
16/08/2025 22:00:00 - 16/08/2025 23:00:00,BZN|CH,Without Sequence,85,,
16/08/2025 23:00:00 - 17/08/2025 00:00:00,BZN|CH,Without Sequence,83,,
17/08/2025 00:00:00 - 17/08/2025 01:00:00,BZN|CH,Without Sequence,80.54,,
17/08/2025 01:00:00 - 17/08/2025 02:00:00,BZN|CH,Without Sequence,79.84,,
17/08/2025 02:00:00 - 17/08/2025 03:00:00,BZN|CH,Without Sequence,80.49,,
17/08/2025 03:00:00 - 17/08/2025 04:00:00,BZN|CH,Without Sequence,83.99,,
17/08/2025 04:00:00 - 17/08/2025 05:00:00,BZN|CH,Without Sequence,84.27,,
17/08/2025 05:00:00 - 17/08/2025 06:00:00,BZN|CH,Without Sequence,77.59,,
17/08/2025 06:00:00 - 17/08/2025 07:00:00,BZN|CH,Without Sequence,73.85,,
17/08/2025 07:00:00 - 17/08/2025 08:00:00,BZN|CH,Without Sequence,40.09,,
17/08/2025 08:00:00 - 17/08/2025 09:00:00,BZN|CH,Without Sequence,15.08,,
17/08/2025 09:00:00 - 17/08/2025 10:00:00,BZN|CH,Without Sequence,1.17,,
17/08/2025 10:00:00 - 17/08/2025 11:00:00,BZN|CH,Without Sequence,0.78,,
17/08/2025 11:00:00 - 17/08/2025 12:00:00,BZN|CH,Without Sequence,-3.06,,
17/08/2025 12:00:00 - 17/08/2025 13:00:00,BZN|CH,Without Sequence,-2.28,,
17/08/2025 13:00:00 - 17/08/2025 14:00:00,BZN|CH,Without Sequence,0,,
17/08/2025 14:00:00 - 17/08/2025 15:00:00,BZN|CH,Without Sequence,13.87,,
17/08/2025 15:00:00 - 17/08/2025 16:00:00,BZN|CH,Without Sequence,71.45,,
17/08/2025 16:00:00 - 17/08/2025 17:00:00,BZN|CH,Without Sequence,98.92,,
17/08/2025 17:00:00 - 17/08/2025 18:00:00,BZN|CH,Without Sequence,106.86,,
17/08/2025 18:00:00 - 17/08/2025 19:00:00,BZN|CH,Without Sequence,110.43,,
17/08/2025 19:00:00 - 17/08/2025 20:00:00,BZN|CH,Without Sequence,105.91,,
17/08/2025 20:00:00 - 17/08/2025 21:00:00,BZN|CH,Without Sequence,102.59,,
17/08/2025 21:00:00 - 17/08/2025 22:00:00,BZN|CH,Without Sequence,98.89,,
17/08/2025 22:00:00 - 17/08/2025 23:00:00,BZN|CH,Without Sequence,96.23,,
17/08/2025 23:00:00 - 18/08/2025 00:00:00,BZN|CH,Without Sequence,92.2,,
18/08/2025 00:00:00 - 18/08/2025 01:00:00,BZN|CH,Without Sequence,89.98,,
18/08/2025 01:00:00 - 18/08/2025 02:00:00,BZN|CH,Without Sequence,90.18,,
18/08/2025 02:00:00 - 18/08/2025 03:00:00,BZN|CH,Without Sequence,93.48,,
18/08/2025 03:00:00 - 18/08/2025 04:00:00,BZN|CH,Without Sequence,101.99,,
18/08/2025 04:00:00 - 18/08/2025 05:00:00,BZN|CH,Without Sequence,110.42,,
18/08/2025 05:00:00 - 18/08/2025 06:00:00,BZN|CH,Without Sequence,111.29,,
18/08/2025 06:00:00 - 18/08/2025 07:00:00,BZN|CH,Without Sequence,107.34,,
18/08/2025 07:00:00 - 18/08/2025 08:00:00,BZN|CH,Without Sequence,93.66,,
18/08/2025 08:00:00 - 18/08/2025 09:00:00,BZN|CH,Without Sequence,75.01,,
18/08/2025 09:00:00 - 18/08/2025 10:00:00,BZN|CH,Without Sequence,49.62,,
18/08/2025 10:00:00 - 18/08/2025 11:00:00,BZN|CH,Without Sequence,23.44,,
18/08/2025 11:00:00 - 18/08/2025 12:00:00,BZN|CH,Without Sequence,18.06,,
18/08/2025 12:00:00 - 18/08/2025 13:00:00,BZN|CH,Without Sequence,18.6,,
18/08/2025 13:00:00 - 18/08/2025 14:00:00,BZN|CH,Without Sequence,44.54,,
18/08/2025 14:00:00 - 18/08/2025 15:00:00,BZN|CH,Without Sequence,75.78,,
18/08/2025 15:00:00 - 18/08/2025 16:00:00,BZN|CH,Without Sequence,95.65,,
18/08/2025 16:00:00 - 18/08/2025 17:00:00,BZN|CH,Without Sequence,110.12,,
18/08/2025 17:00:00 - 18/08/2025 18:00:00,BZN|CH,Without Sequence,130.25,,
18/08/2025 18:00:00 - 18/08/2025 19:00:00,BZN|CH,Without Sequence,129.52,,
18/08/2025 19:00:00 - 18/08/2025 20:00:00,BZN|CH,Without Sequence,129.51,,
18/08/2025 20:00:00 - 18/08/2025 21:00:00,BZN|CH,Without Sequence,107.2,,
18/08/2025 21:00:00 - 18/08/2025 22:00:00,BZN|CH,Without Sequence,102.88,,
18/08/2025 22:00:00 - 18/08/2025 23:00:00,BZN|CH,Without Sequence,98.44,,
18/08/2025 23:00:00 - 19/08/2025 00:00:00,BZN|CH,Without Sequence,96.02,,
19/08/2025 00:00:00 - 19/08/2025 01:00:00,BZN|CH,Without Sequence,93.15,,
19/08/2025 01:00:00 - 19/08/2025 02:00:00,BZN|CH,Without Sequence,92.44,,
19/08/2025 02:00:00 - 19/08/2025 03:00:00,BZN|CH,Without Sequence,94.76,,
19/08/2025 03:00:00 - 19/08/2025 04:00:00,BZN|CH,Without Sequence,100.39,,
19/08/2025 04:00:00 - 19/08/2025 05:00:00,BZN|CH,Without Sequence,115.45,,
19/08/2025 05:00:00 - 19/08/2025 06:00:00,BZN|CH,Without Sequence,116,,
19/08/2025 06:00:00 - 19/08/2025 07:00:00,BZN|CH,Without Sequence,102.79,,
19/08/2025 07:00:00 - 19/08/2025 08:00:00,BZN|CH,Without Sequence,92.27,,
19/08/2025 08:00:00 - 19/08/2025 09:00:00,BZN|CH,Without Sequence,76.41,,
19/08/2025 09:00:00 - 19/08/2025 10:00:00,BZN|CH,Without Sequence,69.98,,
19/08/2025 10:00:00 - 19/08/2025 11:00:00,BZN|CH,Without Sequence,59.92,,
19/08/2025 11:00:00 - 19/08/2025 12:00:00,BZN|CH,Without Sequence,55.07,,
19/08/2025 12:00:00 - 19/08/2025 13:00:00,BZN|CH,Without Sequence,61.77,,
19/08/2025 13:00:00 - 19/08/2025 14:00:00,BZN|CH,Without Sequence,71.44,,
19/08/2025 14:00:00 - 19/08/2025 15:00:00,BZN|CH,Without Sequence,76.46,,
19/08/2025 15:00:00 - 19/08/2025 16:00:00,BZN|CH,Without Sequence,92.66,,
19/08/2025 16:00:00 - 19/08/2025 17:00:00,BZN|CH,Without Sequence,103.07,,
19/08/2025 17:00:00 - 19/08/2025 18:00:00,BZN|CH,Without Sequence,128.08,,
19/08/2025 18:00:00 - 19/08/2025 19:00:00,BZN|CH,Without Sequence,126.36,,
19/08/2025 19:00:00 - 19/08/2025 20:00:00,BZN|CH,Without Sequence,113.08,,
19/08/2025 20:00:00 - 19/08/2025 21:00:00,BZN|CH,Without Sequence,101.97,,
19/08/2025 21:00:00 - 19/08/2025 22:00:00,BZN|CH,Without Sequence,98.54,,
19/08/2025 22:00:00 - 19/08/2025 23:00:00,BZN|CH,Without Sequence,95.29,,
19/08/2025 23:00:00 - 20/08/2025 00:00:00,BZN|CH,Without Sequence,89.48,,
20/08/2025 00:00:00 - 20/08/2025 01:00:00,BZN|CH,Without Sequence,83.89,,
20/08/2025 01:00:00 - 20/08/2025 02:00:00,BZN|CH,Without Sequence,84.15,,
20/08/2025 02:00:00 - 20/08/2025 03:00:00,BZN|CH,Without Sequence,87,,
20/08/2025 03:00:00 - 20/08/2025 04:00:00,BZN|CH,Without Sequence,95.3,,
20/08/2025 04:00:00 - 20/08/2025 05:00:00,BZN|CH,Without Sequence,101.07,,
20/08/2025 05:00:00 - 20/08/2025 06:00:00,BZN|CH,Without Sequence,104.03,,
20/08/2025 06:00:00 - 20/08/2025 07:00:00,BZN|CH,Without Sequence,99.72,,
20/08/2025 07:00:00 - 20/08/2025 08:00:00,BZN|CH,Without Sequence,96.03,,
20/08/2025 08:00:00 - 20/08/2025 09:00:00,BZN|CH,Without Sequence,96.01,,
20/08/2025 09:00:00 - 20/08/2025 10:00:00,BZN|CH,Without Sequence,95.31,,
20/08/2025 10:00:00 - 20/08/2025 11:00:00,BZN|CH,Without Sequence,83.96,,
20/08/2025 11:00:00 - 20/08/2025 12:00:00,BZN|CH,Without Sequence,80.96,,
20/08/2025 12:00:00 - 20/08/2025 13:00:00,BZN|CH,Without Sequence,91.37,,
20/08/2025 13:00:00 - 20/08/2025 14:00:00,BZN|CH,Without Sequence,95.31,,
20/08/2025 14:00:00 - 20/08/2025 15:00:00,BZN|CH,Without Sequence,96.01,,
20/08/2025 15:00:00 - 20/08/2025 16:00:00,BZN|CH,Without Sequence,99.35,,
20/08/2025 16:00:00 - 20/08/2025 17:00:00,BZN|CH,Without Sequence,106.42,,
20/08/2025 17:00:00 - 20/08/2025 18:00:00,BZN|CH,Without Sequence,114.21,,
20/08/2025 18:00:00 - 20/08/2025 19:00:00,BZN|CH,Without Sequence,118.05,,
20/08/2025 19:00:00 - 20/08/2025 20:00:00,BZN|CH,Without Sequence,104.88,,
20/08/2025 20:00:00 - 20/08/2025 21:00:00,BZN|CH,Without Sequence,99.79,,
20/08/2025 21:00:00 - 20/08/2025 22:00:00,BZN|CH,Without Sequence,96.09,,
20/08/2025 22:00:00 - 20/08/2025 23:00:00,BZN|CH,Without Sequence,97.09,,
20/08/2025 23:00:00 - 21/08/2025 00:00:00,BZN|CH,Without Sequence,94.56,,
21/08/2025 00:00:00 - 21/08/2025 01:00:00,BZN|CH,Without Sequence,92.37,,
21/08/2025 01:00:00 - 21/08/2025 02:00:00,BZN|CH,Without Sequence,95.67,,
21/08/2025 02:00:00 - 21/08/2025 03:00:00,BZN|CH,Without Sequence,95.41,,
21/08/2025 03:00:00 - 21/08/2025 04:00:00,BZN|CH,Without Sequence,98.61,,
21/08/2025 04:00:00 - 21/08/2025 05:00:00,BZN|CH,Without Sequence,107.82,,
21/08/2025 05:00:00 - 21/08/2025 06:00:00,BZN|CH,Without Sequence,107.93,,
21/08/2025 06:00:00 - 21/08/2025 07:00:00,BZN|CH,Without Sequence,105.11,,
21/08/2025 07:00:00 - 21/08/2025 08:00:00,BZN|CH,Without Sequence,99.44,,
21/08/2025 08:00:00 - 21/08/2025 09:00:00,BZN|CH,Without Sequence,92.4,,
21/08/2025 09:00:00 - 21/08/2025 10:00:00,BZN|CH,Without Sequence,92.19,,
21/08/2025 10:00:00 - 21/08/2025 11:00:00,BZN|CH,Without Sequence,88.1,,
21/08/2025 11:00:00 - 21/08/2025 12:00:00,BZN|CH,Without Sequence,90.09,,
21/08/2025 12:00:00 - 21/08/2025 13:00:00,BZN|CH,Without Sequence,92.11,,
21/08/2025 13:00:00 - 21/08/2025 14:00:00,BZN|CH,Without Sequence,94.57,,
21/08/2025 14:00:00 - 21/08/2025 15:00:00,BZN|CH,Without Sequence,96.06,,
21/08/2025 15:00:00 - 21/08/2025 16:00:00,BZN|CH,Without Sequence,97.1,,
21/08/2025 16:00:00 - 21/08/2025 17:00:00,BZN|CH,Without Sequence,101.4,,
21/08/2025 17:00:00 - 21/08/2025 18:00:00,BZN|CH,Without Sequence,107.08,,
21/08/2025 18:00:00 - 21/08/2025 19:00:00,BZN|CH,Without Sequence,108.91,,
21/08/2025 19:00:00 - 21/08/2025 20:00:00,BZN|CH,Without Sequence,103.95,,
21/08/2025 20:00:00 - 21/08/2025 21:00:00,BZN|CH,Without Sequence,98.39,,
21/08/2025 21:00:00 - 21/08/2025 22:00:00,BZN|CH,Without Sequence,93.16,,
21/08/2025 22:00:00 - 21/08/2025 23:00:00,BZN|CH,Without Sequence,88.35,,
21/08/2025 23:00:00 - 22/08/2025 00:00:00,BZN|CH,Without Sequence,84.99,,
22/08/2025 00:00:00 - 22/08/2025 01:00:00,BZN|CH,Without Sequence,83.19,,
22/08/2025 01:00:00 - 22/08/2025 02:00:00,BZN|CH,Without Sequence,81.42,,
22/08/2025 02:00:00 - 22/08/2025 03:00:00,BZN|CH,Without Sequence,81.43,,
22/08/2025 03:00:00 - 22/08/2025 04:00:00,BZN|CH,Without Sequence,91.05,,
22/08/2025 04:00:00 - 22/08/2025 05:00:00,BZN|CH,Without Sequence,101.38,,
22/08/2025 05:00:00 - 22/08/2025 06:00:00,BZN|CH,Without Sequence,102.03,,
22/08/2025 06:00:00 - 22/08/2025 07:00:00,BZN|CH,Without Sequence,99.97,,
22/08/2025 07:00:00 - 22/08/2025 08:00:00,BZN|CH,Without Sequence,87.09,,
22/08/2025 08:00:00 - 22/08/2025 09:00:00,BZN|CH,Without Sequence,81.03,,
22/08/2025 09:00:00 - 22/08/2025 10:00:00,BZN|CH,Without Sequence,79.33,,
22/08/2025 10:00:00 - 22/08/2025 11:00:00,BZN|CH,Without Sequence,71.16,,
22/08/2025 11:00:00 - 22/08/2025 12:00:00,BZN|CH,Without Sequence,70.08,,
22/08/2025 12:00:00 - 22/08/2025 13:00:00,BZN|CH,Without Sequence,70.23,,
22/08/2025 13:00:00 - 22/08/2025 14:00:00,BZN|CH,Without Sequence,75.95,,
22/08/2025 14:00:00 - 22/08/2025 15:00:00,BZN|CH,Without Sequence,81.45,,
22/08/2025 15:00:00 - 22/08/2025 16:00:00,BZN|CH,Without Sequence,81.49,,
22/08/2025 16:00:00 - 22/08/2025 17:00:00,BZN|CH,Without Sequence,95.08,,
22/08/2025 17:00:00 - 22/08/2025 18:00:00,BZN|CH,Without Sequence,107.61,,
22/08/2025 18:00:00 - 22/08/2025 19:00:00,BZN|CH,Without Sequence,109.79,,
22/08/2025 19:00:00 - 22/08/2025 20:00:00,BZN|CH,Without Sequence,106.18,,
22/08/2025 20:00:00 - 22/08/2025 21:00:00,BZN|CH,Without Sequence,102.03,,
22/08/2025 21:00:00 - 22/08/2025 22:00:00,BZN|CH,Without Sequence,97.6,,
22/08/2025 22:00:00 - 22/08/2025 23:00:00,BZN|CH,Without Sequence,99.02,,
22/08/2025 23:00:00 - 23/08/2025 00:00:00,BZN|CH,Without Sequence,93.93,,
23/08/2025 00:00:00 - 23/08/2025 01:00:00,BZN|CH,Without Sequence,88.75,,
23/08/2025 01:00:00 - 23/08/2025 02:00:00,BZN|CH,Without Sequence,82.99,,
23/08/2025 02:00:00 - 23/08/2025 03:00:00,BZN|CH,Without Sequence,81.84,,
23/08/2025 03:00:00 - 23/08/2025 04:00:00,BZN|CH,Without Sequence,82.83,,
23/08/2025 04:00:00 - 23/08/2025 05:00:00,BZN|CH,Without Sequence,84.83,,
23/08/2025 05:00:00 - 23/08/2025 06:00:00,BZN|CH,Without Sequence,85.1,,
23/08/2025 06:00:00 - 23/08/2025 07:00:00,BZN|CH,Without Sequence,79.8,,
23/08/2025 07:00:00 - 23/08/2025 08:00:00,BZN|CH,Without Sequence,57.6,,
23/08/2025 08:00:00 - 23/08/2025 09:00:00,BZN|CH,Without Sequence,13.66,,
23/08/2025 09:00:00 - 23/08/2025 10:00:00,BZN|CH,Without Sequence,2.05,,
23/08/2025 10:00:00 - 23/08/2025 11:00:00,BZN|CH,Without Sequence,-0.07,,
23/08/2025 11:00:00 - 23/08/2025 12:00:00,BZN|CH,Without Sequence,-0.75,,
23/08/2025 12:00:00 - 23/08/2025 13:00:00,BZN|CH,Without Sequence,-1.1,,
23/08/2025 13:00:00 - 23/08/2025 14:00:00,BZN|CH,Without Sequence,-1.89,,
23/08/2025 14:00:00 - 23/08/2025 15:00:00,BZN|CH,Without Sequence,10.24,,
23/08/2025 15:00:00 - 23/08/2025 16:00:00,BZN|CH,Without Sequence,75.43,,
23/08/2025 16:00:00 - 23/08/2025 17:00:00,BZN|CH,Without Sequence,98.92,,
23/08/2025 17:00:00 - 23/08/2025 18:00:00,BZN|CH,Without Sequence,107.17,,
23/08/2025 18:00:00 - 23/08/2025 19:00:00,BZN|CH,Without Sequence,113.03,,
23/08/2025 19:00:00 - 23/08/2025 20:00:00,BZN|CH,Without Sequence,112.09,,
23/08/2025 20:00:00 - 23/08/2025 21:00:00,BZN|CH,Without Sequence,106.34,,
23/08/2025 21:00:00 - 23/08/2025 22:00:00,BZN|CH,Without Sequence,101.07,,
23/08/2025 22:00:00 - 23/08/2025 23:00:00,BZN|CH,Without Sequence,99.1,,
23/08/2025 23:00:00 - 24/08/2025 00:00:00,BZN|CH,Without Sequence,95.56,,
24/08/2025 00:00:00 - 24/08/2025 01:00:00,BZN|CH,Without Sequence,91.5,,
24/08/2025 01:00:00 - 24/08/2025 02:00:00,BZN|CH,Without Sequence,89.32,,
24/08/2025 02:00:00 - 24/08/2025 03:00:00,BZN|CH,Without Sequence,88.33,,
24/08/2025 03:00:00 - 24/08/2025 04:00:00,BZN|CH,Without Sequence,88.96,,
24/08/2025 04:00:00 - 24/08/2025 05:00:00,BZN|CH,Without Sequence,88.56,,
24/08/2025 05:00:00 - 24/08/2025 06:00:00,BZN|CH,Without Sequence,85.07,,
24/08/2025 06:00:00 - 24/08/2025 07:00:00,BZN|CH,Without Sequence,72.19,,
24/08/2025 07:00:00 - 24/08/2025 08:00:00,BZN|CH,Without Sequence,19.41,,
24/08/2025 08:00:00 - 24/08/2025 09:00:00,BZN|CH,Without Sequence,1.51,,
24/08/2025 09:00:00 - 24/08/2025 10:00:00,BZN|CH,Without Sequence,-0.63,,
24/08/2025 10:00:00 - 24/08/2025 11:00:00,BZN|CH,Without Sequence,-4.18,,
24/08/2025 11:00:00 - 24/08/2025 12:00:00,BZN|CH,Without Sequence,-6.89,,
24/08/2025 12:00:00 - 24/08/2025 13:00:00,BZN|CH,Without Sequence,-5.53,,
24/08/2025 13:00:00 - 24/08/2025 14:00:00,BZN|CH,Without Sequence,-0.2,,
24/08/2025 14:00:00 - 24/08/2025 15:00:00,BZN|CH,Without Sequence,2.99,,
24/08/2025 15:00:00 - 24/08/2025 16:00:00,BZN|CH,Without Sequence,60.45,,
24/08/2025 16:00:00 - 24/08/2025 17:00:00,BZN|CH,Without Sequence,99.78,,
24/08/2025 17:00:00 - 24/08/2025 18:00:00,BZN|CH,Without Sequence,107.4,,
24/08/2025 18:00:00 - 24/08/2025 19:00:00,BZN|CH,Without Sequence,112.63,,
24/08/2025 19:00:00 - 24/08/2025 20:00:00,BZN|CH,Without Sequence,111.83,,
24/08/2025 20:00:00 - 24/08/2025 21:00:00,BZN|CH,Without Sequence,105.79,,
24/08/2025 21:00:00 - 24/08/2025 22:00:00,BZN|CH,Without Sequence,101.43,,
24/08/2025 22:00:00 - 24/08/2025 23:00:00,BZN|CH,Without Sequence,96.67,,
24/08/2025 23:00:00 - 25/08/2025 00:00:00,BZN|CH,Without Sequence,90.61,,
25/08/2025 00:00:00 - 25/08/2025 01:00:00,BZN|CH,Without Sequence,88.97,,
25/08/2025 01:00:00 - 25/08/2025 02:00:00,BZN|CH,Without Sequence,85.24,,
25/08/2025 02:00:00 - 25/08/2025 03:00:00,BZN|CH,Without Sequence,88,,
25/08/2025 03:00:00 - 25/08/2025 04:00:00,BZN|CH,Without Sequence,97.54,,
25/08/2025 04:00:00 - 25/08/2025 05:00:00,BZN|CH,Without Sequence,110.01,,
25/08/2025 05:00:00 - 25/08/2025 06:00:00,BZN|CH,Without Sequence,108.3,,
25/08/2025 06:00:00 - 25/08/2025 07:00:00,BZN|CH,Without Sequence,103.42,,
25/08/2025 07:00:00 - 25/08/2025 08:00:00,BZN|CH,Without Sequence,85.61,,
25/08/2025 08:00:00 - 25/08/2025 09:00:00,BZN|CH,Without Sequence,70.07,,
25/08/2025 09:00:00 - 25/08/2025 10:00:00,BZN|CH,Without Sequence,32.27,,
25/08/2025 10:00:00 - 25/08/2025 11:00:00,BZN|CH,Without Sequence,9.16,,
25/08/2025 11:00:00 - 25/08/2025 12:00:00,BZN|CH,Without Sequence,4.53,,
25/08/2025 12:00:00 - 25/08/2025 13:00:00,BZN|CH,Without Sequence,5.78,,
25/08/2025 13:00:00 - 25/08/2025 14:00:00,BZN|CH,Without Sequence,31.24,,
25/08/2025 14:00:00 - 25/08/2025 15:00:00,BZN|CH,Without Sequence,80,,
25/08/2025 15:00:00 - 25/08/2025 16:00:00,BZN|CH,Without Sequence,86.96,,
25/08/2025 16:00:00 - 25/08/2025 17:00:00,BZN|CH,Without Sequence,107.05,,
25/08/2025 17:00:00 - 25/08/2025 18:00:00,BZN|CH,Without Sequence,118.97,,
25/08/2025 18:00:00 - 25/08/2025 19:00:00,BZN|CH,Without Sequence,120.74,,
25/08/2025 19:00:00 - 25/08/2025 20:00:00,BZN|CH,Without Sequence,119.2,,
25/08/2025 20:00:00 - 25/08/2025 21:00:00,BZN|CH,Without Sequence,110.49,,
25/08/2025 21:00:00 - 25/08/2025 22:00:00,BZN|CH,Without Sequence,105.11,,
25/08/2025 22:00:00 - 25/08/2025 23:00:00,BZN|CH,Without Sequence,102.11,,
25/08/2025 23:00:00 - 26/08/2025 00:00:00,BZN|CH,Without Sequence,98.55,,
26/08/2025 00:00:00 - 26/08/2025 01:00:00,BZN|CH,Without Sequence,94.97,,
26/08/2025 01:00:00 - 26/08/2025 02:00:00,BZN|CH,Without Sequence,93.93,,
26/08/2025 02:00:00 - 26/08/2025 03:00:00,BZN|CH,Without Sequence,94.47,,
26/08/2025 03:00:00 - 26/08/2025 04:00:00,BZN|CH,Without Sequence,104.08,,
26/08/2025 04:00:00 - 26/08/2025 05:00:00,BZN|CH,Without Sequence,117,,
26/08/2025 05:00:00 - 26/08/2025 06:00:00,BZN|CH,Without Sequence,112.59,,
26/08/2025 06:00:00 - 26/08/2025 07:00:00,BZN|CH,Without Sequence,104.94,,
26/08/2025 07:00:00 - 26/08/2025 08:00:00,BZN|CH,Without Sequence,89.96,,
26/08/2025 08:00:00 - 26/08/2025 09:00:00,BZN|CH,Without Sequence,75.54,,
26/08/2025 09:00:00 - 26/08/2025 10:00:00,BZN|CH,Without Sequence,54.93,,
26/08/2025 10:00:00 - 26/08/2025 11:00:00,BZN|CH,Without Sequence,32.51,,
26/08/2025 11:00:00 - 26/08/2025 12:00:00,BZN|CH,Without Sequence,25.46,,
26/08/2025 12:00:00 - 26/08/2025 13:00:00,BZN|CH,Without Sequence,39.55,,
26/08/2025 13:00:00 - 26/08/2025 14:00:00,BZN|CH,Without Sequence,75.07,,
26/08/2025 14:00:00 - 26/08/2025 15:00:00,BZN|CH,Without Sequence,85.1,,
26/08/2025 15:00:00 - 26/08/2025 16:00:00,BZN|CH,Without Sequence,104.75,,
26/08/2025 16:00:00 - 26/08/2025 17:00:00,BZN|CH,Without Sequence,118.05,,
26/08/2025 17:00:00 - 26/08/2025 18:00:00,BZN|CH,Without Sequence,142.01,,
26/08/2025 18:00:00 - 26/08/2025 19:00:00,BZN|CH,Without Sequence,132.79,,
26/08/2025 19:00:00 - 26/08/2025 20:00:00,BZN|CH,Without Sequence,121.6,,
26/08/2025 20:00:00 - 26/08/2025 21:00:00,BZN|CH,Without Sequence,108,,
26/08/2025 21:00:00 - 26/08/2025 22:00:00,BZN|CH,Without Sequence,99.95,,
26/08/2025 22:00:00 - 26/08/2025 23:00:00,BZN|CH,Without Sequence,98.72,,
26/08/2025 23:00:00 - 27/08/2025 00:00:00,BZN|CH,Without Sequence,93.37,,
27/08/2025 00:00:00 - 27/08/2025 01:00:00,BZN|CH,Without Sequence,89.09,,
27/08/2025 01:00:00 - 27/08/2025 02:00:00,BZN|CH,Without Sequence,87.06,,
27/08/2025 02:00:00 - 27/08/2025 03:00:00,BZN|CH,Without Sequence,90.43,,
27/08/2025 03:00:00 - 27/08/2025 04:00:00,BZN|CH,Without Sequence,100.7,,
27/08/2025 04:00:00 - 27/08/2025 05:00:00,BZN|CH,Without Sequence,110.3,,
27/08/2025 05:00:00 - 27/08/2025 06:00:00,BZN|CH,Without Sequence,114.31,,
27/08/2025 06:00:00 - 27/08/2025 07:00:00,BZN|CH,Without Sequence,111.25,,
27/08/2025 07:00:00 - 27/08/2025 08:00:00,BZN|CH,Without Sequence,97.72,,
27/08/2025 08:00:00 - 27/08/2025 09:00:00,BZN|CH,Without Sequence,84.21,,
27/08/2025 09:00:00 - 27/08/2025 10:00:00,BZN|CH,Without Sequence,77.58,,
27/08/2025 10:00:00 - 27/08/2025 11:00:00,BZN|CH,Without Sequence,58.44,,
27/08/2025 11:00:00 - 27/08/2025 12:00:00,BZN|CH,Without Sequence,59.92,,
27/08/2025 12:00:00 - 27/08/2025 13:00:00,BZN|CH,Without Sequence,60.65,,
27/08/2025 13:00:00 - 27/08/2025 14:00:00,BZN|CH,Without Sequence,79.6,,
27/08/2025 14:00:00 - 27/08/2025 15:00:00,BZN|CH,Without Sequence,93.92,,
27/08/2025 15:00:00 - 27/08/2025 16:00:00,BZN|CH,Without Sequence,107.9,,
27/08/2025 16:00:00 - 27/08/2025 17:00:00,BZN|CH,Without Sequence,128.06,,
27/08/2025 17:00:00 - 27/08/2025 18:00:00,BZN|CH,Without Sequence,131.96,,
27/08/2025 18:00:00 - 27/08/2025 19:00:00,BZN|CH,Without Sequence,121.91,,
27/08/2025 19:00:00 - 27/08/2025 20:00:00,BZN|CH,Without Sequence,121.91,,
27/08/2025 20:00:00 - 27/08/2025 21:00:00,BZN|CH,Without Sequence,114.31,,
27/08/2025 21:00:00 - 27/08/2025 22:00:00,BZN|CH,Without Sequence,105.67,,
27/08/2025 22:00:00 - 27/08/2025 23:00:00,BZN|CH,Without Sequence,103.23,,
27/08/2025 23:00:00 - 28/08/2025 00:00:00,BZN|CH,Without Sequence,98.46,,
28/08/2025 00:00:00 - 28/08/2025 01:00:00,BZN|CH,Without Sequence,93.34,,
28/08/2025 01:00:00 - 28/08/2025 02:00:00,BZN|CH,Without Sequence,93.03,,
28/08/2025 02:00:00 - 28/08/2025 03:00:00,BZN|CH,Without Sequence,94.84,,
28/08/2025 03:00:00 - 28/08/2025 04:00:00,BZN|CH,Without Sequence,103.64,,
28/08/2025 04:00:00 - 28/08/2025 05:00:00,BZN|CH,Without Sequence,115.3,,
28/08/2025 05:00:00 - 28/08/2025 06:00:00,BZN|CH,Without Sequence,119.93,,
28/08/2025 06:00:00 - 28/08/2025 07:00:00,BZN|CH,Without Sequence,119.97,,
28/08/2025 07:00:00 - 28/08/2025 08:00:00,BZN|CH,Without Sequence,117.56,,
28/08/2025 08:00:00 - 28/08/2025 09:00:00,BZN|CH,Without Sequence,116.08,,
28/08/2025 09:00:00 - 28/08/2025 10:00:00,BZN|CH,Without Sequence,110.93,,
28/08/2025 10:00:00 - 28/08/2025 11:00:00,BZN|CH,Without Sequence,108.29,,
28/08/2025 11:00:00 - 28/08/2025 12:00:00,BZN|CH,Without Sequence,105.81,,
28/08/2025 12:00:00 - 28/08/2025 13:00:00,BZN|CH,Without Sequence,104.83,,
28/08/2025 13:00:00 - 28/08/2025 14:00:00,BZN|CH,Without Sequence,106.04,,
28/08/2025 14:00:00 - 28/08/2025 15:00:00,BZN|CH,Without Sequence,108.78,,
28/08/2025 15:00:00 - 28/08/2025 16:00:00,BZN|CH,Without Sequence,111.86,,
28/08/2025 16:00:00 - 28/08/2025 17:00:00,BZN|CH,Without Sequence,136.93,,
28/08/2025 17:00:00 - 28/08/2025 18:00:00,BZN|CH,Without Sequence,144.01,,
28/08/2025 18:00:00 - 28/08/2025 19:00:00,BZN|CH,Without Sequence,139.63,,
28/08/2025 19:00:00 - 28/08/2025 20:00:00,BZN|CH,Without Sequence,124.02,,
28/08/2025 20:00:00 - 28/08/2025 21:00:00,BZN|CH,Without Sequence,106.9,,
28/08/2025 21:00:00 - 28/08/2025 22:00:00,BZN|CH,Without Sequence,96.87,,
28/08/2025 22:00:00 - 28/08/2025 23:00:00,BZN|CH,Without Sequence,90.02,,
28/08/2025 23:00:00 - 29/08/2025 00:00:00,BZN|CH,Without Sequence,86.08,,
29/08/2025 00:00:00 - 29/08/2025 01:00:00,BZN|CH,Without Sequence,84.06,,
29/08/2025 01:00:00 - 29/08/2025 02:00:00,BZN|CH,Without Sequence,83.71,,
29/08/2025 02:00:00 - 29/08/2025 03:00:00,BZN|CH,Without Sequence,85.85,,
29/08/2025 03:00:00 - 29/08/2025 04:00:00,BZN|CH,Without Sequence,95.45,,
29/08/2025 04:00:00 - 29/08/2025 05:00:00,BZN|CH,Without Sequence,109,,
29/08/2025 05:00:00 - 29/08/2025 06:00:00,BZN|CH,Without Sequence,110.91,,
29/08/2025 06:00:00 - 29/08/2025 07:00:00,BZN|CH,Without Sequence,110.96,,
29/08/2025 07:00:00 - 29/08/2025 08:00:00,BZN|CH,Without Sequence,97.56,,
29/08/2025 08:00:00 - 29/08/2025 09:00:00,BZN|CH,Without Sequence,81.63,,
29/08/2025 09:00:00 - 29/08/2025 10:00:00,BZN|CH,Without Sequence,71.1,,
29/08/2025 10:00:00 - 29/08/2025 11:00:00,BZN|CH,Without Sequence,54.52,,
29/08/2025 11:00:00 - 29/08/2025 12:00:00,BZN|CH,Without Sequence,46.85,,
29/08/2025 12:00:00 - 29/08/2025 13:00:00,BZN|CH,Without Sequence,51.54,,
29/08/2025 13:00:00 - 29/08/2025 14:00:00,BZN|CH,Without Sequence,69.21,,
29/08/2025 14:00:00 - 29/08/2025 15:00:00,BZN|CH,Without Sequence,80.53,,
29/08/2025 15:00:00 - 29/08/2025 16:00:00,BZN|CH,Without Sequence,101.85,,
29/08/2025 16:00:00 - 29/08/2025 17:00:00,BZN|CH,Without Sequence,116.01,,
29/08/2025 17:00:00 - 29/08/2025 18:00:00,BZN|CH,Without Sequence,117.88,,
29/08/2025 18:00:00 - 29/08/2025 19:00:00,BZN|CH,Without Sequence,114.19,,
29/08/2025 19:00:00 - 29/08/2025 20:00:00,BZN|CH,Without Sequence,109.31,,
29/08/2025 20:00:00 - 29/08/2025 21:00:00,BZN|CH,Without Sequence,98.32,,
29/08/2025 21:00:00 - 29/08/2025 22:00:00,BZN|CH,Without Sequence,88.01,,
29/08/2025 22:00:00 - 29/08/2025 23:00:00,BZN|CH,Without Sequence,88.57,,
29/08/2025 23:00:00 - 30/08/2025 00:00:00,BZN|CH,Without Sequence,85.39,,
30/08/2025 00:00:00 - 30/08/2025 01:00:00,BZN|CH,Without Sequence,85.02,,
30/08/2025 01:00:00 - 30/08/2025 02:00:00,BZN|CH,Without Sequence,83.31,,
30/08/2025 02:00:00 - 30/08/2025 03:00:00,BZN|CH,Without Sequence,83.61,,
30/08/2025 03:00:00 - 30/08/2025 04:00:00,BZN|CH,Without Sequence,86.74,,
30/08/2025 04:00:00 - 30/08/2025 05:00:00,BZN|CH,Without Sequence,87.37,,
30/08/2025 05:00:00 - 30/08/2025 06:00:00,BZN|CH,Without Sequence,88.61,,
30/08/2025 06:00:00 - 30/08/2025 07:00:00,BZN|CH,Without Sequence,88.42,,
30/08/2025 07:00:00 - 30/08/2025 08:00:00,BZN|CH,Without Sequence,81,,
30/08/2025 08:00:00 - 30/08/2025 09:00:00,BZN|CH,Without Sequence,75.06,,
30/08/2025 09:00:00 - 30/08/2025 10:00:00,BZN|CH,Without Sequence,61.93,,
30/08/2025 10:00:00 - 30/08/2025 11:00:00,BZN|CH,Without Sequence,31.95,,
30/08/2025 11:00:00 - 30/08/2025 12:00:00,BZN|CH,Without Sequence,5.66,,
30/08/2025 12:00:00 - 30/08/2025 13:00:00,BZN|CH,Without Sequence,7.68,,
30/08/2025 13:00:00 - 30/08/2025 14:00:00,BZN|CH,Without Sequence,17.5,,
30/08/2025 14:00:00 - 30/08/2025 15:00:00,BZN|CH,Without Sequence,61.46,,
30/08/2025 15:00:00 - 30/08/2025 16:00:00,BZN|CH,Without Sequence,83.1,,
30/08/2025 16:00:00 - 30/08/2025 17:00:00,BZN|CH,Without Sequence,102.01,,
30/08/2025 17:00:00 - 30/08/2025 18:00:00,BZN|CH,Without Sequence,108,,
30/08/2025 18:00:00 - 30/08/2025 19:00:00,BZN|CH,Without Sequence,108,,
30/08/2025 19:00:00 - 30/08/2025 20:00:00,BZN|CH,Without Sequence,104.98,,
30/08/2025 20:00:00 - 30/08/2025 21:00:00,BZN|CH,Without Sequence,103.02,,
30/08/2025 21:00:00 - 30/08/2025 22:00:00,BZN|CH,Without Sequence,87.3,,
30/08/2025 22:00:00 - 30/08/2025 23:00:00,BZN|CH,Without Sequence,82.4,,
30/08/2025 23:00:00 - 31/08/2025 00:00:00,BZN|CH,Without Sequence,79.42,,
31/08/2025 00:00:00 - 31/08/2025 01:00:00,BZN|CH,Without Sequence,79.1,,
31/08/2025 01:00:00 - 31/08/2025 02:00:00,BZN|CH,Without Sequence,75.09,,
31/08/2025 02:00:00 - 31/08/2025 03:00:00,BZN|CH,Without Sequence,73.01,,
31/08/2025 03:00:00 - 31/08/2025 04:00:00,BZN|CH,Without Sequence,71.41,,
31/08/2025 04:00:00 - 31/08/2025 05:00:00,BZN|CH,Without Sequence,71.34,,
31/08/2025 05:00:00 - 31/08/2025 06:00:00,BZN|CH,Without Sequence,65.1,,
31/08/2025 06:00:00 - 31/08/2025 07:00:00,BZN|CH,Without Sequence,44.97,,
31/08/2025 07:00:00 - 31/08/2025 08:00:00,BZN|CH,Without Sequence,12.32,,
31/08/2025 08:00:00 - 31/08/2025 09:00:00,BZN|CH,Without Sequence,-0.09,,
31/08/2025 09:00:00 - 31/08/2025 10:00:00,BZN|CH,Without Sequence,-4.35,,
31/08/2025 10:00:00 - 31/08/2025 11:00:00,BZN|CH,Without Sequence,-5.08,,
31/08/2025 11:00:00 - 31/08/2025 12:00:00,BZN|CH,Without Sequence,-7.05,,
31/08/2025 12:00:00 - 31/08/2025 13:00:00,BZN|CH,Without Sequence,-7.11,,
31/08/2025 13:00:00 - 31/08/2025 14:00:00,BZN|CH,Without Sequence,-3.85,,
31/08/2025 14:00:00 - 31/08/2025 15:00:00,BZN|CH,Without Sequence,27.75,,
31/08/2025 15:00:00 - 31/08/2025 16:00:00,BZN|CH,Without Sequence,88.68,,
31/08/2025 16:00:00 - 31/08/2025 17:00:00,BZN|CH,Without Sequence,106.99,,
31/08/2025 17:00:00 - 31/08/2025 18:00:00,BZN|CH,Without Sequence,109.37,,
31/08/2025 18:00:00 - 31/08/2025 19:00:00,BZN|CH,Without Sequence,108.2,,
31/08/2025 19:00:00 - 31/08/2025 20:00:00,BZN|CH,Without Sequence,107.85,,
31/08/2025 20:00:00 - 31/08/2025 21:00:00,BZN|CH,Without Sequence,102.39,,
31/08/2025 21:00:00 - 31/08/2025 22:00:00,BZN|CH,Without Sequence,91.07,,
31/08/2025 22:00:00 - 31/08/2025 23:00:00,BZN|CH,Without Sequence,83.22,,
31/08/2025 23:00:00 - 01/09/2025 00:00:00,BZN|CH,Without Sequence,81.71,,
01/09/2025 00:00:00 - 01/09/2025 01:00:00,BZN|CH,Without Sequence,80.78,,
01/09/2025 01:00:00 - 01/09/2025 02:00:00,BZN|CH,Without Sequence,80.71,,
01/09/2025 02:00:00 - 01/09/2025 03:00:00,BZN|CH,Without Sequence,82.68,,
01/09/2025 03:00:00 - 01/09/2025 04:00:00,BZN|CH,Without Sequence,92.59,,
01/09/2025 04:00:00 - 01/09/2025 05:00:00,BZN|CH,Without Sequence,108.92,,
01/09/2025 05:00:00 - 01/09/2025 06:00:00,BZN|CH,Without Sequence,112.06,,
01/09/2025 06:00:00 - 01/09/2025 07:00:00,BZN|CH,Without Sequence,107.95,,
01/09/2025 07:00:00 - 01/09/2025 08:00:00,BZN|CH,Without Sequence,98.2,,
01/09/2025 08:00:00 - 01/09/2025 09:00:00,BZN|CH,Without Sequence,88.21,,
01/09/2025 09:00:00 - 01/09/2025 10:00:00,BZN|CH,Without Sequence,89.51,,
01/09/2025 10:00:00 - 01/09/2025 11:00:00,BZN|CH,Without Sequence,89.01,,
01/09/2025 11:00:00 - 01/09/2025 12:00:00,BZN|CH,Without Sequence,89,,
01/09/2025 12:00:00 - 01/09/2025 13:00:00,BZN|CH,Without Sequence,84.5,,
01/09/2025 13:00:00 - 01/09/2025 14:00:00,BZN|CH,Without Sequence,83.9,,
01/09/2025 14:00:00 - 01/09/2025 15:00:00,BZN|CH,Without Sequence,83.98,,
01/09/2025 15:00:00 - 01/09/2025 16:00:00,BZN|CH,Without Sequence,104.2,,
01/09/2025 16:00:00 - 01/09/2025 17:00:00,BZN|CH,Without Sequence,121.17,,
01/09/2025 17:00:00 - 01/09/2025 18:00:00,BZN|CH,Without Sequence,121.53,,
01/09/2025 18:00:00 - 01/09/2025 19:00:00,BZN|CH,Without Sequence,119.99,,
01/09/2025 19:00:00 - 01/09/2025 20:00:00,BZN|CH,Without Sequence,119.99,,
01/09/2025 20:00:00 - 01/09/2025 21:00:00,BZN|CH,Without Sequence,106.2,,
01/09/2025 21:00:00 - 01/09/2025 22:00:00,BZN|CH,Without Sequence,96.17,,
01/09/2025 22:00:00 - 01/09/2025 23:00:00,BZN|CH,Without Sequence,93.02,,
01/09/2025 23:00:00 - 02/09/2025 00:00:00,BZN|CH,Without Sequence,89.31,,
02/09/2025 00:00:00 - 02/09/2025 01:00:00,BZN|CH,Without Sequence,87.16,,
02/09/2025 01:00:00 - 02/09/2025 02:00:00,BZN|CH,Without Sequence,85.97,,
02/09/2025 02:00:00 - 02/09/2025 03:00:00,BZN|CH,Without Sequence,89.03,,
02/09/2025 03:00:00 - 02/09/2025 04:00:00,BZN|CH,Without Sequence,96.15,,
02/09/2025 04:00:00 - 02/09/2025 05:00:00,BZN|CH,Without Sequence,115.05,,
02/09/2025 05:00:00 - 02/09/2025 06:00:00,BZN|CH,Without Sequence,109.24,,
02/09/2025 06:00:00 - 02/09/2025 07:00:00,BZN|CH,Without Sequence,120.97,,
02/09/2025 07:00:00 - 02/09/2025 08:00:00,BZN|CH,Without Sequence,108.3,,
02/09/2025 08:00:00 - 02/09/2025 09:00:00,BZN|CH,Without Sequence,97.05,,
02/09/2025 09:00:00 - 02/09/2025 10:00:00,BZN|CH,Without Sequence,91.99,,
02/09/2025 10:00:00 - 02/09/2025 11:00:00,BZN|CH,Without Sequence,83.8,,
02/09/2025 11:00:00 - 02/09/2025 12:00:00,BZN|CH,Without Sequence,79.39,,
02/09/2025 12:00:00 - 02/09/2025 13:00:00,BZN|CH,Without Sequence,81.25,,
02/09/2025 13:00:00 - 02/09/2025 14:00:00,BZN|CH,Without Sequence,84.91,,
02/09/2025 14:00:00 - 02/09/2025 15:00:00,BZN|CH,Without Sequence,95.91,,
02/09/2025 15:00:00 - 02/09/2025 16:00:00,BZN|CH,Without Sequence,105.71,,
02/09/2025 16:00:00 - 02/09/2025 17:00:00,BZN|CH,Without Sequence,121.01,,
02/09/2025 17:00:00 - 02/09/2025 18:00:00,BZN|CH,Without Sequence,121.02,,
02/09/2025 18:00:00 - 02/09/2025 19:00:00,BZN|CH,Without Sequence,120.79,,
02/09/2025 19:00:00 - 02/09/2025 20:00:00,BZN|CH,Without Sequence,113.06,,
02/09/2025 20:00:00 - 02/09/2025 21:00:00,BZN|CH,Without Sequence,106.26,,
02/09/2025 21:00:00 - 02/09/2025 22:00:00,BZN|CH,Without Sequence,94.99,,
02/09/2025 22:00:00 - 02/09/2025 23:00:00,BZN|CH,Without Sequence,93.08,,
02/09/2025 23:00:00 - 03/09/2025 00:00:00,BZN|CH,Without Sequence,88,,
03/09/2025 00:00:00 - 03/09/2025 01:00:00,BZN|CH,Without Sequence,84.61,,
03/09/2025 01:00:00 - 03/09/2025 02:00:00,BZN|CH,Without Sequence,83.05,,
03/09/2025 02:00:00 - 03/09/2025 03:00:00,BZN|CH,Without Sequence,82.61,,
03/09/2025 03:00:00 - 03/09/2025 04:00:00,BZN|CH,Without Sequence,89.06,,
03/09/2025 04:00:00 - 03/09/2025 05:00:00,BZN|CH,Without Sequence,102.29,,
03/09/2025 05:00:00 - 03/09/2025 06:00:00,BZN|CH,Without Sequence,102.39,,
03/09/2025 06:00:00 - 03/09/2025 07:00:00,BZN|CH,Without Sequence,97.28,,
03/09/2025 07:00:00 - 03/09/2025 08:00:00,BZN|CH,Without Sequence,90.08,,
03/09/2025 08:00:00 - 03/09/2025 09:00:00,BZN|CH,Without Sequence,90.22,,
03/09/2025 09:00:00 - 03/09/2025 10:00:00,BZN|CH,Without Sequence,87.91,,
03/09/2025 10:00:00 - 03/09/2025 11:00:00,BZN|CH,Without Sequence,81.86,,
03/09/2025 11:00:00 - 03/09/2025 12:00:00,BZN|CH,Without Sequence,81.16,,
03/09/2025 12:00:00 - 03/09/2025 13:00:00,BZN|CH,Without Sequence,80.65,,
03/09/2025 13:00:00 - 03/09/2025 14:00:00,BZN|CH,Without Sequence,80.93,,
03/09/2025 14:00:00 - 03/09/2025 15:00:00,BZN|CH,Without Sequence,81.91,,
03/09/2025 15:00:00 - 03/09/2025 16:00:00,BZN|CH,Without Sequence,97.68,,
03/09/2025 16:00:00 - 03/09/2025 17:00:00,BZN|CH,Without Sequence,97.2,,
03/09/2025 17:00:00 - 03/09/2025 18:00:00,BZN|CH,Without Sequence,106.07,,
03/09/2025 18:00:00 - 03/09/2025 19:00:00,BZN|CH,Without Sequence,103.87,,
03/09/2025 19:00:00 - 03/09/2025 20:00:00,BZN|CH,Without Sequence,97.24,,
03/09/2025 20:00:00 - 03/09/2025 21:00:00,BZN|CH,Without Sequence,98.9,,
03/09/2025 21:00:00 - 03/09/2025 22:00:00,BZN|CH,Without Sequence,88.34,,
03/09/2025 22:00:00 - 03/09/2025 23:00:00,BZN|CH,Without Sequence,92.74,,
03/09/2025 23:00:00 - 04/09/2025 00:00:00,BZN|CH,Without Sequence,93.01,,
04/09/2025 00:00:00 - 04/09/2025 01:00:00,BZN|CH,Without Sequence,91.05,,
04/09/2025 01:00:00 - 04/09/2025 02:00:00,BZN|CH,Without Sequence,87.96,,
04/09/2025 02:00:00 - 04/09/2025 03:00:00,BZN|CH,Without Sequence,87.99,,
04/09/2025 03:00:00 - 04/09/2025 04:00:00,BZN|CH,Without Sequence,96.99,,
04/09/2025 04:00:00 - 04/09/2025 05:00:00,BZN|CH,Without Sequence,103,,
04/09/2025 05:00:00 - 04/09/2025 06:00:00,BZN|CH,Without Sequence,115.08,,
04/09/2025 06:00:00 - 04/09/2025 07:00:00,BZN|CH,Without Sequence,107.92,,
04/09/2025 07:00:00 - 04/09/2025 08:00:00,BZN|CH,Without Sequence,96.04,,
04/09/2025 08:00:00 - 04/09/2025 09:00:00,BZN|CH,Without Sequence,95.05,,
04/09/2025 09:00:00 - 04/09/2025 10:00:00,BZN|CH,Without Sequence,93.51,,
04/09/2025 10:00:00 - 04/09/2025 11:00:00,BZN|CH,Without Sequence,87.93,,
04/09/2025 11:00:00 - 04/09/2025 12:00:00,BZN|CH,Without Sequence,87.61,,
04/09/2025 12:00:00 - 04/09/2025 13:00:00,BZN|CH,Without Sequence,88.3,,
04/09/2025 13:00:00 - 04/09/2025 14:00:00,BZN|CH,Without Sequence,90.09,,
04/09/2025 14:00:00 - 04/09/2025 15:00:00,BZN|CH,Without Sequence,96.35,,
04/09/2025 15:00:00 - 04/09/2025 16:00:00,BZN|CH,Without Sequence,113.36,,
04/09/2025 16:00:00 - 04/09/2025 17:00:00,BZN|CH,Without Sequence,128.06,,
04/09/2025 17:00:00 - 04/09/2025 18:00:00,BZN|CH,Without Sequence,156.91,,
04/09/2025 18:00:00 - 04/09/2025 19:00:00,BZN|CH,Without Sequence,152.92,,
04/09/2025 19:00:00 - 04/09/2025 20:00:00,BZN|CH,Without Sequence,129.01,,
04/09/2025 20:00:00 - 04/09/2025 21:00:00,BZN|CH,Without Sequence,111.92,,
04/09/2025 21:00:00 - 04/09/2025 22:00:00,BZN|CH,Without Sequence,101.45,,
04/09/2025 22:00:00 - 04/09/2025 23:00:00,BZN|CH,Without Sequence,98.02,,
04/09/2025 23:00:00 - 05/09/2025 00:00:00,BZN|CH,Without Sequence,94.97,,
05/09/2025 00:00:00 - 05/09/2025 01:00:00,BZN|CH,Without Sequence,94.69,,
05/09/2025 01:00:00 - 05/09/2025 02:00:00,BZN|CH,Without Sequence,94.69,,
05/09/2025 02:00:00 - 05/09/2025 03:00:00,BZN|CH,Without Sequence,92.66,,
05/09/2025 03:00:00 - 05/09/2025 04:00:00,BZN|CH,Without Sequence,98.57,,
05/09/2025 04:00:00 - 05/09/2025 05:00:00,BZN|CH,Without Sequence,113.14,,
05/09/2025 05:00:00 - 05/09/2025 06:00:00,BZN|CH,Without Sequence,120.28,,
05/09/2025 06:00:00 - 05/09/2025 07:00:00,BZN|CH,Without Sequence,116.92,,
05/09/2025 07:00:00 - 05/09/2025 08:00:00,BZN|CH,Without Sequence,105.46,,
05/09/2025 08:00:00 - 05/09/2025 09:00:00,BZN|CH,Without Sequence,96.7,,
05/09/2025 09:00:00 - 05/09/2025 10:00:00,BZN|CH,Without Sequence,94.7,,
05/09/2025 10:00:00 - 05/09/2025 11:00:00,BZN|CH,Without Sequence,85.21,,
05/09/2025 11:00:00 - 05/09/2025 12:00:00,BZN|CH,Without Sequence,84.16,,
05/09/2025 12:00:00 - 05/09/2025 13:00:00,BZN|CH,Without Sequence,83.05,,
05/09/2025 13:00:00 - 05/09/2025 14:00:00,BZN|CH,Without Sequence,84.58,,
05/09/2025 14:00:00 - 05/09/2025 15:00:00,BZN|CH,Without Sequence,90.97,,
05/09/2025 15:00:00 - 05/09/2025 16:00:00,BZN|CH,Without Sequence,103.14,,
05/09/2025 16:00:00 - 05/09/2025 17:00:00,BZN|CH,Without Sequence,121.57,,
05/09/2025 17:00:00 - 05/09/2025 18:00:00,BZN|CH,Without Sequence,142.29,,
05/09/2025 18:00:00 - 05/09/2025 19:00:00,BZN|CH,Without Sequence,135.35,,
05/09/2025 19:00:00 - 05/09/2025 20:00:00,BZN|CH,Without Sequence,116.31,,
05/09/2025 20:00:00 - 05/09/2025 21:00:00,BZN|CH,Without Sequence,106.01,,
05/09/2025 21:00:00 - 05/09/2025 22:00:00,BZN|CH,Without Sequence,100.39,,
05/09/2025 22:00:00 - 05/09/2025 23:00:00,BZN|CH,Without Sequence,101.83,,
05/09/2025 23:00:00 - 06/09/2025 00:00:00,BZN|CH,Without Sequence,99.49,,
06/09/2025 00:00:00 - 06/09/2025 01:00:00,BZN|CH,Without Sequence,98.97,,
06/09/2025 01:00:00 - 06/09/2025 02:00:00,BZN|CH,Without Sequence,97.96,,
06/09/2025 02:00:00 - 06/09/2025 03:00:00,BZN|CH,Without Sequence,97.89,,
06/09/2025 03:00:00 - 06/09/2025 04:00:00,BZN|CH,Without Sequence,99.64,,
06/09/2025 04:00:00 - 06/09/2025 05:00:00,BZN|CH,Without Sequence,103.96,,
06/09/2025 05:00:00 - 06/09/2025 06:00:00,BZN|CH,Without Sequence,103.36,,
06/09/2025 06:00:00 - 06/09/2025 07:00:00,BZN|CH,Without Sequence,101,,
06/09/2025 07:00:00 - 06/09/2025 08:00:00,BZN|CH,Without Sequence,83.8,,
06/09/2025 08:00:00 - 06/09/2025 09:00:00,BZN|CH,Without Sequence,44.98,,
06/09/2025 09:00:00 - 06/09/2025 10:00:00,BZN|CH,Without Sequence,2.21,,
06/09/2025 10:00:00 - 06/09/2025 11:00:00,BZN|CH,Without Sequence,0.05,,
06/09/2025 11:00:00 - 06/09/2025 12:00:00,BZN|CH,Without Sequence,-0.09,,
06/09/2025 12:00:00 - 06/09/2025 13:00:00,BZN|CH,Without Sequence,-1.26,,
06/09/2025 13:00:00 - 06/09/2025 14:00:00,BZN|CH,Without Sequence,7.68,,
06/09/2025 14:00:00 - 06/09/2025 15:00:00,BZN|CH,Without Sequence,52.41,,
06/09/2025 15:00:00 - 06/09/2025 16:00:00,BZN|CH,Without Sequence,93.58,,
06/09/2025 16:00:00 - 06/09/2025 17:00:00,BZN|CH,Without Sequence,107.37,,
06/09/2025 17:00:00 - 06/09/2025 18:00:00,BZN|CH,Without Sequence,118.93,,
06/09/2025 18:00:00 - 06/09/2025 19:00:00,BZN|CH,Without Sequence,117.99,,
06/09/2025 19:00:00 - 06/09/2025 20:00:00,BZN|CH,Without Sequence,104.59,,
06/09/2025 20:00:00 - 06/09/2025 21:00:00,BZN|CH,Without Sequence,100.99,,
06/09/2025 21:00:00 - 06/09/2025 22:00:00,BZN|CH,Without Sequence,92.5,,
06/09/2025 22:00:00 - 06/09/2025 23:00:00,BZN|CH,Without Sequence,89.03,,
06/09/2025 23:00:00 - 07/09/2025 00:00:00,BZN|CH,Without Sequence,87.21,,
07/09/2025 00:00:00 - 07/09/2025 01:00:00,BZN|CH,Without Sequence,82.41,,
07/09/2025 01:00:00 - 07/09/2025 02:00:00,BZN|CH,Without Sequence,82.41,,
07/09/2025 02:00:00 - 07/09/2025 03:00:00,BZN|CH,Without Sequence,82.12,,
07/09/2025 03:00:00 - 07/09/2025 04:00:00,BZN|CH,Without Sequence,81.94,,
07/09/2025 04:00:00 - 07/09/2025 05:00:00,BZN|CH,Without Sequence,81.07,,
07/09/2025 05:00:00 - 07/09/2025 06:00:00,BZN|CH,Without Sequence,80.09,,
07/09/2025 06:00:00 - 07/09/2025 07:00:00,BZN|CH,Without Sequence,55,,
07/09/2025 07:00:00 - 07/09/2025 08:00:00,BZN|CH,Without Sequence,0.03,,
07/09/2025 08:00:00 - 07/09/2025 09:00:00,BZN|CH,Without Sequence,-3.69,,
07/09/2025 09:00:00 - 07/09/2025 10:00:00,BZN|CH,Without Sequence,-22.87,,
07/09/2025 10:00:00 - 07/09/2025 11:00:00,BZN|CH,Without Sequence,-38.66,,
07/09/2025 11:00:00 - 07/09/2025 12:00:00,BZN|CH,Without Sequence,-46.35,,
07/09/2025 12:00:00 - 07/09/2025 13:00:00,BZN|CH,Without Sequence,-42.76,,
07/09/2025 13:00:00 - 07/09/2025 14:00:00,BZN|CH,Without Sequence,-18.43,,
07/09/2025 14:00:00 - 07/09/2025 15:00:00,BZN|CH,Without Sequence,-7.36,,
07/09/2025 15:00:00 - 07/09/2025 16:00:00,BZN|CH,Without Sequence,55.07,,
07/09/2025 16:00:00 - 07/09/2025 17:00:00,BZN|CH,Without Sequence,95.36,,
07/09/2025 17:00:00 - 07/09/2025 18:00:00,BZN|CH,Without Sequence,109.89,,
07/09/2025 18:00:00 - 07/09/2025 19:00:00,BZN|CH,Without Sequence,108.85,,
07/09/2025 19:00:00 - 07/09/2025 20:00:00,BZN|CH,Without Sequence,106,,
07/09/2025 20:00:00 - 07/09/2025 21:00:00,BZN|CH,Without Sequence,98.57,,
07/09/2025 21:00:00 - 07/09/2025 22:00:00,BZN|CH,Without Sequence,91.34,,
07/09/2025 22:00:00 - 07/09/2025 23:00:00,BZN|CH,Without Sequence,83.91,,
07/09/2025 23:00:00 - 08/09/2025 00:00:00,BZN|CH,Without Sequence,83.6,,
08/09/2025 00:00:00 - 08/09/2025 01:00:00,BZN|CH,Without Sequence,83.21,,
08/09/2025 01:00:00 - 08/09/2025 02:00:00,BZN|CH,Without Sequence,83.21,,
08/09/2025 02:00:00 - 08/09/2025 03:00:00,BZN|CH,Without Sequence,82.54,,
08/09/2025 03:00:00 - 08/09/2025 04:00:00,BZN|CH,Without Sequence,91.27,,
08/09/2025 04:00:00 - 08/09/2025 05:00:00,BZN|CH,Without Sequence,110.96,,
08/09/2025 05:00:00 - 08/09/2025 06:00:00,BZN|CH,Without Sequence,116.48,,
08/09/2025 06:00:00 - 08/09/2025 07:00:00,BZN|CH,Without Sequence,114.06,,
08/09/2025 07:00:00 - 08/09/2025 08:00:00,BZN|CH,Without Sequence,103.71,,
08/09/2025 08:00:00 - 08/09/2025 09:00:00,BZN|CH,Without Sequence,98.79,,
08/09/2025 09:00:00 - 08/09/2025 10:00:00,BZN|CH,Without Sequence,98.52,,
08/09/2025 10:00:00 - 08/09/2025 11:00:00,BZN|CH,Without Sequence,92.75,,
08/09/2025 11:00:00 - 08/09/2025 12:00:00,BZN|CH,Without Sequence,93.76,,
08/09/2025 12:00:00 - 08/09/2025 13:00:00,BZN|CH,Without Sequence,98.06,,
08/09/2025 13:00:00 - 08/09/2025 14:00:00,BZN|CH,Without Sequence,91.03,,
08/09/2025 14:00:00 - 08/09/2025 15:00:00,BZN|CH,Without Sequence,105.06,,
08/09/2025 15:00:00 - 08/09/2025 16:00:00,BZN|CH,Without Sequence,114.03,,
08/09/2025 16:00:00 - 08/09/2025 17:00:00,BZN|CH,Without Sequence,148.02,,
08/09/2025 17:00:00 - 08/09/2025 18:00:00,BZN|CH,Without Sequence,140.02,,
08/09/2025 18:00:00 - 08/09/2025 19:00:00,BZN|CH,Without Sequence,128.98,,
08/09/2025 19:00:00 - 08/09/2025 20:00:00,BZN|CH,Without Sequence,119.94,,
08/09/2025 20:00:00 - 08/09/2025 21:00:00,BZN|CH,Without Sequence,111.49,,
08/09/2025 21:00:00 - 08/09/2025 22:00:00,BZN|CH,Without Sequence,107.05,,
08/09/2025 22:00:00 - 08/09/2025 23:00:00,BZN|CH,Without Sequence,107.19,,
08/09/2025 23:00:00 - 09/09/2025 00:00:00,BZN|CH,Without Sequence,103.58,,
09/09/2025 00:00:00 - 09/09/2025 01:00:00,BZN|CH,Without Sequence,102.08,,
09/09/2025 01:00:00 - 09/09/2025 02:00:00,BZN|CH,Without Sequence,101.94,,
09/09/2025 02:00:00 - 09/09/2025 03:00:00,BZN|CH,Without Sequence,103.59,,
09/09/2025 03:00:00 - 09/09/2025 04:00:00,BZN|CH,Without Sequence,113.43,,
09/09/2025 04:00:00 - 09/09/2025 05:00:00,BZN|CH,Without Sequence,125.06,,
09/09/2025 05:00:00 - 09/09/2025 06:00:00,BZN|CH,Without Sequence,139.25,,
09/09/2025 06:00:00 - 09/09/2025 07:00:00,BZN|CH,Without Sequence,139.75,,
09/09/2025 07:00:00 - 09/09/2025 08:00:00,BZN|CH,Without Sequence,127.01,,
09/09/2025 08:00:00 - 09/09/2025 09:00:00,BZN|CH,Without Sequence,115.2,,
09/09/2025 09:00:00 - 09/09/2025 10:00:00,BZN|CH,Without Sequence,110.9,,
09/09/2025 10:00:00 - 09/09/2025 11:00:00,BZN|CH,Without Sequence,105.05,,
09/09/2025 11:00:00 - 09/09/2025 12:00:00,BZN|CH,Without Sequence,102.05,,
09/09/2025 12:00:00 - 09/09/2025 13:00:00,BZN|CH,Without Sequence,101.04,,
09/09/2025 13:00:00 - 09/09/2025 14:00:00,BZN|CH,Without Sequence,103.06,,
09/09/2025 14:00:00 - 09/09/2025 15:00:00,BZN|CH,Without Sequence,111,,
09/09/2025 15:00:00 - 09/09/2025 16:00:00,BZN|CH,Without Sequence,128.91,,
09/09/2025 16:00:00 - 09/09/2025 17:00:00,BZN|CH,Without Sequence,148.53,,
09/09/2025 17:00:00 - 09/09/2025 18:00:00,BZN|CH,Without Sequence,146.65,,
09/09/2025 18:00:00 - 09/09/2025 19:00:00,BZN|CH,Without Sequence,138.99,,
09/09/2025 19:00:00 - 09/09/2025 20:00:00,BZN|CH,Without Sequence,128.98,,
09/09/2025 20:00:00 - 09/09/2025 21:00:00,BZN|CH,Without Sequence,114.56,,
09/09/2025 21:00:00 - 09/09/2025 22:00:00,BZN|CH,Without Sequence,105.08,,
09/09/2025 22:00:00 - 09/09/2025 23:00:00,BZN|CH,Without Sequence,105.59,,
09/09/2025 23:00:00 - 10/09/2025 00:00:00,BZN|CH,Without Sequence,102.49,,
10/09/2025 00:00:00 - 10/09/2025 01:00:00,BZN|CH,Without Sequence,101.97,,
10/09/2025 01:00:00 - 10/09/2025 02:00:00,BZN|CH,Without Sequence,101.41,,
10/09/2025 02:00:00 - 10/09/2025 03:00:00,BZN|CH,Without Sequence,101.76,,
10/09/2025 03:00:00 - 10/09/2025 04:00:00,BZN|CH,Without Sequence,107.68,,
10/09/2025 04:00:00 - 10/09/2025 05:00:00,BZN|CH,Without Sequence,120,,
10/09/2025 05:00:00 - 10/09/2025 06:00:00,BZN|CH,Without Sequence,121.4,,
10/09/2025 06:00:00 - 10/09/2025 07:00:00,BZN|CH,Without Sequence,140.85,,
10/09/2025 07:00:00 - 10/09/2025 08:00:00,BZN|CH,Without Sequence,125.1,,
10/09/2025 08:00:00 - 10/09/2025 09:00:00,BZN|CH,Without Sequence,105.88,,
10/09/2025 09:00:00 - 10/09/2025 10:00:00,BZN|CH,Without Sequence,105.1,,
10/09/2025 10:00:00 - 10/09/2025 11:00:00,BZN|CH,Without Sequence,104.04,,
10/09/2025 11:00:00 - 10/09/2025 12:00:00,BZN|CH,Without Sequence,103.64,,
10/09/2025 12:00:00 - 10/09/2025 13:00:00,BZN|CH,Without Sequence,102.71,,
10/09/2025 13:00:00 - 10/09/2025 14:00:00,BZN|CH,Without Sequence,102.08,,
10/09/2025 14:00:00 - 10/09/2025 15:00:00,BZN|CH,Without Sequence,105.61,,
10/09/2025 15:00:00 - 10/09/2025 16:00:00,BZN|CH,Without Sequence,120,,
10/09/2025 16:00:00 - 10/09/2025 17:00:00,BZN|CH,Without Sequence,131.38,,
10/09/2025 17:00:00 - 10/09/2025 18:00:00,BZN|CH,Without Sequence,131.52,,
10/09/2025 18:00:00 - 10/09/2025 19:00:00,BZN|CH,Without Sequence,128.64,,
10/09/2025 19:00:00 - 10/09/2025 20:00:00,BZN|CH,Without Sequence,118.46,,
10/09/2025 20:00:00 - 10/09/2025 21:00:00,BZN|CH,Without Sequence,105.61,,
10/09/2025 21:00:00 - 10/09/2025 22:00:00,BZN|CH,Without Sequence,98.35,,
10/09/2025 22:00:00 - 10/09/2025 23:00:00,BZN|CH,Without Sequence,96.02,,
10/09/2025 23:00:00 - 11/09/2025 00:00:00,BZN|CH,Without Sequence,97.48,,
11/09/2025 00:00:00 - 11/09/2025 01:00:00,BZN|CH,Without Sequence,96.98,,
11/09/2025 01:00:00 - 11/09/2025 02:00:00,BZN|CH,Without Sequence,95.13,,
11/09/2025 02:00:00 - 11/09/2025 03:00:00,BZN|CH,Without Sequence,95.1,,
11/09/2025 03:00:00 - 11/09/2025 04:00:00,BZN|CH,Without Sequence,93,,
11/09/2025 04:00:00 - 11/09/2025 05:00:00,BZN|CH,Without Sequence,106,,
11/09/2025 05:00:00 - 11/09/2025 06:00:00,BZN|CH,Without Sequence,122.82,,
11/09/2025 06:00:00 - 11/09/2025 07:00:00,BZN|CH,Without Sequence,112.53,,
11/09/2025 07:00:00 - 11/09/2025 08:00:00,BZN|CH,Without Sequence,102.91,,
11/09/2025 08:00:00 - 11/09/2025 09:00:00,BZN|CH,Without Sequence,102.7,,
11/09/2025 09:00:00 - 11/09/2025 10:00:00,BZN|CH,Without Sequence,99.65,,
11/09/2025 10:00:00 - 11/09/2025 11:00:00,BZN|CH,Without Sequence,88,,
11/09/2025 11:00:00 - 11/09/2025 12:00:00,BZN|CH,Without Sequence,87.1,,
11/09/2025 12:00:00 - 11/09/2025 13:00:00,BZN|CH,Without Sequence,88,,
11/09/2025 13:00:00 - 11/09/2025 14:00:00,BZN|CH,Without Sequence,90.6,,
11/09/2025 14:00:00 - 11/09/2025 15:00:00,BZN|CH,Without Sequence,92.3,,
11/09/2025 15:00:00 - 11/09/2025 16:00:00,BZN|CH,Without Sequence,102.6,,
11/09/2025 16:00:00 - 11/09/2025 17:00:00,BZN|CH,Without Sequence,109,,
11/09/2025 17:00:00 - 11/09/2025 18:00:00,BZN|CH,Without Sequence,136.85,,
11/09/2025 18:00:00 - 11/09/2025 19:00:00,BZN|CH,Without Sequence,125,,
11/09/2025 19:00:00 - 11/09/2025 20:00:00,BZN|CH,Without Sequence,106.09,,
11/09/2025 20:00:00 - 11/09/2025 21:00:00,BZN|CH,Without Sequence,104.99,,
11/09/2025 21:00:00 - 11/09/2025 22:00:00,BZN|CH,Without Sequence,94,,
11/09/2025 22:00:00 - 11/09/2025 23:00:00,BZN|CH,Without Sequence,92.65,,
11/09/2025 23:00:00 - 12/09/2025 00:00:00,BZN|CH,Without Sequence,87.8,,
12/09/2025 00:00:00 - 12/09/2025 01:00:00,BZN|CH,Without Sequence,87.8,,
12/09/2025 01:00:00 - 12/09/2025 02:00:00,BZN|CH,Without Sequence,87.8,,
12/09/2025 02:00:00 - 12/09/2025 03:00:00,BZN|CH,Without Sequence,87.8,,
12/09/2025 03:00:00 - 12/09/2025 04:00:00,BZN|CH,Without Sequence,92,,
12/09/2025 04:00:00 - 12/09/2025 05:00:00,BZN|CH,Without Sequence,105.59,,
12/09/2025 05:00:00 - 12/09/2025 06:00:00,BZN|CH,Without Sequence,113.05,,
12/09/2025 06:00:00 - 12/09/2025 07:00:00,BZN|CH,Without Sequence,105.8,,
12/09/2025 07:00:00 - 12/09/2025 08:00:00,BZN|CH,Without Sequence,102.6,,
12/09/2025 08:00:00 - 12/09/2025 09:00:00,BZN|CH,Without Sequence,102.6,,
12/09/2025 09:00:00 - 12/09/2025 10:00:00,BZN|CH,Without Sequence,99.55,,
12/09/2025 10:00:00 - 12/09/2025 11:00:00,BZN|CH,Without Sequence,89,,
12/09/2025 11:00:00 - 12/09/2025 12:00:00,BZN|CH,Without Sequence,90,,
12/09/2025 12:00:00 - 12/09/2025 13:00:00,BZN|CH,Without Sequence,87.8,,
12/09/2025 13:00:00 - 12/09/2025 14:00:00,BZN|CH,Without Sequence,90.84,,
12/09/2025 14:00:00 - 12/09/2025 15:00:00,BZN|CH,Without Sequence,95.03,,
12/09/2025 15:00:00 - 12/09/2025 16:00:00,BZN|CH,Without Sequence,102.06,,
12/09/2025 16:00:00 - 12/09/2025 17:00:00,BZN|CH,Without Sequence,107.32,,
12/09/2025 17:00:00 - 12/09/2025 18:00:00,BZN|CH,Without Sequence,122.67,,
12/09/2025 18:00:00 - 12/09/2025 19:00:00,BZN|CH,Without Sequence,122.99,,
12/09/2025 19:00:00 - 12/09/2025 20:00:00,BZN|CH,Without Sequence,112.91,,
12/09/2025 20:00:00 - 12/09/2025 21:00:00,BZN|CH,Without Sequence,102.99,,
12/09/2025 21:00:00 - 12/09/2025 22:00:00,BZN|CH,Without Sequence,93.15,,
12/09/2025 22:00:00 - 12/09/2025 23:00:00,BZN|CH,Without Sequence,87.8,,
12/09/2025 23:00:00 - 13/09/2025 00:00:00,BZN|CH,Without Sequence,87.8,,
13/09/2025 00:00:00 - 13/09/2025 01:00:00,BZN|CH,Without Sequence,87.8,,
13/09/2025 01:00:00 - 13/09/2025 02:00:00,BZN|CH,Without Sequence,90.48,,
13/09/2025 02:00:00 - 13/09/2025 03:00:00,BZN|CH,Without Sequence,87.8,,
13/09/2025 03:00:00 - 13/09/2025 04:00:00,BZN|CH,Without Sequence,87.8,,
13/09/2025 04:00:00 - 13/09/2025 05:00:00,BZN|CH,Without Sequence,95,,
13/09/2025 05:00:00 - 13/09/2025 06:00:00,BZN|CH,Without Sequence,94.02,,
13/09/2025 06:00:00 - 13/09/2025 07:00:00,BZN|CH,Without Sequence,87.8,,
13/09/2025 07:00:00 - 13/09/2025 08:00:00,BZN|CH,Without Sequence,88.6,,
13/09/2025 08:00:00 - 13/09/2025 09:00:00,BZN|CH,Without Sequence,87.1,,
13/09/2025 09:00:00 - 13/09/2025 10:00:00,BZN|CH,Without Sequence,74.71,,
13/09/2025 10:00:00 - 13/09/2025 11:00:00,BZN|CH,Without Sequence,71.02,,
13/09/2025 11:00:00 - 13/09/2025 12:00:00,BZN|CH,Without Sequence,70.49,,
13/09/2025 12:00:00 - 13/09/2025 13:00:00,BZN|CH,Without Sequence,75.3,,
13/09/2025 13:00:00 - 13/09/2025 14:00:00,BZN|CH,Without Sequence,80.2,,
13/09/2025 14:00:00 - 13/09/2025 15:00:00,BZN|CH,Without Sequence,87.8,,
13/09/2025 15:00:00 - 13/09/2025 16:00:00,BZN|CH,Without Sequence,93.14,,
13/09/2025 16:00:00 - 13/09/2025 17:00:00,BZN|CH,Without Sequence,107.19,,
13/09/2025 17:00:00 - 13/09/2025 18:00:00,BZN|CH,Without Sequence,122.96,,
13/09/2025 18:00:00 - 13/09/2025 19:00:00,BZN|CH,Without Sequence,119.69,,
13/09/2025 19:00:00 - 13/09/2025 20:00:00,BZN|CH,Without Sequence,104,,
13/09/2025 20:00:00 - 13/09/2025 21:00:00,BZN|CH,Without Sequence,102.39,,
13/09/2025 21:00:00 - 13/09/2025 22:00:00,BZN|CH,Without Sequence,100.03,,
13/09/2025 22:00:00 - 13/09/2025 23:00:00,BZN|CH,Without Sequence,88.6,,
13/09/2025 23:00:00 - 14/09/2025 00:00:00,BZN|CH,Without Sequence,88.6,,
14/09/2025 00:00:00 - 14/09/2025 01:00:00,BZN|CH,Without Sequence,87.8,,
14/09/2025 01:00:00 - 14/09/2025 02:00:00,BZN|CH,Without Sequence,87.8,,
14/09/2025 02:00:00 - 14/09/2025 03:00:00,BZN|CH,Without Sequence,87.2,,
14/09/2025 03:00:00 - 14/09/2025 04:00:00,BZN|CH,Without Sequence,87.8,,
14/09/2025 04:00:00 - 14/09/2025 05:00:00,BZN|CH,Without Sequence,92.59,,
14/09/2025 05:00:00 - 14/09/2025 06:00:00,BZN|CH,Without Sequence,98.01,,
14/09/2025 06:00:00 - 14/09/2025 07:00:00,BZN|CH,Without Sequence,96.38,,
14/09/2025 07:00:00 - 14/09/2025 08:00:00,BZN|CH,Without Sequence,75.4,,
14/09/2025 08:00:00 - 14/09/2025 09:00:00,BZN|CH,Without Sequence,42.29,,
14/09/2025 09:00:00 - 14/09/2025 10:00:00,BZN|CH,Without Sequence,30.68,,
14/09/2025 10:00:00 - 14/09/2025 11:00:00,BZN|CH,Without Sequence,10.48,,
14/09/2025 11:00:00 - 14/09/2025 12:00:00,BZN|CH,Without Sequence,-0.96,,
14/09/2025 12:00:00 - 14/09/2025 13:00:00,BZN|CH,Without Sequence,-1.99,,
14/09/2025 13:00:00 - 14/09/2025 14:00:00,BZN|CH,Without Sequence,0,,
14/09/2025 14:00:00 - 14/09/2025 15:00:00,BZN|CH,Without Sequence,58.86,,
14/09/2025 15:00:00 - 14/09/2025 16:00:00,BZN|CH,Without Sequence,87,,
14/09/2025 16:00:00 - 14/09/2025 17:00:00,BZN|CH,Without Sequence,113.18,,
14/09/2025 17:00:00 - 14/09/2025 18:00:00,BZN|CH,Without Sequence,124.06,,
14/09/2025 18:00:00 - 14/09/2025 19:00:00,BZN|CH,Without Sequence,118.82,,
14/09/2025 19:00:00 - 14/09/2025 20:00:00,BZN|CH,Without Sequence,99.76,,
14/09/2025 20:00:00 - 14/09/2025 21:00:00,BZN|CH,Without Sequence,87.8,,
14/09/2025 21:00:00 - 14/09/2025 22:00:00,BZN|CH,Without Sequence,88.6,,
14/09/2025 22:00:00 - 14/09/2025 23:00:00,BZN|CH,Without Sequence,93.3,,
14/09/2025 23:00:00 - 15/09/2025 00:00:00,BZN|CH,Without Sequence,89.74,,
15/09/2025 00:00:00 - 15/09/2025 01:00:00,BZN|CH,Without Sequence,87,,
15/09/2025 01:00:00 - 15/09/2025 02:00:00,BZN|CH,Without Sequence,88.6,,
15/09/2025 02:00:00 - 15/09/2025 03:00:00,BZN|CH,Without Sequence,87.8,,
15/09/2025 03:00:00 - 15/09/2025 04:00:00,BZN|CH,Without Sequence,94.8,,
15/09/2025 04:00:00 - 15/09/2025 05:00:00,BZN|CH,Without Sequence,102.27,,
15/09/2025 05:00:00 - 15/09/2025 06:00:00,BZN|CH,Without Sequence,101.83,,
15/09/2025 06:00:00 - 15/09/2025 07:00:00,BZN|CH,Without Sequence,99.78,,
15/09/2025 07:00:00 - 15/09/2025 08:00:00,BZN|CH,Without Sequence,94.8,,
15/09/2025 08:00:00 - 15/09/2025 09:00:00,BZN|CH,Without Sequence,98.06,,
15/09/2025 09:00:00 - 15/09/2025 10:00:00,BZN|CH,Without Sequence,95.9,,
15/09/2025 10:00:00 - 15/09/2025 11:00:00,BZN|CH,Without Sequence,94.8,,
15/09/2025 11:00:00 - 15/09/2025 12:00:00,BZN|CH,Without Sequence,93.3,,
15/09/2025 12:00:00 - 15/09/2025 13:00:00,BZN|CH,Without Sequence,94.8,,
15/09/2025 13:00:00 - 15/09/2025 14:00:00,BZN|CH,Without Sequence,91.9,,
15/09/2025 14:00:00 - 15/09/2025 15:00:00,BZN|CH,Without Sequence,98.97,,
15/09/2025 15:00:00 - 15/09/2025 16:00:00,BZN|CH,Without Sequence,100.8,,
15/09/2025 16:00:00 - 15/09/2025 17:00:00,BZN|CH,Without Sequence,102.73,,
15/09/2025 17:00:00 - 15/09/2025 18:00:00,BZN|CH,Without Sequence,104.99,,
15/09/2025 18:00:00 - 15/09/2025 19:00:00,BZN|CH,Without Sequence,105.04,,
15/09/2025 19:00:00 - 15/09/2025 20:00:00,BZN|CH,Without Sequence,97.6,,
15/09/2025 20:00:00 - 15/09/2025 21:00:00,BZN|CH,Without Sequence,98.89,,
15/09/2025 21:00:00 - 15/09/2025 22:00:00,BZN|CH,Without Sequence,94.8,,
15/09/2025 22:00:00 - 15/09/2025 23:00:00,BZN|CH,Without Sequence,88.16,,
15/09/2025 23:00:00 - 16/09/2025 00:00:00,BZN|CH,Without Sequence,85.2,,
16/09/2025 00:00:00 - 16/09/2025 01:00:00,BZN|CH,Without Sequence,85.2,,
16/09/2025 01:00:00 - 16/09/2025 02:00:00,BZN|CH,Without Sequence,85.2,,
16/09/2025 02:00:00 - 16/09/2025 03:00:00,BZN|CH,Without Sequence,85.2,,
16/09/2025 03:00:00 - 16/09/2025 04:00:00,BZN|CH,Without Sequence,92.49,,
16/09/2025 04:00:00 - 16/09/2025 05:00:00,BZN|CH,Without Sequence,102.88,,
16/09/2025 05:00:00 - 16/09/2025 06:00:00,BZN|CH,Without Sequence,105.15,,
16/09/2025 06:00:00 - 16/09/2025 07:00:00,BZN|CH,Without Sequence,101.33,,
16/09/2025 07:00:00 - 16/09/2025 08:00:00,BZN|CH,Without Sequence,99.92,,
16/09/2025 08:00:00 - 16/09/2025 09:00:00,BZN|CH,Without Sequence,95.06,,
16/09/2025 09:00:00 - 16/09/2025 10:00:00,BZN|CH,Without Sequence,85.2,,
16/09/2025 10:00:00 - 16/09/2025 11:00:00,BZN|CH,Without Sequence,84.71,,
16/09/2025 11:00:00 - 16/09/2025 12:00:00,BZN|CH,Without Sequence,83.22,,
16/09/2025 12:00:00 - 16/09/2025 13:00:00,BZN|CH,Without Sequence,83.16,,
16/09/2025 13:00:00 - 16/09/2025 14:00:00,BZN|CH,Without Sequence,91.9,,
16/09/2025 14:00:00 - 16/09/2025 15:00:00,BZN|CH,Without Sequence,99.58,,
16/09/2025 15:00:00 - 16/09/2025 16:00:00,BZN|CH,Without Sequence,103.51,,
16/09/2025 16:00:00 - 16/09/2025 17:00:00,BZN|CH,Without Sequence,107.39,,
16/09/2025 17:00:00 - 16/09/2025 18:00:00,BZN|CH,Without Sequence,107.4,,
16/09/2025 18:00:00 - 16/09/2025 19:00:00,BZN|CH,Without Sequence,107.39,,
16/09/2025 19:00:00 - 16/09/2025 20:00:00,BZN|CH,Without Sequence,102.45,,
16/09/2025 20:00:00 - 16/09/2025 21:00:00,BZN|CH,Without Sequence,96.3,,
16/09/2025 21:00:00 - 16/09/2025 22:00:00,BZN|CH,Without Sequence,98.15,,
16/09/2025 22:00:00 - 16/09/2025 23:00:00,BZN|CH,Without Sequence,94.1,,
16/09/2025 23:00:00 - 17/09/2025 00:00:00,BZN|CH,Without Sequence,94,,
17/09/2025 00:00:00 - 17/09/2025 01:00:00,BZN|CH,Without Sequence,92.1,,
17/09/2025 01:00:00 - 17/09/2025 02:00:00,BZN|CH,Without Sequence,85.2,,
17/09/2025 02:00:00 - 17/09/2025 03:00:00,BZN|CH,Without Sequence,85.2,,
17/09/2025 03:00:00 - 17/09/2025 04:00:00,BZN|CH,Without Sequence,85.2,,
17/09/2025 04:00:00 - 17/09/2025 05:00:00,BZN|CH,Without Sequence,102.35,,
17/09/2025 05:00:00 - 17/09/2025 06:00:00,BZN|CH,Without Sequence,115.93,,
17/09/2025 06:00:00 - 17/09/2025 07:00:00,BZN|CH,Without Sequence,111.99,,
17/09/2025 07:00:00 - 17/09/2025 08:00:00,BZN|CH,Without Sequence,97.21,,
17/09/2025 08:00:00 - 17/09/2025 09:00:00,BZN|CH,Without Sequence,94.69,,
17/09/2025 09:00:00 - 17/09/2025 10:00:00,BZN|CH,Without Sequence,95.6,,
17/09/2025 10:00:00 - 17/09/2025 11:00:00,BZN|CH,Without Sequence,89,,
17/09/2025 11:00:00 - 17/09/2025 12:00:00,BZN|CH,Without Sequence,83.84,,
17/09/2025 12:00:00 - 17/09/2025 13:00:00,BZN|CH,Without Sequence,83.93,,
17/09/2025 13:00:00 - 17/09/2025 14:00:00,BZN|CH,Without Sequence,85.2,,
17/09/2025 14:00:00 - 17/09/2025 15:00:00,BZN|CH,Without Sequence,89.6,,
17/09/2025 15:00:00 - 17/09/2025 16:00:00,BZN|CH,Without Sequence,100.5,,
17/09/2025 16:00:00 - 17/09/2025 17:00:00,BZN|CH,Without Sequence,117.56,,
17/09/2025 17:00:00 - 17/09/2025 18:00:00,BZN|CH,Without Sequence,140.06,,
17/09/2025 18:00:00 - 17/09/2025 19:00:00,BZN|CH,Without Sequence,125.22,,
17/09/2025 19:00:00 - 17/09/2025 20:00:00,BZN|CH,Without Sequence,104.92,,
17/09/2025 20:00:00 - 17/09/2025 21:00:00,BZN|CH,Without Sequence,99.59,,
17/09/2025 21:00:00 - 17/09/2025 22:00:00,BZN|CH,Without Sequence,87.7,,
17/09/2025 22:00:00 - 17/09/2025 23:00:00,BZN|CH,Without Sequence,85.2,,
17/09/2025 23:00:00 - 18/09/2025 00:00:00,BZN|CH,Without Sequence,85.2,,
18/09/2025 00:00:00 - 18/09/2025 01:00:00,BZN|CH,Without Sequence,85.2,,
18/09/2025 01:00:00 - 18/09/2025 02:00:00,BZN|CH,Without Sequence,88.2,,
18/09/2025 02:00:00 - 18/09/2025 03:00:00,BZN|CH,Without Sequence,85.2,,
18/09/2025 03:00:00 - 18/09/2025 04:00:00,BZN|CH,Without Sequence,86,,
18/09/2025 04:00:00 - 18/09/2025 05:00:00,BZN|CH,Without Sequence,103.37,,
18/09/2025 05:00:00 - 18/09/2025 06:00:00,BZN|CH,Without Sequence,115.02,,
18/09/2025 06:00:00 - 18/09/2025 07:00:00,BZN|CH,Without Sequence,106.04,,
18/09/2025 07:00:00 - 18/09/2025 08:00:00,BZN|CH,Without Sequence,92.71,,
18/09/2025 08:00:00 - 18/09/2025 09:00:00,BZN|CH,Without Sequence,86,,
18/09/2025 09:00:00 - 18/09/2025 10:00:00,BZN|CH,Without Sequence,85,,
18/09/2025 10:00:00 - 18/09/2025 11:00:00,BZN|CH,Without Sequence,78,,
18/09/2025 11:00:00 - 18/09/2025 12:00:00,BZN|CH,Without Sequence,2.42,,
18/09/2025 12:00:00 - 18/09/2025 13:00:00,BZN|CH,Without Sequence,1.47,,
18/09/2025 13:00:00 - 18/09/2025 14:00:00,BZN|CH,Without Sequence,78.08,,
18/09/2025 14:00:00 - 18/09/2025 15:00:00,BZN|CH,Without Sequence,82.06,,
18/09/2025 15:00:00 - 18/09/2025 16:00:00,BZN|CH,Without Sequence,101.98,,
18/09/2025 16:00:00 - 18/09/2025 17:00:00,BZN|CH,Without Sequence,115.07,,
18/09/2025 17:00:00 - 18/09/2025 18:00:00,BZN|CH,Without Sequence,142,,
18/09/2025 18:00:00 - 18/09/2025 19:00:00,BZN|CH,Without Sequence,118.83,,
18/09/2025 19:00:00 - 18/09/2025 20:00:00,BZN|CH,Without Sequence,107.72,,
18/09/2025 20:00:00 - 18/09/2025 21:00:00,BZN|CH,Without Sequence,101.2,,
18/09/2025 21:00:00 - 18/09/2025 22:00:00,BZN|CH,Without Sequence,88,,
18/09/2025 22:00:00 - 18/09/2025 23:00:00,BZN|CH,Without Sequence,94.49,,
18/09/2025 23:00:00 - 19/09/2025 00:00:00,BZN|CH,Without Sequence,93.01,,
19/09/2025 00:00:00 - 19/09/2025 01:00:00,BZN|CH,Without Sequence,92.77,,
19/09/2025 01:00:00 - 19/09/2025 02:00:00,BZN|CH,Without Sequence,92.38,,
19/09/2025 02:00:00 - 19/09/2025 03:00:00,BZN|CH,Without Sequence,91.21,,
19/09/2025 03:00:00 - 19/09/2025 04:00:00,BZN|CH,Without Sequence,95.13,,
19/09/2025 04:00:00 - 19/09/2025 05:00:00,BZN|CH,Without Sequence,117.49,,
19/09/2025 05:00:00 - 19/09/2025 06:00:00,BZN|CH,Without Sequence,135,,
19/09/2025 06:00:00 - 19/09/2025 07:00:00,BZN|CH,Without Sequence,118.22,,
19/09/2025 07:00:00 - 19/09/2025 08:00:00,BZN|CH,Without Sequence,96.21,,
19/09/2025 08:00:00 - 19/09/2025 09:00:00,BZN|CH,Without Sequence,91.37,,
19/09/2025 09:00:00 - 19/09/2025 10:00:00,BZN|CH,Without Sequence,89.7,,
19/09/2025 10:00:00 - 19/09/2025 11:00:00,BZN|CH,Without Sequence,68,,
19/09/2025 11:00:00 - 19/09/2025 12:00:00,BZN|CH,Without Sequence,64.93,,
19/09/2025 12:00:00 - 19/09/2025 13:00:00,BZN|CH,Without Sequence,67.01,,
19/09/2025 13:00:00 - 19/09/2025 14:00:00,BZN|CH,Without Sequence,85.2,,
19/09/2025 14:00:00 - 19/09/2025 15:00:00,BZN|CH,Without Sequence,86.1,,
19/09/2025 15:00:00 - 19/09/2025 16:00:00,BZN|CH,Without Sequence,113.81,,
19/09/2025 16:00:00 - 19/09/2025 17:00:00,BZN|CH,Without Sequence,158.59,,
19/09/2025 17:00:00 - 19/09/2025 18:00:00,BZN|CH,Without Sequence,189.26,,
19/09/2025 18:00:00 - 19/09/2025 19:00:00,BZN|CH,Without Sequence,149.59,,
19/09/2025 19:00:00 - 19/09/2025 20:00:00,BZN|CH,Without Sequence,117.47,,
19/09/2025 20:00:00 - 19/09/2025 21:00:00,BZN|CH,Without Sequence,104.71,,
19/09/2025 21:00:00 - 19/09/2025 22:00:00,BZN|CH,Without Sequence,97.4,,
19/09/2025 22:00:00 - 19/09/2025 23:00:00,BZN|CH,Without Sequence,92.39,,
19/09/2025 23:00:00 - 20/09/2025 00:00:00,BZN|CH,Without Sequence,91.99,,
20/09/2025 00:00:00 - 20/09/2025 01:00:00,BZN|CH,Without Sequence,91.6,,
20/09/2025 01:00:00 - 20/09/2025 02:00:00,BZN|CH,Without Sequence,91,,
20/09/2025 02:00:00 - 20/09/2025 03:00:00,BZN|CH,Without Sequence,89.9,,
20/09/2025 03:00:00 - 20/09/2025 04:00:00,BZN|CH,Without Sequence,86.74,,
20/09/2025 04:00:00 - 20/09/2025 05:00:00,BZN|CH,Without Sequence,90.99,,
20/09/2025 05:00:00 - 20/09/2025 06:00:00,BZN|CH,Without Sequence,90.3,,
20/09/2025 06:00:00 - 20/09/2025 07:00:00,BZN|CH,Without Sequence,89.91,,
20/09/2025 07:00:00 - 20/09/2025 08:00:00,BZN|CH,Without Sequence,89.9,,
20/09/2025 08:00:00 - 20/09/2025 09:00:00,BZN|CH,Without Sequence,87.31,,
20/09/2025 09:00:00 - 20/09/2025 10:00:00,BZN|CH,Without Sequence,63.07,,
20/09/2025 10:00:00 - 20/09/2025 11:00:00,BZN|CH,Without Sequence,5.36,,
20/09/2025 11:00:00 - 20/09/2025 12:00:00,BZN|CH,Without Sequence,-0.4,,
20/09/2025 12:00:00 - 20/09/2025 13:00:00,BZN|CH,Without Sequence,1.5,,
20/09/2025 13:00:00 - 20/09/2025 14:00:00,BZN|CH,Without Sequence,66.67,,
20/09/2025 14:00:00 - 20/09/2025 15:00:00,BZN|CH,Without Sequence,84.07,,
20/09/2025 15:00:00 - 20/09/2025 16:00:00,BZN|CH,Without Sequence,92,,
20/09/2025 16:00:00 - 20/09/2025 17:00:00,BZN|CH,Without Sequence,114,,
20/09/2025 17:00:00 - 20/09/2025 18:00:00,BZN|CH,Without Sequence,114.79,,
20/09/2025 18:00:00 - 20/09/2025 19:00:00,BZN|CH,Without Sequence,109.03,,
20/09/2025 19:00:00 - 20/09/2025 20:00:00,BZN|CH,Without Sequence,92,,
20/09/2025 20:00:00 - 20/09/2025 21:00:00,BZN|CH,Without Sequence,91.01,,
20/09/2025 21:00:00 - 20/09/2025 22:00:00,BZN|CH,Without Sequence,89.91,,
20/09/2025 22:00:00 - 20/09/2025 23:00:00,BZN|CH,Without Sequence,91.94,,
20/09/2025 23:00:00 - 21/09/2025 00:00:00,BZN|CH,Without Sequence,91.84,,
21/09/2025 00:00:00 - 21/09/2025 01:00:00,BZN|CH,Without Sequence,93.09,,
21/09/2025 01:00:00 - 21/09/2025 02:00:00,BZN|CH,Without Sequence,91.6,,
21/09/2025 02:00:00 - 21/09/2025 03:00:00,BZN|CH,Without Sequence,91.41,,
21/09/2025 03:00:00 - 21/09/2025 04:00:00,BZN|CH,Without Sequence,91.4,,
21/09/2025 04:00:00 - 21/09/2025 05:00:00,BZN|CH,Without Sequence,90.21,,
21/09/2025 05:00:00 - 21/09/2025 06:00:00,BZN|CH,Without Sequence,90.2,,
21/09/2025 06:00:00 - 21/09/2025 07:00:00,BZN|CH,Without Sequence,91.15,,
21/09/2025 07:00:00 - 21/09/2025 08:00:00,BZN|CH,Without Sequence,91.4,,
21/09/2025 08:00:00 - 21/09/2025 09:00:00,BZN|CH,Without Sequence,85.87,,
21/09/2025 09:00:00 - 21/09/2025 10:00:00,BZN|CH,Without Sequence,75.4,,
21/09/2025 10:00:00 - 21/09/2025 11:00:00,BZN|CH,Without Sequence,-0.36,,
21/09/2025 11:00:00 - 21/09/2025 12:00:00,BZN|CH,Without Sequence,-2,,
21/09/2025 12:00:00 - 21/09/2025 13:00:00,BZN|CH,Without Sequence,-0.64,,
21/09/2025 13:00:00 - 21/09/2025 14:00:00,BZN|CH,Without Sequence,68.99,,
21/09/2025 14:00:00 - 21/09/2025 15:00:00,BZN|CH,Without Sequence,86.71,,
21/09/2025 15:00:00 - 21/09/2025 16:00:00,BZN|CH,Without Sequence,93.09,,
21/09/2025 16:00:00 - 21/09/2025 17:00:00,BZN|CH,Without Sequence,108.2,,
21/09/2025 17:00:00 - 21/09/2025 18:00:00,BZN|CH,Without Sequence,121.57,,
21/09/2025 18:00:00 - 21/09/2025 19:00:00,BZN|CH,Without Sequence,110.01,,
21/09/2025 19:00:00 - 21/09/2025 20:00:00,BZN|CH,Without Sequence,95,,
21/09/2025 20:00:00 - 21/09/2025 21:00:00,BZN|CH,Without Sequence,93.67,,
21/09/2025 21:00:00 - 21/09/2025 22:00:00,BZN|CH,Without Sequence,91.4,,
21/09/2025 22:00:00 - 21/09/2025 23:00:00,BZN|CH,Without Sequence,79.96,,
21/09/2025 23:00:00 - 22/09/2025 00:00:00,BZN|CH,Without Sequence,80.1,,
22/09/2025 00:00:00 - 22/09/2025 01:00:00,BZN|CH,Without Sequence,80.1,,
22/09/2025 01:00:00 - 22/09/2025 02:00:00,BZN|CH,Without Sequence,79.99,,
22/09/2025 02:00:00 - 22/09/2025 03:00:00,BZN|CH,Without Sequence,79.99,,
22/09/2025 03:00:00 - 22/09/2025 04:00:00,BZN|CH,Without Sequence,86.32,,
22/09/2025 04:00:00 - 22/09/2025 05:00:00,BZN|CH,Without Sequence,109.93,,
22/09/2025 05:00:00 - 22/09/2025 06:00:00,BZN|CH,Without Sequence,125.06,,
22/09/2025 06:00:00 - 22/09/2025 07:00:00,BZN|CH,Without Sequence,121,,
22/09/2025 07:00:00 - 22/09/2025 08:00:00,BZN|CH,Without Sequence,112.84,,
22/09/2025 08:00:00 - 22/09/2025 09:00:00,BZN|CH,Without Sequence,100.56,,
22/09/2025 09:00:00 - 22/09/2025 10:00:00,BZN|CH,Without Sequence,93.71,,
22/09/2025 10:00:00 - 22/09/2025 11:00:00,BZN|CH,Without Sequence,94.54,,
22/09/2025 11:00:00 - 22/09/2025 12:00:00,BZN|CH,Without Sequence,94.41,,
22/09/2025 12:00:00 - 22/09/2025 13:00:00,BZN|CH,Without Sequence,93.2,,
22/09/2025 13:00:00 - 22/09/2025 14:00:00,BZN|CH,Without Sequence,83.72,,
22/09/2025 14:00:00 - 22/09/2025 15:00:00,BZN|CH,Without Sequence,93.18,,
22/09/2025 15:00:00 - 22/09/2025 16:00:00,BZN|CH,Without Sequence,113.91,,
22/09/2025 16:00:00 - 22/09/2025 17:00:00,BZN|CH,Without Sequence,133.91,,
22/09/2025 17:00:00 - 22/09/2025 18:00:00,BZN|CH,Without Sequence,155.41,,
22/09/2025 18:00:00 - 22/09/2025 19:00:00,BZN|CH,Without Sequence,134,,
22/09/2025 19:00:00 - 22/09/2025 20:00:00,BZN|CH,Without Sequence,106.9,,
22/09/2025 20:00:00 - 22/09/2025 21:00:00,BZN|CH,Without Sequence,98.79,,
22/09/2025 21:00:00 - 22/09/2025 22:00:00,BZN|CH,Without Sequence,89.96,,
22/09/2025 22:00:00 - 22/09/2025 23:00:00,BZN|CH,Without Sequence,90.2,,
22/09/2025 23:00:00 - 23/09/2025 00:00:00,BZN|CH,Without Sequence,90,,
23/09/2025 00:00:00 - 23/09/2025 01:00:00,BZN|CH,Without Sequence,89,,
23/09/2025 01:00:00 - 23/09/2025 02:00:00,BZN|CH,Without Sequence,89.53,,
23/09/2025 02:00:00 - 23/09/2025 03:00:00,BZN|CH,Without Sequence,90.75,,
23/09/2025 03:00:00 - 23/09/2025 04:00:00,BZN|CH,Without Sequence,95.39,,
23/09/2025 04:00:00 - 23/09/2025 05:00:00,BZN|CH,Without Sequence,118.09,,
23/09/2025 05:00:00 - 23/09/2025 06:00:00,BZN|CH,Without Sequence,127,,
23/09/2025 06:00:00 - 23/09/2025 07:00:00,BZN|CH,Without Sequence,131,,
23/09/2025 07:00:00 - 23/09/2025 08:00:00,BZN|CH,Without Sequence,118.1,,
23/09/2025 08:00:00 - 23/09/2025 09:00:00,BZN|CH,Without Sequence,98.1,,
23/09/2025 09:00:00 - 23/09/2025 10:00:00,BZN|CH,Without Sequence,92,,
23/09/2025 10:00:00 - 23/09/2025 11:00:00,BZN|CH,Without Sequence,90.46,,
23/09/2025 11:00:00 - 23/09/2025 12:00:00,BZN|CH,Without Sequence,90.07,,
23/09/2025 12:00:00 - 23/09/2025 13:00:00,BZN|CH,Without Sequence,91.25,,
23/09/2025 13:00:00 - 23/09/2025 14:00:00,BZN|CH,Without Sequence,93,,
23/09/2025 14:00:00 - 23/09/2025 15:00:00,BZN|CH,Without Sequence,98.99,,
23/09/2025 15:00:00 - 23/09/2025 16:00:00,BZN|CH,Without Sequence,115.01,,
23/09/2025 16:00:00 - 23/09/2025 17:00:00,BZN|CH,Without Sequence,138.73,,
23/09/2025 17:00:00 - 23/09/2025 18:00:00,BZN|CH,Without Sequence,149.07,,
23/09/2025 18:00:00 - 23/09/2025 19:00:00,BZN|CH,Without Sequence,126.79,,
23/09/2025 19:00:00 - 23/09/2025 20:00:00,BZN|CH,Without Sequence,104,,
23/09/2025 20:00:00 - 23/09/2025 21:00:00,BZN|CH,Without Sequence,92.78,,
23/09/2025 21:00:00 - 23/09/2025 22:00:00,BZN|CH,Without Sequence,85.58,,
23/09/2025 22:00:00 - 23/09/2025 23:00:00,BZN|CH,Without Sequence,87.05,,
23/09/2025 23:00:00 - 24/09/2025 00:00:00,BZN|CH,Without Sequence,85.53,,
24/09/2025 00:00:00 - 24/09/2025 01:00:00,BZN|CH,Without Sequence,85.21,,
24/09/2025 01:00:00 - 24/09/2025 02:00:00,BZN|CH,Without Sequence,85.09,,
24/09/2025 02:00:00 - 24/09/2025 03:00:00,BZN|CH,Without Sequence,85,,
24/09/2025 03:00:00 - 24/09/2025 04:00:00,BZN|CH,Without Sequence,88.58,,
24/09/2025 04:00:00 - 24/09/2025 05:00:00,BZN|CH,Without Sequence,110.1,,
24/09/2025 05:00:00 - 24/09/2025 06:00:00,BZN|CH,Without Sequence,130,,
24/09/2025 06:00:00 - 24/09/2025 07:00:00,BZN|CH,Without Sequence,122.11,,
24/09/2025 07:00:00 - 24/09/2025 08:00:00,BZN|CH,Without Sequence,106.98,,
24/09/2025 08:00:00 - 24/09/2025 09:00:00,BZN|CH,Without Sequence,99.04,,
24/09/2025 09:00:00 - 24/09/2025 10:00:00,BZN|CH,Without Sequence,94.88,,
24/09/2025 10:00:00 - 24/09/2025 11:00:00,BZN|CH,Without Sequence,93.49,,
24/09/2025 11:00:00 - 24/09/2025 12:00:00,BZN|CH,Without Sequence,93.5,,
24/09/2025 12:00:00 - 24/09/2025 13:00:00,BZN|CH,Without Sequence,98.77,,
24/09/2025 13:00:00 - 24/09/2025 14:00:00,BZN|CH,Without Sequence,95.77,,
24/09/2025 14:00:00 - 24/09/2025 15:00:00,BZN|CH,Without Sequence,101.09,,
24/09/2025 15:00:00 - 24/09/2025 16:00:00,BZN|CH,Without Sequence,106.91,,
24/09/2025 16:00:00 - 24/09/2025 17:00:00,BZN|CH,Without Sequence,111,,
24/09/2025 17:00:00 - 24/09/2025 18:00:00,BZN|CH,Without Sequence,116.85,,
24/09/2025 18:00:00 - 24/09/2025 19:00:00,BZN|CH,Without Sequence,106.53,,
24/09/2025 19:00:00 - 24/09/2025 20:00:00,BZN|CH,Without Sequence,99.01,,
24/09/2025 20:00:00 - 24/09/2025 21:00:00,BZN|CH,Without Sequence,93.49,,
24/09/2025 21:00:00 - 24/09/2025 22:00:00,BZN|CH,Without Sequence,86.3,,
24/09/2025 22:00:00 - 24/09/2025 23:00:00,BZN|CH,Without Sequence,86.01,,
24/09/2025 23:00:00 - 25/09/2025 00:00:00,BZN|CH,Without Sequence,85.1,,
25/09/2025 00:00:00 - 25/09/2025 01:00:00,BZN|CH,Without Sequence,84.6,,
25/09/2025 01:00:00 - 25/09/2025 02:00:00,BZN|CH,Without Sequence,83.94,,
25/09/2025 02:00:00 - 25/09/2025 03:00:00,BZN|CH,Without Sequence,83.24,,
25/09/2025 03:00:00 - 25/09/2025 04:00:00,BZN|CH,Without Sequence,84.96,,
25/09/2025 04:00:00 - 25/09/2025 05:00:00,BZN|CH,Without Sequence,108.1,,
25/09/2025 05:00:00 - 25/09/2025 06:00:00,BZN|CH,Without Sequence,111.96,,
25/09/2025 06:00:00 - 25/09/2025 07:00:00,BZN|CH,Without Sequence,114.42,,
25/09/2025 07:00:00 - 25/09/2025 08:00:00,BZN|CH,Without Sequence,114.79,,
25/09/2025 08:00:00 - 25/09/2025 09:00:00,BZN|CH,Without Sequence,111.35,,
25/09/2025 09:00:00 - 25/09/2025 10:00:00,BZN|CH,Without Sequence,108,,
25/09/2025 10:00:00 - 25/09/2025 11:00:00,BZN|CH,Without Sequence,101.71,,
25/09/2025 11:00:00 - 25/09/2025 12:00:00,BZN|CH,Without Sequence,98.9,,
25/09/2025 12:00:00 - 25/09/2025 13:00:00,BZN|CH,Without Sequence,98.72,,
25/09/2025 13:00:00 - 25/09/2025 14:00:00,BZN|CH,Without Sequence,100.53,,
25/09/2025 14:00:00 - 25/09/2025 15:00:00,BZN|CH,Without Sequence,106.93,,
25/09/2025 15:00:00 - 25/09/2025 16:00:00,BZN|CH,Without Sequence,110.1,,
25/09/2025 16:00:00 - 25/09/2025 17:00:00,BZN|CH,Without Sequence,114.74,,
25/09/2025 17:00:00 - 25/09/2025 18:00:00,BZN|CH,Without Sequence,122.77,,
25/09/2025 18:00:00 - 25/09/2025 19:00:00,BZN|CH,Without Sequence,116.99,,
25/09/2025 19:00:00 - 25/09/2025 20:00:00,BZN|CH,Without Sequence,106.7,,
25/09/2025 20:00:00 - 25/09/2025 21:00:00,BZN|CH,Without Sequence,102.11,,
25/09/2025 21:00:00 - 25/09/2025 22:00:00,BZN|CH,Without Sequence,99.05,,
25/09/2025 22:00:00 - 25/09/2025 23:00:00,BZN|CH,Without Sequence,102.99,,
25/09/2025 23:00:00 - 26/09/2025 00:00:00,BZN|CH,Without Sequence,100.88,,
26/09/2025 00:00:00 - 26/09/2025 01:00:00,BZN|CH,Without Sequence,100.52,,
26/09/2025 01:00:00 - 26/09/2025 02:00:00,BZN|CH,Without Sequence,100.26,,
26/09/2025 02:00:00 - 26/09/2025 03:00:00,BZN|CH,Without Sequence,100,,
26/09/2025 03:00:00 - 26/09/2025 04:00:00,BZN|CH,Without Sequence,101.18,,
26/09/2025 04:00:00 - 26/09/2025 05:00:00,BZN|CH,Without Sequence,114.3,,
26/09/2025 05:00:00 - 26/09/2025 06:00:00,BZN|CH,Without Sequence,129.57,,
26/09/2025 06:00:00 - 26/09/2025 07:00:00,BZN|CH,Without Sequence,136.22,,
26/09/2025 07:00:00 - 26/09/2025 08:00:00,BZN|CH,Without Sequence,111.08,,
26/09/2025 08:00:00 - 26/09/2025 09:00:00,BZN|CH,Without Sequence,110.41,,
26/09/2025 09:00:00 - 26/09/2025 10:00:00,BZN|CH,Without Sequence,109.01,,
26/09/2025 10:00:00 - 26/09/2025 11:00:00,BZN|CH,Without Sequence,106,,
26/09/2025 11:00:00 - 26/09/2025 12:00:00,BZN|CH,Without Sequence,105.82,,
26/09/2025 12:00:00 - 26/09/2025 13:00:00,BZN|CH,Without Sequence,105.38,,
26/09/2025 13:00:00 - 26/09/2025 14:00:00,BZN|CH,Without Sequence,103,,
26/09/2025 14:00:00 - 26/09/2025 15:00:00,BZN|CH,Without Sequence,105,,
26/09/2025 15:00:00 - 26/09/2025 16:00:00,BZN|CH,Without Sequence,109.09,,
26/09/2025 16:00:00 - 26/09/2025 17:00:00,BZN|CH,Without Sequence,124.81,,
26/09/2025 17:00:00 - 26/09/2025 18:00:00,BZN|CH,Without Sequence,139.11,,
26/09/2025 18:00:00 - 26/09/2025 19:00:00,BZN|CH,Without Sequence,121.02,,
26/09/2025 19:00:00 - 26/09/2025 20:00:00,BZN|CH,Without Sequence,108.02,,
26/09/2025 20:00:00 - 26/09/2025 21:00:00,BZN|CH,Without Sequence,104.35,,
26/09/2025 21:00:00 - 26/09/2025 22:00:00,BZN|CH,Without Sequence,100.91,,
26/09/2025 22:00:00 - 26/09/2025 23:00:00,BZN|CH,Without Sequence,99.33,,
26/09/2025 23:00:00 - 27/09/2025 00:00:00,BZN|CH,Without Sequence,97.29,,
27/09/2025 00:00:00 - 27/09/2025 01:00:00,BZN|CH,Without Sequence,97,,
27/09/2025 01:00:00 - 27/09/2025 02:00:00,BZN|CH,Without Sequence,96.92,,
27/09/2025 02:00:00 - 27/09/2025 03:00:00,BZN|CH,Without Sequence,95,,
27/09/2025 03:00:00 - 27/09/2025 04:00:00,BZN|CH,Without Sequence,94.92,,
27/09/2025 04:00:00 - 27/09/2025 05:00:00,BZN|CH,Without Sequence,97.02,,
27/09/2025 05:00:00 - 27/09/2025 06:00:00,BZN|CH,Without Sequence,106.06,,
27/09/2025 06:00:00 - 27/09/2025 07:00:00,BZN|CH,Without Sequence,105.43,,
27/09/2025 07:00:00 - 27/09/2025 08:00:00,BZN|CH,Without Sequence,98.04,,
27/09/2025 08:00:00 - 27/09/2025 09:00:00,BZN|CH,Without Sequence,90.32,,
27/09/2025 09:00:00 - 27/09/2025 10:00:00,BZN|CH,Without Sequence,82,,
27/09/2025 10:00:00 - 27/09/2025 11:00:00,BZN|CH,Without Sequence,75.6,,
27/09/2025 11:00:00 - 27/09/2025 12:00:00,BZN|CH,Without Sequence,66.95,,
27/09/2025 12:00:00 - 27/09/2025 13:00:00,BZN|CH,Without Sequence,69.84,,
27/09/2025 13:00:00 - 27/09/2025 14:00:00,BZN|CH,Without Sequence,77,,
27/09/2025 14:00:00 - 27/09/2025 15:00:00,BZN|CH,Without Sequence,92,,
27/09/2025 15:00:00 - 27/09/2025 16:00:00,BZN|CH,Without Sequence,108,,
27/09/2025 16:00:00 - 27/09/2025 17:00:00,BZN|CH,Without Sequence,121.4,,
27/09/2025 17:00:00 - 27/09/2025 18:00:00,BZN|CH,Without Sequence,125.95,,
27/09/2025 18:00:00 - 27/09/2025 19:00:00,BZN|CH,Without Sequence,121.39,,
27/09/2025 19:00:00 - 27/09/2025 20:00:00,BZN|CH,Without Sequence,110.1,,
27/09/2025 20:00:00 - 27/09/2025 21:00:00,BZN|CH,Without Sequence,108,,
27/09/2025 21:00:00 - 27/09/2025 22:00:00,BZN|CH,Without Sequence,103.66,,
27/09/2025 22:00:00 - 27/09/2025 23:00:00,BZN|CH,Without Sequence,99.82,,
27/09/2025 23:00:00 - 28/09/2025 00:00:00,BZN|CH,Without Sequence,97.06,,
28/09/2025 00:00:00 - 28/09/2025 01:00:00,BZN|CH,Without Sequence,95.62,,
28/09/2025 01:00:00 - 28/09/2025 02:00:00,BZN|CH,Without Sequence,97.09,,
28/09/2025 02:00:00 - 28/09/2025 03:00:00,BZN|CH,Without Sequence,98.71,,
28/09/2025 03:00:00 - 28/09/2025 04:00:00,BZN|CH,Without Sequence,99.41,,
28/09/2025 04:00:00 - 28/09/2025 05:00:00,BZN|CH,Without Sequence,101.65,,
28/09/2025 05:00:00 - 28/09/2025 06:00:00,BZN|CH,Without Sequence,104.16,,
28/09/2025 06:00:00 - 28/09/2025 07:00:00,BZN|CH,Without Sequence,102,,
28/09/2025 07:00:00 - 28/09/2025 08:00:00,BZN|CH,Without Sequence,89.03,,
28/09/2025 08:00:00 - 28/09/2025 09:00:00,BZN|CH,Without Sequence,80.8,,
28/09/2025 09:00:00 - 28/09/2025 10:00:00,BZN|CH,Without Sequence,29.77,,
28/09/2025 10:00:00 - 28/09/2025 11:00:00,BZN|CH,Without Sequence,6.91,,
28/09/2025 11:00:00 - 28/09/2025 12:00:00,BZN|CH,Without Sequence,1.83,,
28/09/2025 12:00:00 - 28/09/2025 13:00:00,BZN|CH,Without Sequence,4,,
28/09/2025 13:00:00 - 28/09/2025 14:00:00,BZN|CH,Without Sequence,46.5,,
28/09/2025 14:00:00 - 28/09/2025 15:00:00,BZN|CH,Without Sequence,84.04,,
28/09/2025 15:00:00 - 28/09/2025 16:00:00,BZN|CH,Without Sequence,106.9,,
28/09/2025 16:00:00 - 28/09/2025 17:00:00,BZN|CH,Without Sequence,120,,
28/09/2025 17:00:00 - 28/09/2025 18:00:00,BZN|CH,Without Sequence,125,,
28/09/2025 18:00:00 - 28/09/2025 19:00:00,BZN|CH,Without Sequence,120.51,,
28/09/2025 19:00:00 - 28/09/2025 20:00:00,BZN|CH,Without Sequence,113.64,,
28/09/2025 20:00:00 - 28/09/2025 21:00:00,BZN|CH,Without Sequence,105,,
28/09/2025 21:00:00 - 28/09/2025 22:00:00,BZN|CH,Without Sequence,98.86,,
28/09/2025 22:00:00 - 28/09/2025 23:00:00,BZN|CH,Without Sequence,93.88,,
28/09/2025 23:00:00 - 29/09/2025 00:00:00,BZN|CH,Without Sequence,92.01,,
29/09/2025 00:00:00 - 29/09/2025 01:00:00,BZN|CH,Without Sequence,91.64,,
29/09/2025 01:00:00 - 29/09/2025 02:00:00,BZN|CH,Without Sequence,90.07,,
29/09/2025 02:00:00 - 29/09/2025 03:00:00,BZN|CH,Without Sequence,94.58,,
29/09/2025 03:00:00 - 29/09/2025 04:00:00,BZN|CH,Without Sequence,101.5,,
29/09/2025 04:00:00 - 29/09/2025 05:00:00,BZN|CH,Without Sequence,123.3,,
29/09/2025 05:00:00 - 29/09/2025 06:00:00,BZN|CH,Without Sequence,140,,
29/09/2025 06:00:00 - 29/09/2025 07:00:00,BZN|CH,Without Sequence,145,,
29/09/2025 07:00:00 - 29/09/2025 08:00:00,BZN|CH,Without Sequence,122.14,,
29/09/2025 08:00:00 - 29/09/2025 09:00:00,BZN|CH,Without Sequence,99.18,,
29/09/2025 09:00:00 - 29/09/2025 10:00:00,BZN|CH,Without Sequence,87.04,,
29/09/2025 10:00:00 - 29/09/2025 11:00:00,BZN|CH,Without Sequence,80.29,,
29/09/2025 11:00:00 - 29/09/2025 12:00:00,BZN|CH,Without Sequence,83.05,,
29/09/2025 12:00:00 - 29/09/2025 13:00:00,BZN|CH,Without Sequence,88.8,,
29/09/2025 13:00:00 - 29/09/2025 14:00:00,BZN|CH,Without Sequence,91.6,,
29/09/2025 14:00:00 - 29/09/2025 15:00:00,BZN|CH,Without Sequence,107.01,,
29/09/2025 15:00:00 - 29/09/2025 16:00:00,BZN|CH,Without Sequence,125.3,,
29/09/2025 16:00:00 - 29/09/2025 17:00:00,BZN|CH,Without Sequence,142.72,,
29/09/2025 17:00:00 - 29/09/2025 18:00:00,BZN|CH,Without Sequence,150,,
29/09/2025 18:00:00 - 29/09/2025 19:00:00,BZN|CH,Without Sequence,139.52,,
29/09/2025 19:00:00 - 29/09/2025 20:00:00,BZN|CH,Without Sequence,123.41,,
29/09/2025 20:00:00 - 29/09/2025 21:00:00,BZN|CH,Without Sequence,113.6,,
29/09/2025 21:00:00 - 29/09/2025 22:00:00,BZN|CH,Without Sequence,104,,
29/09/2025 22:00:00 - 29/09/2025 23:00:00,BZN|CH,Without Sequence,100.92,,
29/09/2025 23:00:00 - 30/09/2025 00:00:00,BZN|CH,Without Sequence,100,,
30/09/2025 00:00:00 - 30/09/2025 01:00:00,BZN|CH,Without Sequence,98,,
30/09/2025 01:00:00 - 30/09/2025 02:00:00,BZN|CH,Without Sequence,97.07,,
30/09/2025 02:00:00 - 30/09/2025 03:00:00,BZN|CH,Without Sequence,98.6,,
30/09/2025 03:00:00 - 30/09/2025 04:00:00,BZN|CH,Without Sequence,106.06,,
30/09/2025 04:00:00 - 30/09/2025 05:00:00,BZN|CH,Without Sequence,126.49,,
30/09/2025 05:00:00 - 30/09/2025 06:00:00,BZN|CH,Without Sequence,153,,
30/09/2025 06:00:00 - 30/09/2025 07:00:00,BZN|CH,Without Sequence,161,,
30/09/2025 07:00:00 - 30/09/2025 08:00:00,BZN|CH,Without Sequence,125.19,,
30/09/2025 08:00:00 - 30/09/2025 09:00:00,BZN|CH,Without Sequence,114.81,,
30/09/2025 09:00:00 - 30/09/2025 10:00:00,BZN|CH,Without Sequence,102.11,,
30/09/2025 10:00:00 - 30/09/2025 11:00:00,BZN|CH,Without Sequence,93,,
30/09/2025 11:00:00 - 30/09/2025 12:00:00,BZN|CH,Without Sequence,90.63,,
30/09/2025 12:00:00 - 30/09/2025 13:00:00,BZN|CH,Without Sequence,93,,
30/09/2025 13:00:00 - 30/09/2025 14:00:00,BZN|CH,Without Sequence,100.17,,
30/09/2025 14:00:00 - 30/09/2025 15:00:00,BZN|CH,Without Sequence,112,,
30/09/2025 15:00:00 - 30/09/2025 16:00:00,BZN|CH,Without Sequence,129.99,,
30/09/2025 16:00:00 - 30/09/2025 17:00:00,BZN|CH,Without Sequence,135.29,,
30/09/2025 17:00:00 - 30/09/2025 18:00:00,BZN|CH,Without Sequence,150,,
30/09/2025 18:00:00 - 30/09/2025 19:00:00,BZN|CH,Without Sequence,139,,
30/09/2025 19:00:00 - 30/09/2025 20:00:00,BZN|CH,Without Sequence,119.58,,
30/09/2025 20:00:00 - 30/09/2025 21:00:00,BZN|CH,Without Sequence,109.03,,
30/09/2025 21:00:00 - 30/09/2025 22:00:00,BZN|CH,Without Sequence,101.36,,
30/09/2025 22:00:00 - 30/09/2025 23:00:00,BZN|CH,Without Sequence,101,,
30/09/2025 23:00:00 - 01/10/2025 00:00:00,BZN|CH,Without Sequence,98.46,,
01/10/2025 00:00:00 - 01/10/2025 01:00:00,BZN|CH,Without Sequence,98,,
01/10/2025 01:00:00 - 01/10/2025 02:00:00,BZN|CH,Without Sequence,97.56,,
01/10/2025 02:00:00 - 01/10/2025 03:00:00,BZN|CH,Without Sequence,98.57,,
01/10/2025 03:00:00 - 01/10/2025 04:00:00,BZN|CH,Without Sequence,106,,
01/10/2025 04:00:00 - 01/10/2025 05:00:00,BZN|CH,Without Sequence,125.53,,
01/10/2025 05:00:00 - 01/10/2025 06:00:00,BZN|CH,Without Sequence,140.6,,
01/10/2025 06:00:00 - 01/10/2025 07:00:00,BZN|CH,Without Sequence,144,,
01/10/2025 07:00:00 - 01/10/2025 08:00:00,BZN|CH,Without Sequence,120.31,,
01/10/2025 08:00:00 - 01/10/2025 09:00:00,BZN|CH,Without Sequence,104.53,,
01/10/2025 09:00:00 - 01/10/2025 10:00:00,BZN|CH,Without Sequence,101,,
01/10/2025 10:00:00 - 01/10/2025 11:00:00,BZN|CH,Without Sequence,94.8,,
01/10/2025 11:00:00 - 01/10/2025 12:00:00,BZN|CH,Without Sequence,91.82,,
01/10/2025 12:00:00 - 01/10/2025 13:00:00,BZN|CH,Without Sequence,95,,
01/10/2025 13:00:00 - 01/10/2025 14:00:00,BZN|CH,Without Sequence,98,,
01/10/2025 14:00:00 - 01/10/2025 15:00:00,BZN|CH,Without Sequence,105.93,,
01/10/2025 15:00:00 - 01/10/2025 16:00:00,BZN|CH,Without Sequence,122.1,,
01/10/2025 16:00:00 - 01/10/2025 17:00:00,BZN|CH,Without Sequence,125.1,,
01/10/2025 17:00:00 - 01/10/2025 18:00:00,BZN|CH,Without Sequence,136.67,,
01/10/2025 18:00:00 - 01/10/2025 19:00:00,BZN|CH,Without Sequence,126.03,,
01/10/2025 19:00:00 - 01/10/2025 20:00:00,BZN|CH,Without Sequence,120.99,,
01/10/2025 20:00:00 - 01/10/2025 21:00:00,BZN|CH,Without Sequence,107.75,,
01/10/2025 21:00:00 - 01/10/2025 22:00:00,BZN|CH,Without Sequence,100.66,,
01/10/2025 22:00:00 - 01/10/2025 23:00:00,BZN|CH,Without Sequence,93.03,,
01/10/2025 23:00:00 - 02/10/2025 00:00:00,BZN|CH,Without Sequence,89.2,,
02/10/2025 00:00:00 - 02/10/2025 01:00:00,BZN|CH,Without Sequence,88.13,,
02/10/2025 01:00:00 - 02/10/2025 02:00:00,BZN|CH,Without Sequence,88.34,,
02/10/2025 02:00:00 - 02/10/2025 03:00:00,BZN|CH,Without Sequence,89.82,,
02/10/2025 03:00:00 - 02/10/2025 04:00:00,BZN|CH,Without Sequence,96.52,,
02/10/2025 04:00:00 - 02/10/2025 05:00:00,BZN|CH,Without Sequence,123.31,,
02/10/2025 05:00:00 - 02/10/2025 06:00:00,BZN|CH,Without Sequence,144,,
02/10/2025 06:00:00 - 02/10/2025 07:00:00,BZN|CH,Without Sequence,136,,
02/10/2025 07:00:00 - 02/10/2025 08:00:00,BZN|CH,Without Sequence,106.5,,
02/10/2025 08:00:00 - 02/10/2025 09:00:00,BZN|CH,Without Sequence,88.1,,
02/10/2025 09:00:00 - 02/10/2025 10:00:00,BZN|CH,Without Sequence,83.23,,
02/10/2025 10:00:00 - 02/10/2025 11:00:00,BZN|CH,Without Sequence,77.45,,
02/10/2025 11:00:00 - 02/10/2025 12:00:00,BZN|CH,Without Sequence,73.43,,
02/10/2025 12:00:00 - 02/10/2025 13:00:00,BZN|CH,Without Sequence,74.99,,
02/10/2025 13:00:00 - 02/10/2025 14:00:00,BZN|CH,Without Sequence,82.33,,
02/10/2025 14:00:00 - 02/10/2025 15:00:00,BZN|CH,Without Sequence,96.58,,
02/10/2025 15:00:00 - 02/10/2025 16:00:00,BZN|CH,Without Sequence,113,,
02/10/2025 16:00:00 - 02/10/2025 17:00:00,BZN|CH,Without Sequence,134.12,,
02/10/2025 17:00:00 - 02/10/2025 18:00:00,BZN|CH,Without Sequence,140,,
02/10/2025 18:00:00 - 02/10/2025 19:00:00,BZN|CH,Without Sequence,121.3,,
02/10/2025 19:00:00 - 02/10/2025 20:00:00,BZN|CH,Without Sequence,103.59,,
02/10/2025 20:00:00 - 02/10/2025 21:00:00,BZN|CH,Without Sequence,101.3,,
02/10/2025 21:00:00 - 02/10/2025 22:00:00,BZN|CH,Without Sequence,96.92,,
02/10/2025 22:00:00 - 02/10/2025 23:00:00,BZN|CH,Without Sequence,99.3,,
02/10/2025 23:00:00 - 03/10/2025 00:00:00,BZN|CH,Without Sequence,93.77,,
03/10/2025 00:00:00 - 03/10/2025 01:00:00,BZN|CH,Without Sequence,88,,
03/10/2025 01:00:00 - 03/10/2025 02:00:00,BZN|CH,Without Sequence,87.3,,
03/10/2025 02:00:00 - 03/10/2025 03:00:00,BZN|CH,Without Sequence,86.9,,
03/10/2025 03:00:00 - 03/10/2025 04:00:00,BZN|CH,Without Sequence,95.5,,
03/10/2025 04:00:00 - 03/10/2025 05:00:00,BZN|CH,Without Sequence,110.1,,
03/10/2025 05:00:00 - 03/10/2025 06:00:00,BZN|CH,Without Sequence,117.38,,
03/10/2025 06:00:00 - 03/10/2025 07:00:00,BZN|CH,Without Sequence,114,,
03/10/2025 07:00:00 - 03/10/2025 08:00:00,BZN|CH,Without Sequence,106.68,,
03/10/2025 08:00:00 - 03/10/2025 09:00:00,BZN|CH,Without Sequence,100,,
03/10/2025 09:00:00 - 03/10/2025 10:00:00,BZN|CH,Without Sequence,89.14,,
03/10/2025 10:00:00 - 03/10/2025 11:00:00,BZN|CH,Without Sequence,82.9,,
03/10/2025 11:00:00 - 03/10/2025 12:00:00,BZN|CH,Without Sequence,80.95,,
03/10/2025 12:00:00 - 03/10/2025 13:00:00,BZN|CH,Without Sequence,82.06,,
03/10/2025 13:00:00 - 03/10/2025 14:00:00,BZN|CH,Without Sequence,85.93,,
03/10/2025 14:00:00 - 03/10/2025 15:00:00,BZN|CH,Without Sequence,93.41,,
03/10/2025 15:00:00 - 03/10/2025 16:00:00,BZN|CH,Without Sequence,110.63,,
03/10/2025 16:00:00 - 03/10/2025 17:00:00,BZN|CH,Without Sequence,111.6,,
03/10/2025 17:00:00 - 03/10/2025 18:00:00,BZN|CH,Without Sequence,111.6,,
03/10/2025 18:00:00 - 03/10/2025 19:00:00,BZN|CH,Without Sequence,108.48,,
03/10/2025 19:00:00 - 03/10/2025 20:00:00,BZN|CH,Without Sequence,104.78,,
03/10/2025 20:00:00 - 03/10/2025 21:00:00,BZN|CH,Without Sequence,101.03,,
03/10/2025 21:00:00 - 03/10/2025 22:00:00,BZN|CH,Without Sequence,100.08,,
03/10/2025 22:00:00 - 03/10/2025 23:00:00,BZN|CH,Without Sequence,97.05,,
03/10/2025 23:00:00 - 04/10/2025 00:00:00,BZN|CH,Without Sequence,95.06,,
04/10/2025 00:00:00 - 04/10/2025 01:00:00,BZN|CH,Without Sequence,94.05,,
04/10/2025 01:00:00 - 04/10/2025 02:00:00,BZN|CH,Without Sequence,91.96,,
04/10/2025 02:00:00 - 04/10/2025 03:00:00,BZN|CH,Without Sequence,92.39,,
04/10/2025 03:00:00 - 04/10/2025 04:00:00,BZN|CH,Without Sequence,95.74,,
04/10/2025 04:00:00 - 04/10/2025 05:00:00,BZN|CH,Without Sequence,102.08,,
04/10/2025 05:00:00 - 04/10/2025 06:00:00,BZN|CH,Without Sequence,104,,
04/10/2025 06:00:00 - 04/10/2025 07:00:00,BZN|CH,Without Sequence,100.27,,
04/10/2025 07:00:00 - 04/10/2025 08:00:00,BZN|CH,Without Sequence,99.2,,
04/10/2025 08:00:00 - 04/10/2025 09:00:00,BZN|CH,Without Sequence,88.65,,
04/10/2025 09:00:00 - 04/10/2025 10:00:00,BZN|CH,Without Sequence,80.8,,
04/10/2025 10:00:00 - 04/10/2025 11:00:00,BZN|CH,Without Sequence,67,,
04/10/2025 11:00:00 - 04/10/2025 12:00:00,BZN|CH,Without Sequence,60.09,,
04/10/2025 12:00:00 - 04/10/2025 13:00:00,BZN|CH,Without Sequence,63.72,,
04/10/2025 13:00:00 - 04/10/2025 14:00:00,BZN|CH,Without Sequence,83.11,,
04/10/2025 14:00:00 - 04/10/2025 15:00:00,BZN|CH,Without Sequence,93.27,,
04/10/2025 15:00:00 - 04/10/2025 16:00:00,BZN|CH,Without Sequence,102.01,,
04/10/2025 16:00:00 - 04/10/2025 17:00:00,BZN|CH,Without Sequence,102.06,,
04/10/2025 17:00:00 - 04/10/2025 18:00:00,BZN|CH,Without Sequence,102.81,,
04/10/2025 18:00:00 - 04/10/2025 19:00:00,BZN|CH,Without Sequence,97.09,,
04/10/2025 19:00:00 - 04/10/2025 20:00:00,BZN|CH,Without Sequence,96.46,,
04/10/2025 20:00:00 - 04/10/2025 21:00:00,BZN|CH,Without Sequence,99.6,,
04/10/2025 21:00:00 - 04/10/2025 22:00:00,BZN|CH,Without Sequence,88.75,,
04/10/2025 22:00:00 - 04/10/2025 23:00:00,BZN|CH,Without Sequence,83.05,,
04/10/2025 23:00:00 - 05/10/2025 00:00:00,BZN|CH,Without Sequence,83.81,,
05/10/2025 00:00:00 - 05/10/2025 01:00:00,BZN|CH,Without Sequence,83.09,,
05/10/2025 01:00:00 - 05/10/2025 02:00:00,BZN|CH,Without Sequence,80.8,,
05/10/2025 02:00:00 - 05/10/2025 03:00:00,BZN|CH,Without Sequence,81.86,,
05/10/2025 03:00:00 - 05/10/2025 04:00:00,BZN|CH,Without Sequence,82.25,,
05/10/2025 04:00:00 - 05/10/2025 05:00:00,BZN|CH,Without Sequence,84.24,,
05/10/2025 05:00:00 - 05/10/2025 06:00:00,BZN|CH,Without Sequence,91.79,,
05/10/2025 06:00:00 - 05/10/2025 07:00:00,BZN|CH,Without Sequence,90.31,,
05/10/2025 07:00:00 - 05/10/2025 08:00:00,BZN|CH,Without Sequence,77.1,,
05/10/2025 08:00:00 - 05/10/2025 09:00:00,BZN|CH,Without Sequence,62.16,,
05/10/2025 09:00:00 - 05/10/2025 10:00:00,BZN|CH,Without Sequence,43.69,,
05/10/2025 10:00:00 - 05/10/2025 11:00:00,BZN|CH,Without Sequence,19.99,,
05/10/2025 11:00:00 - 05/10/2025 12:00:00,BZN|CH,Without Sequence,5,,
05/10/2025 12:00:00 - 05/10/2025 13:00:00,BZN|CH,Without Sequence,7,,
05/10/2025 13:00:00 - 05/10/2025 14:00:00,BZN|CH,Without Sequence,35.74,,
05/10/2025 14:00:00 - 05/10/2025 15:00:00,BZN|CH,Without Sequence,71.63,,
05/10/2025 15:00:00 - 05/10/2025 16:00:00,BZN|CH,Without Sequence,86.78,,
05/10/2025 16:00:00 - 05/10/2025 17:00:00,BZN|CH,Without Sequence,101.61,,
05/10/2025 17:00:00 - 05/10/2025 18:00:00,BZN|CH,Without Sequence,103.3,,
05/10/2025 18:00:00 - 05/10/2025 19:00:00,BZN|CH,Without Sequence,100.9,,
05/10/2025 19:00:00 - 05/10/2025 20:00:00,BZN|CH,Without Sequence,100.92,,
05/10/2025 20:00:00 - 05/10/2025 21:00:00,BZN|CH,Without Sequence,95.56,,
05/10/2025 21:00:00 - 05/10/2025 22:00:00,BZN|CH,Without Sequence,90.69,,
05/10/2025 22:00:00 - 05/10/2025 23:00:00,BZN|CH,Without Sequence,80,,
05/10/2025 23:00:00 - 06/10/2025 00:00:00,BZN|CH,Without Sequence,81.9,,
06/10/2025 00:00:00 - 06/10/2025 01:00:00,BZN|CH,Without Sequence,78.1,,
06/10/2025 01:00:00 - 06/10/2025 02:00:00,BZN|CH,Without Sequence,81.08,,
06/10/2025 02:00:00 - 06/10/2025 03:00:00,BZN|CH,Without Sequence,83.76,,
06/10/2025 03:00:00 - 06/10/2025 04:00:00,BZN|CH,Without Sequence,87.2,,
06/10/2025 04:00:00 - 06/10/2025 05:00:00,BZN|CH,Without Sequence,106,,
06/10/2025 05:00:00 - 06/10/2025 06:00:00,BZN|CH,Without Sequence,114.4,,
06/10/2025 06:00:00 - 06/10/2025 07:00:00,BZN|CH,Without Sequence,115.1,,
06/10/2025 07:00:00 - 06/10/2025 08:00:00,BZN|CH,Without Sequence,106.59,,
06/10/2025 08:00:00 - 06/10/2025 09:00:00,BZN|CH,Without Sequence,97,,
06/10/2025 09:00:00 - 06/10/2025 10:00:00,BZN|CH,Without Sequence,88,,
06/10/2025 10:00:00 - 06/10/2025 11:00:00,BZN|CH,Without Sequence,79.2,,
06/10/2025 11:00:00 - 06/10/2025 12:00:00,BZN|CH,Without Sequence,79,,
06/10/2025 12:00:00 - 06/10/2025 13:00:00,BZN|CH,Without Sequence,84,,
06/10/2025 13:00:00 - 06/10/2025 14:00:00,BZN|CH,Without Sequence,89.3,,
06/10/2025 14:00:00 - 06/10/2025 15:00:00,BZN|CH,Without Sequence,101.36,,
06/10/2025 15:00:00 - 06/10/2025 16:00:00,BZN|CH,Without Sequence,120.03,,
06/10/2025 16:00:00 - 06/10/2025 17:00:00,BZN|CH,Without Sequence,129.41,,
06/10/2025 17:00:00 - 06/10/2025 18:00:00,BZN|CH,Without Sequence,136.01,,
06/10/2025 18:00:00 - 06/10/2025 19:00:00,BZN|CH,Without Sequence,127.49,,
06/10/2025 19:00:00 - 06/10/2025 20:00:00,BZN|CH,Without Sequence,116.19,,
06/10/2025 20:00:00 - 06/10/2025 21:00:00,BZN|CH,Without Sequence,108.7,,
06/10/2025 21:00:00 - 06/10/2025 22:00:00,BZN|CH,Without Sequence,102.06,,
06/10/2025 22:00:00 - 06/10/2025 23:00:00,BZN|CH,Without Sequence,94.83,,
06/10/2025 23:00:00 - 07/10/2025 00:00:00,BZN|CH,Without Sequence,90,,
07/10/2025 00:00:00 - 07/10/2025 01:00:00,BZN|CH,Without Sequence,89.44,,
07/10/2025 01:00:00 - 07/10/2025 02:00:00,BZN|CH,Without Sequence,90.01,,
07/10/2025 02:00:00 - 07/10/2025 03:00:00,BZN|CH,Without Sequence,90,,
07/10/2025 03:00:00 - 07/10/2025 04:00:00,BZN|CH,Without Sequence,98.48,,
07/10/2025 04:00:00 - 07/10/2025 05:00:00,BZN|CH,Without Sequence,119.99,,
07/10/2025 05:00:00 - 07/10/2025 06:00:00,BZN|CH,Without Sequence,131.1,,
07/10/2025 06:00:00 - 07/10/2025 07:00:00,BZN|CH,Without Sequence,134,,
07/10/2025 07:00:00 - 07/10/2025 08:00:00,BZN|CH,Without Sequence,125.62,,
07/10/2025 08:00:00 - 07/10/2025 09:00:00,BZN|CH,Without Sequence,118.33,,
07/10/2025 09:00:00 - 07/10/2025 10:00:00,BZN|CH,Without Sequence,114.71,,
07/10/2025 10:00:00 - 07/10/2025 11:00:00,BZN|CH,Without Sequence,105.91,,
07/10/2025 11:00:00 - 07/10/2025 12:00:00,BZN|CH,Without Sequence,100,,
07/10/2025 12:00:00 - 07/10/2025 13:00:00,BZN|CH,Without Sequence,100,,
07/10/2025 13:00:00 - 07/10/2025 14:00:00,BZN|CH,Without Sequence,105.98,,
07/10/2025 14:00:00 - 07/10/2025 15:00:00,BZN|CH,Without Sequence,114.7,,
07/10/2025 15:00:00 - 07/10/2025 16:00:00,BZN|CH,Without Sequence,121.39,,
07/10/2025 16:00:00 - 07/10/2025 17:00:00,BZN|CH,Without Sequence,127.02,,
07/10/2025 17:00:00 - 07/10/2025 18:00:00,BZN|CH,Without Sequence,140.81,,
07/10/2025 18:00:00 - 07/10/2025 19:00:00,BZN|CH,Without Sequence,134,,
07/10/2025 19:00:00 - 07/10/2025 20:00:00,BZN|CH,Without Sequence,118.45,,
07/10/2025 20:00:00 - 07/10/2025 21:00:00,BZN|CH,Without Sequence,109.4,,
07/10/2025 21:00:00 - 07/10/2025 22:00:00,BZN|CH,Without Sequence,103.3,,
07/10/2025 22:00:00 - 07/10/2025 23:00:00,BZN|CH,Without Sequence,100.1,,
07/10/2025 23:00:00 - 08/10/2025 00:00:00,BZN|CH,Without Sequence,95.4,,
08/10/2025 00:00:00 - 08/10/2025 01:00:00,BZN|CH,Without Sequence,94,,
08/10/2025 01:00:00 - 08/10/2025 02:00:00,BZN|CH,Without Sequence,94,,
08/10/2025 02:00:00 - 08/10/2025 03:00:00,BZN|CH,Without Sequence,94.86,,
08/10/2025 03:00:00 - 08/10/2025 04:00:00,BZN|CH,Without Sequence,99.84,,
08/10/2025 04:00:00 - 08/10/2025 05:00:00,BZN|CH,Without Sequence,125.01,,
08/10/2025 05:00:00 - 08/10/2025 06:00:00,BZN|CH,Without Sequence,143.92,,
08/10/2025 06:00:00 - 08/10/2025 07:00:00,BZN|CH,Without Sequence,150,,
08/10/2025 07:00:00 - 08/10/2025 08:00:00,BZN|CH,Without Sequence,134,,
08/10/2025 08:00:00 - 08/10/2025 09:00:00,BZN|CH,Without Sequence,120.34,,
08/10/2025 09:00:00 - 08/10/2025 10:00:00,BZN|CH,Without Sequence,106,,
08/10/2025 10:00:00 - 08/10/2025 11:00:00,BZN|CH,Without Sequence,93.55,,
08/10/2025 11:00:00 - 08/10/2025 12:00:00,BZN|CH,Without Sequence,92,,
08/10/2025 12:00:00 - 08/10/2025 13:00:00,BZN|CH,Without Sequence,94.24,,
08/10/2025 13:00:00 - 08/10/2025 14:00:00,BZN|CH,Without Sequence,100.23,,
08/10/2025 14:00:00 - 08/10/2025 15:00:00,BZN|CH,Without Sequence,116.5,,
08/10/2025 15:00:00 - 08/10/2025 16:00:00,BZN|CH,Without Sequence,127.58,,
08/10/2025 16:00:00 - 08/10/2025 17:00:00,BZN|CH,Without Sequence,133.1,,
08/10/2025 17:00:00 - 08/10/2025 18:00:00,BZN|CH,Without Sequence,147.75,,
08/10/2025 18:00:00 - 08/10/2025 19:00:00,BZN|CH,Without Sequence,141.04,,
08/10/2025 19:00:00 - 08/10/2025 20:00:00,BZN|CH,Without Sequence,126.02,,
08/10/2025 20:00:00 - 08/10/2025 21:00:00,BZN|CH,Without Sequence,114.5,,
08/10/2025 21:00:00 - 08/10/2025 22:00:00,BZN|CH,Without Sequence,104.94,,
08/10/2025 22:00:00 - 08/10/2025 23:00:00,BZN|CH,Without Sequence,104,,
08/10/2025 23:00:00 - 09/10/2025 00:00:00,BZN|CH,Without Sequence,99,,
09/10/2025 00:00:00 - 09/10/2025 01:00:00,BZN|CH,Without Sequence,98.1,,
09/10/2025 01:00:00 - 09/10/2025 02:00:00,BZN|CH,Without Sequence,95.33,,
09/10/2025 02:00:00 - 09/10/2025 03:00:00,BZN|CH,Without Sequence,95.84,,
09/10/2025 03:00:00 - 09/10/2025 04:00:00,BZN|CH,Without Sequence,106.25,,
09/10/2025 04:00:00 - 09/10/2025 05:00:00,BZN|CH,Without Sequence,124,,
09/10/2025 05:00:00 - 09/10/2025 06:00:00,BZN|CH,Without Sequence,154.56,,
09/10/2025 06:00:00 - 09/10/2025 07:00:00,BZN|CH,Without Sequence,155.59,,
09/10/2025 07:00:00 - 09/10/2025 08:00:00,BZN|CH,Without Sequence,125,,
09/10/2025 08:00:00 - 09/10/2025 09:00:00,BZN|CH,Without Sequence,117.98,,
09/10/2025 09:00:00 - 09/10/2025 10:00:00,BZN|CH,Without Sequence,103.01,,
09/10/2025 10:00:00 - 09/10/2025 11:00:00,BZN|CH,Without Sequence,93.21,,
09/10/2025 11:00:00 - 09/10/2025 12:00:00,BZN|CH,Without Sequence,94.71,,
09/10/2025 12:00:00 - 09/10/2025 13:00:00,BZN|CH,Without Sequence,97,,
09/10/2025 13:00:00 - 09/10/2025 14:00:00,BZN|CH,Without Sequence,105.66,,
09/10/2025 14:00:00 - 09/10/2025 15:00:00,BZN|CH,Without Sequence,120,,
09/10/2025 15:00:00 - 09/10/2025 16:00:00,BZN|CH,Without Sequence,125,,
09/10/2025 16:00:00 - 09/10/2025 17:00:00,BZN|CH,Without Sequence,131.55,,
09/10/2025 17:00:00 - 09/10/2025 18:00:00,BZN|CH,Without Sequence,134,,
09/10/2025 18:00:00 - 09/10/2025 19:00:00,BZN|CH,Without Sequence,123.48,,
09/10/2025 19:00:00 - 09/10/2025 20:00:00,BZN|CH,Without Sequence,117.85,,
09/10/2025 20:00:00 - 09/10/2025 21:00:00,BZN|CH,Without Sequence,115.31,,
09/10/2025 21:00:00 - 09/10/2025 22:00:00,BZN|CH,Without Sequence,110.28,,
09/10/2025 22:00:00 - 09/10/2025 23:00:00,BZN|CH,Without Sequence,104.21,,
09/10/2025 23:00:00 - 10/10/2025 00:00:00,BZN|CH,Without Sequence,102.23,,
10/10/2025 00:00:00 - 10/10/2025 01:00:00,BZN|CH,Without Sequence,102,,
10/10/2025 01:00:00 - 10/10/2025 02:00:00,BZN|CH,Without Sequence,97,,
10/10/2025 02:00:00 - 10/10/2025 03:00:00,BZN|CH,Without Sequence,96.61,,
10/10/2025 03:00:00 - 10/10/2025 04:00:00,BZN|CH,Without Sequence,99.78,,
10/10/2025 04:00:00 - 10/10/2025 05:00:00,BZN|CH,Without Sequence,114.93,,
10/10/2025 05:00:00 - 10/10/2025 06:00:00,BZN|CH,Without Sequence,122.3,,
10/10/2025 06:00:00 - 10/10/2025 07:00:00,BZN|CH,Without Sequence,126.42,,
10/10/2025 07:00:00 - 10/10/2025 08:00:00,BZN|CH,Without Sequence,118.06,,
10/10/2025 08:00:00 - 10/10/2025 09:00:00,BZN|CH,Without Sequence,114.1,,
10/10/2025 09:00:00 - 10/10/2025 10:00:00,BZN|CH,Without Sequence,103.16,,
10/10/2025 10:00:00 - 10/10/2025 11:00:00,BZN|CH,Without Sequence,94.28,,
10/10/2025 11:00:00 - 10/10/2025 12:00:00,BZN|CH,Without Sequence,87,,
10/10/2025 12:00:00 - 10/10/2025 13:00:00,BZN|CH,Without Sequence,84.1,,
10/10/2025 13:00:00 - 10/10/2025 14:00:00,BZN|CH,Without Sequence,95.46,,
10/10/2025 14:00:00 - 10/10/2025 15:00:00,BZN|CH,Without Sequence,103.07,,
10/10/2025 15:00:00 - 10/10/2025 16:00:00,BZN|CH,Without Sequence,115.49,,
10/10/2025 16:00:00 - 10/10/2025 17:00:00,BZN|CH,Without Sequence,126.16,,
10/10/2025 17:00:00 - 10/10/2025 18:00:00,BZN|CH,Without Sequence,129.76,,
10/10/2025 18:00:00 - 10/10/2025 19:00:00,BZN|CH,Without Sequence,118.1,,
10/10/2025 19:00:00 - 10/10/2025 20:00:00,BZN|CH,Without Sequence,113.74,,
10/10/2025 20:00:00 - 10/10/2025 21:00:00,BZN|CH,Without Sequence,111.86,,
10/10/2025 21:00:00 - 10/10/2025 22:00:00,BZN|CH,Without Sequence,106.06,,
10/10/2025 22:00:00 - 10/10/2025 23:00:00,BZN|CH,Without Sequence,98.44,,
10/10/2025 23:00:00 - 11/10/2025 00:00:00,BZN|CH,Without Sequence,96.89,,
11/10/2025 00:00:00 - 11/10/2025 01:00:00,BZN|CH,Without Sequence,96.5,,
11/10/2025 01:00:00 - 11/10/2025 02:00:00,BZN|CH,Without Sequence,96.51,,
11/10/2025 02:00:00 - 11/10/2025 03:00:00,BZN|CH,Without Sequence,95.01,,
11/10/2025 03:00:00 - 11/10/2025 04:00:00,BZN|CH,Without Sequence,96.04,,
11/10/2025 04:00:00 - 11/10/2025 05:00:00,BZN|CH,Without Sequence,94.91,,
11/10/2025 05:00:00 - 11/10/2025 06:00:00,BZN|CH,Without Sequence,99.17,,
11/10/2025 06:00:00 - 11/10/2025 07:00:00,BZN|CH,Without Sequence,106.95,,
11/10/2025 07:00:00 - 11/10/2025 08:00:00,BZN|CH,Without Sequence,99.58,,
11/10/2025 08:00:00 - 11/10/2025 09:00:00,BZN|CH,Without Sequence,86,,
11/10/2025 09:00:00 - 11/10/2025 10:00:00,BZN|CH,Without Sequence,73.48,,
11/10/2025 10:00:00 - 11/10/2025 11:00:00,BZN|CH,Without Sequence,54.1,,
11/10/2025 11:00:00 - 11/10/2025 12:00:00,BZN|CH,Without Sequence,44.31,,
11/10/2025 12:00:00 - 11/10/2025 13:00:00,BZN|CH,Without Sequence,45.17,,
11/10/2025 13:00:00 - 11/10/2025 14:00:00,BZN|CH,Without Sequence,72.57,,
11/10/2025 14:00:00 - 11/10/2025 15:00:00,BZN|CH,Without Sequence,93.53,,
11/10/2025 15:00:00 - 11/10/2025 16:00:00,BZN|CH,Without Sequence,114,,
11/10/2025 16:00:00 - 11/10/2025 17:00:00,BZN|CH,Without Sequence,124.22,,
11/10/2025 17:00:00 - 11/10/2025 18:00:00,BZN|CH,Without Sequence,127.54,,
11/10/2025 18:00:00 - 11/10/2025 19:00:00,BZN|CH,Without Sequence,119.97,,
11/10/2025 19:00:00 - 11/10/2025 20:00:00,BZN|CH,Without Sequence,112.89,,
11/10/2025 20:00:00 - 11/10/2025 21:00:00,BZN|CH,Without Sequence,111,,
11/10/2025 21:00:00 - 11/10/2025 22:00:00,BZN|CH,Without Sequence,97.51,,
11/10/2025 22:00:00 - 11/10/2025 23:00:00,BZN|CH,Without Sequence,99.18,,
11/10/2025 23:00:00 - 12/10/2025 00:00:00,BZN|CH,Without Sequence,95,,
12/10/2025 00:00:00 - 12/10/2025 01:00:00,BZN|CH,Without Sequence,90.04,,
12/10/2025 01:00:00 - 12/10/2025 02:00:00,BZN|CH,Without Sequence,89,,
12/10/2025 02:00:00 - 12/10/2025 03:00:00,BZN|CH,Without Sequence,86.7,,
12/10/2025 03:00:00 - 12/10/2025 04:00:00,BZN|CH,Without Sequence,88,,
12/10/2025 04:00:00 - 12/10/2025 05:00:00,BZN|CH,Without Sequence,90.63,,
12/10/2025 05:00:00 - 12/10/2025 06:00:00,BZN|CH,Without Sequence,93,,
12/10/2025 06:00:00 - 12/10/2025 07:00:00,BZN|CH,Without Sequence,91.2,,
12/10/2025 07:00:00 - 12/10/2025 08:00:00,BZN|CH,Without Sequence,81.49,,
12/10/2025 08:00:00 - 12/10/2025 09:00:00,BZN|CH,Without Sequence,80.54,,
12/10/2025 09:00:00 - 12/10/2025 10:00:00,BZN|CH,Without Sequence,65.96,,
12/10/2025 10:00:00 - 12/10/2025 11:00:00,BZN|CH,Without Sequence,55.47,,
12/10/2025 11:00:00 - 12/10/2025 12:00:00,BZN|CH,Without Sequence,37.9,,
12/10/2025 12:00:00 - 12/10/2025 13:00:00,BZN|CH,Without Sequence,47.96,,
12/10/2025 13:00:00 - 12/10/2025 14:00:00,BZN|CH,Without Sequence,72.5,,
12/10/2025 14:00:00 - 12/10/2025 15:00:00,BZN|CH,Without Sequence,95,,
12/10/2025 15:00:00 - 12/10/2025 16:00:00,BZN|CH,Without Sequence,114,,
12/10/2025 16:00:00 - 12/10/2025 17:00:00,BZN|CH,Without Sequence,132.51,,
12/10/2025 17:00:00 - 12/10/2025 18:00:00,BZN|CH,Without Sequence,139.37,,
12/10/2025 18:00:00 - 12/10/2025 19:00:00,BZN|CH,Without Sequence,125,,
12/10/2025 19:00:00 - 12/10/2025 20:00:00,BZN|CH,Without Sequence,120,,
12/10/2025 20:00:00 - 12/10/2025 21:00:00,BZN|CH,Without Sequence,116,,
12/10/2025 21:00:00 - 12/10/2025 22:00:00,BZN|CH,Without Sequence,107.2,,
12/10/2025 22:00:00 - 12/10/2025 23:00:00,BZN|CH,Without Sequence,102.6,,
12/10/2025 23:00:00 - 13/10/2025 00:00:00,BZN|CH,Without Sequence,97.94,,
13/10/2025 00:00:00 - 13/10/2025 01:00:00,BZN|CH,Without Sequence,96,,
13/10/2025 01:00:00 - 13/10/2025 02:00:00,BZN|CH,Without Sequence,95.76,,
13/10/2025 02:00:00 - 13/10/2025 03:00:00,BZN|CH,Without Sequence,96.73,,
13/10/2025 03:00:00 - 13/10/2025 04:00:00,BZN|CH,Without Sequence,107.3,,
13/10/2025 04:00:00 - 13/10/2025 05:00:00,BZN|CH,Without Sequence,131.29,,
13/10/2025 05:00:00 - 13/10/2025 06:00:00,BZN|CH,Without Sequence,147.02,,
13/10/2025 06:00:00 - 13/10/2025 07:00:00,BZN|CH,Without Sequence,155,,
13/10/2025 07:00:00 - 13/10/2025 08:00:00,BZN|CH,Without Sequence,144.14,,
13/10/2025 08:00:00 - 13/10/2025 09:00:00,BZN|CH,Without Sequence,132,,
13/10/2025 09:00:00 - 13/10/2025 10:00:00,BZN|CH,Without Sequence,116.4,,
13/10/2025 10:00:00 - 13/10/2025 11:00:00,BZN|CH,Without Sequence,107.21,,
13/10/2025 11:00:00 - 13/10/2025 12:00:00,BZN|CH,Without Sequence,105.86,,
13/10/2025 12:00:00 - 13/10/2025 13:00:00,BZN|CH,Without Sequence,108.41,,
13/10/2025 13:00:00 - 13/10/2025 14:00:00,BZN|CH,Without Sequence,115.01,,
13/10/2025 14:00:00 - 13/10/2025 15:00:00,BZN|CH,Without Sequence,129.02,,
13/10/2025 15:00:00 - 13/10/2025 16:00:00,BZN|CH,Without Sequence,142.97,,
13/10/2025 16:00:00 - 13/10/2025 17:00:00,BZN|CH,Without Sequence,144.07,,
13/10/2025 17:00:00 - 13/10/2025 18:00:00,BZN|CH,Without Sequence,150.04,,
13/10/2025 18:00:00 - 13/10/2025 19:00:00,BZN|CH,Without Sequence,141.43,,
13/10/2025 19:00:00 - 13/10/2025 20:00:00,BZN|CH,Without Sequence,130.3,,
13/10/2025 20:00:00 - 13/10/2025 21:00:00,BZN|CH,Without Sequence,117.45,,
13/10/2025 21:00:00 - 13/10/2025 22:00:00,BZN|CH,Without Sequence,107.19,,
13/10/2025 22:00:00 - 13/10/2025 23:00:00,BZN|CH,Without Sequence,104.95,,
13/10/2025 23:00:00 - 14/10/2025 00:00:00,BZN|CH,Without Sequence,101.17,,
14/10/2025 00:00:00 - 14/10/2025 01:00:00,BZN|CH,Without Sequence,99.09,,
14/10/2025 01:00:00 - 14/10/2025 02:00:00,BZN|CH,Without Sequence,98.93,,
14/10/2025 02:00:00 - 14/10/2025 03:00:00,BZN|CH,Without Sequence,100,,
14/10/2025 03:00:00 - 14/10/2025 04:00:00,BZN|CH,Without Sequence,108.47,,
14/10/2025 04:00:00 - 14/10/2025 05:00:00,BZN|CH,Without Sequence,125.06,,
14/10/2025 05:00:00 - 14/10/2025 06:00:00,BZN|CH,Without Sequence,149.65,,
14/10/2025 06:00:00 - 14/10/2025 07:00:00,BZN|CH,Without Sequence,155.48,,
14/10/2025 07:00:00 - 14/10/2025 08:00:00,BZN|CH,Without Sequence,139,,
14/10/2025 08:00:00 - 14/10/2025 09:00:00,BZN|CH,Without Sequence,119.4,,
14/10/2025 09:00:00 - 14/10/2025 10:00:00,BZN|CH,Without Sequence,107.92,,
14/10/2025 10:00:00 - 14/10/2025 11:00:00,BZN|CH,Without Sequence,98.08,,
14/10/2025 11:00:00 - 14/10/2025 12:00:00,BZN|CH,Without Sequence,98.03,,
14/10/2025 12:00:00 - 14/10/2025 13:00:00,BZN|CH,Without Sequence,97.59,,
14/10/2025 13:00:00 - 14/10/2025 14:00:00,BZN|CH,Without Sequence,111.06,,
14/10/2025 14:00:00 - 14/10/2025 15:00:00,BZN|CH,Without Sequence,121.64,,
14/10/2025 15:00:00 - 14/10/2025 16:00:00,BZN|CH,Without Sequence,143,,
14/10/2025 16:00:00 - 14/10/2025 17:00:00,BZN|CH,Without Sequence,148.08,,
14/10/2025 17:00:00 - 14/10/2025 18:00:00,BZN|CH,Without Sequence,159.99,,
14/10/2025 18:00:00 - 14/10/2025 19:00:00,BZN|CH,Without Sequence,149.03,,
14/10/2025 19:00:00 - 14/10/2025 20:00:00,BZN|CH,Without Sequence,142.98,,
14/10/2025 20:00:00 - 14/10/2025 21:00:00,BZN|CH,Without Sequence,122.22,,
14/10/2025 21:00:00 - 14/10/2025 22:00:00,BZN|CH,Without Sequence,115.47,,
14/10/2025 22:00:00 - 14/10/2025 23:00:00,BZN|CH,Without Sequence,114.02,,
14/10/2025 23:00:00 - 15/10/2025 00:00:00,BZN|CH,Without Sequence,108.32,,
15/10/2025 00:00:00 - 15/10/2025 01:00:00,BZN|CH,Without Sequence,106.45,,
15/10/2025 01:00:00 - 15/10/2025 02:00:00,BZN|CH,Without Sequence,106.1,,
15/10/2025 02:00:00 - 15/10/2025 03:00:00,BZN|CH,Without Sequence,105.83,,
15/10/2025 03:00:00 - 15/10/2025 04:00:00,BZN|CH,Without Sequence,113.31,,
15/10/2025 04:00:00 - 15/10/2025 05:00:00,BZN|CH,Without Sequence,131.02,,
15/10/2025 05:00:00 - 15/10/2025 06:00:00,BZN|CH,Without Sequence,141,,
15/10/2025 06:00:00 - 15/10/2025 07:00:00,BZN|CH,Without Sequence,152.93,,
15/10/2025 07:00:00 - 15/10/2025 08:00:00,BZN|CH,Without Sequence,139,,
15/10/2025 08:00:00 - 15/10/2025 09:00:00,BZN|CH,Without Sequence,131.48,,
15/10/2025 09:00:00 - 15/10/2025 10:00:00,BZN|CH,Without Sequence,118,,
15/10/2025 10:00:00 - 15/10/2025 11:00:00,BZN|CH,Without Sequence,107.84,,
15/10/2025 11:00:00 - 15/10/2025 12:00:00,BZN|CH,Without Sequence,105.29,,
15/10/2025 12:00:00 - 15/10/2025 13:00:00,BZN|CH,Without Sequence,111.3,,
15/10/2025 13:00:00 - 15/10/2025 14:00:00,BZN|CH,Without Sequence,116.31,,
15/10/2025 14:00:00 - 15/10/2025 15:00:00,BZN|CH,Without Sequence,120.81,,
15/10/2025 15:00:00 - 15/10/2025 16:00:00,BZN|CH,Without Sequence,139,,
15/10/2025 16:00:00 - 15/10/2025 17:00:00,BZN|CH,Without Sequence,155,,
15/10/2025 17:00:00 - 15/10/2025 18:00:00,BZN|CH,Without Sequence,165,,
15/10/2025 18:00:00 - 15/10/2025 19:00:00,BZN|CH,Without Sequence,141.41,,
15/10/2025 19:00:00 - 15/10/2025 20:00:00,BZN|CH,Without Sequence,129.63,,
15/10/2025 20:00:00 - 15/10/2025 21:00:00,BZN|CH,Without Sequence,120,,
15/10/2025 21:00:00 - 15/10/2025 22:00:00,BZN|CH,Without Sequence,113.84,,
15/10/2025 22:00:00 - 15/10/2025 23:00:00,BZN|CH,Without Sequence,111.69,,
15/10/2025 23:00:00 - 16/10/2025 00:00:00,BZN|CH,Without Sequence,105.54,,
16/10/2025 00:00:00 - 16/10/2025 01:00:00,BZN|CH,Without Sequence,103.1,,
16/10/2025 01:00:00 - 16/10/2025 02:00:00,BZN|CH,Without Sequence,102.47,,
16/10/2025 02:00:00 - 16/10/2025 03:00:00,BZN|CH,Without Sequence,106.5,,
16/10/2025 03:00:00 - 16/10/2025 04:00:00,BZN|CH,Without Sequence,110.08,,
16/10/2025 04:00:00 - 16/10/2025 05:00:00,BZN|CH,Without Sequence,120,,
16/10/2025 05:00:00 - 16/10/2025 06:00:00,BZN|CH,Without Sequence,131.85,,
16/10/2025 06:00:00 - 16/10/2025 07:00:00,BZN|CH,Without Sequence,137.13,,
16/10/2025 07:00:00 - 16/10/2025 08:00:00,BZN|CH,Without Sequence,123.5,,
16/10/2025 08:00:00 - 16/10/2025 09:00:00,BZN|CH,Without Sequence,117.63,,
16/10/2025 09:00:00 - 16/10/2025 10:00:00,BZN|CH,Without Sequence,115.91,,
16/10/2025 10:00:00 - 16/10/2025 11:00:00,BZN|CH,Without Sequence,108,,
16/10/2025 11:00:00 - 16/10/2025 12:00:00,BZN|CH,Without Sequence,106,,
16/10/2025 12:00:00 - 16/10/2025 13:00:00,BZN|CH,Without Sequence,112,,
16/10/2025 13:00:00 - 16/10/2025 14:00:00,BZN|CH,Without Sequence,114.1,,
16/10/2025 14:00:00 - 16/10/2025 15:00:00,BZN|CH,Without Sequence,118.64,,
16/10/2025 15:00:00 - 16/10/2025 16:00:00,BZN|CH,Without Sequence,123,,
16/10/2025 16:00:00 - 16/10/2025 17:00:00,BZN|CH,Without Sequence,142.34,,
16/10/2025 17:00:00 - 16/10/2025 18:00:00,BZN|CH,Without Sequence,151.6,,
16/10/2025 18:00:00 - 16/10/2025 19:00:00,BZN|CH,Without Sequence,123,,
16/10/2025 19:00:00 - 16/10/2025 20:00:00,BZN|CH,Without Sequence,119.2,,
16/10/2025 20:00:00 - 16/10/2025 21:00:00,BZN|CH,Without Sequence,112.41,,
16/10/2025 21:00:00 - 16/10/2025 22:00:00,BZN|CH,Without Sequence,110,,
16/10/2025 22:00:00 - 16/10/2025 23:00:00,BZN|CH,Without Sequence,105.07,,
16/10/2025 23:00:00 - 17/10/2025 00:00:00,BZN|CH,Without Sequence,98.89,,
17/10/2025 00:00:00 - 17/10/2025 01:00:00,BZN|CH,Without Sequence,97.03,,
17/10/2025 01:00:00 - 17/10/2025 02:00:00,BZN|CH,Without Sequence,96.13,,
17/10/2025 02:00:00 - 17/10/2025 03:00:00,BZN|CH,Without Sequence,97.12,,
17/10/2025 03:00:00 - 17/10/2025 04:00:00,BZN|CH,Without Sequence,104.36,,
17/10/2025 04:00:00 - 17/10/2025 05:00:00,BZN|CH,Without Sequence,119.8,,
17/10/2025 05:00:00 - 17/10/2025 06:00:00,BZN|CH,Without Sequence,136.98,,
17/10/2025 06:00:00 - 17/10/2025 07:00:00,BZN|CH,Without Sequence,143.03,,
17/10/2025 07:00:00 - 17/10/2025 08:00:00,BZN|CH,Without Sequence,128.06,,
17/10/2025 08:00:00 - 17/10/2025 09:00:00,BZN|CH,Without Sequence,115.92,,
17/10/2025 09:00:00 - 17/10/2025 10:00:00,BZN|CH,Without Sequence,110.1,,
17/10/2025 10:00:00 - 17/10/2025 11:00:00,BZN|CH,Without Sequence,101.07,,
17/10/2025 11:00:00 - 17/10/2025 12:00:00,BZN|CH,Without Sequence,99.01,,
17/10/2025 12:00:00 - 17/10/2025 13:00:00,BZN|CH,Without Sequence,102,,
17/10/2025 13:00:00 - 17/10/2025 14:00:00,BZN|CH,Without Sequence,108,,
17/10/2025 14:00:00 - 17/10/2025 15:00:00,BZN|CH,Without Sequence,120.01,,
17/10/2025 15:00:00 - 17/10/2025 16:00:00,BZN|CH,Without Sequence,123.04,,
17/10/2025 16:00:00 - 17/10/2025 17:00:00,BZN|CH,Without Sequence,137.06,,
17/10/2025 17:00:00 - 17/10/2025 18:00:00,BZN|CH,Without Sequence,139.82,,
17/10/2025 18:00:00 - 17/10/2025 19:00:00,BZN|CH,Without Sequence,125.71,,
17/10/2025 19:00:00 - 17/10/2025 20:00:00,BZN|CH,Without Sequence,116.96,,
17/10/2025 20:00:00 - 17/10/2025 21:00:00,BZN|CH,Without Sequence,115.41,,
17/10/2025 21:00:00 - 17/10/2025 22:00:00,BZN|CH,Without Sequence,108.51,,
17/10/2025 22:00:00 - 17/10/2025 23:00:00,BZN|CH,Without Sequence,105.32,,
17/10/2025 23:00:00 - 18/10/2025 00:00:00,BZN|CH,Without Sequence,99.91,,
18/10/2025 00:00:00 - 18/10/2025 01:00:00,BZN|CH,Without Sequence,98.11,,
18/10/2025 01:00:00 - 18/10/2025 02:00:00,BZN|CH,Without Sequence,98,,
18/10/2025 02:00:00 - 18/10/2025 03:00:00,BZN|CH,Without Sequence,95.98,,
18/10/2025 03:00:00 - 18/10/2025 04:00:00,BZN|CH,Without Sequence,96.62,,
18/10/2025 04:00:00 - 18/10/2025 05:00:00,BZN|CH,Without Sequence,110.06,,
18/10/2025 05:00:00 - 18/10/2025 06:00:00,BZN|CH,Without Sequence,118.5,,
18/10/2025 06:00:00 - 18/10/2025 07:00:00,BZN|CH,Without Sequence,119.8,,
18/10/2025 07:00:00 - 18/10/2025 08:00:00,BZN|CH,Without Sequence,108,,
18/10/2025 08:00:00 - 18/10/2025 09:00:00,BZN|CH,Without Sequence,95.47,,
18/10/2025 09:00:00 - 18/10/2025 10:00:00,BZN|CH,Without Sequence,86.05,,
18/10/2025 10:00:00 - 18/10/2025 11:00:00,BZN|CH,Without Sequence,71.87,,
18/10/2025 11:00:00 - 18/10/2025 12:00:00,BZN|CH,Without Sequence,68.11,,
18/10/2025 12:00:00 - 18/10/2025 13:00:00,BZN|CH,Without Sequence,73,,
18/10/2025 13:00:00 - 18/10/2025 14:00:00,BZN|CH,Without Sequence,81.03,,
18/10/2025 14:00:00 - 18/10/2025 15:00:00,BZN|CH,Without Sequence,96.26,,
18/10/2025 15:00:00 - 18/10/2025 16:00:00,BZN|CH,Without Sequence,123,,
18/10/2025 16:00:00 - 18/10/2025 17:00:00,BZN|CH,Without Sequence,137.44,,
18/10/2025 17:00:00 - 18/10/2025 18:00:00,BZN|CH,Without Sequence,139.97,,
18/10/2025 18:00:00 - 18/10/2025 19:00:00,BZN|CH,Without Sequence,121.3,,
18/10/2025 19:00:00 - 18/10/2025 20:00:00,BZN|CH,Without Sequence,115.3,,
18/10/2025 20:00:00 - 18/10/2025 21:00:00,BZN|CH,Without Sequence,108.8,,
18/10/2025 21:00:00 - 18/10/2025 22:00:00,BZN|CH,Without Sequence,103.7,,
18/10/2025 22:00:00 - 18/10/2025 23:00:00,BZN|CH,Without Sequence,105.74,,
18/10/2025 23:00:00 - 19/10/2025 00:00:00,BZN|CH,Without Sequence,100.5,,
19/10/2025 00:00:00 - 19/10/2025 01:00:00,BZN|CH,Without Sequence,98.34,,
19/10/2025 01:00:00 - 19/10/2025 02:00:00,BZN|CH,Without Sequence,96.7,,
19/10/2025 02:00:00 - 19/10/2025 03:00:00,BZN|CH,Without Sequence,96.26,,
19/10/2025 03:00:00 - 19/10/2025 04:00:00,BZN|CH,Without Sequence,96.89,,
19/10/2025 04:00:00 - 19/10/2025 05:00:00,BZN|CH,Without Sequence,100.51,,
19/10/2025 05:00:00 - 19/10/2025 06:00:00,BZN|CH,Without Sequence,108.9,,
19/10/2025 06:00:00 - 19/10/2025 07:00:00,BZN|CH,Without Sequence,106,,
19/10/2025 07:00:00 - 19/10/2025 08:00:00,BZN|CH,Without Sequence,97,,
19/10/2025 08:00:00 - 19/10/2025 09:00:00,BZN|CH,Without Sequence,95,,
19/10/2025 09:00:00 - 19/10/2025 10:00:00,BZN|CH,Without Sequence,86.12,,
19/10/2025 10:00:00 - 19/10/2025 11:00:00,BZN|CH,Without Sequence,65.03,,
19/10/2025 11:00:00 - 19/10/2025 12:00:00,BZN|CH,Without Sequence,46.22,,
19/10/2025 12:00:00 - 19/10/2025 13:00:00,BZN|CH,Without Sequence,45.08,,
19/10/2025 13:00:00 - 19/10/2025 14:00:00,BZN|CH,Without Sequence,80,,
19/10/2025 14:00:00 - 19/10/2025 15:00:00,BZN|CH,Without Sequence,98.8,,
19/10/2025 15:00:00 - 19/10/2025 16:00:00,BZN|CH,Without Sequence,117.9,,
19/10/2025 16:00:00 - 19/10/2025 17:00:00,BZN|CH,Without Sequence,122.08,,
19/10/2025 17:00:00 - 19/10/2025 18:00:00,BZN|CH,Without Sequence,121.69,,
19/10/2025 18:00:00 - 19/10/2025 19:00:00,BZN|CH,Without Sequence,115.2,,
19/10/2025 19:00:00 - 19/10/2025 20:00:00,BZN|CH,Without Sequence,110.02,,
19/10/2025 20:00:00 - 19/10/2025 21:00:00,BZN|CH,Without Sequence,110.08,,
19/10/2025 21:00:00 - 19/10/2025 22:00:00,BZN|CH,Without Sequence,103.96,,
19/10/2025 22:00:00 - 19/10/2025 23:00:00,BZN|CH,Without Sequence,97.79,,
19/10/2025 23:00:00 - 20/10/2025 00:00:00,BZN|CH,Without Sequence,95.5,,
20/10/2025 00:00:00 - 20/10/2025 01:00:00,BZN|CH,Without Sequence,95.1,,
20/10/2025 01:00:00 - 20/10/2025 02:00:00,BZN|CH,Without Sequence,95.01,,
20/10/2025 02:00:00 - 20/10/2025 03:00:00,BZN|CH,Without Sequence,95.24,,
20/10/2025 03:00:00 - 20/10/2025 04:00:00,BZN|CH,Without Sequence,100.87,,
20/10/2025 04:00:00 - 20/10/2025 05:00:00,BZN|CH,Without Sequence,122.69,,
20/10/2025 05:00:00 - 20/10/2025 06:00:00,BZN|CH,Without Sequence,125,,
20/10/2025 06:00:00 - 20/10/2025 07:00:00,BZN|CH,Without Sequence,124.99,,
20/10/2025 07:00:00 - 20/10/2025 08:00:00,BZN|CH,Without Sequence,119.81,,
20/10/2025 08:00:00 - 20/10/2025 09:00:00,BZN|CH,Without Sequence,121.64,,
20/10/2025 09:00:00 - 20/10/2025 10:00:00,BZN|CH,Without Sequence,120.25,,
20/10/2025 10:00:00 - 20/10/2025 11:00:00,BZN|CH,Without Sequence,118.1,,
20/10/2025 11:00:00 - 20/10/2025 12:00:00,BZN|CH,Without Sequence,118,,
20/10/2025 12:00:00 - 20/10/2025 13:00:00,BZN|CH,Without Sequence,118.53,,
20/10/2025 13:00:00 - 20/10/2025 14:00:00,BZN|CH,Without Sequence,120.15,,
20/10/2025 14:00:00 - 20/10/2025 15:00:00,BZN|CH,Without Sequence,124.62,,
20/10/2025 15:00:00 - 20/10/2025 16:00:00,BZN|CH,Without Sequence,125,,
20/10/2025 16:00:00 - 20/10/2025 17:00:00,BZN|CH,Without Sequence,123.97,,
20/10/2025 17:00:00 - 20/10/2025 18:00:00,BZN|CH,Without Sequence,123.6,,
20/10/2025 18:00:00 - 20/10/2025 19:00:00,BZN|CH,Without Sequence,121.69,,
20/10/2025 19:00:00 - 20/10/2025 20:00:00,BZN|CH,Without Sequence,116.05,,
20/10/2025 20:00:00 - 20/10/2025 21:00:00,BZN|CH,Without Sequence,115,,
20/10/2025 21:00:00 - 20/10/2025 22:00:00,BZN|CH,Without Sequence,107.3,,
20/10/2025 22:00:00 - 20/10/2025 23:00:00,BZN|CH,Without Sequence,100.7,,
20/10/2025 23:00:00 - 21/10/2025 00:00:00,BZN|CH,Without Sequence,98.23,,
21/10/2025 00:00:00 - 21/10/2025 01:00:00,BZN|CH,Without Sequence,97.81,,
21/10/2025 01:00:00 - 21/10/2025 02:00:00,BZN|CH,Without Sequence,97.21,,
21/10/2025 02:00:00 - 21/10/2025 03:00:00,BZN|CH,Without Sequence,98,,
21/10/2025 03:00:00 - 21/10/2025 04:00:00,BZN|CH,Without Sequence,110,,
21/10/2025 04:00:00 - 21/10/2025 05:00:00,BZN|CH,Without Sequence,123.9,,
21/10/2025 05:00:00 - 21/10/2025 06:00:00,BZN|CH,Without Sequence,125.1,,
21/10/2025 06:00:00 - 21/10/2025 07:00:00,BZN|CH,Without Sequence,129.4,,
21/10/2025 07:00:00 - 21/10/2025 08:00:00,BZN|CH,Without Sequence,130,,
21/10/2025 08:00:00 - 21/10/2025 09:00:00,BZN|CH,Without Sequence,125.81,,
21/10/2025 09:00:00 - 21/10/2025 10:00:00,BZN|CH,Without Sequence,121.06,,
21/10/2025 10:00:00 - 21/10/2025 11:00:00,BZN|CH,Without Sequence,115,,
21/10/2025 11:00:00 - 21/10/2025 12:00:00,BZN|CH,Without Sequence,115,,
21/10/2025 12:00:00 - 21/10/2025 13:00:00,BZN|CH,Without Sequence,118,,
21/10/2025 13:00:00 - 21/10/2025 14:00:00,BZN|CH,Without Sequence,122.7,,
21/10/2025 14:00:00 - 21/10/2025 15:00:00,BZN|CH,Without Sequence,127.5,,
21/10/2025 15:00:00 - 21/10/2025 16:00:00,BZN|CH,Without Sequence,124.89,,
21/10/2025 16:00:00 - 21/10/2025 17:00:00,BZN|CH,Without Sequence,125.08,,
21/10/2025 17:00:00 - 21/10/2025 18:00:00,BZN|CH,Without Sequence,125.1,,
21/10/2025 18:00:00 - 21/10/2025 19:00:00,BZN|CH,Without Sequence,123.89,,
21/10/2025 19:00:00 - 21/10/2025 20:00:00,BZN|CH,Without Sequence,121.5,,
21/10/2025 20:00:00 - 21/10/2025 21:00:00,BZN|CH,Without Sequence,117.8,,
21/10/2025 21:00:00 - 21/10/2025 22:00:00,BZN|CH,Without Sequence,112,,
21/10/2025 22:00:00 - 21/10/2025 23:00:00,BZN|CH,Without Sequence,103.76,,
21/10/2025 23:00:00 - 22/10/2025 00:00:00,BZN|CH,Without Sequence,99.3,,
22/10/2025 00:00:00 - 22/10/2025 01:00:00,BZN|CH,Without Sequence,98.57,,
22/10/2025 01:00:00 - 22/10/2025 02:00:00,BZN|CH,Without Sequence,97.93,,
22/10/2025 02:00:00 - 22/10/2025 03:00:00,BZN|CH,Without Sequence,100,,
22/10/2025 03:00:00 - 22/10/2025 04:00:00,BZN|CH,Without Sequence,112.84,,
22/10/2025 04:00:00 - 22/10/2025 05:00:00,BZN|CH,Without Sequence,125,,
22/10/2025 05:00:00 - 22/10/2025 06:00:00,BZN|CH,Without Sequence,126.8,,
22/10/2025 06:00:00 - 22/10/2025 07:00:00,BZN|CH,Without Sequence,137,,
22/10/2025 07:00:00 - 22/10/2025 08:00:00,BZN|CH,Without Sequence,129.05,,
22/10/2025 08:00:00 - 22/10/2025 09:00:00,BZN|CH,Without Sequence,128.04,,
22/10/2025 09:00:00 - 22/10/2025 10:00:00,BZN|CH,Without Sequence,126.62,,
22/10/2025 10:00:00 - 22/10/2025 11:00:00,BZN|CH,Without Sequence,120,,
22/10/2025 11:00:00 - 22/10/2025 12:00:00,BZN|CH,Without Sequence,120.01,,
22/10/2025 12:00:00 - 22/10/2025 13:00:00,BZN|CH,Without Sequence,120,,
22/10/2025 13:00:00 - 22/10/2025 14:00:00,BZN|CH,Without Sequence,125.82,,
22/10/2025 14:00:00 - 22/10/2025 15:00:00,BZN|CH,Without Sequence,137,,
22/10/2025 15:00:00 - 22/10/2025 16:00:00,BZN|CH,Without Sequence,154.19,,
22/10/2025 16:00:00 - 22/10/2025 17:00:00,BZN|CH,Without Sequence,163.42,,
22/10/2025 17:00:00 - 22/10/2025 18:00:00,BZN|CH,Without Sequence,161,,
22/10/2025 18:00:00 - 22/10/2025 19:00:00,BZN|CH,Without Sequence,145,,
22/10/2025 19:00:00 - 22/10/2025 20:00:00,BZN|CH,Without Sequence,130.47,,
22/10/2025 20:00:00 - 22/10/2025 21:00:00,BZN|CH,Without Sequence,120.01,,
22/10/2025 21:00:00 - 22/10/2025 22:00:00,BZN|CH,Without Sequence,113.61,,
22/10/2025 22:00:00 - 22/10/2025 23:00:00,BZN|CH,Without Sequence,110,,
22/10/2025 23:00:00 - 23/10/2025 00:00:00,BZN|CH,Without Sequence,100.59,,
23/10/2025 00:00:00 - 23/10/2025 01:00:00,BZN|CH,Without Sequence,96.28,,
23/10/2025 01:00:00 - 23/10/2025 02:00:00,BZN|CH,Without Sequence,96.87,,
23/10/2025 02:00:00 - 23/10/2025 03:00:00,BZN|CH,Without Sequence,97.58,,
23/10/2025 03:00:00 - 23/10/2025 04:00:00,BZN|CH,Without Sequence,107.88,,
23/10/2025 04:00:00 - 23/10/2025 05:00:00,BZN|CH,Without Sequence,124.07,,
23/10/2025 05:00:00 - 23/10/2025 06:00:00,BZN|CH,Without Sequence,129.3,,
23/10/2025 06:00:00 - 23/10/2025 07:00:00,BZN|CH,Without Sequence,130,,
23/10/2025 07:00:00 - 23/10/2025 08:00:00,BZN|CH,Without Sequence,123.93,,
23/10/2025 08:00:00 - 23/10/2025 09:00:00,BZN|CH,Without Sequence,124.49,,
23/10/2025 09:00:00 - 23/10/2025 10:00:00,BZN|CH,Without Sequence,120.01,,
23/10/2025 10:00:00 - 23/10/2025 11:00:00,BZN|CH,Without Sequence,117,,
23/10/2025 11:00:00 - 23/10/2025 12:00:00,BZN|CH,Without Sequence,115.44,,
23/10/2025 12:00:00 - 23/10/2025 13:00:00,BZN|CH,Without Sequence,114.48,,
23/10/2025 13:00:00 - 23/10/2025 14:00:00,BZN|CH,Without Sequence,113.64,,
23/10/2025 14:00:00 - 23/10/2025 15:00:00,BZN|CH,Without Sequence,120.01,,
23/10/2025 15:00:00 - 23/10/2025 16:00:00,BZN|CH,Without Sequence,124.05,,
23/10/2025 16:00:00 - 23/10/2025 17:00:00,BZN|CH,Without Sequence,125.1,,
23/10/2025 17:00:00 - 23/10/2025 18:00:00,BZN|CH,Without Sequence,124.3,,
23/10/2025 18:00:00 - 23/10/2025 19:00:00,BZN|CH,Without Sequence,122.47,,
23/10/2025 19:00:00 - 23/10/2025 20:00:00,BZN|CH,Without Sequence,114.65,,
23/10/2025 20:00:00 - 23/10/2025 21:00:00,BZN|CH,Without Sequence,107.74,,
23/10/2025 21:00:00 - 23/10/2025 22:00:00,BZN|CH,Without Sequence,97.93,,
23/10/2025 22:00:00 - 23/10/2025 23:00:00,BZN|CH,Without Sequence,92.07,,
23/10/2025 23:00:00 - 24/10/2025 00:00:00,BZN|CH,Without Sequence,90.1,,
24/10/2025 00:00:00 - 24/10/2025 01:00:00,BZN|CH,Without Sequence,90.07,,
24/10/2025 01:00:00 - 24/10/2025 02:00:00,BZN|CH,Without Sequence,84.73,,
24/10/2025 02:00:00 - 24/10/2025 03:00:00,BZN|CH,Without Sequence,89.91,,
24/10/2025 03:00:00 - 24/10/2025 04:00:00,BZN|CH,Without Sequence,94.04,,
24/10/2025 04:00:00 - 24/10/2025 05:00:00,BZN|CH,Without Sequence,109.73,,
24/10/2025 05:00:00 - 24/10/2025 06:00:00,BZN|CH,Without Sequence,124.03,,
24/10/2025 06:00:00 - 24/10/2025 07:00:00,BZN|CH,Without Sequence,124.03,,
24/10/2025 07:00:00 - 24/10/2025 08:00:00,BZN|CH,Without Sequence,119.03,,
24/10/2025 08:00:00 - 24/10/2025 09:00:00,BZN|CH,Without Sequence,108.5,,
24/10/2025 09:00:00 - 24/10/2025 10:00:00,BZN|CH,Without Sequence,98.91,,
24/10/2025 10:00:00 - 24/10/2025 11:00:00,BZN|CH,Without Sequence,90.01,,
24/10/2025 11:00:00 - 24/10/2025 12:00:00,BZN|CH,Without Sequence,83.14,,
24/10/2025 12:00:00 - 24/10/2025 13:00:00,BZN|CH,Without Sequence,86,,
24/10/2025 13:00:00 - 24/10/2025 14:00:00,BZN|CH,Without Sequence,93.36,,
24/10/2025 14:00:00 - 24/10/2025 15:00:00,BZN|CH,Without Sequence,108.86,,
24/10/2025 15:00:00 - 24/10/2025 16:00:00,BZN|CH,Without Sequence,118.1,,
24/10/2025 16:00:00 - 24/10/2025 17:00:00,BZN|CH,Without Sequence,123.99,,
24/10/2025 17:00:00 - 24/10/2025 18:00:00,BZN|CH,Without Sequence,123.51,,
24/10/2025 18:00:00 - 24/10/2025 19:00:00,BZN|CH,Without Sequence,122.13,,
24/10/2025 19:00:00 - 24/10/2025 20:00:00,BZN|CH,Without Sequence,115.53,,
24/10/2025 20:00:00 - 24/10/2025 21:00:00,BZN|CH,Without Sequence,113.01,,
24/10/2025 21:00:00 - 24/10/2025 22:00:00,BZN|CH,Without Sequence,104,,
24/10/2025 22:00:00 - 24/10/2025 23:00:00,BZN|CH,Without Sequence,101.66,,
24/10/2025 23:00:00 - 25/10/2025 00:00:00,BZN|CH,Without Sequence,97.91,,
25/10/2025 00:00:00 - 25/10/2025 01:00:00,BZN|CH,Without Sequence,95,,
25/10/2025 01:00:00 - 25/10/2025 02:00:00,BZN|CH,Without Sequence,92.87,,
25/10/2025 02:00:00 - 25/10/2025 03:00:00,BZN|CH,Without Sequence,93.34,,
25/10/2025 03:00:00 - 25/10/2025 04:00:00,BZN|CH,Without Sequence,97.08,,
25/10/2025 04:00:00 - 25/10/2025 05:00:00,BZN|CH,Without Sequence,105.7,,
25/10/2025 05:00:00 - 25/10/2025 06:00:00,BZN|CH,Without Sequence,118.29,,
25/10/2025 06:00:00 - 25/10/2025 07:00:00,BZN|CH,Without Sequence,119.99,,
25/10/2025 07:00:00 - 25/10/2025 08:00:00,BZN|CH,Without Sequence,109,,
25/10/2025 08:00:00 - 25/10/2025 09:00:00,BZN|CH,Without Sequence,92.75,,
25/10/2025 09:00:00 - 25/10/2025 10:00:00,BZN|CH,Without Sequence,80.57,,
25/10/2025 10:00:00 - 25/10/2025 11:00:00,BZN|CH,Without Sequence,67.51,,
25/10/2025 11:00:00 - 25/10/2025 12:00:00,BZN|CH,Without Sequence,64,,
25/10/2025 12:00:00 - 25/10/2025 13:00:00,BZN|CH,Without Sequence,70.1,,
25/10/2025 13:00:00 - 25/10/2025 14:00:00,BZN|CH,Without Sequence,83.39,,
25/10/2025 14:00:00 - 25/10/2025 15:00:00,BZN|CH,Without Sequence,99.09,,
25/10/2025 15:00:00 - 25/10/2025 16:00:00,BZN|CH,Without Sequence,118.28,,
25/10/2025 16:00:00 - 25/10/2025 17:00:00,BZN|CH,Without Sequence,120,,
25/10/2025 17:00:00 - 25/10/2025 18:00:00,BZN|CH,Without Sequence,119.99,,
25/10/2025 18:00:00 - 25/10/2025 19:00:00,BZN|CH,Without Sequence,118.83,,
25/10/2025 19:00:00 - 25/10/2025 20:00:00,BZN|CH,Without Sequence,109.8,,
25/10/2025 20:00:00 - 25/10/2025 21:00:00,BZN|CH,Without Sequence,104.1,,
25/10/2025 21:00:00 - 25/10/2025 22:00:00,BZN|CH,Without Sequence,94.25,,
25/10/2025 22:00:00 - 25/10/2025 23:00:00,BZN|CH,Without Sequence,90.01,,
25/10/2025 23:00:00 - 26/10/2025 00:00:00,BZN|CH,Without Sequence,78.78,,
26/10/2025 00:00:00 - 26/10/2025 01:00:00,BZN|CH,Without Sequence,70.91,,
26/10/2025 01:00:00 - 26/10/2025 02:00:00,BZN|CH,Without Sequence,58,,
26/10/2025 02:00:00 - 26/10/2025 03:00:00,BZN|CH,Without Sequence,65,,
26/10/2025 03:00:00 - 26/10/2025 04:00:00,BZN|CH,Without Sequence,68,,
26/10/2025 04:00:00 - 26/10/2025 05:00:00,BZN|CH,Without Sequence,75,,
26/10/2025 05:00:00 - 26/10/2025 06:00:00,BZN|CH,Without Sequence,81.58,,
26/10/2025 06:00:00 - 26/10/2025 07:00:00,BZN|CH,Without Sequence,87.04,,
26/10/2025 07:00:00 - 26/10/2025 08:00:00,BZN|CH,Without Sequence,83.34,,
26/10/2025 08:00:00 - 26/10/2025 09:00:00,BZN|CH,Without Sequence,64.9,,
26/10/2025 09:00:00 - 26/10/2025 10:00:00,BZN|CH,Without Sequence,48.5,,
26/10/2025 10:00:00 - 26/10/2025 11:00:00,BZN|CH,Without Sequence,25,,
26/10/2025 11:00:00 - 26/10/2025 12:00:00,BZN|CH,Without Sequence,18.9,,
26/10/2025 12:00:00 - 26/10/2025 13:00:00,BZN|CH,Without Sequence,45.5,,
26/10/2025 13:00:00 - 26/10/2025 14:00:00,BZN|CH,Without Sequence,22.05,,
26/10/2025 14:00:00 - 26/10/2025 15:00:00,BZN|CH,Without Sequence,73.71,,
26/10/2025 15:00:00 - 26/10/2025 16:00:00,BZN|CH,Without Sequence,95.89,,
26/10/2025 16:00:00 - 26/10/2025 17:00:00,BZN|CH,Without Sequence,113,,
26/10/2025 17:00:00 - 26/10/2025 18:00:00,BZN|CH,Without Sequence,117.99,,
26/10/2025 18:00:00 - 26/10/2025 19:00:00,BZN|CH,Without Sequence,112.4,,
26/10/2025 19:00:00 - 26/10/2025 20:00:00,BZN|CH,Without Sequence,108.5,,
26/10/2025 20:00:00 - 26/10/2025 21:00:00,BZN|CH,Without Sequence,96,,
26/10/2025 21:00:00 - 26/10/2025 22:00:00,BZN|CH,Without Sequence,93.01,,
26/10/2025 22:00:00 - 26/10/2025 23:00:00,BZN|CH,Without Sequence,86.79,,
26/10/2025 23:00:00 - 27/10/2025 00:00:00,BZN|CH,Without Sequence,81.85,,
27/10/2025 00:00:00 - 27/10/2025 01:00:00,BZN|CH,Without Sequence,73,,
27/10/2025 01:00:00 - 27/10/2025 02:00:00,BZN|CH,Without Sequence,70.45,,
27/10/2025 02:00:00 - 27/10/2025 03:00:00,BZN|CH,Without Sequence,65.02,,
27/10/2025 03:00:00 - 27/10/2025 04:00:00,BZN|CH,Without Sequence,73.84,,
27/10/2025 04:00:00 - 27/10/2025 05:00:00,BZN|CH,Without Sequence,90.46,,
27/10/2025 05:00:00 - 27/10/2025 06:00:00,BZN|CH,Without Sequence,115.69,,
27/10/2025 06:00:00 - 27/10/2025 07:00:00,BZN|CH,Without Sequence,125.1,,
27/10/2025 07:00:00 - 27/10/2025 08:00:00,BZN|CH,Without Sequence,123.86,,
27/10/2025 08:00:00 - 27/10/2025 09:00:00,BZN|CH,Without Sequence,120.09,,
27/10/2025 09:00:00 - 27/10/2025 10:00:00,BZN|CH,Without Sequence,108.53,,
27/10/2025 10:00:00 - 27/10/2025 11:00:00,BZN|CH,Without Sequence,102.54,,
27/10/2025 11:00:00 - 27/10/2025 12:00:00,BZN|CH,Without Sequence,98.36,,
27/10/2025 12:00:00 - 27/10/2025 13:00:00,BZN|CH,Without Sequence,99.61,,
27/10/2025 13:00:00 - 27/10/2025 14:00:00,BZN|CH,Without Sequence,112.4,,
27/10/2025 14:00:00 - 27/10/2025 15:00:00,BZN|CH,Without Sequence,120,,
27/10/2025 15:00:00 - 27/10/2025 16:00:00,BZN|CH,Without Sequence,125.03,,
27/10/2025 16:00:00 - 27/10/2025 17:00:00,BZN|CH,Without Sequence,124.54,,
27/10/2025 17:00:00 - 27/10/2025 18:00:00,BZN|CH,Without Sequence,125.1,,
27/10/2025 18:00:00 - 27/10/2025 19:00:00,BZN|CH,Without Sequence,124.56,,
27/10/2025 19:00:00 - 27/10/2025 20:00:00,BZN|CH,Without Sequence,120,,
27/10/2025 20:00:00 - 27/10/2025 21:00:00,BZN|CH,Without Sequence,108.5,,
27/10/2025 21:00:00 - 27/10/2025 22:00:00,BZN|CH,Without Sequence,98.32,,
27/10/2025 22:00:00 - 27/10/2025 23:00:00,BZN|CH,Without Sequence,90.38,,
27/10/2025 23:00:00 - 28/10/2025 00:00:00,BZN|CH,Without Sequence,91.91,,
28/10/2025 00:00:00 - 28/10/2025 01:00:00,BZN|CH,Without Sequence,87.09,,
28/10/2025 01:00:00 - 28/10/2025 02:00:00,BZN|CH,Without Sequence,83.96,,
28/10/2025 02:00:00 - 28/10/2025 03:00:00,BZN|CH,Without Sequence,78.03,,
28/10/2025 03:00:00 - 28/10/2025 04:00:00,BZN|CH,Without Sequence,84.09,,
28/10/2025 04:00:00 - 28/10/2025 05:00:00,BZN|CH,Without Sequence,95.84,,
28/10/2025 05:00:00 - 28/10/2025 06:00:00,BZN|CH,Without Sequence,118.2,,
28/10/2025 06:00:00 - 28/10/2025 07:00:00,BZN|CH,Without Sequence,121.99,,
28/10/2025 07:00:00 - 28/10/2025 08:00:00,BZN|CH,Without Sequence,121.07,,
28/10/2025 08:00:00 - 28/10/2025 09:00:00,BZN|CH,Without Sequence,112.82,,
28/10/2025 09:00:00 - 28/10/2025 10:00:00,BZN|CH,Without Sequence,100,,
28/10/2025 10:00:00 - 28/10/2025 11:00:00,BZN|CH,Without Sequence,96.01,,
28/10/2025 11:00:00 - 28/10/2025 12:00:00,BZN|CH,Without Sequence,91.16,,
28/10/2025 12:00:00 - 28/10/2025 13:00:00,BZN|CH,Without Sequence,93.41,,
28/10/2025 13:00:00 - 28/10/2025 14:00:00,BZN|CH,Without Sequence,106.11,,
28/10/2025 14:00:00 - 28/10/2025 15:00:00,BZN|CH,Without Sequence,122,,
28/10/2025 15:00:00 - 28/10/2025 16:00:00,BZN|CH,Without Sequence,127.62,,
28/10/2025 16:00:00 - 28/10/2025 17:00:00,BZN|CH,Without Sequence,128.35,,
28/10/2025 17:00:00 - 28/10/2025 18:00:00,BZN|CH,Without Sequence,127.04,,
28/10/2025 18:00:00 - 28/10/2025 19:00:00,BZN|CH,Without Sequence,126.19,,
28/10/2025 19:00:00 - 28/10/2025 20:00:00,BZN|CH,Without Sequence,123.1,,
28/10/2025 20:00:00 - 28/10/2025 21:00:00,BZN|CH,Without Sequence,118.42,,
28/10/2025 21:00:00 - 28/10/2025 22:00:00,BZN|CH,Without Sequence,110.59,,
28/10/2025 22:00:00 - 28/10/2025 23:00:00,BZN|CH,Without Sequence,100.56,,
28/10/2025 23:00:00 - 29/10/2025 00:00:00,BZN|CH,Without Sequence,95.46,,
29/10/2025 00:00:00 - 29/10/2025 01:00:00,BZN|CH,Without Sequence,94.74,,
29/10/2025 01:00:00 - 29/10/2025 02:00:00,BZN|CH,Without Sequence,94.15,,
29/10/2025 02:00:00 - 29/10/2025 03:00:00,BZN|CH,Without Sequence,94.25,,
29/10/2025 03:00:00 - 29/10/2025 04:00:00,BZN|CH,Without Sequence,93.51,,
29/10/2025 04:00:00 - 29/10/2025 05:00:00,BZN|CH,Without Sequence,105.04,,
29/10/2025 05:00:00 - 29/10/2025 06:00:00,BZN|CH,Without Sequence,118.51,,
29/10/2025 06:00:00 - 29/10/2025 07:00:00,BZN|CH,Without Sequence,121.76,,
29/10/2025 07:00:00 - 29/10/2025 08:00:00,BZN|CH,Without Sequence,118.7,,
29/10/2025 08:00:00 - 29/10/2025 09:00:00,BZN|CH,Without Sequence,112.8,,
29/10/2025 09:00:00 - 29/10/2025 10:00:00,BZN|CH,Without Sequence,103.87,,
29/10/2025 10:00:00 - 29/10/2025 11:00:00,BZN|CH,Without Sequence,98,,
29/10/2025 11:00:00 - 29/10/2025 12:00:00,BZN|CH,Without Sequence,93.01,,
29/10/2025 12:00:00 - 29/10/2025 13:00:00,BZN|CH,Without Sequence,95.33,,
29/10/2025 13:00:00 - 29/10/2025 14:00:00,BZN|CH,Without Sequence,107.99,,
29/10/2025 14:00:00 - 29/10/2025 15:00:00,BZN|CH,Without Sequence,120.46,,
29/10/2025 15:00:00 - 29/10/2025 16:00:00,BZN|CH,Without Sequence,125.6,,
29/10/2025 16:00:00 - 29/10/2025 17:00:00,BZN|CH,Without Sequence,134.55,,
29/10/2025 17:00:00 - 29/10/2025 18:00:00,BZN|CH,Without Sequence,134.57,,
29/10/2025 18:00:00 - 29/10/2025 19:00:00,BZN|CH,Without Sequence,126.32,,
29/10/2025 19:00:00 - 29/10/2025 20:00:00,BZN|CH,Without Sequence,122.09,,
29/10/2025 20:00:00 - 29/10/2025 21:00:00,BZN|CH,Without Sequence,115.01,,
29/10/2025 21:00:00 - 29/10/2025 22:00:00,BZN|CH,Without Sequence,109.19,,
29/10/2025 22:00:00 - 29/10/2025 23:00:00,BZN|CH,Without Sequence,102,,
29/10/2025 23:00:00 - 30/10/2025 00:00:00,BZN|CH,Without Sequence,94.49,,
30/10/2025 00:00:00 - 30/10/2025 01:00:00,BZN|CH,Without Sequence,91.34,,
30/10/2025 01:00:00 - 30/10/2025 02:00:00,BZN|CH,Without Sequence,90.51,,
30/10/2025 02:00:00 - 30/10/2025 03:00:00,BZN|CH,Without Sequence,89,,
30/10/2025 03:00:00 - 30/10/2025 04:00:00,BZN|CH,Without Sequence,89.32,,
30/10/2025 04:00:00 - 30/10/2025 05:00:00,BZN|CH,Without Sequence,100.14,,
30/10/2025 05:00:00 - 30/10/2025 06:00:00,BZN|CH,Without Sequence,112.14,,
30/10/2025 06:00:00 - 30/10/2025 07:00:00,BZN|CH,Without Sequence,117.59,,
30/10/2025 07:00:00 - 30/10/2025 08:00:00,BZN|CH,Without Sequence,115.4,,
30/10/2025 08:00:00 - 30/10/2025 09:00:00,BZN|CH,Without Sequence,112.97,,
30/10/2025 09:00:00 - 30/10/2025 10:00:00,BZN|CH,Without Sequence,110.11,,
30/10/2025 10:00:00 - 30/10/2025 11:00:00,BZN|CH,Without Sequence,104.55,,
30/10/2025 11:00:00 - 30/10/2025 12:00:00,BZN|CH,Without Sequence,89.77,,
30/10/2025 12:00:00 - 30/10/2025 13:00:00,BZN|CH,Without Sequence,87.38,,
30/10/2025 13:00:00 - 30/10/2025 14:00:00,BZN|CH,Without Sequence,91.86,,
30/10/2025 14:00:00 - 30/10/2025 15:00:00,BZN|CH,Without Sequence,114.1,,
30/10/2025 15:00:00 - 30/10/2025 16:00:00,BZN|CH,Without Sequence,118.4,,
30/10/2025 16:00:00 - 30/10/2025 17:00:00,BZN|CH,Without Sequence,124.09,,
30/10/2025 17:00:00 - 30/10/2025 18:00:00,BZN|CH,Without Sequence,126.38,,
30/10/2025 18:00:00 - 30/10/2025 19:00:00,BZN|CH,Without Sequence,121.39,,
30/10/2025 19:00:00 - 30/10/2025 20:00:00,BZN|CH,Without Sequence,115,,
30/10/2025 20:00:00 - 30/10/2025 21:00:00,BZN|CH,Without Sequence,113.1,,
30/10/2025 21:00:00 - 30/10/2025 22:00:00,BZN|CH,Without Sequence,109,,
30/10/2025 22:00:00 - 30/10/2025 23:00:00,BZN|CH,Without Sequence,94.48,,
30/10/2025 23:00:00 - 31/10/2025 00:00:00,BZN|CH,Without Sequence,95.11,,
31/10/2025 00:00:00 - 31/10/2025 01:00:00,BZN|CH,Without Sequence,90.57,,
31/10/2025 01:00:00 - 31/10/2025 02:00:00,BZN|CH,Without Sequence,88.73,,
31/10/2025 02:00:00 - 31/10/2025 03:00:00,BZN|CH,Without Sequence,89.43,,
31/10/2025 03:00:00 - 31/10/2025 04:00:00,BZN|CH,Without Sequence,91.96,,
31/10/2025 04:00:00 - 31/10/2025 05:00:00,BZN|CH,Without Sequence,105.1,,
31/10/2025 05:00:00 - 31/10/2025 06:00:00,BZN|CH,Without Sequence,119,,
31/10/2025 06:00:00 - 31/10/2025 07:00:00,BZN|CH,Without Sequence,120.32,,
31/10/2025 07:00:00 - 31/10/2025 08:00:00,BZN|CH,Without Sequence,116.14,,
31/10/2025 08:00:00 - 31/10/2025 09:00:00,BZN|CH,Without Sequence,114.74,,
31/10/2025 09:00:00 - 31/10/2025 10:00:00,BZN|CH,Without Sequence,114.4,,
31/10/2025 10:00:00 - 31/10/2025 11:00:00,BZN|CH,Without Sequence,109,,
31/10/2025 11:00:00 - 31/10/2025 12:00:00,BZN|CH,Without Sequence,104.1,,
31/10/2025 12:00:00 - 31/10/2025 13:00:00,BZN|CH,Without Sequence,104.1,,
31/10/2025 13:00:00 - 31/10/2025 14:00:00,BZN|CH,Without Sequence,111.71,,
31/10/2025 14:00:00 - 31/10/2025 15:00:00,BZN|CH,Without Sequence,120.11,,
31/10/2025 15:00:00 - 31/10/2025 16:00:00,BZN|CH,Without Sequence,120.04,,
31/10/2025 16:00:00 - 31/10/2025 17:00:00,BZN|CH,Without Sequence,123.07,,
31/10/2025 17:00:00 - 31/10/2025 18:00:00,BZN|CH,Without Sequence,118.77,,
31/10/2025 18:00:00 - 31/10/2025 19:00:00,BZN|CH,Without Sequence,118.93,,
31/10/2025 19:00:00 - 31/10/2025 20:00:00,BZN|CH,Without Sequence,116.21,,
31/10/2025 20:00:00 - 31/10/2025 21:00:00,BZN|CH,Without Sequence,110.49,,
31/10/2025 21:00:00 - 31/10/2025 22:00:00,BZN|CH,Without Sequence,108.5,,
31/10/2025 22:00:00 - 31/10/2025 23:00:00,BZN|CH,Without Sequence,103.83,,
31/10/2025 23:00:00 - 01/11/2025 00:00:00,BZN|CH,Without Sequence,90.02,,
01/11/2025 00:00:00 - 01/11/2025 01:00:00,BZN|CH,Without Sequence,89.31,,
01/11/2025 01:00:00 - 01/11/2025 02:00:00,BZN|CH,Without Sequence,88.9,,
01/11/2025 02:00:00 - 01/11/2025 03:00:00,BZN|CH,Without Sequence,92.53,,
01/11/2025 03:00:00 - 01/11/2025 04:00:00,BZN|CH,Without Sequence,89.6,,
01/11/2025 04:00:00 - 01/11/2025 05:00:00,BZN|CH,Without Sequence,89.59,,
01/11/2025 05:00:00 - 01/11/2025 06:00:00,BZN|CH,Without Sequence,93.46,,
01/11/2025 06:00:00 - 01/11/2025 07:00:00,BZN|CH,Without Sequence,89.51,,
01/11/2025 07:00:00 - 01/11/2025 08:00:00,BZN|CH,Without Sequence,93.29,,
01/11/2025 08:00:00 - 01/11/2025 09:00:00,BZN|CH,Without Sequence,92.24,,
01/11/2025 09:00:00 - 01/11/2025 10:00:00,BZN|CH,Without Sequence,84.03,,
01/11/2025 10:00:00 - 01/11/2025 11:00:00,BZN|CH,Without Sequence,80.08,,
01/11/2025 11:00:00 - 01/11/2025 12:00:00,BZN|CH,Without Sequence,79.99,,
01/11/2025 12:00:00 - 01/11/2025 13:00:00,BZN|CH,Without Sequence,80.29,,
01/11/2025 13:00:00 - 01/11/2025 14:00:00,BZN|CH,Without Sequence,90.01,,
01/11/2025 14:00:00 - 01/11/2025 15:00:00,BZN|CH,Without Sequence,93.43,,
01/11/2025 15:00:00 - 01/11/2025 16:00:00,BZN|CH,Without Sequence,108.07,,
01/11/2025 16:00:00 - 01/11/2025 17:00:00,BZN|CH,Without Sequence,107.04,,
01/11/2025 17:00:00 - 01/11/2025 18:00:00,BZN|CH,Without Sequence,104,,
01/11/2025 18:00:00 - 01/11/2025 19:00:00,BZN|CH,Without Sequence,96.8,,
01/11/2025 19:00:00 - 01/11/2025 20:00:00,BZN|CH,Without Sequence,94.29,,
01/11/2025 20:00:00 - 01/11/2025 21:00:00,BZN|CH,Without Sequence,89.56,,
01/11/2025 21:00:00 - 01/11/2025 22:00:00,BZN|CH,Without Sequence,89.24,,
01/11/2025 22:00:00 - 01/11/2025 23:00:00,BZN|CH,Without Sequence,89.61,,
01/11/2025 23:00:00 - 02/11/2025 00:00:00,BZN|CH,Without Sequence,75.28,,
02/11/2025 00:00:00 - 02/11/2025 01:00:00,BZN|CH,Without Sequence,72.03,,
02/11/2025 01:00:00 - 02/11/2025 02:00:00,BZN|CH,Without Sequence,71.69,,
02/11/2025 02:00:00 - 02/11/2025 03:00:00,BZN|CH,Without Sequence,73.94,,
02/11/2025 03:00:00 - 02/11/2025 04:00:00,BZN|CH,Without Sequence,74.81,,
02/11/2025 04:00:00 - 02/11/2025 05:00:00,BZN|CH,Without Sequence,73.82,,
02/11/2025 05:00:00 - 02/11/2025 06:00:00,BZN|CH,Without Sequence,75.36,,
02/11/2025 06:00:00 - 02/11/2025 07:00:00,BZN|CH,Without Sequence,73.06,,
02/11/2025 07:00:00 - 02/11/2025 08:00:00,BZN|CH,Without Sequence,81.1,,
02/11/2025 08:00:00 - 02/11/2025 09:00:00,BZN|CH,Without Sequence,83.98,,
02/11/2025 09:00:00 - 02/11/2025 10:00:00,BZN|CH,Without Sequence,83.91,,
02/11/2025 10:00:00 - 02/11/2025 11:00:00,BZN|CH,Without Sequence,89.4,,
02/11/2025 11:00:00 - 02/11/2025 12:00:00,BZN|CH,Without Sequence,84.99,,
02/11/2025 12:00:00 - 02/11/2025 13:00:00,BZN|CH,Without Sequence,83.75,,
02/11/2025 13:00:00 - 02/11/2025 14:00:00,BZN|CH,Without Sequence,88,,
02/11/2025 14:00:00 - 02/11/2025 15:00:00,BZN|CH,Without Sequence,105.52,,
02/11/2025 15:00:00 - 02/11/2025 16:00:00,BZN|CH,Without Sequence,117.9,,
02/11/2025 16:00:00 - 02/11/2025 17:00:00,BZN|CH,Without Sequence,120.5,,
02/11/2025 17:00:00 - 02/11/2025 18:00:00,BZN|CH,Without Sequence,119.3,,
02/11/2025 18:00:00 - 02/11/2025 19:00:00,BZN|CH,Without Sequence,118,,
02/11/2025 19:00:00 - 02/11/2025 20:00:00,BZN|CH,Without Sequence,108.5,,
02/11/2025 20:00:00 - 02/11/2025 21:00:00,BZN|CH,Without Sequence,97.35,,
02/11/2025 21:00:00 - 02/11/2025 22:00:00,BZN|CH,Without Sequence,94.04,,
02/11/2025 22:00:00 - 02/11/2025 23:00:00,BZN|CH,Without Sequence,84.92,,
02/11/2025 23:00:00 - 03/11/2025 00:00:00,BZN|CH,Without Sequence,81.52,,
03/11/2025 00:00:00 - 03/11/2025 01:00:00,BZN|CH,Without Sequence,71.99,,
03/11/2025 01:00:00 - 03/11/2025 02:00:00,BZN|CH,Without Sequence,67.56,,
03/11/2025 02:00:00 - 03/11/2025 03:00:00,BZN|CH,Without Sequence,69.41,,
03/11/2025 03:00:00 - 03/11/2025 04:00:00,BZN|CH,Without Sequence,70.1,,
03/11/2025 04:00:00 - 03/11/2025 05:00:00,BZN|CH,Without Sequence,85,,
03/11/2025 05:00:00 - 03/11/2025 06:00:00,BZN|CH,Without Sequence,108.36,,
03/11/2025 06:00:00 - 03/11/2025 07:00:00,BZN|CH,Without Sequence,117.92,,
03/11/2025 07:00:00 - 03/11/2025 08:00:00,BZN|CH,Without Sequence,113.1,,
03/11/2025 08:00:00 - 03/11/2025 09:00:00,BZN|CH,Without Sequence,106.4,,
03/11/2025 09:00:00 - 03/11/2025 10:00:00,BZN|CH,Without Sequence,95.13,,
03/11/2025 10:00:00 - 03/11/2025 11:00:00,BZN|CH,Without Sequence,93.16,,
03/11/2025 11:00:00 - 03/11/2025 12:00:00,BZN|CH,Without Sequence,90.73,,
03/11/2025 12:00:00 - 03/11/2025 13:00:00,BZN|CH,Without Sequence,93.71,,
03/11/2025 13:00:00 - 03/11/2025 14:00:00,BZN|CH,Without Sequence,103.65,,
03/11/2025 14:00:00 - 03/11/2025 15:00:00,BZN|CH,Without Sequence,109.46,,
03/11/2025 15:00:00 - 03/11/2025 16:00:00,BZN|CH,Without Sequence,118.44,,
03/11/2025 16:00:00 - 03/11/2025 17:00:00,BZN|CH,Without Sequence,118.4,,
03/11/2025 17:00:00 - 03/11/2025 18:00:00,BZN|CH,Without Sequence,117.6,,
03/11/2025 18:00:00 - 03/11/2025 19:00:00,BZN|CH,Without Sequence,116.19,,
03/11/2025 19:00:00 - 03/11/2025 20:00:00,BZN|CH,Without Sequence,97.91,,
03/11/2025 20:00:00 - 03/11/2025 21:00:00,BZN|CH,Without Sequence,94.7,,
03/11/2025 21:00:00 - 03/11/2025 22:00:00,BZN|CH,Without Sequence,94.69,,
03/11/2025 22:00:00 - 03/11/2025 23:00:00,BZN|CH,Without Sequence,92.57,,
03/11/2025 23:00:00 - 04/11/2025 00:00:00,BZN|CH,Without Sequence,93.2,,
04/11/2025 00:00:00 - 04/11/2025 01:00:00,BZN|CH,Without Sequence,92.62,,
04/11/2025 01:00:00 - 04/11/2025 02:00:00,BZN|CH,Without Sequence,92.01,,
04/11/2025 02:00:00 - 04/11/2025 03:00:00,BZN|CH,Without Sequence,91.74,,
04/11/2025 03:00:00 - 04/11/2025 04:00:00,BZN|CH,Without Sequence,92.4,,
04/11/2025 04:00:00 - 04/11/2025 05:00:00,BZN|CH,Without Sequence,97.99,,
04/11/2025 05:00:00 - 04/11/2025 06:00:00,BZN|CH,Without Sequence,113.09,,
04/11/2025 06:00:00 - 04/11/2025 07:00:00,BZN|CH,Without Sequence,118,,
04/11/2025 07:00:00 - 04/11/2025 08:00:00,BZN|CH,Without Sequence,113.88,,
04/11/2025 08:00:00 - 04/11/2025 09:00:00,BZN|CH,Without Sequence,102,,
04/11/2025 09:00:00 - 04/11/2025 10:00:00,BZN|CH,Without Sequence,87.4,,
04/11/2025 10:00:00 - 04/11/2025 11:00:00,BZN|CH,Without Sequence,81,,
04/11/2025 11:00:00 - 04/11/2025 12:00:00,BZN|CH,Without Sequence,76,,
04/11/2025 12:00:00 - 04/11/2025 13:00:00,BZN|CH,Without Sequence,85.3,,
04/11/2025 13:00:00 - 04/11/2025 14:00:00,BZN|CH,Without Sequence,104.97,,
04/11/2025 14:00:00 - 04/11/2025 15:00:00,BZN|CH,Without Sequence,114.1,,
04/11/2025 15:00:00 - 04/11/2025 16:00:00,BZN|CH,Without Sequence,122.5,,
04/11/2025 16:00:00 - 04/11/2025 17:00:00,BZN|CH,Without Sequence,125,,
04/11/2025 17:00:00 - 04/11/2025 18:00:00,BZN|CH,Without Sequence,119.96,,
04/11/2025 18:00:00 - 04/11/2025 19:00:00,BZN|CH,Without Sequence,117.6,,
04/11/2025 19:00:00 - 04/11/2025 20:00:00,BZN|CH,Without Sequence,113.51,,
04/11/2025 20:00:00 - 04/11/2025 21:00:00,BZN|CH,Without Sequence,110.04,,
04/11/2025 21:00:00 - 04/11/2025 22:00:00,BZN|CH,Without Sequence,100.08,,
04/11/2025 22:00:00 - 04/11/2025 23:00:00,BZN|CH,Without Sequence,92.95,,
04/11/2025 23:00:00 - 05/11/2025 00:00:00,BZN|CH,Without Sequence,94.1,,
05/11/2025 00:00:00 - 05/11/2025 01:00:00,BZN|CH,Without Sequence,93.1,,
05/11/2025 01:00:00 - 05/11/2025 02:00:00,BZN|CH,Without Sequence,93.04,,
05/11/2025 02:00:00 - 05/11/2025 03:00:00,BZN|CH,Without Sequence,92,,
05/11/2025 03:00:00 - 05/11/2025 04:00:00,BZN|CH,Without Sequence,93.57,,
05/11/2025 04:00:00 - 05/11/2025 05:00:00,BZN|CH,Without Sequence,96.68,,
05/11/2025 05:00:00 - 05/11/2025 06:00:00,BZN|CH,Without Sequence,116.52,,
05/11/2025 06:00:00 - 05/11/2025 07:00:00,BZN|CH,Without Sequence,120.92,,
05/11/2025 07:00:00 - 05/11/2025 08:00:00,BZN|CH,Without Sequence,117.89,,
05/11/2025 08:00:00 - 05/11/2025 09:00:00,BZN|CH,Without Sequence,112.4,,
05/11/2025 09:00:00 - 05/11/2025 10:00:00,BZN|CH,Without Sequence,102.05,,
05/11/2025 10:00:00 - 05/11/2025 11:00:00,BZN|CH,Without Sequence,94.86,,
05/11/2025 11:00:00 - 05/11/2025 12:00:00,BZN|CH,Without Sequence,91.25,,
05/11/2025 12:00:00 - 05/11/2025 13:00:00,BZN|CH,Without Sequence,94.24,,
05/11/2025 13:00:00 - 05/11/2025 14:00:00,BZN|CH,Without Sequence,104.8,,
05/11/2025 14:00:00 - 05/11/2025 15:00:00,BZN|CH,Without Sequence,119.25,,
05/11/2025 15:00:00 - 05/11/2025 16:00:00,BZN|CH,Without Sequence,147.72,,
05/11/2025 16:00:00 - 05/11/2025 17:00:00,BZN|CH,Without Sequence,153.81,,
05/11/2025 17:00:00 - 05/11/2025 18:00:00,BZN|CH,Without Sequence,134.04,,
05/11/2025 18:00:00 - 05/11/2025 19:00:00,BZN|CH,Without Sequence,126.81,,
05/11/2025 19:00:00 - 05/11/2025 20:00:00,BZN|CH,Without Sequence,118.01,,
05/11/2025 20:00:00 - 05/11/2025 21:00:00,BZN|CH,Without Sequence,109,,
05/11/2025 21:00:00 - 05/11/2025 22:00:00,BZN|CH,Without Sequence,104.84,,
05/11/2025 22:00:00 - 05/11/2025 23:00:00,BZN|CH,Without Sequence,98.99,,
05/11/2025 23:00:00 - 06/11/2025 00:00:00,BZN|CH,Without Sequence,104,,
06/11/2025 00:00:00 - 06/11/2025 01:00:00,BZN|CH,Without Sequence,102.26,,
06/11/2025 01:00:00 - 06/11/2025 02:00:00,BZN|CH,Without Sequence,101.91,,
06/11/2025 02:00:00 - 06/11/2025 03:00:00,BZN|CH,Without Sequence,102.22,,
06/11/2025 03:00:00 - 06/11/2025 04:00:00,BZN|CH,Without Sequence,101.41,,
06/11/2025 04:00:00 - 06/11/2025 05:00:00,BZN|CH,Without Sequence,105.12,,
06/11/2025 05:00:00 - 06/11/2025 06:00:00,BZN|CH,Without Sequence,118.25,,
06/11/2025 06:00:00 - 06/11/2025 07:00:00,BZN|CH,Without Sequence,131.5,,
06/11/2025 07:00:00 - 06/11/2025 08:00:00,BZN|CH,Without Sequence,125.32,,
06/11/2025 08:00:00 - 06/11/2025 09:00:00,BZN|CH,Without Sequence,113.65,,
06/11/2025 09:00:00 - 06/11/2025 10:00:00,BZN|CH,Without Sequence,103.05,,
06/11/2025 10:00:00 - 06/11/2025 11:00:00,BZN|CH,Without Sequence,97.66,,
06/11/2025 11:00:00 - 06/11/2025 12:00:00,BZN|CH,Without Sequence,87,,
06/11/2025 12:00:00 - 06/11/2025 13:00:00,BZN|CH,Without Sequence,91.72,,
06/11/2025 13:00:00 - 06/11/2025 14:00:00,BZN|CH,Without Sequence,109.93,,
06/11/2025 14:00:00 - 06/11/2025 15:00:00,BZN|CH,Without Sequence,128.64,,
06/11/2025 15:00:00 - 06/11/2025 16:00:00,BZN|CH,Without Sequence,154.7,,
06/11/2025 16:00:00 - 06/11/2025 17:00:00,BZN|CH,Without Sequence,155,,
06/11/2025 17:00:00 - 06/11/2025 18:00:00,BZN|CH,Without Sequence,143.88,,
06/11/2025 18:00:00 - 06/11/2025 19:00:00,BZN|CH,Without Sequence,131.2,,
06/11/2025 19:00:00 - 06/11/2025 20:00:00,BZN|CH,Without Sequence,124.96,,
06/11/2025 20:00:00 - 06/11/2025 21:00:00,BZN|CH,Without Sequence,115.39,,
06/11/2025 21:00:00 - 06/11/2025 22:00:00,BZN|CH,Without Sequence,110,,
06/11/2025 22:00:00 - 06/11/2025 23:00:00,BZN|CH,Without Sequence,104,,
06/11/2025 23:00:00 - 07/11/2025 00:00:00,BZN|CH,Without Sequence,101.06,,
07/11/2025 00:00:00 - 07/11/2025 01:00:00,BZN|CH,Without Sequence,99,,
07/11/2025 01:00:00 - 07/11/2025 02:00:00,BZN|CH,Without Sequence,97.56,,
07/11/2025 02:00:00 - 07/11/2025 03:00:00,BZN|CH,Without Sequence,97.38,,
07/11/2025 03:00:00 - 07/11/2025 04:00:00,BZN|CH,Without Sequence,98.59,,
07/11/2025 04:00:00 - 07/11/2025 05:00:00,BZN|CH,Without Sequence,103.06,,
07/11/2025 05:00:00 - 07/11/2025 06:00:00,BZN|CH,Without Sequence,116.03,,
07/11/2025 06:00:00 - 07/11/2025 07:00:00,BZN|CH,Without Sequence,131.7,,
07/11/2025 07:00:00 - 07/11/2025 08:00:00,BZN|CH,Without Sequence,130.79,,
07/11/2025 08:00:00 - 07/11/2025 09:00:00,BZN|CH,Without Sequence,114.22,,
07/11/2025 09:00:00 - 07/11/2025 10:00:00,BZN|CH,Without Sequence,104.47,,
07/11/2025 10:00:00 - 07/11/2025 11:00:00,BZN|CH,Without Sequence,103.13,,
07/11/2025 11:00:00 - 07/11/2025 12:00:00,BZN|CH,Without Sequence,100.08,,
07/11/2025 12:00:00 - 07/11/2025 13:00:00,BZN|CH,Without Sequence,100.56,,
07/11/2025 13:00:00 - 07/11/2025 14:00:00,BZN|CH,Without Sequence,108.38,,
07/11/2025 14:00:00 - 07/11/2025 15:00:00,BZN|CH,Without Sequence,128.95,,
07/11/2025 15:00:00 - 07/11/2025 16:00:00,BZN|CH,Without Sequence,146.28,,
07/11/2025 16:00:00 - 07/11/2025 17:00:00,BZN|CH,Without Sequence,151.05,,
07/11/2025 17:00:00 - 07/11/2025 18:00:00,BZN|CH,Without Sequence,141.79,,
07/11/2025 18:00:00 - 07/11/2025 19:00:00,BZN|CH,Without Sequence,136.31,,
07/11/2025 19:00:00 - 07/11/2025 20:00:00,BZN|CH,Without Sequence,124.76,,
07/11/2025 20:00:00 - 07/11/2025 21:00:00,BZN|CH,Without Sequence,115.1,,
07/11/2025 21:00:00 - 07/11/2025 22:00:00,BZN|CH,Without Sequence,110,,
07/11/2025 22:00:00 - 07/11/2025 23:00:00,BZN|CH,Without Sequence,103.72,,
07/11/2025 23:00:00 - 08/11/2025 00:00:00,BZN|CH,Without Sequence,101.53,,
08/11/2025 00:00:00 - 08/11/2025 01:00:00,BZN|CH,Without Sequence,100,,
08/11/2025 01:00:00 - 08/11/2025 02:00:00,BZN|CH,Without Sequence,100,,
08/11/2025 02:00:00 - 08/11/2025 03:00:00,BZN|CH,Without Sequence,98.77,,
08/11/2025 03:00:00 - 08/11/2025 04:00:00,BZN|CH,Without Sequence,98.1,,
08/11/2025 04:00:00 - 08/11/2025 05:00:00,BZN|CH,Without Sequence,100.07,,
08/11/2025 05:00:00 - 08/11/2025 06:00:00,BZN|CH,Without Sequence,106.49,,
08/11/2025 06:00:00 - 08/11/2025 07:00:00,BZN|CH,Without Sequence,112.34,,
08/11/2025 07:00:00 - 08/11/2025 08:00:00,BZN|CH,Without Sequence,114.5,,
08/11/2025 08:00:00 - 08/11/2025 09:00:00,BZN|CH,Without Sequence,104.61,,
08/11/2025 09:00:00 - 08/11/2025 10:00:00,BZN|CH,Without Sequence,98.86,,
08/11/2025 10:00:00 - 08/11/2025 11:00:00,BZN|CH,Without Sequence,95.43,,
08/11/2025 11:00:00 - 08/11/2025 12:00:00,BZN|CH,Without Sequence,93.48,,
08/11/2025 12:00:00 - 08/11/2025 13:00:00,BZN|CH,Without Sequence,96.18,,
08/11/2025 13:00:00 - 08/11/2025 14:00:00,BZN|CH,Without Sequence,102,,
08/11/2025 14:00:00 - 08/11/2025 15:00:00,BZN|CH,Without Sequence,117.21,,
08/11/2025 15:00:00 - 08/11/2025 16:00:00,BZN|CH,Without Sequence,128.08,,
08/11/2025 16:00:00 - 08/11/2025 17:00:00,BZN|CH,Without Sequence,131.5,,
08/11/2025 17:00:00 - 08/11/2025 18:00:00,BZN|CH,Without Sequence,133.4,,
08/11/2025 18:00:00 - 08/11/2025 19:00:00,BZN|CH,Without Sequence,128.02,,
08/11/2025 19:00:00 - 08/11/2025 20:00:00,BZN|CH,Without Sequence,117.68,,
08/11/2025 20:00:00 - 08/11/2025 21:00:00,BZN|CH,Without Sequence,110.02,,
08/11/2025 21:00:00 - 08/11/2025 22:00:00,BZN|CH,Without Sequence,106.1,,
08/11/2025 22:00:00 - 08/11/2025 23:00:00,BZN|CH,Without Sequence,100,,
08/11/2025 23:00:00 - 09/11/2025 00:00:00,BZN|CH,Without Sequence,99.94,,
09/11/2025 00:00:00 - 09/11/2025 01:00:00,BZN|CH,Without Sequence,98.51,,
09/11/2025 01:00:00 - 09/11/2025 02:00:00,BZN|CH,Without Sequence,95,,
09/11/2025 02:00:00 - 09/11/2025 03:00:00,BZN|CH,Without Sequence,96.01,,
09/11/2025 03:00:00 - 09/11/2025 04:00:00,BZN|CH,Without Sequence,96,,
09/11/2025 04:00:00 - 09/11/2025 05:00:00,BZN|CH,Without Sequence,96.86,,
09/11/2025 05:00:00 - 09/11/2025 06:00:00,BZN|CH,Without Sequence,99.08,,
09/11/2025 06:00:00 - 09/11/2025 07:00:00,BZN|CH,Without Sequence,100.78,,
09/11/2025 07:00:00 - 09/11/2025 08:00:00,BZN|CH,Without Sequence,101.13,,
09/11/2025 08:00:00 - 09/11/2025 09:00:00,BZN|CH,Without Sequence,100.18,,
09/11/2025 09:00:00 - 09/11/2025 10:00:00,BZN|CH,Without Sequence,100.58,,
09/11/2025 10:00:00 - 09/11/2025 11:00:00,BZN|CH,Without Sequence,99.2,,
09/11/2025 11:00:00 - 09/11/2025 12:00:00,BZN|CH,Without Sequence,99.15,,
09/11/2025 12:00:00 - 09/11/2025 13:00:00,BZN|CH,Without Sequence,98.38,,
09/11/2025 13:00:00 - 09/11/2025 14:00:00,BZN|CH,Without Sequence,102,,
09/11/2025 14:00:00 - 09/11/2025 15:00:00,BZN|CH,Without Sequence,111.86,,
09/11/2025 15:00:00 - 09/11/2025 16:00:00,BZN|CH,Without Sequence,119.14,,
09/11/2025 16:00:00 - 09/11/2025 17:00:00,BZN|CH,Without Sequence,128.1,,
09/11/2025 17:00:00 - 09/11/2025 18:00:00,BZN|CH,Without Sequence,127.32,,
09/11/2025 18:00:00 - 09/11/2025 19:00:00,BZN|CH,Without Sequence,124.6,,
09/11/2025 19:00:00 - 09/11/2025 20:00:00,BZN|CH,Without Sequence,117.33,,
09/11/2025 20:00:00 - 09/11/2025 21:00:00,BZN|CH,Without Sequence,108.77,,
09/11/2025 21:00:00 - 09/11/2025 22:00:00,BZN|CH,Without Sequence,106,,
09/11/2025 22:00:00 - 09/11/2025 23:00:00,BZN|CH,Without Sequence,99,,
09/11/2025 23:00:00 - 10/11/2025 00:00:00,BZN|CH,Without Sequence,97.22,,
10/11/2025 00:00:00 - 10/11/2025 01:00:00,BZN|CH,Without Sequence,94.13,,
10/11/2025 01:00:00 - 10/11/2025 02:00:00,BZN|CH,Without Sequence,93,,
10/11/2025 02:00:00 - 10/11/2025 03:00:00,BZN|CH,Without Sequence,92.43,,
10/11/2025 03:00:00 - 10/11/2025 04:00:00,BZN|CH,Without Sequence,95.45,,
10/11/2025 04:00:00 - 10/11/2025 05:00:00,BZN|CH,Without Sequence,100.02,,
10/11/2025 05:00:00 - 10/11/2025 06:00:00,BZN|CH,Without Sequence,121.09,,
10/11/2025 06:00:00 - 10/11/2025 07:00:00,BZN|CH,Without Sequence,145.96,,
10/11/2025 07:00:00 - 10/11/2025 08:00:00,BZN|CH,Without Sequence,144,,
10/11/2025 08:00:00 - 10/11/2025 09:00:00,BZN|CH,Without Sequence,128.69,,
10/11/2025 09:00:00 - 10/11/2025 10:00:00,BZN|CH,Without Sequence,122.08,,
10/11/2025 10:00:00 - 10/11/2025 11:00:00,BZN|CH,Without Sequence,118.56,,
10/11/2025 11:00:00 - 10/11/2025 12:00:00,BZN|CH,Without Sequence,113.2,,
10/11/2025 12:00:00 - 10/11/2025 13:00:00,BZN|CH,Without Sequence,117.4,,
10/11/2025 13:00:00 - 10/11/2025 14:00:00,BZN|CH,Without Sequence,124.36,,
10/11/2025 14:00:00 - 10/11/2025 15:00:00,BZN|CH,Without Sequence,135.25,,
10/11/2025 15:00:00 - 10/11/2025 16:00:00,BZN|CH,Without Sequence,155,,
10/11/2025 16:00:00 - 10/11/2025 17:00:00,BZN|CH,Without Sequence,148.26,,
10/11/2025 17:00:00 - 10/11/2025 18:00:00,BZN|CH,Without Sequence,137.85,,
10/11/2025 18:00:00 - 10/11/2025 19:00:00,BZN|CH,Without Sequence,126.28,,
10/11/2025 19:00:00 - 10/11/2025 20:00:00,BZN|CH,Without Sequence,120.87,,
10/11/2025 20:00:00 - 10/11/2025 21:00:00,BZN|CH,Without Sequence,113.41,,
10/11/2025 21:00:00 - 10/11/2025 22:00:00,BZN|CH,Without Sequence,109.18,,
10/11/2025 22:00:00 - 10/11/2025 23:00:00,BZN|CH,Without Sequence,100.82,,
10/11/2025 23:00:00 - 11/11/2025 00:00:00,BZN|CH,Without Sequence,99.33,,
11/11/2025 00:00:00 - 11/11/2025 01:00:00,BZN|CH,Without Sequence,98.4,,
11/11/2025 01:00:00 - 11/11/2025 02:00:00,BZN|CH,Without Sequence,98.21,,
11/11/2025 02:00:00 - 11/11/2025 03:00:00,BZN|CH,Without Sequence,98,,
11/11/2025 03:00:00 - 11/11/2025 04:00:00,BZN|CH,Without Sequence,98.29,,
11/11/2025 04:00:00 - 11/11/2025 05:00:00,BZN|CH,Without Sequence,106.15,,
11/11/2025 05:00:00 - 11/11/2025 06:00:00,BZN|CH,Without Sequence,121.91,,
11/11/2025 06:00:00 - 11/11/2025 07:00:00,BZN|CH,Without Sequence,131.5,,
11/11/2025 07:00:00 - 11/11/2025 08:00:00,BZN|CH,Without Sequence,128.07,,
11/11/2025 08:00:00 - 11/11/2025 09:00:00,BZN|CH,Without Sequence,119.26,,
11/11/2025 09:00:00 - 11/11/2025 10:00:00,BZN|CH,Without Sequence,108.75,,
11/11/2025 10:00:00 - 11/11/2025 11:00:00,BZN|CH,Without Sequence,100.91,,
11/11/2025 11:00:00 - 11/11/2025 12:00:00,BZN|CH,Without Sequence,98.04,,
11/11/2025 12:00:00 - 11/11/2025 13:00:00,BZN|CH,Without Sequence,100.8,,
11/11/2025 13:00:00 - 11/11/2025 14:00:00,BZN|CH,Without Sequence,112.3,,
11/11/2025 14:00:00 - 11/11/2025 15:00:00,BZN|CH,Without Sequence,122.6,,
11/11/2025 15:00:00 - 11/11/2025 16:00:00,BZN|CH,Without Sequence,132.9,,
11/11/2025 16:00:00 - 11/11/2025 17:00:00,BZN|CH,Without Sequence,134.15,,
11/11/2025 17:00:00 - 11/11/2025 18:00:00,BZN|CH,Without Sequence,132.07,,
11/11/2025 18:00:00 - 11/11/2025 19:00:00,BZN|CH,Without Sequence,129,,
11/11/2025 19:00:00 - 11/11/2025 20:00:00,BZN|CH,Without Sequence,123.35,,
11/11/2025 20:00:00 - 11/11/2025 21:00:00,BZN|CH,Without Sequence,118.2,,
11/11/2025 21:00:00 - 11/11/2025 22:00:00,BZN|CH,Without Sequence,112.47,,
11/11/2025 22:00:00 - 11/11/2025 23:00:00,BZN|CH,Without Sequence,104.1,,
11/11/2025 23:00:00 - 12/11/2025 00:00:00,BZN|CH,Without Sequence,102.53,,
12/11/2025 00:00:00 - 12/11/2025 01:00:00,BZN|CH,Without Sequence,100,,
12/11/2025 01:00:00 - 12/11/2025 02:00:00,BZN|CH,Without Sequence,99.6,,
12/11/2025 02:00:00 - 12/11/2025 03:00:00,BZN|CH,Without Sequence,97.98,,
12/11/2025 03:00:00 - 12/11/2025 04:00:00,BZN|CH,Without Sequence,98.7,,
12/11/2025 04:00:00 - 12/11/2025 05:00:00,BZN|CH,Without Sequence,108.68,,
12/11/2025 05:00:00 - 12/11/2025 06:00:00,BZN|CH,Without Sequence,121.9,,
12/11/2025 06:00:00 - 12/11/2025 07:00:00,BZN|CH,Without Sequence,130.1,,
12/11/2025 07:00:00 - 12/11/2025 08:00:00,BZN|CH,Without Sequence,128.2,,
12/11/2025 08:00:00 - 12/11/2025 09:00:00,BZN|CH,Without Sequence,118.76,,
12/11/2025 09:00:00 - 12/11/2025 10:00:00,BZN|CH,Without Sequence,110.66,,
12/11/2025 10:00:00 - 12/11/2025 11:00:00,BZN|CH,Without Sequence,102.93,,
12/11/2025 11:00:00 - 12/11/2025 12:00:00,BZN|CH,Without Sequence,97.5,,
12/11/2025 12:00:00 - 12/11/2025 13:00:00,BZN|CH,Without Sequence,100.86,,
12/11/2025 13:00:00 - 12/11/2025 14:00:00,BZN|CH,Without Sequence,112.7,,
12/11/2025 14:00:00 - 12/11/2025 15:00:00,BZN|CH,Without Sequence,124.2,,
12/11/2025 15:00:00 - 12/11/2025 16:00:00,BZN|CH,Without Sequence,130.46,,
12/11/2025 16:00:00 - 12/11/2025 17:00:00,BZN|CH,Without Sequence,131.25,,
12/11/2025 17:00:00 - 12/11/2025 18:00:00,BZN|CH,Without Sequence,130.1,,
12/11/2025 18:00:00 - 12/11/2025 19:00:00,BZN|CH,Without Sequence,129.49,,
12/11/2025 19:00:00 - 12/11/2025 20:00:00,BZN|CH,Without Sequence,124.34,,
12/11/2025 20:00:00 - 12/11/2025 21:00:00,BZN|CH,Without Sequence,118.87,,
12/11/2025 21:00:00 - 12/11/2025 22:00:00,BZN|CH,Without Sequence,114.04,,
12/11/2025 22:00:00 - 12/11/2025 23:00:00,BZN|CH,Without Sequence,109.07,,
12/11/2025 23:00:00 - 13/11/2025 00:00:00,BZN|CH,Without Sequence,102.58,,
13/11/2025 00:00:00 - 13/11/2025 01:00:00,BZN|CH,Without Sequence,99.2,,
13/11/2025 01:00:00 - 13/11/2025 02:00:00,BZN|CH,Without Sequence,99.1,,
13/11/2025 02:00:00 - 13/11/2025 03:00:00,BZN|CH,Without Sequence,98.01,,
13/11/2025 03:00:00 - 13/11/2025 04:00:00,BZN|CH,Without Sequence,99.54,,
13/11/2025 04:00:00 - 13/11/2025 05:00:00,BZN|CH,Without Sequence,106,,
13/11/2025 05:00:00 - 13/11/2025 06:00:00,BZN|CH,Without Sequence,121.06,,
13/11/2025 06:00:00 - 13/11/2025 07:00:00,BZN|CH,Without Sequence,129.39,,
13/11/2025 07:00:00 - 13/11/2025 08:00:00,BZN|CH,Without Sequence,125.3,,
13/11/2025 08:00:00 - 13/11/2025 09:00:00,BZN|CH,Without Sequence,116.6,,
13/11/2025 09:00:00 - 13/11/2025 10:00:00,BZN|CH,Without Sequence,104.16,,
13/11/2025 10:00:00 - 13/11/2025 11:00:00,BZN|CH,Without Sequence,98.08,,
13/11/2025 11:00:00 - 13/11/2025 12:00:00,BZN|CH,Without Sequence,93.48,,
13/11/2025 12:00:00 - 13/11/2025 13:00:00,BZN|CH,Without Sequence,96.79,,
13/11/2025 13:00:00 - 13/11/2025 14:00:00,BZN|CH,Without Sequence,109.71,,
13/11/2025 14:00:00 - 13/11/2025 15:00:00,BZN|CH,Without Sequence,126.7,,
13/11/2025 15:00:00 - 13/11/2025 16:00:00,BZN|CH,Without Sequence,131.5,,
13/11/2025 16:00:00 - 13/11/2025 17:00:00,BZN|CH,Without Sequence,130,,
13/11/2025 17:00:00 - 13/11/2025 18:00:00,BZN|CH,Without Sequence,129.46,,
13/11/2025 18:00:00 - 13/11/2025 19:00:00,BZN|CH,Without Sequence,128,,
13/11/2025 19:00:00 - 13/11/2025 20:00:00,BZN|CH,Without Sequence,125.49,,
13/11/2025 20:00:00 - 13/11/2025 21:00:00,BZN|CH,Without Sequence,120,,
13/11/2025 21:00:00 - 13/11/2025 22:00:00,BZN|CH,Without Sequence,117.02,,
13/11/2025 22:00:00 - 13/11/2025 23:00:00,BZN|CH,Without Sequence,111.77,,
13/11/2025 23:00:00 - 14/11/2025 00:00:00,BZN|CH,Without Sequence,105.77,,
14/11/2025 00:00:00 - 14/11/2025 01:00:00,BZN|CH,Without Sequence,103.21,,
14/11/2025 01:00:00 - 14/11/2025 02:00:00,BZN|CH,Without Sequence,101.36,,
14/11/2025 02:00:00 - 14/11/2025 03:00:00,BZN|CH,Without Sequence,100,,
14/11/2025 03:00:00 - 14/11/2025 04:00:00,BZN|CH,Without Sequence,101.3,,
14/11/2025 04:00:00 - 14/11/2025 05:00:00,BZN|CH,Without Sequence,111.55,,
14/11/2025 05:00:00 - 14/11/2025 06:00:00,BZN|CH,Without Sequence,123.89,,
14/11/2025 06:00:00 - 14/11/2025 07:00:00,BZN|CH,Without Sequence,134.6,,
14/11/2025 07:00:00 - 14/11/2025 08:00:00,BZN|CH,Without Sequence,130,,
14/11/2025 08:00:00 - 14/11/2025 09:00:00,BZN|CH,Without Sequence,119.3,,
14/11/2025 09:00:00 - 14/11/2025 10:00:00,BZN|CH,Without Sequence,109.16,,
14/11/2025 10:00:00 - 14/11/2025 11:00:00,BZN|CH,Without Sequence,102.83,,
14/11/2025 11:00:00 - 14/11/2025 12:00:00,BZN|CH,Without Sequence,99.65,,
14/11/2025 12:00:00 - 14/11/2025 13:00:00,BZN|CH,Without Sequence,102.04,,
14/11/2025 13:00:00 - 14/11/2025 14:00:00,BZN|CH,Without Sequence,116,,
14/11/2025 14:00:00 - 14/11/2025 15:00:00,BZN|CH,Without Sequence,127.09,,
14/11/2025 15:00:00 - 14/11/2025 16:00:00,BZN|CH,Without Sequence,132.52,,
14/11/2025 16:00:00 - 14/11/2025 17:00:00,BZN|CH,Without Sequence,134.27,,
14/11/2025 17:00:00 - 14/11/2025 18:00:00,BZN|CH,Without Sequence,130,,
14/11/2025 18:00:00 - 14/11/2025 19:00:00,BZN|CH,Without Sequence,128.74,,
14/11/2025 19:00:00 - 14/11/2025 20:00:00,BZN|CH,Without Sequence,125,,
14/11/2025 20:00:00 - 14/11/2025 21:00:00,BZN|CH,Without Sequence,118,,
14/11/2025 21:00:00 - 14/11/2025 22:00:00,BZN|CH,Without Sequence,112.79,,
14/11/2025 22:00:00 - 14/11/2025 23:00:00,BZN|CH,Without Sequence,107.43,,
14/11/2025 23:00:00 - 15/11/2025 00:00:00,BZN|CH,Without Sequence,105,,
15/11/2025 00:00:00 - 15/11/2025 01:00:00,BZN|CH,Without Sequence,99.45,,
15/11/2025 01:00:00 - 15/11/2025 02:00:00,BZN|CH,Without Sequence,98.01,,
15/11/2025 02:00:00 - 15/11/2025 03:00:00,BZN|CH,Without Sequence,97,,
15/11/2025 03:00:00 - 15/11/2025 04:00:00,BZN|CH,Without Sequence,97.64,,
15/11/2025 04:00:00 - 15/11/2025 05:00:00,BZN|CH,Without Sequence,99.65,,
15/11/2025 05:00:00 - 15/11/2025 06:00:00,BZN|CH,Without Sequence,108.67,,
15/11/2025 06:00:00 - 15/11/2025 07:00:00,BZN|CH,Without Sequence,114.35,,
15/11/2025 07:00:00 - 15/11/2025 08:00:00,BZN|CH,Without Sequence,112.95,,
15/11/2025 08:00:00 - 15/11/2025 09:00:00,BZN|CH,Without Sequence,108.54,,
15/11/2025 09:00:00 - 15/11/2025 10:00:00,BZN|CH,Without Sequence,102.93,,
15/11/2025 10:00:00 - 15/11/2025 11:00:00,BZN|CH,Without Sequence,100.65,,
15/11/2025 11:00:00 - 15/11/2025 12:00:00,BZN|CH,Without Sequence,100.12,,
15/11/2025 12:00:00 - 15/11/2025 13:00:00,BZN|CH,Without Sequence,102.05,,
15/11/2025 13:00:00 - 15/11/2025 14:00:00,BZN|CH,Without Sequence,108,,
15/11/2025 14:00:00 - 15/11/2025 15:00:00,BZN|CH,Without Sequence,116.39,,
15/11/2025 15:00:00 - 15/11/2025 16:00:00,BZN|CH,Without Sequence,123.13,,
15/11/2025 16:00:00 - 15/11/2025 17:00:00,BZN|CH,Without Sequence,125.89,,
15/11/2025 17:00:00 - 15/11/2025 18:00:00,BZN|CH,Without Sequence,125.94,,
15/11/2025 18:00:00 - 15/11/2025 19:00:00,BZN|CH,Without Sequence,123.7,,
15/11/2025 19:00:00 - 15/11/2025 20:00:00,BZN|CH,Without Sequence,119.56,,
15/11/2025 20:00:00 - 15/11/2025 21:00:00,BZN|CH,Without Sequence,113.68,,
15/11/2025 21:00:00 - 15/11/2025 22:00:00,BZN|CH,Without Sequence,111.8,,
15/11/2025 22:00:00 - 15/11/2025 23:00:00,BZN|CH,Without Sequence,107.92,,
15/11/2025 23:00:00 - 16/11/2025 00:00:00,BZN|CH,Without Sequence,99.17,,
16/11/2025 00:00:00 - 16/11/2025 01:00:00,BZN|CH,Without Sequence,96.41,,
16/11/2025 01:00:00 - 16/11/2025 02:00:00,BZN|CH,Without Sequence,94,,
16/11/2025 02:00:00 - 16/11/2025 03:00:00,BZN|CH,Without Sequence,92.59,,
16/11/2025 03:00:00 - 16/11/2025 04:00:00,BZN|CH,Without Sequence,92.7,,
16/11/2025 04:00:00 - 16/11/2025 05:00:00,BZN|CH,Without Sequence,94.5,,
16/11/2025 05:00:00 - 16/11/2025 06:00:00,BZN|CH,Without Sequence,100.05,,
16/11/2025 06:00:00 - 16/11/2025 07:00:00,BZN|CH,Without Sequence,104.49,,
16/11/2025 07:00:00 - 16/11/2025 08:00:00,BZN|CH,Without Sequence,102.02,,
16/11/2025 08:00:00 - 16/11/2025 09:00:00,BZN|CH,Without Sequence,102,,
16/11/2025 09:00:00 - 16/11/2025 10:00:00,BZN|CH,Without Sequence,102.04,,
16/11/2025 10:00:00 - 16/11/2025 11:00:00,BZN|CH,Without Sequence,103.21,,
16/11/2025 11:00:00 - 16/11/2025 12:00:00,BZN|CH,Without Sequence,102.87,,
16/11/2025 12:00:00 - 16/11/2025 13:00:00,BZN|CH,Without Sequence,105.46,,
16/11/2025 13:00:00 - 16/11/2025 14:00:00,BZN|CH,Without Sequence,108.8,,
16/11/2025 14:00:00 - 16/11/2025 15:00:00,BZN|CH,Without Sequence,113.4,,
16/11/2025 15:00:00 - 16/11/2025 16:00:00,BZN|CH,Without Sequence,120.59,,
16/11/2025 16:00:00 - 16/11/2025 17:00:00,BZN|CH,Without Sequence,123.67,,
16/11/2025 17:00:00 - 16/11/2025 18:00:00,BZN|CH,Without Sequence,123.9,,
16/11/2025 18:00:00 - 16/11/2025 19:00:00,BZN|CH,Without Sequence,119.8,,
16/11/2025 19:00:00 - 16/11/2025 20:00:00,BZN|CH,Without Sequence,118.03,,
16/11/2025 20:00:00 - 16/11/2025 21:00:00,BZN|CH,Without Sequence,113.41,,
16/11/2025 21:00:00 - 16/11/2025 22:00:00,BZN|CH,Without Sequence,104.91,,
16/11/2025 22:00:00 - 16/11/2025 23:00:00,BZN|CH,Without Sequence,98.41,,
16/11/2025 23:00:00 - 17/11/2025 00:00:00,BZN|CH,Without Sequence,93.68,,
17/11/2025 00:00:00 - 17/11/2025 01:00:00,BZN|CH,Without Sequence,90.89,,
17/11/2025 01:00:00 - 17/11/2025 02:00:00,BZN|CH,Without Sequence,90.45,,
17/11/2025 02:00:00 - 17/11/2025 03:00:00,BZN|CH,Without Sequence,91.01,,
17/11/2025 03:00:00 - 17/11/2025 04:00:00,BZN|CH,Without Sequence,91.8,,
17/11/2025 04:00:00 - 17/11/2025 05:00:00,BZN|CH,Without Sequence,98.01,,
17/11/2025 05:00:00 - 17/11/2025 06:00:00,BZN|CH,Without Sequence,117.42,,
17/11/2025 06:00:00 - 17/11/2025 07:00:00,BZN|CH,Without Sequence,127.09,,
17/11/2025 07:00:00 - 17/11/2025 08:00:00,BZN|CH,Without Sequence,127.6,,
17/11/2025 08:00:00 - 17/11/2025 09:00:00,BZN|CH,Without Sequence,125.06,,
17/11/2025 09:00:00 - 17/11/2025 10:00:00,BZN|CH,Without Sequence,123.11,,
17/11/2025 10:00:00 - 17/11/2025 11:00:00,BZN|CH,Without Sequence,122.83,,
17/11/2025 11:00:00 - 17/11/2025 12:00:00,BZN|CH,Without Sequence,122.01,,
17/11/2025 12:00:00 - 17/11/2025 13:00:00,BZN|CH,Without Sequence,122.01,,
17/11/2025 13:00:00 - 17/11/2025 14:00:00,BZN|CH,Without Sequence,122.93,,
17/11/2025 14:00:00 - 17/11/2025 15:00:00,BZN|CH,Without Sequence,128.07,,
17/11/2025 15:00:00 - 17/11/2025 16:00:00,BZN|CH,Without Sequence,130.09,,
17/11/2025 16:00:00 - 17/11/2025 17:00:00,BZN|CH,Without Sequence,130.45,,
17/11/2025 17:00:00 - 17/11/2025 18:00:00,BZN|CH,Without Sequence,130.04,,
17/11/2025 18:00:00 - 17/11/2025 19:00:00,BZN|CH,Without Sequence,126.66,,
17/11/2025 19:00:00 - 17/11/2025 20:00:00,BZN|CH,Without Sequence,121.72,,
17/11/2025 20:00:00 - 17/11/2025 21:00:00,BZN|CH,Without Sequence,114.01,,
17/11/2025 21:00:00 - 17/11/2025 22:00:00,BZN|CH,Without Sequence,108,,
17/11/2025 22:00:00 - 17/11/2025 23:00:00,BZN|CH,Without Sequence,104.61,,
17/11/2025 23:00:00 - 18/11/2025 00:00:00,BZN|CH,Without Sequence,103.34,,
18/11/2025 00:00:00 - 18/11/2025 01:00:00,BZN|CH,Without Sequence,100.08,,
18/11/2025 01:00:00 - 18/11/2025 02:00:00,BZN|CH,Without Sequence,99,,
18/11/2025 02:00:00 - 18/11/2025 03:00:00,BZN|CH,Without Sequence,98.43,,
18/11/2025 03:00:00 - 18/11/2025 04:00:00,BZN|CH,Without Sequence,98.97,,
18/11/2025 04:00:00 - 18/11/2025 05:00:00,BZN|CH,Without Sequence,104.99,,
18/11/2025 05:00:00 - 18/11/2025 06:00:00,BZN|CH,Without Sequence,118.17,,
18/11/2025 06:00:00 - 18/11/2025 07:00:00,BZN|CH,Without Sequence,126.29,,
18/11/2025 07:00:00 - 18/11/2025 08:00:00,BZN|CH,Without Sequence,131.2,,
18/11/2025 08:00:00 - 18/11/2025 09:00:00,BZN|CH,Without Sequence,125,,
18/11/2025 09:00:00 - 18/11/2025 10:00:00,BZN|CH,Without Sequence,120.85,,
18/11/2025 10:00:00 - 18/11/2025 11:00:00,BZN|CH,Without Sequence,118.4,,
18/11/2025 11:00:00 - 18/11/2025 12:00:00,BZN|CH,Without Sequence,113.2,,
18/11/2025 12:00:00 - 18/11/2025 13:00:00,BZN|CH,Without Sequence,115.8,,
18/11/2025 13:00:00 - 18/11/2025 14:00:00,BZN|CH,Without Sequence,120.5,,
18/11/2025 14:00:00 - 18/11/2025 15:00:00,BZN|CH,Without Sequence,127.8,,
18/11/2025 15:00:00 - 18/11/2025 16:00:00,BZN|CH,Without Sequence,132.71,,
18/11/2025 16:00:00 - 18/11/2025 17:00:00,BZN|CH,Without Sequence,136.4,,
18/11/2025 17:00:00 - 18/11/2025 18:00:00,BZN|CH,Without Sequence,133.21,,
18/11/2025 18:00:00 - 18/11/2025 19:00:00,BZN|CH,Without Sequence,128.85,,
18/11/2025 19:00:00 - 18/11/2025 20:00:00,BZN|CH,Without Sequence,125.95,,
18/11/2025 20:00:00 - 18/11/2025 21:00:00,BZN|CH,Without Sequence,119,,
18/11/2025 21:00:00 - 18/11/2025 22:00:00,BZN|CH,Without Sequence,113.2,,
18/11/2025 22:00:00 - 18/11/2025 23:00:00,BZN|CH,Without Sequence,108.84,,
18/11/2025 23:00:00 - 19/11/2025 00:00:00,BZN|CH,Without Sequence,110,,
19/11/2025 00:00:00 - 19/11/2025 01:00:00,BZN|CH,Without Sequence,106,,
19/11/2025 01:00:00 - 19/11/2025 02:00:00,BZN|CH,Without Sequence,104,,
19/11/2025 02:00:00 - 19/11/2025 03:00:00,BZN|CH,Without Sequence,103.7,,
19/11/2025 03:00:00 - 19/11/2025 04:00:00,BZN|CH,Without Sequence,104.31,,
19/11/2025 04:00:00 - 19/11/2025 05:00:00,BZN|CH,Without Sequence,112.84,,
19/11/2025 05:00:00 - 19/11/2025 06:00:00,BZN|CH,Without Sequence,125.29,,
19/11/2025 06:00:00 - 19/11/2025 07:00:00,BZN|CH,Without Sequence,135.1,,
19/11/2025 07:00:00 - 19/11/2025 08:00:00,BZN|CH,Without Sequence,138.41,,
19/11/2025 08:00:00 - 19/11/2025 09:00:00,BZN|CH,Without Sequence,126.41,,
19/11/2025 09:00:00 - 19/11/2025 10:00:00,BZN|CH,Without Sequence,121.08,,
19/11/2025 10:00:00 - 19/11/2025 11:00:00,BZN|CH,Without Sequence,118,,
19/11/2025 11:00:00 - 19/11/2025 12:00:00,BZN|CH,Without Sequence,113.03,,
19/11/2025 12:00:00 - 19/11/2025 13:00:00,BZN|CH,Without Sequence,115.82,,
19/11/2025 13:00:00 - 19/11/2025 14:00:00,BZN|CH,Without Sequence,122.81,,
19/11/2025 14:00:00 - 19/11/2025 15:00:00,BZN|CH,Without Sequence,133.95,,
19/11/2025 15:00:00 - 19/11/2025 16:00:00,BZN|CH,Without Sequence,138.92,,
19/11/2025 16:00:00 - 19/11/2025 17:00:00,BZN|CH,Without Sequence,140.99,,
19/11/2025 17:00:00 - 19/11/2025 18:00:00,BZN|CH,Without Sequence,139.05,,
19/11/2025 18:00:00 - 19/11/2025 19:00:00,BZN|CH,Without Sequence,136.34,,
19/11/2025 19:00:00 - 19/11/2025 20:00:00,BZN|CH,Without Sequence,128.41,,
19/11/2025 20:00:00 - 19/11/2025 21:00:00,BZN|CH,Without Sequence,120,,
19/11/2025 21:00:00 - 19/11/2025 22:00:00,BZN|CH,Without Sequence,116.68,,
19/11/2025 22:00:00 - 19/11/2025 23:00:00,BZN|CH,Without Sequence,112,,
19/11/2025 23:00:00 - 20/11/2025 00:00:00,BZN|CH,Without Sequence,106.99,,
20/11/2025 00:00:00 - 20/11/2025 01:00:00,BZN|CH,Without Sequence,105.1,,
20/11/2025 01:00:00 - 20/11/2025 02:00:00,BZN|CH,Without Sequence,104.42,,
20/11/2025 02:00:00 - 20/11/2025 03:00:00,BZN|CH,Without Sequence,103.91,,
20/11/2025 03:00:00 - 20/11/2025 04:00:00,BZN|CH,Without Sequence,104.15,,
20/11/2025 04:00:00 - 20/11/2025 05:00:00,BZN|CH,Without Sequence,106.12,,
20/11/2025 05:00:00 - 20/11/2025 06:00:00,BZN|CH,Without Sequence,124.7,,
20/11/2025 06:00:00 - 20/11/2025 07:00:00,BZN|CH,Without Sequence,133.35,,
20/11/2025 07:00:00 - 20/11/2025 08:00:00,BZN|CH,Without Sequence,139.09,,
20/11/2025 08:00:00 - 20/11/2025 09:00:00,BZN|CH,Without Sequence,131.21,,
20/11/2025 09:00:00 - 20/11/2025 10:00:00,BZN|CH,Without Sequence,125.03,,
20/11/2025 10:00:00 - 20/11/2025 11:00:00,BZN|CH,Without Sequence,121.51,,
20/11/2025 11:00:00 - 20/11/2025 12:00:00,BZN|CH,Without Sequence,119.5,,
20/11/2025 12:00:00 - 20/11/2025 13:00:00,BZN|CH,Without Sequence,121.5,,
20/11/2025 13:00:00 - 20/11/2025 14:00:00,BZN|CH,Without Sequence,127.1,,
20/11/2025 14:00:00 - 20/11/2025 15:00:00,BZN|CH,Without Sequence,131.9,,
20/11/2025 15:00:00 - 20/11/2025 16:00:00,BZN|CH,Without Sequence,146.5,,
20/11/2025 16:00:00 - 20/11/2025 17:00:00,BZN|CH,Without Sequence,155,,
20/11/2025 17:00:00 - 20/11/2025 18:00:00,BZN|CH,Without Sequence,148.91,,
20/11/2025 18:00:00 - 20/11/2025 19:00:00,BZN|CH,Without Sequence,137.06,,
20/11/2025 19:00:00 - 20/11/2025 20:00:00,BZN|CH,Without Sequence,126.64,,
20/11/2025 20:00:00 - 20/11/2025 21:00:00,BZN|CH,Without Sequence,121.03,,
20/11/2025 21:00:00 - 20/11/2025 22:00:00,BZN|CH,Without Sequence,114.7,,
20/11/2025 22:00:00 - 20/11/2025 23:00:00,BZN|CH,Without Sequence,109.92,,
20/11/2025 23:00:00 - 21/11/2025 00:00:00,BZN|CH,Without Sequence,106.67,,
21/11/2025 00:00:00 - 21/11/2025 01:00:00,BZN|CH,Without Sequence,104.84,,
21/11/2025 01:00:00 - 21/11/2025 02:00:00,BZN|CH,Without Sequence,102.52,,
21/11/2025 02:00:00 - 21/11/2025 03:00:00,BZN|CH,Without Sequence,100.86,,
21/11/2025 03:00:00 - 21/11/2025 04:00:00,BZN|CH,Without Sequence,104,,
21/11/2025 04:00:00 - 21/11/2025 05:00:00,BZN|CH,Without Sequence,107.7,,
21/11/2025 05:00:00 - 21/11/2025 06:00:00,BZN|CH,Without Sequence,128.4,,
21/11/2025 06:00:00 - 21/11/2025 07:00:00,BZN|CH,Without Sequence,165.47,,
21/11/2025 07:00:00 - 21/11/2025 08:00:00,BZN|CH,Without Sequence,182.67,,
21/11/2025 08:00:00 - 21/11/2025 09:00:00,BZN|CH,Without Sequence,168.06,,
21/11/2025 09:00:00 - 21/11/2025 10:00:00,BZN|CH,Without Sequence,150,,
21/11/2025 10:00:00 - 21/11/2025 11:00:00,BZN|CH,Without Sequence,137.07,,
21/11/2025 11:00:00 - 21/11/2025 12:00:00,BZN|CH,Without Sequence,133.67,,
21/11/2025 12:00:00 - 21/11/2025 13:00:00,BZN|CH,Without Sequence,134.91,,
21/11/2025 13:00:00 - 21/11/2025 14:00:00,BZN|CH,Without Sequence,140.2,,
21/11/2025 14:00:00 - 21/11/2025 15:00:00,BZN|CH,Without Sequence,175.36,,
21/11/2025 15:00:00 - 21/11/2025 16:00:00,BZN|CH,Without Sequence,217.54,,
21/11/2025 16:00:00 - 21/11/2025 17:00:00,BZN|CH,Without Sequence,233.95,,
21/11/2025 17:00:00 - 21/11/2025 18:00:00,BZN|CH,Without Sequence,184.85,,
21/11/2025 18:00:00 - 21/11/2025 19:00:00,BZN|CH,Without Sequence,165,,
21/11/2025 19:00:00 - 21/11/2025 20:00:00,BZN|CH,Without Sequence,130.98,,
21/11/2025 20:00:00 - 21/11/2025 21:00:00,BZN|CH,Without Sequence,120.36,,
21/11/2025 21:00:00 - 21/11/2025 22:00:00,BZN|CH,Without Sequence,114,,
21/11/2025 22:00:00 - 21/11/2025 23:00:00,BZN|CH,Without Sequence,106.83,,
21/11/2025 23:00:00 - 22/11/2025 00:00:00,BZN|CH,Without Sequence,114.96,,
22/11/2025 00:00:00 - 22/11/2025 01:00:00,BZN|CH,Without Sequence,110.53,,
22/11/2025 01:00:00 - 22/11/2025 02:00:00,BZN|CH,Without Sequence,108.36,,
22/11/2025 02:00:00 - 22/11/2025 03:00:00,BZN|CH,Without Sequence,107.1,,
22/11/2025 03:00:00 - 22/11/2025 04:00:00,BZN|CH,Without Sequence,106.26,,
22/11/2025 04:00:00 - 22/11/2025 05:00:00,BZN|CH,Without Sequence,109.37,,
22/11/2025 05:00:00 - 22/11/2025 06:00:00,BZN|CH,Without Sequence,116,,
22/11/2025 06:00:00 - 22/11/2025 07:00:00,BZN|CH,Without Sequence,121.8,,
22/11/2025 07:00:00 - 22/11/2025 08:00:00,BZN|CH,Without Sequence,123.05,,
22/11/2025 08:00:00 - 22/11/2025 09:00:00,BZN|CH,Without Sequence,121.1,,
22/11/2025 09:00:00 - 22/11/2025 10:00:00,BZN|CH,Without Sequence,115.51,,
22/11/2025 10:00:00 - 22/11/2025 11:00:00,BZN|CH,Without Sequence,109.85,,
22/11/2025 11:00:00 - 22/11/2025 12:00:00,BZN|CH,Without Sequence,107.11,,
22/11/2025 12:00:00 - 22/11/2025 13:00:00,BZN|CH,Without Sequence,107.1,,
22/11/2025 13:00:00 - 22/11/2025 14:00:00,BZN|CH,Without Sequence,116.56,,
22/11/2025 14:00:00 - 22/11/2025 15:00:00,BZN|CH,Without Sequence,123,,
22/11/2025 15:00:00 - 22/11/2025 16:00:00,BZN|CH,Without Sequence,126,,
22/11/2025 16:00:00 - 22/11/2025 17:00:00,BZN|CH,Without Sequence,127.69,,
22/11/2025 17:00:00 - 22/11/2025 18:00:00,BZN|CH,Without Sequence,127.69,,
22/11/2025 18:00:00 - 22/11/2025 19:00:00,BZN|CH,Without Sequence,126.7,,
22/11/2025 19:00:00 - 22/11/2025 20:00:00,BZN|CH,Without Sequence,124.3,,
22/11/2025 20:00:00 - 22/11/2025 21:00:00,BZN|CH,Without Sequence,120.2,,
22/11/2025 21:00:00 - 22/11/2025 22:00:00,BZN|CH,Without Sequence,116.72,,
22/11/2025 22:00:00 - 22/11/2025 23:00:00,BZN|CH,Without Sequence,114.47,,
22/11/2025 23:00:00 - 23/11/2025 00:00:00,BZN|CH,Without Sequence,115.8,,
23/11/2025 00:00:00 - 23/11/2025 01:00:00,BZN|CH,Without Sequence,111.8,,
23/11/2025 01:00:00 - 23/11/2025 02:00:00,BZN|CH,Without Sequence,110.36,,
23/11/2025 02:00:00 - 23/11/2025 03:00:00,BZN|CH,Without Sequence,110.21,,
23/11/2025 03:00:00 - 23/11/2025 04:00:00,BZN|CH,Without Sequence,110.54,,
23/11/2025 04:00:00 - 23/11/2025 05:00:00,BZN|CH,Without Sequence,111,,
23/11/2025 05:00:00 - 23/11/2025 06:00:00,BZN|CH,Without Sequence,112.7,,
23/11/2025 06:00:00 - 23/11/2025 07:00:00,BZN|CH,Without Sequence,113.96,,
23/11/2025 07:00:00 - 23/11/2025 08:00:00,BZN|CH,Without Sequence,115.64,,
23/11/2025 08:00:00 - 23/11/2025 09:00:00,BZN|CH,Without Sequence,112.04,,
23/11/2025 09:00:00 - 23/11/2025 10:00:00,BZN|CH,Without Sequence,110.33,,
23/11/2025 10:00:00 - 23/11/2025 11:00:00,BZN|CH,Without Sequence,110.1,,
23/11/2025 11:00:00 - 23/11/2025 12:00:00,BZN|CH,Without Sequence,111,,
23/11/2025 12:00:00 - 23/11/2025 13:00:00,BZN|CH,Without Sequence,111.88,,
23/11/2025 13:00:00 - 23/11/2025 14:00:00,BZN|CH,Without Sequence,113.11,,
23/11/2025 14:00:00 - 23/11/2025 15:00:00,BZN|CH,Without Sequence,120,,
23/11/2025 15:00:00 - 23/11/2025 16:00:00,BZN|CH,Without Sequence,128.22,,
23/11/2025 16:00:00 - 23/11/2025 17:00:00,BZN|CH,Without Sequence,131.6,,
23/11/2025 17:00:00 - 23/11/2025 18:00:00,BZN|CH,Without Sequence,131.59,,
23/11/2025 18:00:00 - 23/11/2025 19:00:00,BZN|CH,Without Sequence,129.02,,
23/11/2025 19:00:00 - 23/11/2025 20:00:00,BZN|CH,Without Sequence,125,,
23/11/2025 20:00:00 - 23/11/2025 21:00:00,BZN|CH,Without Sequence,122.43,,
23/11/2025 21:00:00 - 23/11/2025 22:00:00,BZN|CH,Without Sequence,118.21,,
23/11/2025 22:00:00 - 23/11/2025 23:00:00,BZN|CH,Without Sequence,111,,
23/11/2025 23:00:00 - 24/11/2025 00:00:00,BZN|CH,Without Sequence,102.39,,
24/11/2025 00:00:00 - 24/11/2025 01:00:00,BZN|CH,Without Sequence,99.95,,
24/11/2025 01:00:00 - 24/11/2025 02:00:00,BZN|CH,Without Sequence,97.24,,
24/11/2025 02:00:00 - 24/11/2025 03:00:00,BZN|CH,Without Sequence,96,,
24/11/2025 03:00:00 - 24/11/2025 04:00:00,BZN|CH,Without Sequence,97,,
24/11/2025 04:00:00 - 24/11/2025 05:00:00,BZN|CH,Without Sequence,102.58,,
24/11/2025 05:00:00 - 24/11/2025 06:00:00,BZN|CH,Without Sequence,116.45,,
24/11/2025 06:00:00 - 24/11/2025 07:00:00,BZN|CH,Without Sequence,129.74,,
24/11/2025 07:00:00 - 24/11/2025 08:00:00,BZN|CH,Without Sequence,136.29,,
24/11/2025 08:00:00 - 24/11/2025 09:00:00,BZN|CH,Without Sequence,135.03,,
24/11/2025 09:00:00 - 24/11/2025 10:00:00,BZN|CH,Without Sequence,131.41,,
24/11/2025 10:00:00 - 24/11/2025 11:00:00,BZN|CH,Without Sequence,131.37,,
24/11/2025 11:00:00 - 24/11/2025 12:00:00,BZN|CH,Without Sequence,131.74,,
24/11/2025 12:00:00 - 24/11/2025 13:00:00,BZN|CH,Without Sequence,134.5,,
24/11/2025 13:00:00 - 24/11/2025 14:00:00,BZN|CH,Without Sequence,136.99,,
24/11/2025 14:00:00 - 24/11/2025 15:00:00,BZN|CH,Without Sequence,148.71,,
24/11/2025 15:00:00 - 24/11/2025 16:00:00,BZN|CH,Without Sequence,160.49,,
24/11/2025 16:00:00 - 24/11/2025 17:00:00,BZN|CH,Without Sequence,158.8,,
24/11/2025 17:00:00 - 24/11/2025 18:00:00,BZN|CH,Without Sequence,154.61,,
24/11/2025 18:00:00 - 24/11/2025 19:00:00,BZN|CH,Without Sequence,151.92,,
24/11/2025 19:00:00 - 24/11/2025 20:00:00,BZN|CH,Without Sequence,127.4,,
24/11/2025 20:00:00 - 24/11/2025 21:00:00,BZN|CH,Without Sequence,119.66,,
24/11/2025 21:00:00 - 24/11/2025 22:00:00,BZN|CH,Without Sequence,113.76,,
24/11/2025 22:00:00 - 24/11/2025 23:00:00,BZN|CH,Without Sequence,107.83,,
24/11/2025 23:00:00 - 25/11/2025 00:00:00,BZN|CH,Without Sequence,106.97,,
25/11/2025 00:00:00 - 25/11/2025 01:00:00,BZN|CH,Without Sequence,105.2,,
25/11/2025 01:00:00 - 25/11/2025 02:00:00,BZN|CH,Without Sequence,104.05,,
25/11/2025 02:00:00 - 25/11/2025 03:00:00,BZN|CH,Without Sequence,103.81,,
25/11/2025 03:00:00 - 25/11/2025 04:00:00,BZN|CH,Without Sequence,103.57,,
25/11/2025 04:00:00 - 25/11/2025 05:00:00,BZN|CH,Without Sequence,111.31,,
25/11/2025 05:00:00 - 25/11/2025 06:00:00,BZN|CH,Without Sequence,137.01,,
25/11/2025 06:00:00 - 25/11/2025 07:00:00,BZN|CH,Without Sequence,155.71,,
25/11/2025 07:00:00 - 25/11/2025 08:00:00,BZN|CH,Without Sequence,186.05,,
25/11/2025 08:00:00 - 25/11/2025 09:00:00,BZN|CH,Without Sequence,183.3,,
25/11/2025 09:00:00 - 25/11/2025 10:00:00,BZN|CH,Without Sequence,186.2,,
25/11/2025 10:00:00 - 25/11/2025 11:00:00,BZN|CH,Without Sequence,193.02,,
25/11/2025 11:00:00 - 25/11/2025 12:00:00,BZN|CH,Without Sequence,171.29,,
25/11/2025 12:00:00 - 25/11/2025 13:00:00,BZN|CH,Without Sequence,220,,
25/11/2025 13:00:00 - 25/11/2025 14:00:00,BZN|CH,Without Sequence,238.44,,
25/11/2025 14:00:00 - 25/11/2025 15:00:00,BZN|CH,Without Sequence,250,,
25/11/2025 15:00:00 - 25/11/2025 16:00:00,BZN|CH,Without Sequence,267.2,,
25/11/2025 16:00:00 - 25/11/2025 17:00:00,BZN|CH,Without Sequence,253.31,,
25/11/2025 17:00:00 - 25/11/2025 18:00:00,BZN|CH,Without Sequence,234.84,,
25/11/2025 18:00:00 - 25/11/2025 19:00:00,BZN|CH,Without Sequence,182.18,,
25/11/2025 19:00:00 - 25/11/2025 20:00:00,BZN|CH,Without Sequence,157.49,,
25/11/2025 20:00:00 - 25/11/2025 21:00:00,BZN|CH,Without Sequence,135.65,,
25/11/2025 21:00:00 - 25/11/2025 22:00:00,BZN|CH,Without Sequence,121.01,,
25/11/2025 22:00:00 - 25/11/2025 23:00:00,BZN|CH,Without Sequence,107.99,,
25/11/2025 23:00:00 - 26/11/2025 00:00:00,BZN|CH,Without Sequence,104.06,,
26/11/2025 00:00:00 - 26/11/2025 01:00:00,BZN|CH,Without Sequence,101.57,,
26/11/2025 01:00:00 - 26/11/2025 02:00:00,BZN|CH,Without Sequence,99.97,,
26/11/2025 02:00:00 - 26/11/2025 03:00:00,BZN|CH,Without Sequence,99.8,,
26/11/2025 03:00:00 - 26/11/2025 04:00:00,BZN|CH,Without Sequence,99.81,,
26/11/2025 04:00:00 - 26/11/2025 05:00:00,BZN|CH,Without Sequence,105.51,,
26/11/2025 05:00:00 - 26/11/2025 06:00:00,BZN|CH,Without Sequence,133,,
26/11/2025 06:00:00 - 26/11/2025 07:00:00,BZN|CH,Without Sequence,184.68,,
26/11/2025 07:00:00 - 26/11/2025 08:00:00,BZN|CH,Without Sequence,208.18,,
26/11/2025 08:00:00 - 26/11/2025 09:00:00,BZN|CH,Without Sequence,210,,
26/11/2025 09:00:00 - 26/11/2025 10:00:00,BZN|CH,Without Sequence,192.46,,
26/11/2025 10:00:00 - 26/11/2025 11:00:00,BZN|CH,Without Sequence,182.99,,
26/11/2025 11:00:00 - 26/11/2025 12:00:00,BZN|CH,Without Sequence,181.33,,
26/11/2025 12:00:00 - 26/11/2025 13:00:00,BZN|CH,Without Sequence,180,,
26/11/2025 13:00:00 - 26/11/2025 14:00:00,BZN|CH,Without Sequence,173.85,,
26/11/2025 14:00:00 - 26/11/2025 15:00:00,BZN|CH,Without Sequence,276.61,,
26/11/2025 15:00:00 - 26/11/2025 16:00:00,BZN|CH,Without Sequence,317.97,,
26/11/2025 16:00:00 - 26/11/2025 17:00:00,BZN|CH,Without Sequence,288.41,,
26/11/2025 17:00:00 - 26/11/2025 18:00:00,BZN|CH,Without Sequence,258.75,,
26/11/2025 18:00:00 - 26/11/2025 19:00:00,BZN|CH,Without Sequence,220,,
26/11/2025 19:00:00 - 26/11/2025 20:00:00,BZN|CH,Without Sequence,153.03,,
26/11/2025 20:00:00 - 26/11/2025 21:00:00,BZN|CH,Without Sequence,120.03,,
26/11/2025 21:00:00 - 26/11/2025 22:00:00,BZN|CH,Without Sequence,112.4,,
26/11/2025 22:00:00 - 26/11/2025 23:00:00,BZN|CH,Without Sequence,109.62,,
26/11/2025 23:00:00 - 27/11/2025 00:00:00,BZN|CH,Without Sequence,110.63,,
27/11/2025 00:00:00 - 27/11/2025 01:00:00,BZN|CH,Without Sequence,108,,
27/11/2025 01:00:00 - 27/11/2025 02:00:00,BZN|CH,Without Sequence,106.45,,
27/11/2025 02:00:00 - 27/11/2025 03:00:00,BZN|CH,Without Sequence,106,,
27/11/2025 03:00:00 - 27/11/2025 04:00:00,BZN|CH,Without Sequence,105.67,,
27/11/2025 04:00:00 - 27/11/2025 05:00:00,BZN|CH,Without Sequence,107.08,,
27/11/2025 05:00:00 - 27/11/2025 06:00:00,BZN|CH,Without Sequence,123.99,,
27/11/2025 06:00:00 - 27/11/2025 07:00:00,BZN|CH,Without Sequence,134.79,,
27/11/2025 07:00:00 - 27/11/2025 08:00:00,BZN|CH,Without Sequence,134.27,,
27/11/2025 08:00:00 - 27/11/2025 09:00:00,BZN|CH,Without Sequence,130.29,,
27/11/2025 09:00:00 - 27/11/2025 10:00:00,BZN|CH,Without Sequence,125,,
27/11/2025 10:00:00 - 27/11/2025 11:00:00,BZN|CH,Without Sequence,122.2,,
27/11/2025 11:00:00 - 27/11/2025 12:00:00,BZN|CH,Without Sequence,119.2,,
27/11/2025 12:00:00 - 27/11/2025 13:00:00,BZN|CH,Without Sequence,119.01,,
27/11/2025 13:00:00 - 27/11/2025 14:00:00,BZN|CH,Without Sequence,128.2,,
27/11/2025 14:00:00 - 27/11/2025 15:00:00,BZN|CH,Without Sequence,132.06,,
27/11/2025 15:00:00 - 27/11/2025 16:00:00,BZN|CH,Without Sequence,135.05,,
27/11/2025 16:00:00 - 27/11/2025 17:00:00,BZN|CH,Without Sequence,135.97,,
27/11/2025 17:00:00 - 27/11/2025 18:00:00,BZN|CH,Without Sequence,136.46,,
27/11/2025 18:00:00 - 27/11/2025 19:00:00,BZN|CH,Without Sequence,131.17,,
27/11/2025 19:00:00 - 27/11/2025 20:00:00,BZN|CH,Without Sequence,128.13,,
27/11/2025 20:00:00 - 27/11/2025 21:00:00,BZN|CH,Without Sequence,121.04,,
27/11/2025 21:00:00 - 27/11/2025 22:00:00,BZN|CH,Without Sequence,115.78,,
27/11/2025 22:00:00 - 27/11/2025 23:00:00,BZN|CH,Without Sequence,111.8,,
27/11/2025 23:00:00 - 28/11/2025 00:00:00,BZN|CH,Without Sequence,103.03,,
28/11/2025 00:00:00 - 28/11/2025 01:00:00,BZN|CH,Without Sequence,99.77,,
28/11/2025 01:00:00 - 28/11/2025 02:00:00,BZN|CH,Without Sequence,99.26,,
28/11/2025 02:00:00 - 28/11/2025 03:00:00,BZN|CH,Without Sequence,99.66,,
28/11/2025 03:00:00 - 28/11/2025 04:00:00,BZN|CH,Without Sequence,99.7,,
28/11/2025 04:00:00 - 28/11/2025 05:00:00,BZN|CH,Without Sequence,102.38,,
28/11/2025 05:00:00 - 28/11/2025 06:00:00,BZN|CH,Without Sequence,119.31,,
28/11/2025 06:00:00 - 28/11/2025 07:00:00,BZN|CH,Without Sequence,131,,
28/11/2025 07:00:00 - 28/11/2025 08:00:00,BZN|CH,Without Sequence,132.81,,
28/11/2025 08:00:00 - 28/11/2025 09:00:00,BZN|CH,Without Sequence,130.27,,
28/11/2025 09:00:00 - 28/11/2025 10:00:00,BZN|CH,Without Sequence,122.9,,
28/11/2025 10:00:00 - 28/11/2025 11:00:00,BZN|CH,Without Sequence,118,,
28/11/2025 11:00:00 - 28/11/2025 12:00:00,BZN|CH,Without Sequence,113.42,,
28/11/2025 12:00:00 - 28/11/2025 13:00:00,BZN|CH,Without Sequence,111.91,,
28/11/2025 13:00:00 - 28/11/2025 14:00:00,BZN|CH,Without Sequence,121.17,,
28/11/2025 14:00:00 - 28/11/2025 15:00:00,BZN|CH,Without Sequence,129.06,,
28/11/2025 15:00:00 - 28/11/2025 16:00:00,BZN|CH,Without Sequence,129.8,,
28/11/2025 16:00:00 - 28/11/2025 17:00:00,BZN|CH,Without Sequence,133.57,,
28/11/2025 17:00:00 - 28/11/2025 18:00:00,BZN|CH,Without Sequence,128.12,,
28/11/2025 18:00:00 - 28/11/2025 19:00:00,BZN|CH,Without Sequence,127.7,,
28/11/2025 19:00:00 - 28/11/2025 20:00:00,BZN|CH,Without Sequence,123,,
28/11/2025 20:00:00 - 28/11/2025 21:00:00,BZN|CH,Without Sequence,112.55,,
28/11/2025 21:00:00 - 28/11/2025 22:00:00,BZN|CH,Without Sequence,106.12,,
28/11/2025 22:00:00 - 28/11/2025 23:00:00,BZN|CH,Without Sequence,103.82,,
28/11/2025 23:00:00 - 29/11/2025 00:00:00,BZN|CH,Without Sequence,110.57,,
29/11/2025 00:00:00 - 29/11/2025 01:00:00,BZN|CH,Without Sequence,108.1,,
29/11/2025 01:00:00 - 29/11/2025 02:00:00,BZN|CH,Without Sequence,107.41,,
29/11/2025 02:00:00 - 29/11/2025 03:00:00,BZN|CH,Without Sequence,105.95,,
29/11/2025 03:00:00 - 29/11/2025 04:00:00,BZN|CH,Without Sequence,105.1,,
29/11/2025 04:00:00 - 29/11/2025 05:00:00,BZN|CH,Without Sequence,106.8,,
29/11/2025 05:00:00 - 29/11/2025 06:00:00,BZN|CH,Without Sequence,111.51,,
29/11/2025 06:00:00 - 29/11/2025 07:00:00,BZN|CH,Without Sequence,120,,
29/11/2025 07:00:00 - 29/11/2025 08:00:00,BZN|CH,Without Sequence,122.96,,
29/11/2025 08:00:00 - 29/11/2025 09:00:00,BZN|CH,Without Sequence,119,,
29/11/2025 09:00:00 - 29/11/2025 10:00:00,BZN|CH,Without Sequence,110.85,,
29/11/2025 10:00:00 - 29/11/2025 11:00:00,BZN|CH,Without Sequence,109.54,,
29/11/2025 11:00:00 - 29/11/2025 12:00:00,BZN|CH,Without Sequence,106.83,,
29/11/2025 12:00:00 - 29/11/2025 13:00:00,BZN|CH,Without Sequence,106.89,,
29/11/2025 13:00:00 - 29/11/2025 14:00:00,BZN|CH,Without Sequence,111.28,,
29/11/2025 14:00:00 - 29/11/2025 15:00:00,BZN|CH,Without Sequence,120.08,,
29/11/2025 15:00:00 - 29/11/2025 16:00:00,BZN|CH,Without Sequence,126.37,,
29/11/2025 16:00:00 - 29/11/2025 17:00:00,BZN|CH,Without Sequence,128.18,,
29/11/2025 17:00:00 - 29/11/2025 18:00:00,BZN|CH,Without Sequence,127.49,,
29/11/2025 18:00:00 - 29/11/2025 19:00:00,BZN|CH,Without Sequence,126,,
29/11/2025 19:00:00 - 29/11/2025 20:00:00,BZN|CH,Without Sequence,123.6,,
29/11/2025 20:00:00 - 29/11/2025 21:00:00,BZN|CH,Without Sequence,116.51,,
29/11/2025 21:00:00 - 29/11/2025 22:00:00,BZN|CH,Without Sequence,114,,
29/11/2025 22:00:00 - 29/11/2025 23:00:00,BZN|CH,Without Sequence,109.66,,
29/11/2025 23:00:00 - 30/11/2025 00:00:00,BZN|CH,Without Sequence,110,,
30/11/2025 00:00:00 - 30/11/2025 01:00:00,BZN|CH,Without Sequence,104.69,,
30/11/2025 01:00:00 - 30/11/2025 02:00:00,BZN|CH,Without Sequence,102.28,,
30/11/2025 02:00:00 - 30/11/2025 03:00:00,BZN|CH,Without Sequence,101.19,,
30/11/2025 03:00:00 - 30/11/2025 04:00:00,BZN|CH,Without Sequence,99.49,,
30/11/2025 04:00:00 - 30/11/2025 05:00:00,BZN|CH,Without Sequence,101.34,,
30/11/2025 05:00:00 - 30/11/2025 06:00:00,BZN|CH,Without Sequence,106.2,,
30/11/2025 06:00:00 - 30/11/2025 07:00:00,BZN|CH,Without Sequence,109,,
30/11/2025 07:00:00 - 30/11/2025 08:00:00,BZN|CH,Without Sequence,108.74,,
30/11/2025 08:00:00 - 30/11/2025 09:00:00,BZN|CH,Without Sequence,106,,
30/11/2025 09:00:00 - 30/11/2025 10:00:00,BZN|CH,Without Sequence,98.43,,
30/11/2025 10:00:00 - 30/11/2025 11:00:00,BZN|CH,Without Sequence,96.03,,
30/11/2025 11:00:00 - 30/11/2025 12:00:00,BZN|CH,Without Sequence,97,,
30/11/2025 12:00:00 - 30/11/2025 13:00:00,BZN|CH,Without Sequence,97.6,,
30/11/2025 13:00:00 - 30/11/2025 14:00:00,BZN|CH,Without Sequence,100.9,,
30/11/2025 14:00:00 - 30/11/2025 15:00:00,BZN|CH,Without Sequence,110.57,,
30/11/2025 15:00:00 - 30/11/2025 16:00:00,BZN|CH,Without Sequence,119.24,,
30/11/2025 16:00:00 - 30/11/2025 17:00:00,BZN|CH,Without Sequence,125.48,,
30/11/2025 17:00:00 - 30/11/2025 18:00:00,BZN|CH,Without Sequence,127.26,,
30/11/2025 18:00:00 - 30/11/2025 19:00:00,BZN|CH,Without Sequence,126.06,,
30/11/2025 19:00:00 - 30/11/2025 20:00:00,BZN|CH,Without Sequence,124.35,,
30/11/2025 20:00:00 - 30/11/2025 21:00:00,BZN|CH,Without Sequence,117.33,,
30/11/2025 21:00:00 - 30/11/2025 22:00:00,BZN|CH,Without Sequence,113.02,,
30/11/2025 22:00:00 - 30/11/2025 23:00:00,BZN|CH,Without Sequence,109,,
30/11/2025 23:00:00 - 01/12/2025 00:00:00,BZN|CH,Without Sequence,105.34,,
01/12/2025 00:00:00 - 01/12/2025 01:00:00,BZN|CH,Without Sequence,101.6,,
01/12/2025 01:00:00 - 01/12/2025 02:00:00,BZN|CH,Without Sequence,99,,
01/12/2025 02:00:00 - 01/12/2025 03:00:00,BZN|CH,Without Sequence,100.07,,
01/12/2025 03:00:00 - 01/12/2025 04:00:00,BZN|CH,Without Sequence,100.2,,
01/12/2025 04:00:00 - 01/12/2025 05:00:00,BZN|CH,Without Sequence,106.02,,
01/12/2025 05:00:00 - 01/12/2025 06:00:00,BZN|CH,Without Sequence,124.22,,
01/12/2025 06:00:00 - 01/12/2025 07:00:00,BZN|CH,Without Sequence,135,,
01/12/2025 07:00:00 - 01/12/2025 08:00:00,BZN|CH,Without Sequence,142.4,,
01/12/2025 08:00:00 - 01/12/2025 09:00:00,BZN|CH,Without Sequence,139.49,,
01/12/2025 09:00:00 - 01/12/2025 10:00:00,BZN|CH,Without Sequence,134.43,,
01/12/2025 10:00:00 - 01/12/2025 11:00:00,BZN|CH,Without Sequence,131.53,,
01/12/2025 11:00:00 - 01/12/2025 12:00:00,BZN|CH,Without Sequence,129.1,,
01/12/2025 12:00:00 - 01/12/2025 13:00:00,BZN|CH,Without Sequence,130.1,,
01/12/2025 13:00:00 - 01/12/2025 14:00:00,BZN|CH,Without Sequence,136.7,,
01/12/2025 14:00:00 - 01/12/2025 15:00:00,BZN|CH,Without Sequence,135.93,,
01/12/2025 15:00:00 - 01/12/2025 16:00:00,BZN|CH,Without Sequence,139.74,,
01/12/2025 16:00:00 - 01/12/2025 17:00:00,BZN|CH,Without Sequence,138.8,,
01/12/2025 17:00:00 - 01/12/2025 18:00:00,BZN|CH,Without Sequence,135.03,,
01/12/2025 18:00:00 - 01/12/2025 19:00:00,BZN|CH,Without Sequence,136.92,,
01/12/2025 19:00:00 - 01/12/2025 20:00:00,BZN|CH,Without Sequence,130.86,,
01/12/2025 20:00:00 - 01/12/2025 21:00:00,BZN|CH,Without Sequence,123.81,,
01/12/2025 21:00:00 - 01/12/2025 22:00:00,BZN|CH,Without Sequence,115.67,,
01/12/2025 22:00:00 - 01/12/2025 23:00:00,BZN|CH,Without Sequence,109,,
01/12/2025 23:00:00 - 02/12/2025 00:00:00,BZN|CH,Without Sequence,105.9,,
02/12/2025 00:00:00 - 02/12/2025 01:00:00,BZN|CH,Without Sequence,105.91,,
02/12/2025 01:00:00 - 02/12/2025 02:00:00,BZN|CH,Without Sequence,105.62,,
02/12/2025 02:00:00 - 02/12/2025 03:00:00,BZN|CH,Without Sequence,104.3,,
02/12/2025 03:00:00 - 02/12/2025 04:00:00,BZN|CH,Without Sequence,104.3,,
02/12/2025 04:00:00 - 02/12/2025 05:00:00,BZN|CH,Without Sequence,107.86,,
02/12/2025 05:00:00 - 02/12/2025 06:00:00,BZN|CH,Without Sequence,126.04,,
02/12/2025 06:00:00 - 02/12/2025 07:00:00,BZN|CH,Without Sequence,137.28,,
02/12/2025 07:00:00 - 02/12/2025 08:00:00,BZN|CH,Without Sequence,145,,
02/12/2025 08:00:00 - 02/12/2025 09:00:00,BZN|CH,Without Sequence,138.41,,
02/12/2025 09:00:00 - 02/12/2025 10:00:00,BZN|CH,Without Sequence,135.02,,
02/12/2025 10:00:00 - 02/12/2025 11:00:00,BZN|CH,Without Sequence,131.77,,
02/12/2025 11:00:00 - 02/12/2025 12:00:00,BZN|CH,Without Sequence,127.53,,
02/12/2025 12:00:00 - 02/12/2025 13:00:00,BZN|CH,Without Sequence,130,,
02/12/2025 13:00:00 - 02/12/2025 14:00:00,BZN|CH,Without Sequence,136.95,,
02/12/2025 14:00:00 - 02/12/2025 15:00:00,BZN|CH,Without Sequence,145.78,,
02/12/2025 15:00:00 - 02/12/2025 16:00:00,BZN|CH,Without Sequence,164.79,,
02/12/2025 16:00:00 - 02/12/2025 17:00:00,BZN|CH,Without Sequence,171.95,,
02/12/2025 17:00:00 - 02/12/2025 18:00:00,BZN|CH,Without Sequence,168.3,,
02/12/2025 18:00:00 - 02/12/2025 19:00:00,BZN|CH,Without Sequence,149.69,,
02/12/2025 19:00:00 - 02/12/2025 20:00:00,BZN|CH,Without Sequence,138.46,,
02/12/2025 20:00:00 - 02/12/2025 21:00:00,BZN|CH,Without Sequence,128.13,,
02/12/2025 21:00:00 - 02/12/2025 22:00:00,BZN|CH,Without Sequence,122.1,,
02/12/2025 22:00:00 - 02/12/2025 23:00:00,BZN|CH,Without Sequence,112.24,,
02/12/2025 23:00:00 - 03/12/2025 00:00:00,BZN|CH,Without Sequence,106.88,,
03/12/2025 00:00:00 - 03/12/2025 01:00:00,BZN|CH,Without Sequence,105.6,,
03/12/2025 01:00:00 - 03/12/2025 02:00:00,BZN|CH,Without Sequence,102.91,,
03/12/2025 02:00:00 - 03/12/2025 03:00:00,BZN|CH,Without Sequence,103.28,,
03/12/2025 03:00:00 - 03/12/2025 04:00:00,BZN|CH,Without Sequence,104.23,,
03/12/2025 04:00:00 - 03/12/2025 05:00:00,BZN|CH,Without Sequence,107.92,,
03/12/2025 05:00:00 - 03/12/2025 06:00:00,BZN|CH,Without Sequence,128.24,,
03/12/2025 06:00:00 - 03/12/2025 07:00:00,BZN|CH,Without Sequence,162.04,,
03/12/2025 07:00:00 - 03/12/2025 08:00:00,BZN|CH,Without Sequence,172.11,,
03/12/2025 08:00:00 - 03/12/2025 09:00:00,BZN|CH,Without Sequence,168.34,,
03/12/2025 09:00:00 - 03/12/2025 10:00:00,BZN|CH,Without Sequence,158.85,,
03/12/2025 10:00:00 - 03/12/2025 11:00:00,BZN|CH,Without Sequence,151.94,,
03/12/2025 11:00:00 - 03/12/2025 12:00:00,BZN|CH,Without Sequence,147.69,,
03/12/2025 12:00:00 - 03/12/2025 13:00:00,BZN|CH,Without Sequence,150.35,,
03/12/2025 13:00:00 - 03/12/2025 14:00:00,BZN|CH,Without Sequence,156.58,,
03/12/2025 14:00:00 - 03/12/2025 15:00:00,BZN|CH,Without Sequence,157.07,,
03/12/2025 15:00:00 - 03/12/2025 16:00:00,BZN|CH,Without Sequence,167.57,,
03/12/2025 16:00:00 - 03/12/2025 17:00:00,BZN|CH,Without Sequence,175.67,,
03/12/2025 17:00:00 - 03/12/2025 18:00:00,BZN|CH,Without Sequence,165.69,,
03/12/2025 18:00:00 - 03/12/2025 19:00:00,BZN|CH,Without Sequence,168.27,,
03/12/2025 19:00:00 - 03/12/2025 20:00:00,BZN|CH,Without Sequence,137.29,,
03/12/2025 20:00:00 - 03/12/2025 21:00:00,BZN|CH,Without Sequence,125,,
03/12/2025 21:00:00 - 03/12/2025 22:00:00,BZN|CH,Without Sequence,118.37,,
03/12/2025 22:00:00 - 03/12/2025 23:00:00,BZN|CH,Without Sequence,111.02,,
03/12/2025 23:00:00 - 04/12/2025 00:00:00,BZN|CH,Without Sequence,105.35,,
04/12/2025 00:00:00 - 04/12/2025 01:00:00,BZN|CH,Without Sequence,102.5,,
04/12/2025 01:00:00 - 04/12/2025 02:00:00,BZN|CH,Without Sequence,100.49,,
04/12/2025 02:00:00 - 04/12/2025 03:00:00,BZN|CH,Without Sequence,100.47,,
04/12/2025 03:00:00 - 04/12/2025 04:00:00,BZN|CH,Without Sequence,102,,
04/12/2025 04:00:00 - 04/12/2025 05:00:00,BZN|CH,Without Sequence,105.63,,
04/12/2025 05:00:00 - 04/12/2025 06:00:00,BZN|CH,Without Sequence,125,,
04/12/2025 06:00:00 - 04/12/2025 07:00:00,BZN|CH,Without Sequence,153.4,,
04/12/2025 07:00:00 - 04/12/2025 08:00:00,BZN|CH,Without Sequence,170.72,,
04/12/2025 08:00:00 - 04/12/2025 09:00:00,BZN|CH,Without Sequence,165,,
04/12/2025 09:00:00 - 04/12/2025 10:00:00,BZN|CH,Without Sequence,150.61,,
04/12/2025 10:00:00 - 04/12/2025 11:00:00,BZN|CH,Without Sequence,140.19,,
04/12/2025 11:00:00 - 04/12/2025 12:00:00,BZN|CH,Without Sequence,134.1,,
04/12/2025 12:00:00 - 04/12/2025 13:00:00,BZN|CH,Without Sequence,139.78,,
04/12/2025 13:00:00 - 04/12/2025 14:00:00,BZN|CH,Without Sequence,146.81,,
04/12/2025 14:00:00 - 04/12/2025 15:00:00,BZN|CH,Without Sequence,153.78,,
04/12/2025 15:00:00 - 04/12/2025 16:00:00,BZN|CH,Without Sequence,170.83,,
04/12/2025 16:00:00 - 04/12/2025 17:00:00,BZN|CH,Without Sequence,163.6,,
04/12/2025 17:00:00 - 04/12/2025 18:00:00,BZN|CH,Without Sequence,152.56,,
04/12/2025 18:00:00 - 04/12/2025 19:00:00,BZN|CH,Without Sequence,142.02,,
04/12/2025 19:00:00 - 04/12/2025 20:00:00,BZN|CH,Without Sequence,130.89,,
04/12/2025 20:00:00 - 04/12/2025 21:00:00,BZN|CH,Without Sequence,123.65,,
04/12/2025 21:00:00 - 04/12/2025 22:00:00,BZN|CH,Without Sequence,118.04,,
04/12/2025 22:00:00 - 04/12/2025 23:00:00,BZN|CH,Without Sequence,110.54,,
04/12/2025 23:00:00 - 05/12/2025 00:00:00,BZN|CH,Without Sequence,102.05,,
05/12/2025 00:00:00 - 05/12/2025 01:00:00,BZN|CH,Without Sequence,98.46,,
05/12/2025 01:00:00 - 05/12/2025 02:00:00,BZN|CH,Without Sequence,98,,
05/12/2025 02:00:00 - 05/12/2025 03:00:00,BZN|CH,Without Sequence,97.38,,
05/12/2025 03:00:00 - 05/12/2025 04:00:00,BZN|CH,Without Sequence,100,,
05/12/2025 04:00:00 - 05/12/2025 05:00:00,BZN|CH,Without Sequence,103.14,,
05/12/2025 05:00:00 - 05/12/2025 06:00:00,BZN|CH,Without Sequence,126.99,,
05/12/2025 06:00:00 - 05/12/2025 07:00:00,BZN|CH,Without Sequence,156.87,,
05/12/2025 07:00:00 - 05/12/2025 08:00:00,BZN|CH,Without Sequence,200.08,,
05/12/2025 08:00:00 - 05/12/2025 09:00:00,BZN|CH,Without Sequence,190,,
05/12/2025 09:00:00 - 05/12/2025 10:00:00,BZN|CH,Without Sequence,200,,
05/12/2025 10:00:00 - 05/12/2025 11:00:00,BZN|CH,Without Sequence,180.96,,
05/12/2025 11:00:00 - 05/12/2025 12:00:00,BZN|CH,Without Sequence,157.42,,
05/12/2025 12:00:00 - 05/12/2025 13:00:00,BZN|CH,Without Sequence,148.82,,
05/12/2025 13:00:00 - 05/12/2025 14:00:00,BZN|CH,Without Sequence,153.99,,
05/12/2025 14:00:00 - 05/12/2025 15:00:00,BZN|CH,Without Sequence,163.34,,
05/12/2025 15:00:00 - 05/12/2025 16:00:00,BZN|CH,Without Sequence,157.98,,
05/12/2025 16:00:00 - 05/12/2025 17:00:00,BZN|CH,Without Sequence,151.53,,
05/12/2025 17:00:00 - 05/12/2025 18:00:00,BZN|CH,Without Sequence,152.44,,
05/12/2025 18:00:00 - 05/12/2025 19:00:00,BZN|CH,Without Sequence,135.49,,
05/12/2025 19:00:00 - 05/12/2025 20:00:00,BZN|CH,Without Sequence,125.58,,
05/12/2025 20:00:00 - 05/12/2025 21:00:00,BZN|CH,Without Sequence,112.49,,
05/12/2025 21:00:00 - 05/12/2025 22:00:00,BZN|CH,Without Sequence,108.17,,
05/12/2025 22:00:00 - 05/12/2025 23:00:00,BZN|CH,Without Sequence,102.03,,
05/12/2025 23:00:00 - 06/12/2025 00:00:00,BZN|CH,Without Sequence,101.33,,
06/12/2025 00:00:00 - 06/12/2025 01:00:00,BZN|CH,Without Sequence,97,,
06/12/2025 01:00:00 - 06/12/2025 02:00:00,BZN|CH,Without Sequence,96.99,,
06/12/2025 02:00:00 - 06/12/2025 03:00:00,BZN|CH,Without Sequence,95.22,,
06/12/2025 03:00:00 - 06/12/2025 04:00:00,BZN|CH,Without Sequence,94.66,,
06/12/2025 04:00:00 - 06/12/2025 05:00:00,BZN|CH,Without Sequence,94.84,,
06/12/2025 05:00:00 - 06/12/2025 06:00:00,BZN|CH,Without Sequence,101.92,,
06/12/2025 06:00:00 - 06/12/2025 07:00:00,BZN|CH,Without Sequence,111.18,,
06/12/2025 07:00:00 - 06/12/2025 08:00:00,BZN|CH,Without Sequence,111.3,,
06/12/2025 08:00:00 - 06/12/2025 09:00:00,BZN|CH,Without Sequence,109.03,,
06/12/2025 09:00:00 - 06/12/2025 10:00:00,BZN|CH,Without Sequence,102.08,,
06/12/2025 10:00:00 - 06/12/2025 11:00:00,BZN|CH,Without Sequence,99.61,,
06/12/2025 11:00:00 - 06/12/2025 12:00:00,BZN|CH,Without Sequence,100.23,,
06/12/2025 12:00:00 - 06/12/2025 13:00:00,BZN|CH,Without Sequence,99.61,,
06/12/2025 13:00:00 - 06/12/2025 14:00:00,BZN|CH,Without Sequence,103.3,,
06/12/2025 14:00:00 - 06/12/2025 15:00:00,BZN|CH,Without Sequence,110.7,,
06/12/2025 15:00:00 - 06/12/2025 16:00:00,BZN|CH,Without Sequence,118.62,,
06/12/2025 16:00:00 - 06/12/2025 17:00:00,BZN|CH,Without Sequence,120.91,,
06/12/2025 17:00:00 - 06/12/2025 18:00:00,BZN|CH,Without Sequence,122.1,,
06/12/2025 18:00:00 - 06/12/2025 19:00:00,BZN|CH,Without Sequence,120,,
06/12/2025 19:00:00 - 06/12/2025 20:00:00,BZN|CH,Without Sequence,116.4,,
06/12/2025 20:00:00 - 06/12/2025 21:00:00,BZN|CH,Without Sequence,111.31,,
06/12/2025 21:00:00 - 06/12/2025 22:00:00,BZN|CH,Without Sequence,104.8,,
06/12/2025 22:00:00 - 06/12/2025 23:00:00,BZN|CH,Without Sequence,102.12,,
06/12/2025 23:00:00 - 07/12/2025 00:00:00,BZN|CH,Without Sequence,100.65,,
07/12/2025 00:00:00 - 07/12/2025 01:00:00,BZN|CH,Without Sequence,98.93,,
07/12/2025 01:00:00 - 07/12/2025 02:00:00,BZN|CH,Without Sequence,97.4,,
07/12/2025 02:00:00 - 07/12/2025 03:00:00,BZN|CH,Without Sequence,96.1,,
07/12/2025 03:00:00 - 07/12/2025 04:00:00,BZN|CH,Without Sequence,96,,
07/12/2025 04:00:00 - 07/12/2025 05:00:00,BZN|CH,Without Sequence,96.14,,
07/12/2025 05:00:00 - 07/12/2025 06:00:00,BZN|CH,Without Sequence,97.82,,
07/12/2025 06:00:00 - 07/12/2025 07:00:00,BZN|CH,Without Sequence,100.04,,
07/12/2025 07:00:00 - 07/12/2025 08:00:00,BZN|CH,Without Sequence,101.95,,
07/12/2025 08:00:00 - 07/12/2025 09:00:00,BZN|CH,Without Sequence,99.03,,
07/12/2025 09:00:00 - 07/12/2025 10:00:00,BZN|CH,Without Sequence,97.51,,
07/12/2025 10:00:00 - 07/12/2025 11:00:00,BZN|CH,Without Sequence,99.85,,
07/12/2025 11:00:00 - 07/12/2025 12:00:00,BZN|CH,Without Sequence,99.56,,
07/12/2025 12:00:00 - 07/12/2025 13:00:00,BZN|CH,Without Sequence,98.11,,
07/12/2025 13:00:00 - 07/12/2025 14:00:00,BZN|CH,Without Sequence,101.06,,
07/12/2025 14:00:00 - 07/12/2025 15:00:00,BZN|CH,Without Sequence,107.59,,
07/12/2025 15:00:00 - 07/12/2025 16:00:00,BZN|CH,Without Sequence,113.05,,
07/12/2025 16:00:00 - 07/12/2025 17:00:00,BZN|CH,Without Sequence,112.55,,
07/12/2025 17:00:00 - 07/12/2025 18:00:00,BZN|CH,Without Sequence,118.63,,
07/12/2025 18:00:00 - 07/12/2025 19:00:00,BZN|CH,Without Sequence,115.8,,
07/12/2025 19:00:00 - 07/12/2025 20:00:00,BZN|CH,Without Sequence,114.8,,
07/12/2025 20:00:00 - 07/12/2025 21:00:00,BZN|CH,Without Sequence,109.25,,
07/12/2025 21:00:00 - 07/12/2025 22:00:00,BZN|CH,Without Sequence,104.76,,
07/12/2025 22:00:00 - 07/12/2025 23:00:00,BZN|CH,Without Sequence,99.05,,
07/12/2025 23:00:00 - 08/12/2025 00:00:00,BZN|CH,Without Sequence,94.91,,
08/12/2025 00:00:00 - 08/12/2025 01:00:00,BZN|CH,Without Sequence,93,,
08/12/2025 01:00:00 - 08/12/2025 02:00:00,BZN|CH,Without Sequence,92.86,,
08/12/2025 02:00:00 - 08/12/2025 03:00:00,BZN|CH,Without Sequence,91.21,,
08/12/2025 03:00:00 - 08/12/2025 04:00:00,BZN|CH,Without Sequence,91.23,,
08/12/2025 04:00:00 - 08/12/2025 05:00:00,BZN|CH,Without Sequence,92.88,,
08/12/2025 05:00:00 - 08/12/2025 06:00:00,BZN|CH,Without Sequence,98,,
08/12/2025 06:00:00 - 08/12/2025 07:00:00,BZN|CH,Without Sequence,110.04,,
08/12/2025 07:00:00 - 08/12/2025 08:00:00,BZN|CH,Without Sequence,112.33,,
08/12/2025 08:00:00 - 08/12/2025 09:00:00,BZN|CH,Without Sequence,112.65,,
08/12/2025 09:00:00 - 08/12/2025 10:00:00,BZN|CH,Without Sequence,107.6,,
08/12/2025 10:00:00 - 08/12/2025 11:00:00,BZN|CH,Without Sequence,100.59,,
08/12/2025 11:00:00 - 08/12/2025 12:00:00,BZN|CH,Without Sequence,99,,
08/12/2025 12:00:00 - 08/12/2025 13:00:00,BZN|CH,Without Sequence,99.19,,
08/12/2025 13:00:00 - 08/12/2025 14:00:00,BZN|CH,Without Sequence,100.26,,
08/12/2025 14:00:00 - 08/12/2025 15:00:00,BZN|CH,Without Sequence,114,,
08/12/2025 15:00:00 - 08/12/2025 16:00:00,BZN|CH,Without Sequence,118.7,,
08/12/2025 16:00:00 - 08/12/2025 17:00:00,BZN|CH,Without Sequence,120,,
08/12/2025 17:00:00 - 08/12/2025 18:00:00,BZN|CH,Without Sequence,120.49,,
08/12/2025 18:00:00 - 08/12/2025 19:00:00,BZN|CH,Without Sequence,121.11,,
08/12/2025 19:00:00 - 08/12/2025 20:00:00,BZN|CH,Without Sequence,121.09,,
08/12/2025 20:00:00 - 08/12/2025 21:00:00,BZN|CH,Without Sequence,113.91,,
08/12/2025 21:00:00 - 08/12/2025 22:00:00,BZN|CH,Without Sequence,108.04,,
08/12/2025 22:00:00 - 08/12/2025 23:00:00,BZN|CH,Without Sequence,99.88,,
08/12/2025 23:00:00 - 09/12/2025 00:00:00,BZN|CH,Without Sequence,100.12,,
09/12/2025 00:00:00 - 09/12/2025 01:00:00,BZN|CH,Without Sequence,99,,
09/12/2025 01:00:00 - 09/12/2025 02:00:00,BZN|CH,Without Sequence,99,,
09/12/2025 02:00:00 - 09/12/2025 03:00:00,BZN|CH,Without Sequence,98.39,,
09/12/2025 03:00:00 - 09/12/2025 04:00:00,BZN|CH,Without Sequence,99.86,,
09/12/2025 04:00:00 - 09/12/2025 05:00:00,BZN|CH,Without Sequence,107.5,,
09/12/2025 05:00:00 - 09/12/2025 06:00:00,BZN|CH,Without Sequence,120,,
09/12/2025 06:00:00 - 09/12/2025 07:00:00,BZN|CH,Without Sequence,127.9,,
09/12/2025 07:00:00 - 09/12/2025 08:00:00,BZN|CH,Without Sequence,129.25,,
09/12/2025 08:00:00 - 09/12/2025 09:00:00,BZN|CH,Without Sequence,127.1,,
09/12/2025 09:00:00 - 09/12/2025 10:00:00,BZN|CH,Without Sequence,122.38,,
09/12/2025 10:00:00 - 09/12/2025 11:00:00,BZN|CH,Without Sequence,118,,
09/12/2025 11:00:00 - 09/12/2025 12:00:00,BZN|CH,Without Sequence,115.14,,
09/12/2025 12:00:00 - 09/12/2025 13:00:00,BZN|CH,Without Sequence,120.1,,
09/12/2025 13:00:00 - 09/12/2025 14:00:00,BZN|CH,Without Sequence,124.11,,
09/12/2025 14:00:00 - 09/12/2025 15:00:00,BZN|CH,Without Sequence,128.18,,
09/12/2025 15:00:00 - 09/12/2025 16:00:00,BZN|CH,Without Sequence,130.71,,
09/12/2025 16:00:00 - 09/12/2025 17:00:00,BZN|CH,Without Sequence,131.07,,
09/12/2025 17:00:00 - 09/12/2025 18:00:00,BZN|CH,Without Sequence,129.79,,
09/12/2025 18:00:00 - 09/12/2025 19:00:00,BZN|CH,Without Sequence,129.79,,
09/12/2025 19:00:00 - 09/12/2025 20:00:00,BZN|CH,Without Sequence,125.29,,
09/12/2025 20:00:00 - 09/12/2025 21:00:00,BZN|CH,Without Sequence,123,,
09/12/2025 21:00:00 - 09/12/2025 22:00:00,BZN|CH,Without Sequence,116.4,,
09/12/2025 22:00:00 - 09/12/2025 23:00:00,BZN|CH,Without Sequence,109.25,,
09/12/2025 23:00:00 - 10/12/2025 00:00:00,BZN|CH,Without Sequence,104,,
10/12/2025 00:00:00 - 10/12/2025 01:00:00,BZN|CH,Without Sequence,102,,
10/12/2025 01:00:00 - 10/12/2025 02:00:00,BZN|CH,Without Sequence,101.04,,
10/12/2025 02:00:00 - 10/12/2025 03:00:00,BZN|CH,Without Sequence,101.53,,
10/12/2025 03:00:00 - 10/12/2025 04:00:00,BZN|CH,Without Sequence,101.99,,
10/12/2025 04:00:00 - 10/12/2025 05:00:00,BZN|CH,Without Sequence,106.5,,
10/12/2025 05:00:00 - 10/12/2025 06:00:00,BZN|CH,Without Sequence,120.5,,
10/12/2025 06:00:00 - 10/12/2025 07:00:00,BZN|CH,Without Sequence,128.6,,
10/12/2025 07:00:00 - 10/12/2025 08:00:00,BZN|CH,Without Sequence,129.68,,
10/12/2025 08:00:00 - 10/12/2025 09:00:00,BZN|CH,Without Sequence,125,,
10/12/2025 09:00:00 - 10/12/2025 10:00:00,BZN|CH,Without Sequence,120.51,,
10/12/2025 10:00:00 - 10/12/2025 11:00:00,BZN|CH,Without Sequence,116.91,,
10/12/2025 11:00:00 - 10/12/2025 12:00:00,BZN|CH,Without Sequence,108,,
10/12/2025 12:00:00 - 10/12/2025 13:00:00,BZN|CH,Without Sequence,112.69,,
10/12/2025 13:00:00 - 10/12/2025 14:00:00,BZN|CH,Without Sequence,120,,
10/12/2025 14:00:00 - 10/12/2025 15:00:00,BZN|CH,Without Sequence,126.6,,
10/12/2025 15:00:00 - 10/12/2025 16:00:00,BZN|CH,Without Sequence,130.1,,
10/12/2025 16:00:00 - 10/12/2025 17:00:00,BZN|CH,Without Sequence,129.11,,
10/12/2025 17:00:00 - 10/12/2025 18:00:00,BZN|CH,Without Sequence,128.37,,
10/12/2025 18:00:00 - 10/12/2025 19:00:00,BZN|CH,Without Sequence,128.55,,
10/12/2025 19:00:00 - 10/12/2025 20:00:00,BZN|CH,Without Sequence,124.4,,
10/12/2025 20:00:00 - 10/12/2025 21:00:00,BZN|CH,Without Sequence,117.31,,
10/12/2025 21:00:00 - 10/12/2025 22:00:00,BZN|CH,Without Sequence,113.5,,
10/12/2025 22:00:00 - 10/12/2025 23:00:00,BZN|CH,Without Sequence,106.59,,
10/12/2025 23:00:00 - 11/12/2025 00:00:00,BZN|CH,Without Sequence,105.93,,
11/12/2025 00:00:00 - 11/12/2025 01:00:00,BZN|CH,Without Sequence,100.56,,
11/12/2025 01:00:00 - 11/12/2025 02:00:00,BZN|CH,Without Sequence,99.75,,
11/12/2025 02:00:00 - 11/12/2025 03:00:00,BZN|CH,Without Sequence,99.21,,
11/12/2025 03:00:00 - 11/12/2025 04:00:00,BZN|CH,Without Sequence,100,,
11/12/2025 04:00:00 - 11/12/2025 05:00:00,BZN|CH,Without Sequence,102.57,,
11/12/2025 05:00:00 - 11/12/2025 06:00:00,BZN|CH,Without Sequence,118.8,,
11/12/2025 06:00:00 - 11/12/2025 07:00:00,BZN|CH,Without Sequence,127.8,,
11/12/2025 07:00:00 - 11/12/2025 08:00:00,BZN|CH,Without Sequence,129.01,,
11/12/2025 08:00:00 - 11/12/2025 09:00:00,BZN|CH,Without Sequence,126.74,,
11/12/2025 09:00:00 - 11/12/2025 10:00:00,BZN|CH,Without Sequence,121.2,,
11/12/2025 10:00:00 - 11/12/2025 11:00:00,BZN|CH,Without Sequence,117.07,,
11/12/2025 11:00:00 - 11/12/2025 12:00:00,BZN|CH,Without Sequence,112.26,,
11/12/2025 12:00:00 - 11/12/2025 13:00:00,BZN|CH,Without Sequence,115.94,,
11/12/2025 13:00:00 - 11/12/2025 14:00:00,BZN|CH,Without Sequence,120,,
11/12/2025 14:00:00 - 11/12/2025 15:00:00,BZN|CH,Without Sequence,126.1,,
11/12/2025 15:00:00 - 11/12/2025 16:00:00,BZN|CH,Without Sequence,127.4,,
11/12/2025 16:00:00 - 11/12/2025 17:00:00,BZN|CH,Without Sequence,129.79,,
11/12/2025 17:00:00 - 11/12/2025 18:00:00,BZN|CH,Without Sequence,128.99,,
11/12/2025 18:00:00 - 11/12/2025 19:00:00,BZN|CH,Without Sequence,127.79,,
11/12/2025 19:00:00 - 11/12/2025 20:00:00,BZN|CH,Without Sequence,125.01,,
11/12/2025 20:00:00 - 11/12/2025 21:00:00,BZN|CH,Without Sequence,119.29,,
11/12/2025 21:00:00 - 11/12/2025 22:00:00,BZN|CH,Without Sequence,112,,
11/12/2025 22:00:00 - 11/12/2025 23:00:00,BZN|CH,Without Sequence,104.94,,
11/12/2025 23:00:00 - 12/12/2025 00:00:00,BZN|CH,Without Sequence,101.59,,
12/12/2025 00:00:00 - 12/12/2025 01:00:00,BZN|CH,Without Sequence,100.62,,
12/12/2025 01:00:00 - 12/12/2025 02:00:00,BZN|CH,Without Sequence,99.1,,
12/12/2025 02:00:00 - 12/12/2025 03:00:00,BZN|CH,Without Sequence,96.2,,
12/12/2025 03:00:00 - 12/12/2025 04:00:00,BZN|CH,Without Sequence,100.72,,
12/12/2025 04:00:00 - 12/12/2025 05:00:00,BZN|CH,Without Sequence,100.14,,
12/12/2025 05:00:00 - 12/12/2025 06:00:00,BZN|CH,Without Sequence,115.91,,
12/12/2025 06:00:00 - 12/12/2025 07:00:00,BZN|CH,Without Sequence,127.9,,
12/12/2025 07:00:00 - 12/12/2025 08:00:00,BZN|CH,Without Sequence,135,,
12/12/2025 08:00:00 - 12/12/2025 09:00:00,BZN|CH,Without Sequence,127.9,,
12/12/2025 09:00:00 - 12/12/2025 10:00:00,BZN|CH,Without Sequence,121.13,,
12/12/2025 10:00:00 - 12/12/2025 11:00:00,BZN|CH,Without Sequence,118.96,,
12/12/2025 11:00:00 - 12/12/2025 12:00:00,BZN|CH,Without Sequence,116,,
12/12/2025 12:00:00 - 12/12/2025 13:00:00,BZN|CH,Without Sequence,116.57,,
12/12/2025 13:00:00 - 12/12/2025 14:00:00,BZN|CH,Without Sequence,126.09,,
12/12/2025 14:00:00 - 12/12/2025 15:00:00,BZN|CH,Without Sequence,133.47,,
12/12/2025 15:00:00 - 12/12/2025 16:00:00,BZN|CH,Without Sequence,138.19,,
12/12/2025 16:00:00 - 12/12/2025 17:00:00,BZN|CH,Without Sequence,141.01,,
12/12/2025 17:00:00 - 12/12/2025 18:00:00,BZN|CH,Without Sequence,137.17,,
12/12/2025 18:00:00 - 12/12/2025 19:00:00,BZN|CH,Without Sequence,127.46,,
12/12/2025 19:00:00 - 12/12/2025 20:00:00,BZN|CH,Without Sequence,121.12,,
12/12/2025 20:00:00 - 12/12/2025 21:00:00,BZN|CH,Without Sequence,112.75,,
12/12/2025 21:00:00 - 12/12/2025 22:00:00,BZN|CH,Without Sequence,107.7,,
12/12/2025 22:00:00 - 12/12/2025 23:00:00,BZN|CH,Without Sequence,101.19,,
12/12/2025 23:00:00 - 13/12/2025 00:00:00,BZN|CH,Without Sequence,106,,
13/12/2025 00:00:00 - 13/12/2025 01:00:00,BZN|CH,Without Sequence,102,,
13/12/2025 01:00:00 - 13/12/2025 02:00:00,BZN|CH,Without Sequence,101.9,,
13/12/2025 02:00:00 - 13/12/2025 03:00:00,BZN|CH,Without Sequence,100.1,,
13/12/2025 03:00:00 - 13/12/2025 04:00:00,BZN|CH,Without Sequence,98,,
13/12/2025 04:00:00 - 13/12/2025 05:00:00,BZN|CH,Without Sequence,99.55,,
13/12/2025 05:00:00 - 13/12/2025 06:00:00,BZN|CH,Without Sequence,104.99,,
13/12/2025 06:00:00 - 13/12/2025 07:00:00,BZN|CH,Without Sequence,110.39,,
13/12/2025 07:00:00 - 13/12/2025 08:00:00,BZN|CH,Without Sequence,112.42,,
13/12/2025 08:00:00 - 13/12/2025 09:00:00,BZN|CH,Without Sequence,110.66,,
13/12/2025 09:00:00 - 13/12/2025 10:00:00,BZN|CH,Without Sequence,102,,
13/12/2025 10:00:00 - 13/12/2025 11:00:00,BZN|CH,Without Sequence,99.81,,
13/12/2025 11:00:00 - 13/12/2025 12:00:00,BZN|CH,Without Sequence,97.77,,
13/12/2025 12:00:00 - 13/12/2025 13:00:00,BZN|CH,Without Sequence,98.01,,
13/12/2025 13:00:00 - 13/12/2025 14:00:00,BZN|CH,Without Sequence,101.55,,
13/12/2025 14:00:00 - 13/12/2025 15:00:00,BZN|CH,Without Sequence,111.95,,
13/12/2025 15:00:00 - 13/12/2025 16:00:00,BZN|CH,Without Sequence,118.08,,
13/12/2025 16:00:00 - 13/12/2025 17:00:00,BZN|CH,Without Sequence,119.91,,
13/12/2025 17:00:00 - 13/12/2025 18:00:00,BZN|CH,Without Sequence,121.42,,
13/12/2025 18:00:00 - 13/12/2025 19:00:00,BZN|CH,Without Sequence,121.28,,
13/12/2025 19:00:00 - 13/12/2025 20:00:00,BZN|CH,Without Sequence,119.39,,
13/12/2025 20:00:00 - 13/12/2025 21:00:00,BZN|CH,Without Sequence,111,,
13/12/2025 21:00:00 - 13/12/2025 22:00:00,BZN|CH,Without Sequence,107.4,,
13/12/2025 22:00:00 - 13/12/2025 23:00:00,BZN|CH,Without Sequence,102,,
13/12/2025 23:00:00 - 14/12/2025 00:00:00,BZN|CH,Without Sequence,104,,
14/12/2025 00:00:00 - 14/12/2025 01:00:00,BZN|CH,Without Sequence,100,,
14/12/2025 01:00:00 - 14/12/2025 02:00:00,BZN|CH,Without Sequence,99.29,,
14/12/2025 02:00:00 - 14/12/2025 03:00:00,BZN|CH,Without Sequence,98.85,,
14/12/2025 03:00:00 - 14/12/2025 04:00:00,BZN|CH,Without Sequence,99,,
14/12/2025 04:00:00 - 14/12/2025 05:00:00,BZN|CH,Without Sequence,99.13,,
14/12/2025 05:00:00 - 14/12/2025 06:00:00,BZN|CH,Without Sequence,100.61,,
14/12/2025 06:00:00 - 14/12/2025 07:00:00,BZN|CH,Without Sequence,106.5,,
14/12/2025 07:00:00 - 14/12/2025 08:00:00,BZN|CH,Without Sequence,106,,
14/12/2025 08:00:00 - 14/12/2025 09:00:00,BZN|CH,Without Sequence,104.87,,
14/12/2025 09:00:00 - 14/12/2025 10:00:00,BZN|CH,Without Sequence,98.6,,
14/12/2025 10:00:00 - 14/12/2025 11:00:00,BZN|CH,Without Sequence,96.89,,
14/12/2025 11:00:00 - 14/12/2025 12:00:00,BZN|CH,Without Sequence,98.03,,
14/12/2025 12:00:00 - 14/12/2025 13:00:00,BZN|CH,Without Sequence,97.73,,
14/12/2025 13:00:00 - 14/12/2025 14:00:00,BZN|CH,Without Sequence,99.33,,
14/12/2025 14:00:00 - 14/12/2025 15:00:00,BZN|CH,Without Sequence,110.1,,
14/12/2025 15:00:00 - 14/12/2025 16:00:00,BZN|CH,Without Sequence,119.1,,
14/12/2025 16:00:00 - 14/12/2025 17:00:00,BZN|CH,Without Sequence,121.5,,
14/12/2025 17:00:00 - 14/12/2025 18:00:00,BZN|CH,Without Sequence,122.04,,
14/12/2025 18:00:00 - 14/12/2025 19:00:00,BZN|CH,Without Sequence,122.99,,
14/12/2025 19:00:00 - 14/12/2025 20:00:00,BZN|CH,Without Sequence,120,,
14/12/2025 20:00:00 - 14/12/2025 21:00:00,BZN|CH,Without Sequence,116.21,,
14/12/2025 21:00:00 - 14/12/2025 22:00:00,BZN|CH,Without Sequence,112.36,,
14/12/2025 22:00:00 - 14/12/2025 23:00:00,BZN|CH,Without Sequence,101.54,,
14/12/2025 23:00:00 - 15/12/2025 00:00:00,BZN|CH,Without Sequence,98.17,,
15/12/2025 00:00:00 - 15/12/2025 01:00:00,BZN|CH,Without Sequence,96.07,,
15/12/2025 01:00:00 - 15/12/2025 02:00:00,BZN|CH,Without Sequence,96.02,,
15/12/2025 02:00:00 - 15/12/2025 03:00:00,BZN|CH,Without Sequence,96.18,,
15/12/2025 03:00:00 - 15/12/2025 04:00:00,BZN|CH,Without Sequence,96.02,,
15/12/2025 04:00:00 - 15/12/2025 05:00:00,BZN|CH,Without Sequence,100.1,,
15/12/2025 05:00:00 - 15/12/2025 06:00:00,BZN|CH,Without Sequence,119.01,,
15/12/2025 06:00:00 - 15/12/2025 07:00:00,BZN|CH,Without Sequence,125.11,,
15/12/2025 07:00:00 - 15/12/2025 08:00:00,BZN|CH,Without Sequence,129.02,,
15/12/2025 08:00:00 - 15/12/2025 09:00:00,BZN|CH,Without Sequence,124.7,,
15/12/2025 09:00:00 - 15/12/2025 10:00:00,BZN|CH,Without Sequence,119.01,,
15/12/2025 10:00:00 - 15/12/2025 11:00:00,BZN|CH,Without Sequence,116,,
15/12/2025 11:00:00 - 15/12/2025 12:00:00,BZN|CH,Without Sequence,112.84,,
15/12/2025 12:00:00 - 15/12/2025 13:00:00,BZN|CH,Without Sequence,117.5,,
15/12/2025 13:00:00 - 15/12/2025 14:00:00,BZN|CH,Without Sequence,122.8,,
15/12/2025 14:00:00 - 15/12/2025 15:00:00,BZN|CH,Without Sequence,124.8,,
15/12/2025 15:00:00 - 15/12/2025 16:00:00,BZN|CH,Without Sequence,127.99,,
15/12/2025 16:00:00 - 15/12/2025 17:00:00,BZN|CH,Without Sequence,129.08,,
15/12/2025 17:00:00 - 15/12/2025 18:00:00,BZN|CH,Without Sequence,127.99,,
15/12/2025 18:00:00 - 15/12/2025 19:00:00,BZN|CH,Without Sequence,127.9,,
15/12/2025 19:00:00 - 15/12/2025 20:00:00,BZN|CH,Without Sequence,121.29,,
15/12/2025 20:00:00 - 15/12/2025 21:00:00,BZN|CH,Without Sequence,116,,
15/12/2025 21:00:00 - 15/12/2025 22:00:00,BZN|CH,Without Sequence,109.88,,
15/12/2025 22:00:00 - 15/12/2025 23:00:00,BZN|CH,Without Sequence,101.23,,
15/12/2025 23:00:00 - 16/12/2025 00:00:00,BZN|CH,Without Sequence,104,,
16/12/2025 00:00:00 - 16/12/2025 01:00:00,BZN|CH,Without Sequence,101.91,,
16/12/2025 01:00:00 - 16/12/2025 02:00:00,BZN|CH,Without Sequence,101.3,,
16/12/2025 02:00:00 - 16/12/2025 03:00:00,BZN|CH,Without Sequence,100.74,,
16/12/2025 03:00:00 - 16/12/2025 04:00:00,BZN|CH,Without Sequence,99.16,,
16/12/2025 04:00:00 - 16/12/2025 05:00:00,BZN|CH,Without Sequence,102.98,,
16/12/2025 05:00:00 - 16/12/2025 06:00:00,BZN|CH,Without Sequence,121.01,,
16/12/2025 06:00:00 - 16/12/2025 07:00:00,BZN|CH,Without Sequence,128,,
16/12/2025 07:00:00 - 16/12/2025 08:00:00,BZN|CH,Without Sequence,131.42,,
16/12/2025 08:00:00 - 16/12/2025 09:00:00,BZN|CH,Without Sequence,129.07,,
16/12/2025 09:00:00 - 16/12/2025 10:00:00,BZN|CH,Without Sequence,125.6,,
16/12/2025 10:00:00 - 16/12/2025 11:00:00,BZN|CH,Without Sequence,123.39,,
16/12/2025 11:00:00 - 16/12/2025 12:00:00,BZN|CH,Without Sequence,121.51,,
16/12/2025 12:00:00 - 16/12/2025 13:00:00,BZN|CH,Without Sequence,122.04,,
16/12/2025 13:00:00 - 16/12/2025 14:00:00,BZN|CH,Without Sequence,128.71,,
16/12/2025 14:00:00 - 16/12/2025 15:00:00,BZN|CH,Without Sequence,136.65,,
16/12/2025 15:00:00 - 16/12/2025 16:00:00,BZN|CH,Without Sequence,146.01,,
16/12/2025 16:00:00 - 16/12/2025 17:00:00,BZN|CH,Without Sequence,146.63,,
16/12/2025 17:00:00 - 16/12/2025 18:00:00,BZN|CH,Without Sequence,143.06,,
16/12/2025 18:00:00 - 16/12/2025 19:00:00,BZN|CH,Without Sequence,136.34,,
16/12/2025 19:00:00 - 16/12/2025 20:00:00,BZN|CH,Without Sequence,130,,
16/12/2025 20:00:00 - 16/12/2025 21:00:00,BZN|CH,Without Sequence,118.67,,
16/12/2025 21:00:00 - 16/12/2025 22:00:00,BZN|CH,Without Sequence,110.44,,
16/12/2025 22:00:00 - 16/12/2025 23:00:00,BZN|CH,Without Sequence,102.89,,
16/12/2025 23:00:00 - 17/12/2025 00:00:00,BZN|CH,Without Sequence,104,,
17/12/2025 00:00:00 - 17/12/2025 01:00:00,BZN|CH,Without Sequence,99,,
17/12/2025 01:00:00 - 17/12/2025 02:00:00,BZN|CH,Without Sequence,99.04,,
17/12/2025 02:00:00 - 17/12/2025 03:00:00,BZN|CH,Without Sequence,98.05,,
17/12/2025 03:00:00 - 17/12/2025 04:00:00,BZN|CH,Without Sequence,98.36,,
17/12/2025 04:00:00 - 17/12/2025 05:00:00,BZN|CH,Without Sequence,102.4,,
17/12/2025 05:00:00 - 17/12/2025 06:00:00,BZN|CH,Without Sequence,116.17,,
17/12/2025 06:00:00 - 17/12/2025 07:00:00,BZN|CH,Without Sequence,128.61,,
17/12/2025 07:00:00 - 17/12/2025 08:00:00,BZN|CH,Without Sequence,136.3,,
17/12/2025 08:00:00 - 17/12/2025 09:00:00,BZN|CH,Without Sequence,132.43,,
17/12/2025 09:00:00 - 17/12/2025 10:00:00,BZN|CH,Without Sequence,126.58,,
17/12/2025 10:00:00 - 17/12/2025 11:00:00,BZN|CH,Without Sequence,124.61,,
17/12/2025 11:00:00 - 17/12/2025 12:00:00,BZN|CH,Without Sequence,123.31,,
17/12/2025 12:00:00 - 17/12/2025 13:00:00,BZN|CH,Without Sequence,123.48,,
17/12/2025 13:00:00 - 17/12/2025 14:00:00,BZN|CH,Without Sequence,127.01,,
17/12/2025 14:00:00 - 17/12/2025 15:00:00,BZN|CH,Without Sequence,131.01,,
17/12/2025 15:00:00 - 17/12/2025 16:00:00,BZN|CH,Without Sequence,134,,
17/12/2025 16:00:00 - 17/12/2025 17:00:00,BZN|CH,Without Sequence,132.71,,
17/12/2025 17:00:00 - 17/12/2025 18:00:00,BZN|CH,Without Sequence,129.76,,
17/12/2025 18:00:00 - 17/12/2025 19:00:00,BZN|CH,Without Sequence,129.69,,
17/12/2025 19:00:00 - 17/12/2025 20:00:00,BZN|CH,Without Sequence,124.07,,
17/12/2025 20:00:00 - 17/12/2025 21:00:00,BZN|CH,Without Sequence,120.39,,
17/12/2025 21:00:00 - 17/12/2025 22:00:00,BZN|CH,Without Sequence,114,,
17/12/2025 22:00:00 - 17/12/2025 23:00:00,BZN|CH,Without Sequence,107.36,,
17/12/2025 23:00:00 - 18/12/2025 00:00:00,BZN|CH,Without Sequence,110.2,,
18/12/2025 00:00:00 - 18/12/2025 01:00:00,BZN|CH,Without Sequence,105.82,,
18/12/2025 01:00:00 - 18/12/2025 02:00:00,BZN|CH,Without Sequence,106,,
18/12/2025 02:00:00 - 18/12/2025 03:00:00,BZN|CH,Without Sequence,106,,
18/12/2025 03:00:00 - 18/12/2025 04:00:00,BZN|CH,Without Sequence,107.46,,
18/12/2025 04:00:00 - 18/12/2025 05:00:00,BZN|CH,Without Sequence,110.71,,
18/12/2025 05:00:00 - 18/12/2025 06:00:00,BZN|CH,Without Sequence,120.29,,
18/12/2025 06:00:00 - 18/12/2025 07:00:00,BZN|CH,Without Sequence,129.01,,
18/12/2025 07:00:00 - 18/12/2025 08:00:00,BZN|CH,Without Sequence,131.44,,
18/12/2025 08:00:00 - 18/12/2025 09:00:00,BZN|CH,Without Sequence,129.38,,
18/12/2025 09:00:00 - 18/12/2025 10:00:00,BZN|CH,Without Sequence,126.89,,
18/12/2025 10:00:00 - 18/12/2025 11:00:00,BZN|CH,Without Sequence,124.04,,
18/12/2025 11:00:00 - 18/12/2025 12:00:00,BZN|CH,Without Sequence,120,,
18/12/2025 12:00:00 - 18/12/2025 13:00:00,BZN|CH,Without Sequence,120.38,,
18/12/2025 13:00:00 - 18/12/2025 14:00:00,BZN|CH,Without Sequence,123.87,,
18/12/2025 14:00:00 - 18/12/2025 15:00:00,BZN|CH,Without Sequence,127.6,,
18/12/2025 15:00:00 - 18/12/2025 16:00:00,BZN|CH,Without Sequence,130.81,,
18/12/2025 16:00:00 - 18/12/2025 17:00:00,BZN|CH,Without Sequence,131,,
18/12/2025 17:00:00 - 18/12/2025 18:00:00,BZN|CH,Without Sequence,130,,
18/12/2025 18:00:00 - 18/12/2025 19:00:00,BZN|CH,Without Sequence,128.69,,
18/12/2025 19:00:00 - 18/12/2025 20:00:00,BZN|CH,Without Sequence,126.49,,
18/12/2025 20:00:00 - 18/12/2025 21:00:00,BZN|CH,Without Sequence,122.1,,
18/12/2025 21:00:00 - 18/12/2025 22:00:00,BZN|CH,Without Sequence,119.13,,
18/12/2025 22:00:00 - 18/12/2025 23:00:00,BZN|CH,Without Sequence,116,,
18/12/2025 23:00:00 - 19/12/2025 00:00:00,BZN|CH,Without Sequence,112.2,,
19/12/2025 00:00:00 - 19/12/2025 01:00:00,BZN|CH,Without Sequence,107.79,,
19/12/2025 01:00:00 - 19/12/2025 02:00:00,BZN|CH,Without Sequence,106.2,,
19/12/2025 02:00:00 - 19/12/2025 03:00:00,BZN|CH,Without Sequence,103.57,,
19/12/2025 03:00:00 - 19/12/2025 04:00:00,BZN|CH,Without Sequence,105.31,,
19/12/2025 04:00:00 - 19/12/2025 05:00:00,BZN|CH,Without Sequence,111.52,,
19/12/2025 05:00:00 - 19/12/2025 06:00:00,BZN|CH,Without Sequence,120.01,,
19/12/2025 06:00:00 - 19/12/2025 07:00:00,BZN|CH,Without Sequence,126.72,,
19/12/2025 07:00:00 - 19/12/2025 08:00:00,BZN|CH,Without Sequence,128.27,,
19/12/2025 08:00:00 - 19/12/2025 09:00:00,BZN|CH,Without Sequence,127.75,,
19/12/2025 09:00:00 - 19/12/2025 10:00:00,BZN|CH,Without Sequence,126.57,,
19/12/2025 10:00:00 - 19/12/2025 11:00:00,BZN|CH,Without Sequence,122.1,,
19/12/2025 11:00:00 - 19/12/2025 12:00:00,BZN|CH,Without Sequence,119.23,,
19/12/2025 12:00:00 - 19/12/2025 13:00:00,BZN|CH,Without Sequence,119.4,,
19/12/2025 13:00:00 - 19/12/2025 14:00:00,BZN|CH,Without Sequence,124.2,,
19/12/2025 14:00:00 - 19/12/2025 15:00:00,BZN|CH,Without Sequence,126,,
19/12/2025 15:00:00 - 19/12/2025 16:00:00,BZN|CH,Without Sequence,127.19,,
19/12/2025 16:00:00 - 19/12/2025 17:00:00,BZN|CH,Without Sequence,127.54,,
19/12/2025 17:00:00 - 19/12/2025 18:00:00,BZN|CH,Without Sequence,126.4,,
19/12/2025 18:00:00 - 19/12/2025 19:00:00,BZN|CH,Without Sequence,125,,
19/12/2025 19:00:00 - 19/12/2025 20:00:00,BZN|CH,Without Sequence,122.39,,
19/12/2025 20:00:00 - 19/12/2025 21:00:00,BZN|CH,Without Sequence,118.71,,
19/12/2025 21:00:00 - 19/12/2025 22:00:00,BZN|CH,Without Sequence,115.94,,
19/12/2025 22:00:00 - 19/12/2025 23:00:00,BZN|CH,Without Sequence,111.36,,
19/12/2025 23:00:00 - 20/12/2025 00:00:00,BZN|CH,Without Sequence,102,,
20/12/2025 00:00:00 - 20/12/2025 01:00:00,BZN|CH,Without Sequence,98.53,,
20/12/2025 01:00:00 - 20/12/2025 02:00:00,BZN|CH,Without Sequence,96.1,,
20/12/2025 02:00:00 - 20/12/2025 03:00:00,BZN|CH,Without Sequence,96.1,,
20/12/2025 03:00:00 - 20/12/2025 04:00:00,BZN|CH,Without Sequence,95.9,,
20/12/2025 04:00:00 - 20/12/2025 05:00:00,BZN|CH,Without Sequence,94.9,,
20/12/2025 05:00:00 - 20/12/2025 06:00:00,BZN|CH,Without Sequence,99.1,,
20/12/2025 06:00:00 - 20/12/2025 07:00:00,BZN|CH,Without Sequence,106.01,,
20/12/2025 07:00:00 - 20/12/2025 08:00:00,BZN|CH,Without Sequence,111.3,,
20/12/2025 08:00:00 - 20/12/2025 09:00:00,BZN|CH,Without Sequence,112.92,,
20/12/2025 09:00:00 - 20/12/2025 10:00:00,BZN|CH,Without Sequence,104.02,,
20/12/2025 10:00:00 - 20/12/2025 11:00:00,BZN|CH,Without Sequence,101.05,,
20/12/2025 11:00:00 - 20/12/2025 12:00:00,BZN|CH,Without Sequence,99.57,,
20/12/2025 12:00:00 - 20/12/2025 13:00:00,BZN|CH,Without Sequence,100.86,,
20/12/2025 13:00:00 - 20/12/2025 14:00:00,BZN|CH,Without Sequence,109.81,,
20/12/2025 14:00:00 - 20/12/2025 15:00:00,BZN|CH,Without Sequence,117.61,,
20/12/2025 15:00:00 - 20/12/2025 16:00:00,BZN|CH,Without Sequence,119.32,,
20/12/2025 16:00:00 - 20/12/2025 17:00:00,BZN|CH,Without Sequence,120.39,,
20/12/2025 17:00:00 - 20/12/2025 18:00:00,BZN|CH,Without Sequence,118.14,,
20/12/2025 18:00:00 - 20/12/2025 19:00:00,BZN|CH,Without Sequence,118.76,,
20/12/2025 19:00:00 - 20/12/2025 20:00:00,BZN|CH,Without Sequence,118,,
20/12/2025 20:00:00 - 20/12/2025 21:00:00,BZN|CH,Without Sequence,109.81,,
20/12/2025 21:00:00 - 20/12/2025 22:00:00,BZN|CH,Without Sequence,103.89,,
20/12/2025 22:00:00 - 20/12/2025 23:00:00,BZN|CH,Without Sequence,100.89,,
20/12/2025 23:00:00 - 21/12/2025 00:00:00,BZN|CH,Without Sequence,107.81,,
21/12/2025 00:00:00 - 21/12/2025 01:00:00,BZN|CH,Without Sequence,100.22,,
21/12/2025 01:00:00 - 21/12/2025 02:00:00,BZN|CH,Without Sequence,98.53,,
21/12/2025 02:00:00 - 21/12/2025 03:00:00,BZN|CH,Without Sequence,98,,
21/12/2025 03:00:00 - 21/12/2025 04:00:00,BZN|CH,Without Sequence,97.31,,
21/12/2025 04:00:00 - 21/12/2025 05:00:00,BZN|CH,Without Sequence,97.9,,
21/12/2025 05:00:00 - 21/12/2025 06:00:00,BZN|CH,Without Sequence,100.1,,
21/12/2025 06:00:00 - 21/12/2025 07:00:00,BZN|CH,Without Sequence,104.76,,
21/12/2025 07:00:00 - 21/12/2025 08:00:00,BZN|CH,Without Sequence,108.05,,
21/12/2025 08:00:00 - 21/12/2025 09:00:00,BZN|CH,Without Sequence,109.77,,
21/12/2025 09:00:00 - 21/12/2025 10:00:00,BZN|CH,Without Sequence,106.81,,
21/12/2025 10:00:00 - 21/12/2025 11:00:00,BZN|CH,Without Sequence,105.3,,
21/12/2025 11:00:00 - 21/12/2025 12:00:00,BZN|CH,Without Sequence,102.2,,
21/12/2025 12:00:00 - 21/12/2025 13:00:00,BZN|CH,Without Sequence,104,,
21/12/2025 13:00:00 - 21/12/2025 14:00:00,BZN|CH,Without Sequence,108.56,,
21/12/2025 14:00:00 - 21/12/2025 15:00:00,BZN|CH,Without Sequence,113.53,,
21/12/2025 15:00:00 - 21/12/2025 16:00:00,BZN|CH,Without Sequence,118.6,,
21/12/2025 16:00:00 - 21/12/2025 17:00:00,BZN|CH,Without Sequence,120,,
21/12/2025 17:00:00 - 21/12/2025 18:00:00,BZN|CH,Without Sequence,120.01,,
21/12/2025 18:00:00 - 21/12/2025 19:00:00,BZN|CH,Without Sequence,121.89,,
21/12/2025 19:00:00 - 21/12/2025 20:00:00,BZN|CH,Without Sequence,119.95,,
21/12/2025 20:00:00 - 21/12/2025 21:00:00,BZN|CH,Without Sequence,112.25,,
21/12/2025 21:00:00 - 21/12/2025 22:00:00,BZN|CH,Without Sequence,107.46,,
21/12/2025 22:00:00 - 21/12/2025 23:00:00,BZN|CH,Without Sequence,100.27,,
21/12/2025 23:00:00 - 22/12/2025 00:00:00,BZN|CH,Without Sequence,96.99,,
22/12/2025 00:00:00 - 22/12/2025 01:00:00,BZN|CH,Without Sequence,94.44,,
22/12/2025 01:00:00 - 22/12/2025 02:00:00,BZN|CH,Without Sequence,93.87,,
22/12/2025 02:00:00 - 22/12/2025 03:00:00,BZN|CH,Without Sequence,93.33,,
22/12/2025 03:00:00 - 22/12/2025 04:00:00,BZN|CH,Without Sequence,94.1,,
22/12/2025 04:00:00 - 22/12/2025 05:00:00,BZN|CH,Without Sequence,96.54,,
22/12/2025 05:00:00 - 22/12/2025 06:00:00,BZN|CH,Without Sequence,108.4,,
22/12/2025 06:00:00 - 22/12/2025 07:00:00,BZN|CH,Without Sequence,120.09,,
22/12/2025 07:00:00 - 22/12/2025 08:00:00,BZN|CH,Without Sequence,123.8,,
22/12/2025 08:00:00 - 22/12/2025 09:00:00,BZN|CH,Without Sequence,122.62,,
22/12/2025 09:00:00 - 22/12/2025 10:00:00,BZN|CH,Without Sequence,120,,
22/12/2025 10:00:00 - 22/12/2025 11:00:00,BZN|CH,Without Sequence,118,,
22/12/2025 11:00:00 - 22/12/2025 12:00:00,BZN|CH,Without Sequence,115.91,,
22/12/2025 12:00:00 - 22/12/2025 13:00:00,BZN|CH,Without Sequence,117,,
22/12/2025 13:00:00 - 22/12/2025 14:00:00,BZN|CH,Without Sequence,120.72,,
22/12/2025 14:00:00 - 22/12/2025 15:00:00,BZN|CH,Without Sequence,124.04,,
22/12/2025 15:00:00 - 22/12/2025 16:00:00,BZN|CH,Without Sequence,125,,
22/12/2025 16:00:00 - 22/12/2025 17:00:00,BZN|CH,Without Sequence,125.01,,
22/12/2025 17:00:00 - 22/12/2025 18:00:00,BZN|CH,Without Sequence,124.62,,
22/12/2025 18:00:00 - 22/12/2025 19:00:00,BZN|CH,Without Sequence,123.71,,
22/12/2025 19:00:00 - 22/12/2025 20:00:00,BZN|CH,Without Sequence,120.42,,
22/12/2025 20:00:00 - 22/12/2025 21:00:00,BZN|CH,Without Sequence,116.33,,
22/12/2025 21:00:00 - 22/12/2025 22:00:00,BZN|CH,Without Sequence,112.6,,
22/12/2025 22:00:00 - 22/12/2025 23:00:00,BZN|CH,Without Sequence,105.99,,
22/12/2025 23:00:00 - 23/12/2025 00:00:00,BZN|CH,Without Sequence,102,,
23/12/2025 00:00:00 - 23/12/2025 01:00:00,BZN|CH,Without Sequence,99,,
23/12/2025 01:00:00 - 23/12/2025 02:00:00,BZN|CH,Without Sequence,96.85,,
23/12/2025 02:00:00 - 23/12/2025 03:00:00,BZN|CH,Without Sequence,97.37,,
23/12/2025 03:00:00 - 23/12/2025 04:00:00,BZN|CH,Without Sequence,97.1,,
23/12/2025 04:00:00 - 23/12/2025 05:00:00,BZN|CH,Without Sequence,100.2,,
23/12/2025 05:00:00 - 23/12/2025 06:00:00,BZN|CH,Without Sequence,109.79,,
23/12/2025 06:00:00 - 23/12/2025 07:00:00,BZN|CH,Without Sequence,121.1,,
23/12/2025 07:00:00 - 23/12/2025 08:00:00,BZN|CH,Without Sequence,121.11,,
23/12/2025 08:00:00 - 23/12/2025 09:00:00,BZN|CH,Without Sequence,121.11,,
23/12/2025 09:00:00 - 23/12/2025 10:00:00,BZN|CH,Without Sequence,121.66,,
23/12/2025 10:00:00 - 23/12/2025 11:00:00,BZN|CH,Without Sequence,120.1,,
23/12/2025 11:00:00 - 23/12/2025 12:00:00,BZN|CH,Without Sequence,119.55,,
23/12/2025 12:00:00 - 23/12/2025 13:00:00,BZN|CH,Without Sequence,120,,
23/12/2025 13:00:00 - 23/12/2025 14:00:00,BZN|CH,Without Sequence,121.55,,
23/12/2025 14:00:00 - 23/12/2025 15:00:00,BZN|CH,Without Sequence,122.52,,
23/12/2025 15:00:00 - 23/12/2025 16:00:00,BZN|CH,Without Sequence,122.74,,
23/12/2025 16:00:00 - 23/12/2025 17:00:00,BZN|CH,Without Sequence,122.32,,
23/12/2025 17:00:00 - 23/12/2025 18:00:00,BZN|CH,Without Sequence,122.61,,
23/12/2025 18:00:00 - 23/12/2025 19:00:00,BZN|CH,Without Sequence,121.1,,
23/12/2025 19:00:00 - 23/12/2025 20:00:00,BZN|CH,Without Sequence,121.1,,
23/12/2025 20:00:00 - 23/12/2025 21:00:00,BZN|CH,Without Sequence,117.31,,
23/12/2025 21:00:00 - 23/12/2025 22:00:00,BZN|CH,Without Sequence,111.68,,
23/12/2025 22:00:00 - 23/12/2025 23:00:00,BZN|CH,Without Sequence,103.91,,
23/12/2025 23:00:00 - 24/12/2025 00:00:00,BZN|CH,Without Sequence,102.22,,
24/12/2025 00:00:00 - 24/12/2025 01:00:00,BZN|CH,Without Sequence,96.06,,
24/12/2025 01:00:00 - 24/12/2025 02:00:00,BZN|CH,Without Sequence,95.26,,
24/12/2025 02:00:00 - 24/12/2025 03:00:00,BZN|CH,Without Sequence,94,,
24/12/2025 03:00:00 - 24/12/2025 04:00:00,BZN|CH,Without Sequence,93.14,,
24/12/2025 04:00:00 - 24/12/2025 05:00:00,BZN|CH,Without Sequence,94.08,,
24/12/2025 05:00:00 - 24/12/2025 06:00:00,BZN|CH,Without Sequence,98.22,,
24/12/2025 06:00:00 - 24/12/2025 07:00:00,BZN|CH,Without Sequence,108.46,,
24/12/2025 07:00:00 - 24/12/2025 08:00:00,BZN|CH,Without Sequence,110.49,,
24/12/2025 08:00:00 - 24/12/2025 09:00:00,BZN|CH,Without Sequence,112.2,,
24/12/2025 09:00:00 - 24/12/2025 10:00:00,BZN|CH,Without Sequence,111.73,,
24/12/2025 10:00:00 - 24/12/2025 11:00:00,BZN|CH,Without Sequence,110.51,,
24/12/2025 11:00:00 - 24/12/2025 12:00:00,BZN|CH,Without Sequence,109.1,,
24/12/2025 12:00:00 - 24/12/2025 13:00:00,BZN|CH,Without Sequence,108.5,,
24/12/2025 13:00:00 - 24/12/2025 14:00:00,BZN|CH,Without Sequence,109.81,,
24/12/2025 14:00:00 - 24/12/2025 15:00:00,BZN|CH,Without Sequence,110.28,,
24/12/2025 15:00:00 - 24/12/2025 16:00:00,BZN|CH,Without Sequence,111.48,,
24/12/2025 16:00:00 - 24/12/2025 17:00:00,BZN|CH,Without Sequence,106.96,,
24/12/2025 17:00:00 - 24/12/2025 18:00:00,BZN|CH,Without Sequence,105.86,,
24/12/2025 18:00:00 - 24/12/2025 19:00:00,BZN|CH,Without Sequence,107.21,,
24/12/2025 19:00:00 - 24/12/2025 20:00:00,BZN|CH,Without Sequence,107.21,,
24/12/2025 20:00:00 - 24/12/2025 21:00:00,BZN|CH,Without Sequence,107.2,,
24/12/2025 21:00:00 - 24/12/2025 22:00:00,BZN|CH,Without Sequence,103.08,,
24/12/2025 22:00:00 - 24/12/2025 23:00:00,BZN|CH,Without Sequence,103.01,,
24/12/2025 23:00:00 - 25/12/2025 00:00:00,BZN|CH,Without Sequence,99.45,,
25/12/2025 00:00:00 - 25/12/2025 01:00:00,BZN|CH,Without Sequence,95.73,,
25/12/2025 01:00:00 - 25/12/2025 02:00:00,BZN|CH,Without Sequence,95.63,,
25/12/2025 02:00:00 - 25/12/2025 03:00:00,BZN|CH,Without Sequence,94.81,,
25/12/2025 03:00:00 - 25/12/2025 04:00:00,BZN|CH,Without Sequence,94.41,,
25/12/2025 04:00:00 - 25/12/2025 05:00:00,BZN|CH,Without Sequence,94.48,,
25/12/2025 05:00:00 - 25/12/2025 06:00:00,BZN|CH,Without Sequence,97.17,,
25/12/2025 06:00:00 - 25/12/2025 07:00:00,BZN|CH,Without Sequence,97.65,,
25/12/2025 07:00:00 - 25/12/2025 08:00:00,BZN|CH,Without Sequence,98.1,,
25/12/2025 08:00:00 - 25/12/2025 09:00:00,BZN|CH,Without Sequence,99.81,,
25/12/2025 09:00:00 - 25/12/2025 10:00:00,BZN|CH,Without Sequence,100.3,,
25/12/2025 10:00:00 - 25/12/2025 11:00:00,BZN|CH,Without Sequence,100.41,,
25/12/2025 11:00:00 - 25/12/2025 12:00:00,BZN|CH,Without Sequence,97.22,,
25/12/2025 12:00:00 - 25/12/2025 13:00:00,BZN|CH,Without Sequence,95.55,,
25/12/2025 13:00:00 - 25/12/2025 14:00:00,BZN|CH,Without Sequence,97.02,,
25/12/2025 14:00:00 - 25/12/2025 15:00:00,BZN|CH,Without Sequence,106.6,,
25/12/2025 15:00:00 - 25/12/2025 16:00:00,BZN|CH,Without Sequence,114.54,,
25/12/2025 16:00:00 - 25/12/2025 17:00:00,BZN|CH,Without Sequence,114.7,,
25/12/2025 17:00:00 - 25/12/2025 18:00:00,BZN|CH,Without Sequence,106.61,,
25/12/2025 18:00:00 - 25/12/2025 19:00:00,BZN|CH,Without Sequence,106.6,,
25/12/2025 19:00:00 - 25/12/2025 20:00:00,BZN|CH,Without Sequence,108.58,,
25/12/2025 20:00:00 - 25/12/2025 21:00:00,BZN|CH,Without Sequence,108.5,,
25/12/2025 21:00:00 - 25/12/2025 22:00:00,BZN|CH,Without Sequence,104.4,,
25/12/2025 22:00:00 - 25/12/2025 23:00:00,BZN|CH,Without Sequence,97.32,,
25/12/2025 23:00:00 - 26/12/2025 00:00:00,BZN|CH,Without Sequence,98.97,,
26/12/2025 00:00:00 - 26/12/2025 01:00:00,BZN|CH,Without Sequence,96.15,,
26/12/2025 01:00:00 - 26/12/2025 02:00:00,BZN|CH,Without Sequence,96.31,,
26/12/2025 02:00:00 - 26/12/2025 03:00:00,BZN|CH,Without Sequence,94.72,,
26/12/2025 03:00:00 - 26/12/2025 04:00:00,BZN|CH,Without Sequence,94.7,,
26/12/2025 04:00:00 - 26/12/2025 05:00:00,BZN|CH,Without Sequence,94.49,,
26/12/2025 05:00:00 - 26/12/2025 06:00:00,BZN|CH,Without Sequence,98.39,,
26/12/2025 06:00:00 - 26/12/2025 07:00:00,BZN|CH,Without Sequence,99,,
26/12/2025 07:00:00 - 26/12/2025 08:00:00,BZN|CH,Without Sequence,101.8,,
26/12/2025 08:00:00 - 26/12/2025 09:00:00,BZN|CH,Without Sequence,100.03,,
26/12/2025 09:00:00 - 26/12/2025 10:00:00,BZN|CH,Without Sequence,96.51,,
26/12/2025 10:00:00 - 26/12/2025 11:00:00,BZN|CH,Without Sequence,95.56,,
26/12/2025 11:00:00 - 26/12/2025 12:00:00,BZN|CH,Without Sequence,94.55,,
26/12/2025 12:00:00 - 26/12/2025 13:00:00,BZN|CH,Without Sequence,85.98,,
26/12/2025 13:00:00 - 26/12/2025 14:00:00,BZN|CH,Without Sequence,96.34,,
26/12/2025 14:00:00 - 26/12/2025 15:00:00,BZN|CH,Without Sequence,98.77,,
26/12/2025 15:00:00 - 26/12/2025 16:00:00,BZN|CH,Without Sequence,110.07,,
26/12/2025 16:00:00 - 26/12/2025 17:00:00,BZN|CH,Without Sequence,114.33,,
26/12/2025 17:00:00 - 26/12/2025 18:00:00,BZN|CH,Without Sequence,116.5,,
26/12/2025 18:00:00 - 26/12/2025 19:00:00,BZN|CH,Without Sequence,112,,
26/12/2025 19:00:00 - 26/12/2025 20:00:00,BZN|CH,Without Sequence,110.08,,
26/12/2025 20:00:00 - 26/12/2025 21:00:00,BZN|CH,Without Sequence,108.5,,
26/12/2025 21:00:00 - 26/12/2025 22:00:00,BZN|CH,Without Sequence,107.5,,
26/12/2025 22:00:00 - 26/12/2025 23:00:00,BZN|CH,Without Sequence,102,,
26/12/2025 23:00:00 - 27/12/2025 00:00:00,BZN|CH,Without Sequence,104.94,,
27/12/2025 00:00:00 - 27/12/2025 01:00:00,BZN|CH,Without Sequence,98.47,,
27/12/2025 01:00:00 - 27/12/2025 02:00:00,BZN|CH,Without Sequence,97.13,,
27/12/2025 02:00:00 - 27/12/2025 03:00:00,BZN|CH,Without Sequence,95.73,,
27/12/2025 03:00:00 - 27/12/2025 04:00:00,BZN|CH,Without Sequence,95.5,,
27/12/2025 04:00:00 - 27/12/2025 05:00:00,BZN|CH,Without Sequence,97.54,,
27/12/2025 05:00:00 - 27/12/2025 06:00:00,BZN|CH,Without Sequence,99,,
27/12/2025 06:00:00 - 27/12/2025 07:00:00,BZN|CH,Without Sequence,105.3,,
27/12/2025 07:00:00 - 27/12/2025 08:00:00,BZN|CH,Without Sequence,107,,
27/12/2025 08:00:00 - 27/12/2025 09:00:00,BZN|CH,Without Sequence,105.05,,
27/12/2025 09:00:00 - 27/12/2025 10:00:00,BZN|CH,Without Sequence,99.11,,
27/12/2025 10:00:00 - 27/12/2025 11:00:00,BZN|CH,Without Sequence,97.26,,
27/12/2025 11:00:00 - 27/12/2025 12:00:00,BZN|CH,Without Sequence,95.33,,
27/12/2025 12:00:00 - 27/12/2025 13:00:00,BZN|CH,Without Sequence,96.81,,
27/12/2025 13:00:00 - 27/12/2025 14:00:00,BZN|CH,Without Sequence,98.1,,
27/12/2025 14:00:00 - 27/12/2025 15:00:00,BZN|CH,Without Sequence,111.06,,
27/12/2025 15:00:00 - 27/12/2025 16:00:00,BZN|CH,Without Sequence,117.09,,
27/12/2025 16:00:00 - 27/12/2025 17:00:00,BZN|CH,Without Sequence,117.81,,
27/12/2025 17:00:00 - 27/12/2025 18:00:00,BZN|CH,Without Sequence,117.46,,
27/12/2025 18:00:00 - 27/12/2025 19:00:00,BZN|CH,Without Sequence,116.07,,
27/12/2025 19:00:00 - 27/12/2025 20:00:00,BZN|CH,Without Sequence,115.77,,
27/12/2025 20:00:00 - 27/12/2025 21:00:00,BZN|CH,Without Sequence,110.71,,
27/12/2025 21:00:00 - 27/12/2025 22:00:00,BZN|CH,Without Sequence,107.41,,
27/12/2025 22:00:00 - 27/12/2025 23:00:00,BZN|CH,Without Sequence,101.69,,
27/12/2025 23:00:00 - 28/12/2025 00:00:00,BZN|CH,Without Sequence,105.31,,
28/12/2025 00:00:00 - 28/12/2025 01:00:00,BZN|CH,Without Sequence,98.9,,
28/12/2025 01:00:00 - 28/12/2025 02:00:00,BZN|CH,Without Sequence,98.1,,
28/12/2025 02:00:00 - 28/12/2025 03:00:00,BZN|CH,Without Sequence,98.6,,
28/12/2025 03:00:00 - 28/12/2025 04:00:00,BZN|CH,Without Sequence,98.1,,
28/12/2025 04:00:00 - 28/12/2025 05:00:00,BZN|CH,Without Sequence,98.16,,
28/12/2025 05:00:00 - 28/12/2025 06:00:00,BZN|CH,Without Sequence,98.1,,
28/12/2025 06:00:00 - 28/12/2025 07:00:00,BZN|CH,Without Sequence,98.24,,
28/12/2025 07:00:00 - 28/12/2025 08:00:00,BZN|CH,Without Sequence,98.55,,
28/12/2025 08:00:00 - 28/12/2025 09:00:00,BZN|CH,Without Sequence,98.49,,
28/12/2025 09:00:00 - 28/12/2025 10:00:00,BZN|CH,Without Sequence,92.17,,
28/12/2025 10:00:00 - 28/12/2025 11:00:00,BZN|CH,Without Sequence,86.42,,
28/12/2025 11:00:00 - 28/12/2025 12:00:00,BZN|CH,Without Sequence,83.01,,
28/12/2025 12:00:00 - 28/12/2025 13:00:00,BZN|CH,Without Sequence,86.51,,
28/12/2025 13:00:00 - 28/12/2025 14:00:00,BZN|CH,Without Sequence,91.43,,
28/12/2025 14:00:00 - 28/12/2025 15:00:00,BZN|CH,Without Sequence,101.17,,
28/12/2025 15:00:00 - 28/12/2025 16:00:00,BZN|CH,Without Sequence,112.44,,
28/12/2025 16:00:00 - 28/12/2025 17:00:00,BZN|CH,Without Sequence,116.32,,
28/12/2025 17:00:00 - 28/12/2025 18:00:00,BZN|CH,Without Sequence,115.95,,
28/12/2025 18:00:00 - 28/12/2025 19:00:00,BZN|CH,Without Sequence,115.8,,
28/12/2025 19:00:00 - 28/12/2025 20:00:00,BZN|CH,Without Sequence,113.64,,
28/12/2025 20:00:00 - 28/12/2025 21:00:00,BZN|CH,Without Sequence,113.19,,
28/12/2025 21:00:00 - 28/12/2025 22:00:00,BZN|CH,Without Sequence,111.59,,
28/12/2025 22:00:00 - 28/12/2025 23:00:00,BZN|CH,Without Sequence,107.51,,
28/12/2025 23:00:00 - 29/12/2025 00:00:00,BZN|CH,Without Sequence,106.65,,
29/12/2025 00:00:00 - 29/12/2025 01:00:00,BZN|CH,Without Sequence,98.1,,
29/12/2025 01:00:00 - 29/12/2025 02:00:00,BZN|CH,Without Sequence,98.1,,
29/12/2025 02:00:00 - 29/12/2025 03:00:00,BZN|CH,Without Sequence,97.74,,
29/12/2025 03:00:00 - 29/12/2025 04:00:00,BZN|CH,Without Sequence,96.85,,
29/12/2025 04:00:00 - 29/12/2025 05:00:00,BZN|CH,Without Sequence,98.1,,
29/12/2025 05:00:00 - 29/12/2025 06:00:00,BZN|CH,Without Sequence,106,,
29/12/2025 06:00:00 - 29/12/2025 07:00:00,BZN|CH,Without Sequence,114.9,,
29/12/2025 07:00:00 - 29/12/2025 08:00:00,BZN|CH,Without Sequence,117.57,,
29/12/2025 08:00:00 - 29/12/2025 09:00:00,BZN|CH,Without Sequence,114,,
29/12/2025 09:00:00 - 29/12/2025 10:00:00,BZN|CH,Without Sequence,110.71,,
29/12/2025 10:00:00 - 29/12/2025 11:00:00,BZN|CH,Without Sequence,110.07,,
29/12/2025 11:00:00 - 29/12/2025 12:00:00,BZN|CH,Without Sequence,106.23,,
29/12/2025 12:00:00 - 29/12/2025 13:00:00,BZN|CH,Without Sequence,105.6,,
29/12/2025 13:00:00 - 29/12/2025 14:00:00,BZN|CH,Without Sequence,108.5,,
29/12/2025 14:00:00 - 29/12/2025 15:00:00,BZN|CH,Without Sequence,116.36,,
29/12/2025 15:00:00 - 29/12/2025 16:00:00,BZN|CH,Without Sequence,117.33,,
29/12/2025 16:00:00 - 29/12/2025 17:00:00,BZN|CH,Without Sequence,118.03,,
29/12/2025 17:00:00 - 29/12/2025 18:00:00,BZN|CH,Without Sequence,117.29,,
29/12/2025 18:00:00 - 29/12/2025 19:00:00,BZN|CH,Without Sequence,115.12,,
29/12/2025 19:00:00 - 29/12/2025 20:00:00,BZN|CH,Without Sequence,111.35,,
29/12/2025 20:00:00 - 29/12/2025 21:00:00,BZN|CH,Without Sequence,114.27,,
29/12/2025 21:00:00 - 29/12/2025 22:00:00,BZN|CH,Without Sequence,112.68,,
29/12/2025 22:00:00 - 29/12/2025 23:00:00,BZN|CH,Without Sequence,108,,
29/12/2025 23:00:00 - 30/12/2025 00:00:00,BZN|CH,Without Sequence,105.08,,
30/12/2025 00:00:00 - 30/12/2025 01:00:00,BZN|CH,Without Sequence,104.23,,
30/12/2025 01:00:00 - 30/12/2025 02:00:00,BZN|CH,Without Sequence,101.3,,
30/12/2025 02:00:00 - 30/12/2025 03:00:00,BZN|CH,Without Sequence,99.24,,
30/12/2025 03:00:00 - 30/12/2025 04:00:00,BZN|CH,Without Sequence,98.97,,
30/12/2025 04:00:00 - 30/12/2025 05:00:00,BZN|CH,Without Sequence,103.52,,
30/12/2025 05:00:00 - 30/12/2025 06:00:00,BZN|CH,Without Sequence,106,,
30/12/2025 06:00:00 - 30/12/2025 07:00:00,BZN|CH,Without Sequence,112.66,,
30/12/2025 07:00:00 - 30/12/2025 08:00:00,BZN|CH,Without Sequence,115.6,,
30/12/2025 08:00:00 - 30/12/2025 09:00:00,BZN|CH,Without Sequence,114.99,,
30/12/2025 09:00:00 - 30/12/2025 10:00:00,BZN|CH,Without Sequence,110.05,,
30/12/2025 10:00:00 - 30/12/2025 11:00:00,BZN|CH,Without Sequence,107.09,,
30/12/2025 11:00:00 - 30/12/2025 12:00:00,BZN|CH,Without Sequence,106.49,,
30/12/2025 12:00:00 - 30/12/2025 13:00:00,BZN|CH,Without Sequence,104.95,,
30/12/2025 13:00:00 - 30/12/2025 14:00:00,BZN|CH,Without Sequence,106.8,,
30/12/2025 14:00:00 - 30/12/2025 15:00:00,BZN|CH,Without Sequence,113.25,,
30/12/2025 15:00:00 - 30/12/2025 16:00:00,BZN|CH,Without Sequence,117.32,,
30/12/2025 16:00:00 - 30/12/2025 17:00:00,BZN|CH,Without Sequence,118,,
30/12/2025 17:00:00 - 30/12/2025 18:00:00,BZN|CH,Without Sequence,115.3,,
30/12/2025 18:00:00 - 30/12/2025 19:00:00,BZN|CH,Without Sequence,114.07,,
30/12/2025 19:00:00 - 30/12/2025 20:00:00,BZN|CH,Without Sequence,113.74,,
30/12/2025 20:00:00 - 30/12/2025 21:00:00,BZN|CH,Without Sequence,112.12,,
30/12/2025 21:00:00 - 30/12/2025 22:00:00,BZN|CH,Without Sequence,111.02,,
30/12/2025 22:00:00 - 30/12/2025 23:00:00,BZN|CH,Without Sequence,105.87,,
30/12/2025 23:00:00 - 31/12/2025 00:00:00,BZN|CH,Without Sequence,102.56,,
31/12/2025 00:00:00 - 31/12/2025 01:00:00,BZN|CH,Without Sequence,98.66,,
31/12/2025 01:00:00 - 31/12/2025 02:00:00,BZN|CH,Without Sequence,95.59,,
31/12/2025 02:00:00 - 31/12/2025 03:00:00,BZN|CH,Without Sequence,95.73,,
31/12/2025 03:00:00 - 31/12/2025 04:00:00,BZN|CH,Without Sequence,95.39,,
31/12/2025 04:00:00 - 31/12/2025 05:00:00,BZN|CH,Without Sequence,97.33,,
31/12/2025 05:00:00 - 31/12/2025 06:00:00,BZN|CH,Without Sequence,103.04,,
31/12/2025 06:00:00 - 31/12/2025 07:00:00,BZN|CH,Without Sequence,110.06,,
31/12/2025 07:00:00 - 31/12/2025 08:00:00,BZN|CH,Without Sequence,112,,
31/12/2025 08:00:00 - 31/12/2025 09:00:00,BZN|CH,Without Sequence,110.14,,
31/12/2025 09:00:00 - 31/12/2025 10:00:00,BZN|CH,Without Sequence,102.4,,
31/12/2025 10:00:00 - 31/12/2025 11:00:00,BZN|CH,Without Sequence,98.1,,
31/12/2025 11:00:00 - 31/12/2025 12:00:00,BZN|CH,Without Sequence,94.1,,
31/12/2025 12:00:00 - 31/12/2025 13:00:00,BZN|CH,Without Sequence,94.36,,
31/12/2025 13:00:00 - 31/12/2025 14:00:00,BZN|CH,Without Sequence,98.1,,
31/12/2025 14:00:00 - 31/12/2025 15:00:00,BZN|CH,Without Sequence,107.18,,
31/12/2025 15:00:00 - 31/12/2025 16:00:00,BZN|CH,Without Sequence,110.41,,
31/12/2025 16:00:00 - 31/12/2025 17:00:00,BZN|CH,Without Sequence,112.37,,
31/12/2025 17:00:00 - 31/12/2025 18:00:00,BZN|CH,Without Sequence,113.97,,
31/12/2025 18:00:00 - 31/12/2025 19:00:00,BZN|CH,Without Sequence,112.05,,
31/12/2025 19:00:00 - 31/12/2025 20:00:00,BZN|CH,Without Sequence,113.68,,
31/12/2025 20:00:00 - 31/12/2025 21:00:00,BZN|CH,Without Sequence,112.2,,
31/12/2025 21:00:00 - 31/12/2025 22:00:00,BZN|CH,Without Sequence,111.59,,
31/12/2025 22:00:00 - 31/12/2025 23:00:00,BZN|CH,Without Sequence,107.7,,
31/12/2025 23:00:00 - 01/01/2026 00:00:00,BZN|CH,Without Sequence,107.41,,