timestep,PV_1,load_1,PV_5,load_5,PV_6,load_6,PV_7,load_7,PV_9,load_9,PV_10,load_10,PV_11,load_11
2025-01-01 00:00:00+00:00,0.0,0.18,0.0,0.24,0.0,1.85,0.0,0.17,0.0,0.21,0.0,0.37,0.0,1.38
2025-01-01 01:00:00+00:00,0.0,0.17,0.0,0.23,0.0,2.36,0.0,0.17,0.0,0.2,0.0,0.36,0.0,1.39
2025-01-01 02:00:00+00:00,0.0,0.17,0.0,0.24,0.0,2.03,0.0,0.17,0.0,0.21,0.0,0.36,0.0,1.37
2025-01-01 03:00:00+00:00,0.0,0.17,0.0,0.24,0.0,2.49,0.0,0.18,0.0,0.22,0.0,0.36,0.0,1.39
2025-01-01 04:00:00+00:00,0.0,0.29,0.0,0.24,0.0,1.92,0.0,0.24,0.0,0.22,0.0,0.34,0.0,1.38
2025-01-01 05:00:00+00:00,0.01,0.28,0.0,0.24,0.0,2.38,0.0,0.19,0.0,0.23,0.0,0.36,0.0,1.39
2025-01-01 06:00:00+00:00,0.01,0.26,0.0,0.24,0.0,2.03,0.0,0.17,0.0,0.23,0.0,0.37,0.0,1.41
2025-01-01 07:00:00+00:00,0.05,0.26,0.0,0.24,0.07,2.36,0.0,0.17,0.0,0.21,0.0,0.36,0.0,1.38
2025-01-01 08:00:00+00:00,0.04,0.13,0.01,0.24,0.7,1.98,0.0,0.17,0.0,0.21,0.0,0.36,0.0,1.4
2025-01-01 09:00:00+00:00,0.33,0.3,0.1,0.24,2.25,2.36,0.0,0.17,0.0,0.21,0.0,0.36,0.0,1.34
2025-01-01 10:00:00+00:00,0.67,0.48,0.62,0.24,5.71,1.76,0.0,0.18,0.0,0.21,0.0,0.36,0.0,1.32
2025-01-01 11:00:00+00:00,0.95,0.59,0.88,0.18,7.1,1.96,0.0,0.17,0.0,0.2,0.0,0.34,0.0,1.3
2025-01-01 12:00:00+00:00,1.23,0.63,0.13,0.21,6.53,1.75,0.0,0.17,0.0,0.2,0.0,0.36,0.0,1.27
2025-01-01 13:00:00+00:00,0.83,0.53,0.13,0.19,4.66,2.1,0.0,0.17,0.0,0.19,0.0,0.36,0.0,1.22
2025-01-01 14:00:00+00:00,0.26,0.26,0.09,0.19,2.38,2.44,0.0,0.18,0.0,0.18,0.0,0.37,0.0,1.0
2025-01-01 15:00:00+00:00,0.06,0.22,0.02,0.19,0.35,2.0,0.0,0.17,0.0,0.18,0.0,0.37,0.0,1.35
2025-01-01 16:00:00+00:00,0.03,0.26,0.0,0.2,0.0,2.43,0.0,0.17,0.0,0.18,0.0,0.36,0.0,1.39
2025-01-01 17:00:00+00:00,0.01,0.36,0.0,0.19,0.0,2.27,0.0,0.17,0.0,0.18,0.0,0.36,0.0,1.35
2025-01-01 18:00:00+00:00,0.01,0.58,0.0,0.28,0.0,2.23,0.0,0.17,0.0,0.18,0.0,0.35,0.0,1.39
2025-01-01 19:00:00+00:00,0.01,0.58,0.0,0.28,0.0,2.46,0.0,0.17,0.0,0.19,0.0,0.36,0.0,1.37
2025-01-01 20:00:00+00:00,0.0,0.54,0.0,0.28,0.0,2.13,0.0,0.18,0.0,0.18,0.0,0.35,0.0,1.4
2025-01-01 21:00:00+00:00,0.0,0.17,0.0,0.28,0.0,1.93,0.0,0.17,0.0,0.18,0.0,0.37,0.0,1.38
2025-01-01 22:00:00+00:00,0.0,0.19,0.0,0.26,0.0,2.34,0.0,0.17,0.0,0.22,0.0,0.36,0.0,1.4
2025-01-01 23:00:00+00:00,0.0,0.17,0.0,0.22,0.0,1.83,0.0,0.17,0.0,0.19,0.0,0.37,0.0,1.35
2025-01-02 00:00:00+00:00,0.0,0.18,0.0,0.23,0.0,2.66,0.0,0.17,0.0,0.18,0.0,0.37,0.0,1.41
2025-01-02 01:00:00+00:00,0.0,0.16,0.0,0.23,0.0,0.95,0.0,0.17,0.0,0.18,0.0,0.35,0.0,1.37
2025-01-02 02:00:00+00:00,0.0,0.17,0.0,0.23,0.0,2.34,0.0,0.17,0.0,0.18,0.0,0.35,0.0,1.4
2025-01-02 03:00:00+00:00,0.0,0.18,0.0,0.24,0.0,2.05,0.0,0.17,0.0,0.18,0.0,0.35,0.0,1.37
2025-01-02 04:00:00+00:00,0.0,0.31,0.0,0.23,0.0,2.04,0.0,0.17,0.0,0.19,0.0,0.37,0.0,1.41
2025-01-02 05:00:00+00:00,0.01,0.29,0.0,0.23,0.0,1.84,0.0,0.17,0.0,0.19,0.0,0.36,0.0,1.36
2025-01-02 06:00:00+00:00,0.01,0.25,0.0,0.23,0.0,2.15,0.0,0.17,0.0,0.19,0.0,0.36,0.0,1.42
2025-01-02 07:00:00+00:00,0.04,0.25,0.0,0.24,0.13,1.83,0.0,0.2,0.0,0.19,0.0,0.37,0.0,1.37
2025-01-02 08:00:00+00:00,0.04,0.13,0.03,0.25,0.63,2.52,0.0,0.17,0.0,0.2,0.0,0.36,0.0,1.4
2025-01-02 09:00:00+00:00,0.1,0.13,0.11,0.25,1.54,2.1,0.0,0.17,0.0,0.19,0.0,0.37,0.0,1.35
2025-01-02 10:00:00+00:00,0.36,0.32,0.2,0.26,3.05,2.6,0.0,0.18,0.0,0.2,0.0,0.34,0.0,1.35
2025-01-02 11:00:00+00:00,0.39,0.34,0.21,0.25,2.74,2.08,0.0,0.17,0.0,0.19,0.0,0.36,0.0,1.31
2025-01-02 12:00:00+00:00,0.1,0.14,0.04,0.24,1.27,1.8,0.0,0.19,0.0,0.19,0.0,0.37,0.0,1.39
2025-01-02 13:00:00+00:00,0.03,0.1,0.0,0.23,0.46,2.02,0.0,0.17,0.0,0.18,0.0,0.36,0.0,1.37
2025-01-02 14:00:00+00:00,0.04,0.15,0.0,0.79,0.1,2.89,0.0,0.17,0.0,0.17,0.0,0.37,0.0,1.39
2025-01-02 15:00:00+00:00,0.08,0.32,0.0,1.17,0.0,1.12,0.0,0.17,0.0,0.18,0.0,0.36,0.0,1.38
2025-01-02 16:00:00+00:00,0.01,0.3,0.0,1.16,0.0,2.35,0.0,0.17,0.0,0.2,0.0,0.36,0.0,1.38
2025-01-02 17:00:00+00:00,0.01,0.28,0.0,0.53,0.0,2.79,0.0,0.17,0.0,0.8,0.0,0.35,0.0,1.37
2025-01-02 18:00:00+00:00,0.01,0.35,0.0,0.22,0.0,0.97,0.0,0.17,0.0,0.37,0.0,0.35,0.0,1.39
2025-01-02 19:00:00+00:00,0.01,0.58,0.0,0.23,0.0,2.38,0.0,0.17,0.0,0.48,0.0,0.36,0.0,1.38
2025-01-02 20:00:00+00:00,0.0,0.58,0.0,0.22,0.0,2.23,0.0,0.17,0.0,0.3,0.0,0.37,0.0,1.38
2025-01-02 21:00:00+00:00,0.0,0.35,0.0,0.26,0.0,2.92,0.0,0.18,0.0,0.31,0.0,0.36,0.0,1.38
2025-01-02 22:00:00+00:00,0.0,0.17,0.0,0.32,0.0,1.61,0.0,0.17,0.0,0.35,0.0,0.36,0.0,1.38
2025-01-02 23:00:00+00:00,0.0,0.17,0.0,0.29,0.0,1.93,0.0,0.17,0.0,0.61,0.0,0.35,0.0,1.38
2025-01-03 00:00:00+00:00,0.0,0.16,0.0,0.22,0.0,1.52,0.0,0.17,0.0,0.57,0.0,0.36,0.0,1.38
2025-01-03 01:00:00+00:00,0.0,0.17,0.0,0.23,0.0,2.15,0.0,0.17,0.0,0.26,0.0,0.34,0.0,1.39
2025-01-03 02:00:00+00:00,0.0,0.17,0.0,0.23,0.0,2.22,0.0,0.17,0.0,0.19,0.0,0.37,0.0,1.37
2025-01-03 03:00:00+00:00,0.0,0.17,0.0,0.23,0.0,1.87,0.0,0.18,0.0,0.22,0.0,0.37,0.0,1.4
2025-01-03 04:00:00+00:00,0.0,0.29,0.0,0.23,0.0,1.99,0.0,0.17,0.0,0.22,0.0,0.36,0.0,1.37
2025-01-03 05:00:00+00:00,0.01,0.27,0.0,0.26,0.0,2.61,0.0,0.17,0.0,0.23,0.0,0.36,0.0,1.4
2025-01-03 06:00:00+00:00,0.01,0.25,0.0,0.24,0.0,2.07,0.0,0.17,0.0,0.23,0.0,0.37,0.0,1.44
2025-01-03 07:00:00+00:00,0.04,0.27,0.0,0.24,0.05,2.16,0.0,0.17,0.0,0.23,0.0,0.35,0.0,1.48
2025-01-03 08:00:00+00:00,0.05,0.17,0.09,0.25,0.65,2.35,0.0,0.17,0.0,0.22,0.0,0.36,0.0,1.4
2025-01-03 09:00:00+00:00,0.05,0.07,0.48,0.3,2.96,2.15,0.0,0.17,0.0,0.25,0.0,0.36,0.0,1.38
2025-01-03 10:00:00+00:00,0.03,0.06,0.1,0.25,1.58,2.5,0.0,0.17,0.0,0.21,0.0,0.36,0.0,1.33
2025-01-03 11:00:00+00:00,0.19,0.17,0.23,0.25,2.88,0.99,0.0,0.17,0.0,0.22,0.0,0.37,0.0,1.35
2025-01-03 12:00:00+00:00,0.06,0.09,0.06,0.22,1.33,2.7,0.0,0.23,0.0,0.27,0.0,0.36,0.0,1.38
2025-01-03 13:00:00+00:00,0.04,0.05,0.03,0.25,0.99,1.94,0.0,0.17,0.0,0.26,0.0,0.36,0.0,1.4
2025-01-03 14:00:00+00:00,0.04,0.09,0.02,1.04,0.62,2.6,0.0,0.28,0.0,0.36,0.0,0.36,0.0,1.36
2025-01-03 15:00:00+00:00,0.07,0.3,0.0,1.17,0.06,1.18,0.0,0.24,0.0,0.64,0.0,0.36,0.0,1.43
2025-01-03 16:00:00+00:00,0.04,0.28,0.0,1.17,0.0,2.59,0.0,0.22,0.0,0.35,0.0,0.35,0.0,1.38
2025-01-03 17:00:00+00:00,0.01,0.28,0.0,0.55,0.0,1.72,0.0,0.22,0.0,0.25,0.0,0.36,0.0,1.39
2025-01-03 18:00:00+00:00,0.01,0.28,0.0,0.22,0.0,3.06,0.0,0.22,0.0,0.25,0.0,0.37,0.0,1.39
2025-01-03 19:00:00+00:00,0.01,0.4,0.0,0.22,0.0,2.38,0.0,0.23,0.0,0.26,0.0,0.35,0.0,1.41
2025-01-03 20:00:00+00:00,0.0,0.58,0.0,0.23,0.0,2.08,0.0,0.23,0.0,0.37,0.0,0.36,0.0,1.38
2025-01-03 21:00:00+00:00,0.0,0.42,0.0,0.24,0.0,1.87,0.0,0.22,0.0,0.39,0.0,0.37,0.0,1.41
2025-01-03 22:00:00+00:00,0.0,0.31,0.0,0.24,0.0,2.03,0.0,0.23,0.0,0.46,0.0,0.35,0.0,1.4
2025-01-03 23:00:00+00:00,0.0,0.18,0.0,0.26,0.0,2.32,0.0,0.22,0.0,0.36,0.0,0.35,0.0,1.39
2025-01-04 00:00:00+00:00,0.0,0.17,0.0,0.33,0.0,2.23,0.0,0.22,0.0,0.23,0.0,0.35,0.0,1.4
2025-01-04 01:00:00+00:00,0.0,0.18,0.0,0.33,0.0,1.83,0.0,0.22,0.0,0.2,0.0,0.37,0.0,1.41
2025-01-04 02:00:00+00:00,0.0,0.19,0.0,0.34,0.0,1.55,0.0,0.23,0.0,0.2,0.0,0.37,0.0,1.4
2025-01-04 03:00:00+00:00,0.0,0.17,0.0,0.34,0.0,2.14,0.0,0.22,0.0,0.2,0.0,0.36,0.0,1.41
2025-01-04 04:00:00+00:00,0.0,0.31,0.0,0.33,0.0,2.13,0.0,0.22,0.0,0.2,0.0,0.36,0.0,1.41
2025-01-04 05:00:00+00:00,0.01,0.26,0.0,0.24,0.0,2.63,0.0,0.22,0.0,0.21,0.0,0.37,0.0,1.39
2025-01-04 06:00:00+00:00,0.01,0.26,0.0,0.24,0.0,2.29,0.0,0.22,0.0,0.21,0.0,0.35,0.0,1.38
2025-01-04 07:00:00+00:00,0.04,0.24,0.0,0.24,0.08,1.6,0.0,0.22,0.0,0.21,0.0,0.35,0.0,1.38
2025-01-04 08:00:00+00:00,0.04,0.15,0.01,0.25,0.6,2.6,0.0,0.23,0.0,0.22,0.0,0.36,0.0,1.38
2025-01-04 09:00:00+00:00,0.04,0.07,0.02,0.25,0.87,2.54,0.0,0.22,0.0,0.2,0.0,0.38,0.0,1.37
2025-01-04 10:00:00+00:00,0.2,0.21,0.07,0.24,1.91,2.14,0.0,0.22,0.0,0.32,0.0,0.36,0.0,1.36
2025-01-04 11:00:00+00:00,0.11,0.13,0.06,0.24,1.52,2.16,0.0,0.22,0.0,0.25,0.0,0.36,0.0,1.33
2025-01-04 12:00:00+00:00,0.09,0.1,0.05,0.26,1.35,2.34,0.0,0.23,0.0,0.23,0.0,0.36,0.0,1.37
2025-01-04 13:00:00+00:00,0.16,0.17,0.1,0.24,1.7,2.43,0.0,0.22,0.0,0.23,0.0,0.36,0.0,1.31
2025-01-04 14:00:00+00:00,0.04,0.11,0.03,0.25,0.74,2.18,0.0,0.21,0.0,0.34,0.0,0.36,0.0,1.37
2025-01-04 15:00:00+00:00,0.07,0.28,0.0,0.26,0.09,2.12,0.0,0.21,0.0,0.3,0.0,0.35,0.0,1.37
2025-01-04 16:00:00+00:00,0.03,0.29,0.0,0.24,0.0,1.92,0.0,0.22,0.0,0.33,0.0,0.36,0.0,1.39
2025-01-04 17:00:00+00:00,0.01,0.28,0.0,0.24,0.0,2.67,0.0,0.22,0.0,0.37,0.0,0.37,0.0,1.36
2025-01-04 18:00:00+00:00,0.01,0.29,0.0,0.24,0.0,2.39,0.0,0.22,0.0,0.3,0.0,0.36,0.0,1.4
2025-01-04 19:00:00+00:00,0.01,0.29,0.0,0.25,0.0,2.66,0.0,0.22,0.0,0.64,0.0,0.36,0.0,1.37
2025-01-04 20:00:00+00:00,0.0,0.44,0.0,0.24,0.0,1.23,0.0,0.22,0.0,0.34,0.0,0.36,0.0,1.4
2025-01-04 21:00:00+00:00,0.0,0.41,0.0,0.24,0.0,2.27,0.0,0.22,0.0,0.36,0.0,0.35,0.0,1.36
2025-01-04 22:00:00+00:00,0.0,0.38,0.0,0.24,0.0,1.91,0.0,0.22,0.0,0.35,0.0,0.35,0.0,1.4
2025-01-04 23:00:00+00:00,0.0,0.27,0.0,0.24,0.0,2.41,0.0,0.23,0.0,0.25,0.0,0.36,0.0,1.35
2025-01-05 00:00:00+00:00,0.0,0.18,0.0,0.24,0.0,2.04,0.0,0.22,0.0,0.23,0.0,0.37,0.0,1.4
2025-01-05 01:00:00+00:00,0.0,0.17,0.0,0.24,0.0,1.49,0.0,0.22,0.0,0.23,0.0,0.35,0.0,1.36
2025-01-05 02:00:00+00:00,0.0,0.17,0.0,0.24,0.0,1.8,0.0,0.23,0.0,0.23,0.0,0.37,0.0,1.39
2025-01-05 03:00:00+00:00,0.0,0.18,0.0,0.3,0.0,2.21,0.0,0.26,0.0,0.26,0.0,0.36,0.0,1.36
2025-01-05 04:00:00+00:00,0.0,0.29,0.0,0.33,0.0,2.48,0.0,0.22,0.0,0.23,0.0,0.36,0.0,1.4
2025-01-05 05:00:00+00:00,0.01,0.28,0.0,0.35,0.0,1.56,0.0,0.22,0.0,0.23,0.0,0.35,0.0,1.34
2025-01-05 06:00:00+00:00,0.01,0.25,0.0,0.33,0.0,2.04,0.0,0.23,0.0,0.23,0.0,0.35,0.0,1.4
2025-01-05 07:00:00+00:00,0.02,0.3,0.0,0.27,0.0,2.0,0.0,0.22,0.0,0.23,0.0,0.37,0.0,1.35
2025-01-05 08:00:00+00:00,0.06,0.22,0.02,0.26,0.27,2.12,0.0,0.22,0.0,0.23,0.0,0.36,0.0,1.39
2025-01-05 09:00:00+00:00,0.04,0.13,0.05,0.25,0.73,2.85,0.0,0.25,0.0,0.35,0.0,0.36,0.0,1.33
2025-01-05 10:00:00+00:00,0.03,0.07,0.04,0.24,0.92,1.37,0.0,0.22,0.0,0.28,0.0,0.36,0.0,1.38
2025-01-05 11:00:00+00:00,0.09,0.11,0.05,0.25,1.48,2.4,0.0,0.22,0.0,0.27,0.0,0.36,0.0,1.32
2025-01-05 12:00:00+00:00,0.11,0.26,0.05,0.26,1.42,2.81,0.0,0.24,0.0,0.3,0.0,0.35,0.0,1.38
2025-01-05 13:00:00+00:00,0.14,0.17,0.09,0.24,1.54,2.07,0.0,0.22,0.0,0.29,0.0,0.34,0.0,1.32
2025-01-05 14:00:00+00:00,0.04,0.09,0.06,0.26,1.02,2.27,0.0,0.22,0.0,0.49,0.0,0.36,0.0,1.36
2025-01-05 15:00:00+00:00,0.09,0.45,0.0,0.25,0.21,1.96,0.0,0.22,0.0,0.29,0.0,0.37,0.0,1.53
2025-01-05 16:00:00+00:00,0.04,0.65,0.0,0.25,0.0,1.73,0.0,0.22,0.0,0.25,0.0,0.35,0.0,1.52
2025-01-05 17:00:00+00:00,0.03,0.81,0.0,0.24,0.0,2.68,0.0,0.23,0.0,0.31,0.0,0.38,0.0,1.35
2025-01-05 18:00:00+00:00,0.04,1.32,0.0,0.24,0.0,1.87,0.0,0.24,0.0,0.41,0.0,0.36,0.0,1.39
2025-01-05 19:00:00+00:00,0.03,1.03,0.0,0.24,0.0,1.88,0.0,0.22,0.0,0.35,0.0,0.36,0.0,1.36
2025-01-05 20:00:00+00:00,0.0,1.91,0.0,0.24,0.0,2.41,0.0,0.22,0.0,0.44,0.0,0.35,0.0,1.37
2025-01-05 21:00:00+00:00,0.0,0.94,0.0,0.24,0.0,2.01,0.0,0.22,0.0,0.32,0.0,0.36,0.0,1.37
2025-01-05 22:00:00+00:00,0.0,0.76,0.0,0.23,0.0,2.43,0.0,0.25,0.0,0.27,0.0,0.36,0.0,1.38
2025-01-05 23:00:00+00:00,0.0,0.6,0.0,0.24,0.0,2.22,0.0,0.22,0.0,0.24,0.0,0.37,0.0,1.36
2025-01-06 00:00:00+00:00,0.0,0.54,0.0,0.24,0.0,2.07,0.0,0.22,0.0,0.23,0.0,0.36,0.0,1.38
2025-01-06 01:00:00+00:00,0.0,0.56,0.0,0.24,0.0,1.78,0.0,0.22,0.0,0.24,0.0,0.35,0.0,1.38
2025-01-06 02:00:00+00:00,0.0,0.55,0.0,0.24,0.0,2.32,0.0,0.22,0.0,0.23,0.0,0.37,0.0,1.36
2025-01-06 03:00:00+00:00,0.0,0.54,0.0,0.23,0.0,3.52,0.0,0.23,0.0,0.24,0.0,0.34,0.0,1.38
2025-01-06 04:00:00+00:00,0.0,0.76,0.0,0.23,0.0,3.52,0.0,0.22,0.0,0.23,0.0,0.35,0.0,1.36
2025-01-06 05:00:00+00:00,0.01,0.72,0.0,0.34,0.0,3.58,0.0,0.22,0.0,0.24,0.0,0.35,0.0,1.38
2025-01-06 06:00:00+00:00,0.02,0.8,0.0,0.35,0.0,3.66,0.0,0.22,0.0,0.26,0.0,0.37,0.0,2.08
2025-01-06 07:00:00+00:00,0.09,0.77,0.0,0.39,0.18,3.66,0.0,0.54,0.0,0.53,0.0,0.36,0.0,2.64
2025-01-06 08:00:00+00:00,0.08,0.22,0.13,0.52,1.41,1.92,0.0,0.51,0.0,0.3,0.0,0.37,0.0,1.67
2025-01-06 09:00:00+00:00,0.4,0.49,0.54,0.5,4.31,1.09,0.0,0.56,0.0,0.23,0.0,0.37,0.0,1.58
2025-01-06 10:00:00+00:00,0.15,1.01,0.04,0.4,1.23,0.99,0.0,0.61,0.0,0.23,0.0,0.37,0.0,1.65
2025-01-06 11:00:00+00:00,0.24,0.61,0.1,0.36,1.65,0.98,0.0,0.5,0.0,0.21,0.0,0.36,0.0,1.52
2025-01-06 12:00:00+00:00,0.19,0.425,0.10500000000000001,0.37,1.805,1.23,0.0,0.56,0.0,0.215,0.0,0.36,0.0,1.645
2025-01-06 13:00:00+00:00,0.14,0.24,0.11,0.38,1.96,1.48,0.0,0.62,0.0,0.22,0.0,0.36,0.0,1.77
2025-01-06 14:00:00+00:00,0.12,0.39,0.08,0.4,1.65,1.28,0.0,0.51,0.0,0.22,0.0,0.37,0.0,1.7
2025-01-06 15:00:00+00:00,0.07,0.435,0.04,0.37,0.8250000000000001,1.405,0.0,0.40499999999999997,0.0,0.39000000000000007,0.0,0.365,0.0,1.5499999999999998
2025-01-06 16:00:00+00:00,0.02,0.48,0.0,0.34,0.0,1.53,0.0,0.3,0.0,0.56,0.0,0.36,0.0,1.4
2025-01-06 17:00:00+00:00,0.02,0.8,0.0,0.2,0.0,1.45,0.0,0.31,0.0,0.41,0.0,0.36,0.0,1.4
2025-01-06 18:00:00+00:00,0.03,1.19,0.0,0.24,0.0,1.65,0.0,0.25,0.0,0.71,0.0,0.36,0.0,1.35
2025-01-06 19:00:00+00:00,0.03,0.95,0.0,0.25,0.0,1.49,0.0,0.25,0.0,0.54,0.0,0.34,0.0,1.36
2025-01-06 20:00:00+00:00,0.0,1.33,0.0,0.26,0.0,1.45,0.0,0.26,0.0,0.44,0.0,0.36,0.0,1.36
2025-01-06 21:00:00+00:00,0.0,0.7,0.0,0.23,0.0,1.17,0.0,0.23,0.0,0.41,0.0,0.37,0.0,1.35
2025-01-06 22:00:00+00:00,0.0,0.44,0.0,0.23,0.0,4.67,0.0,0.21,0.0,0.32,0.0,0.36,0.0,1.37
2025-01-06 23:00:00+00:00,0.0,0.4,0.0,0.24,0.0,5.74,0.0,0.21,0.0,0.21,0.0,0.36,0.0,1.36
2025-01-07 00:00:00+00:00,0.0,0.16,0.0,0.24,0.0,2.59,0.0,0.21,0.0,0.2,0.0,0.36,0.0,1.36
2025-01-07 01:00:00+00:00,0.0,0.15,0.0,0.24,0.0,1.75,0.0,0.21,0.0,0.21,0.0,0.36,0.0,1.37
2025-01-07 02:00:00+00:00,0.0,0.15,0.0,0.24,0.0,2.31,0.0,0.21,0.0,0.21,0.0,0.34,0.0,1.38
2025-01-07 03:00:00+00:00,0.0,0.19,0.0,0.24,0.0,1.76,0.0,0.21,0.0,0.22,0.0,0.36,0.0,1.37
2025-01-07 04:00:00+00:00,0.0,0.36,0.0,0.24,0.0,2.22,0.0,0.21,0.0,0.23,0.0,0.37,0.0,1.38
2025-01-07 05:00:00+00:00,0.01,0.26,0.0,0.24,0.0,1.92,0.0,0.21,0.0,0.21,0.0,0.36,0.0,1.37
2025-01-07 06:00:00+00:00,0.01,0.39,0.0,0.25,0.0,2.43,0.0,0.22,0.0,0.22,0.0,0.36,0.0,1.66
2025-01-07 07:00:00+00:00,0.0,1.16,0.0,0.53,0.0,6.26,0.0,0.23,0.0,0.21,0.0,0.35,0.0,1.57
2025-01-07 08:00:00+00:00,0.1,0.47,0.21,0.69,1.31,3.63,0.0,0.21,0.0,0.22,0.0,0.36,0.0,1.51
2025-01-07 09:00:00+00:00,0.08,0.21,0.57,0.71,3.36,3.63,0.0,0.21,0.0,0.25,0.0,0.36,0.0,1.56
2025-01-07 10:00:00+00:00,0.46,0.37,0.29,0.61,3.07,3.92,0.0,0.29,0.0,0.18,0.0,0.34,0.0,1.46
2025-01-07 11:00:00+00:00,0.4,0.5,0.38,0.38,3.33,4.24,0.0,0.27,0.0,0.19,0.0,0.36,0.0,1.5
2025-01-07 12:00:00+00:00,0.6,0.98,0.14,0.59,3.47,2.4,0.0,0.36,0.0,0.19,0.0,0.37,0.0,1.9
2025-01-07 13:00:00+00:00,0.38,0.72,0.11,0.54,2.34,1.04,0.0,0.3,0.0,0.19,0.0,0.35,0.0,2.11
2025-01-07 14:00:00+00:00,0.1,0.16,0.03,0.71,0.86,1.17,0.0,0.25,0.0,0.17,0.0,0.37,0.0,2.04
2025-01-07 15:00:00+00:00,0.06,0.25,0.0,0.69,0.12,1.57,0.0,0.39,0.0,0.17,0.0,0.36,0.0,1.66
2025-01-07 16:00:00+00:00,0.04,0.41,0.0,0.6,0.0,1.58,0.0,0.35,0.0,1.59,0.0,0.36,0.0,1.66
2025-01-07 17:00:00+00:00,0.03,0.64,0.0,0.52,0.0,1.77,0.0,0.21,0.0,1.36,0.0,0.35,0.0,1.47
2025-01-07 18:00:00+00:00,0.03,1.25,0.0,0.3,0.0,1.64,0.0,0.21,0.0,0.53,0.0,0.35,0.0,1.42
2025-01-07 19:00:00+00:00,0.04,2.18,0.0,0.28,0.0,1.43,0.0,0.21,0.0,0.38,0.0,0.36,0.0,1.4
2025-01-07 20:00:00+00:00,0.0,1.71,0.0,0.27,0.0,1.38,0.0,0.21,0.0,0.51,0.0,0.36,0.0,1.4
2025-01-07 21:00:00+00:00,0.0,1.16,0.0,0.28,0.0,1.16,0.0,0.21,0.0,0.46,0.0,0.35,0.0,1.38
2025-01-07 22:00:00+00:00,0.0,0.46,0.0,0.28,0.0,0.99,0.0,0.23,0.0,0.29,0.0,0.37,0.0,1.37
2025-01-07 23:00:00+00:00,0.0,0.36,0.0,0.28,0.0,0.89,0.0,0.21,0.0,0.23,0.0,0.36,0.0,1.36
2025-01-08 00:00:00+00:00,0.0,0.36,0.0,0.28,0.0,0.89,0.0,0.21,0.0,0.24,0.0,0.36,0.0,1.37
2025-01-08 01:00:00+00:00,0.0,0.36,0.0,0.27,0.0,0.88,0.0,0.21,0.0,0.24,0.0,0.34,0.0,1.37
2025-01-08 02:00:00+00:00,0.0,0.39,0.0,0.28,0.0,0.89,0.0,0.21,0.0,0.25,0.0,0.36,0.0,1.36
2025-01-08 03:00:00+00:00,0.0,0.4,0.0,0.28,0.0,0.88,0.0,0.21,0.0,0.25,0.0,0.37,0.0,1.36
2025-01-08 04:00:00+00:00,0.0,0.61,0.0,0.28,0.0,0.88,0.0,0.21,0.0,0.27,0.0,0.35,0.0,1.37
2025-01-08 05:00:00+00:00,0.01,0.57,0.0,0.28,0.0,1.02,0.0,0.21,0.0,0.27,0.0,0.37,0.0,1.45
2025-01-08 06:00:00+00:00,0.01,0.61,0.0,0.29,0.0,1.01,0.0,0.21,0.0,0.36,0.0,0.36,0.0,2.2
2025-01-08 07:00:00+00:00,0.04,0.72,0.0,0.28,0.0,0.99,0.0,0.21,0.0,0.33,0.0,0.36,0.0,1.77
2025-01-08 08:00:00+00:00,0.11,0.61,0.0,1.09,0.25,0.99,0.0,0.29,0.0,0.39,0.0,0.35,0.0,1.84
2025-01-08 09:00:00+00:00,0.07,0.25,0.0,1.3,0.52,1.16,0.0,0.21,0.0,0.23,0.0,0.36,0.0,1.85
2025-01-08 10:00:00+00:00,0.06,0.45,0.01,1.29,0.72,1.57,0.0,0.21,0.0,0.23,0.0,0.37,0.0,1.78
2025-01-08 11:00:00+00:00,0.17,0.65,0.04,1.17,1.33,1.64,0.0,0.21,0.0,0.23,0.0,0.35,0.0,1.78
2025-01-08 12:00:00+00:00,0.4,0.31,0.15,0.41,2.53,1.3,0.0,0.21,0.0,0.22,0.0,0.36,0.0,1.64
2025-01-08 13:00:00+00:00,0.04,0.07,0.02,1.2,0.78,1.45,0.0,0.32,0.0,0.23,0.0,0.36,0.0,1.72
2025-01-08 14:00:00+00:00,0.03,0.08,0.02,1.52,0.55,1.88,0.0,0.3,0.0,0.23,0.0,0.36,0.0,1.93
2025-01-08 15:00:00+00:00,0.06,0.26,0.0,1.55,0.2,1.68,0.0,0.36,0.0,0.23,0.0,0.44,0.0,2.1
2025-01-08 16:00:00+00:00,0.04,0.99,0.0,1.51,0.0,1.56,0.0,0.26,0.0,1.14,0.0,1.17,0.0,2.14
2025-01-08 17:00:00+00:00,0.02,1.07,0.0,1.46,0.0,1.94,0.0,0.21,0.0,0.69,0.0,0.73,0.0,1.67
2025-01-08 18:00:00+00:00,0.03,1.47,0.0,1.45,0.0,1.51,0.0,0.21,0.0,0.44,0.0,0.36,0.0,1.44
2025-01-08 19:00:00+00:00,0.03,1.68,0.0,1.46,0.0,3.19,0.0,0.21,0.0,0.41,0.0,0.23,0.0,1.47
2025-01-08 20:00:00+00:00,0.0,1.67,0.0,1.49,0.0,4.12,0.0,0.21,0.0,0.42,0.0,0.22,0.0,1.43
2025-01-08 21:00:00+00:00,0.0,1.03,0.0,1.49,0.0,1.21,0.0,0.21,0.0,0.32,0.0,0.36,0.0,1.47
2025-01-08 22:00:00+00:00,0.0,0.42,0.0,1.48,0.0,2.86,0.0,0.21,0.0,0.3,0.0,0.36,0.0,1.46
2025-01-08 23:00:00+00:00,0.0,0.33,0.0,1.47,0.0,6.23,0.0,0.21,0.0,0.27,0.0,0.35,0.0,1.44
2025-01-09 00:00:00+00:00,0.0,0.17,0.0,1.46,0.0,6.24,0.0,0.21,0.0,0.25,0.0,0.36,0.0,1.46
2025-01-09 01:00:00+00:00,0.0,0.16,0.0,1.42,0.0,1.95,0.0,0.21,0.0,0.24,0.0,0.36,0.0,1.46
2025-01-09 02:00:00+00:00,0.0,0.19,0.0,1.42,0.0,3.15,0.0,0.21,0.0,0.25,0.0,0.36,0.0,1.45
2025-01-09 03:00:00+00:00,0.0,0.19,0.0,1.42,0.0,1.69,0.0,0.21,0.0,0.26,0.0,0.35,0.0,1.46
2025-01-09 04:00:00+00:00,0.0,0.33,0.0,1.42,0.0,2.14,0.0,0.21,0.0,0.27,0.0,0.36,0.0,1.44
2025-01-09 05:00:00+00:00,0.01,0.29,0.0,1.44,0.0,2.51,0.0,0.23,0.0,0.26,0.0,0.36,0.0,1.53
2025-01-09 06:00:00+00:00,0.01,0.35,0.0,1.44,0.0,2.48,0.0,0.21,0.0,0.25,0.0,0.35,0.0,1.68
2025-01-09 07:00:00+00:00,0.08,0.65,0.0,1.44,0.1,2.45,0.0,0.29,0.0,0.45,0.0,0.4,0.0,1.76
2025-01-09 08:00:00+00:00,0.12,0.47,0.07,1.48,1.16,2.08,0.0,0.32,0.0,0.22,0.0,0.36,0.0,1.9
2025-01-09 09:00:00+00:00,0.29,0.37,0.4,1.52,3.96,2.47,0.0,0.33,0.0,0.22,0.0,0.37,0.0,1.63
2025-01-09 10:00:00+00:00,0.75,0.52,0.44,1.64,6.24,1.58,0.0,0.41,0.0,0.2,0.0,0.36,0.0,1.53
2025-01-09 11:00:00+00:00,0.3,0.54,0.09,1.33,2.09,2.8,0.0,0.3,0.0,0.18,0.0,0.36,0.0,1.53
2025-01-09 12:00:00+00:00,0.57,0.71,0.15,0.75,3.0,3.74,0.0,0.29,0.0,0.17,0.0,0.36,0.0,1.81
2025-01-09 13:00:00+00:00,0.33,0.38,0.12,0.86,2.28,3.87,0.0,0.35,0.0,0.17,0.0,0.35,0.0,1.78
2025-01-09 14:00:00+00:00,0.09,0.14,0.07,0.87,1.19,3.63,0.0,0.39,0.0,0.16,0.0,0.35,0.0,1.56
2025-01-09 15:00:00+00:00,0.06,0.28,0.0,0.81,0.19,3.88,0.0,0.48,0.0,0.16,0.0,0.35,0.0,1.44
2025-01-09 16:00:00+00:00,0.04,0.81,0.0,0.43,0.0,4.18,0.0,0.41,0.0,0.29,0.0,0.36,0.0,1.44
2025-01-09 17:00:00+00:00,0.01,0.99,0.0,0.3,0.0,4.11,0.0,0.26,0.0,0.46,0.0,0.42,0.0,1.4
2025-01-09 18:00:00+00:00,0.02,1.03,0.0,0.3,0.0,1.49,0.0,0.21,0.0,0.35,0.0,0.41,0.0,1.43
2025-01-09 19:00:00+00:00,0.03,2.11,0.0,0.3,0.0,1.63,0.0,0.21,0.0,0.47,0.0,0.45,0.0,1.42
2025-01-09 20:00:00+00:00,0.0,1.37,0.0,0.33,0.0,1.45,0.0,0.21,0.0,0.35,0.0,0.25,0.0,1.42
2025-01-09 21:00:00+00:00,0.0,1.13,0.0,0.32,0.0,1.2,0.0,0.21,0.0,0.33,0.0,0.2,0.0,1.43
2025-01-09 22:00:00+00:00,0.0,0.81,0.0,0.33,0.0,1.07,0.0,0.21,0.0,0.29,0.0,0.18,0.0,1.42
2025-01-09 23:00:00+00:00,0.0,0.2,0.0,0.33,0.0,0.96,0.0,0.21,0.0,0.26,0.0,0.19,0.0,1.42
2025-01-10 00:00:00+00:00,0.0,0.18,0.0,0.33,0.0,0.88,0.0,0.21,0.0,0.24,0.0,0.33,0.0,1.43
2025-01-10 01:00:00+00:00,0.0,0.17,0.0,0.33,0.0,0.89,0.0,0.21,0.0,0.23,0.0,0.36,0.0,1.44
2025-01-10 02:00:00+00:00,0.0,0.18,0.0,0.33,0.0,0.89,0.0,0.21,0.0,0.24,0.0,0.36,0.0,1.43
2025-01-10 03:00:00+00:00,0.0,0.17,0.0,0.33,0.0,0.89,0.0,0.21,0.0,0.24,0.0,0.35,0.0,1.44
2025-01-10 04:00:00+00:00,0.0,0.31,0.0,0.3,0.0,0.89,0.0,0.21,0.0,0.25,0.0,0.36,0.0,1.43
2025-01-10 05:00:00+00:00,0.01,0.3,0.0,0.31,0.0,0.95,0.0,0.21,0.0,0.23,0.0,0.35,0.0,1.44
2025-01-10 06:00:00+00:00,0.02,0.58,0.0,0.31,0.0,1.01,0.0,0.21,0.0,0.22,0.0,0.36,0.0,1.77
2025-01-10 07:00:00+00:00,0.08,0.63,0.0,0.31,0.07,0.99,0.0,0.21,0.0,0.44,0.0,0.4,0.0,2.61
2025-01-10 08:00:00+00:00,0.12,0.58,0.03,1.22,0.69,0.99,0.0,0.25,0.0,0.34,0.0,0.36,0.0,1.9
2025-01-10 09:00:00+00:00,0.18,0.5,0.08,1.25,1.67,0.99,0.0,0.4,0.0,0.21,0.0,0.36,0.0,2.0
2025-01-10 10:00:00+00:00,0.33,0.47,0.33,1.21,3.28,0.99,0.0,0.35,0.0,0.2,0.0,0.36,0.0,1.7
2025-01-10 11:00:00+00:00,0.31,0.7,0.18,0.52,2.69,0.99,0.0,0.36,0.0,0.2,0.0,0.35,0.0,1.56
2025-01-10 12:00:00+00:00,0.25,0.82,0.06,0.29,1.98,1.43,0.0,0.32,0.0,0.24,0.0,0.36,0.0,1.68
2025-01-10 13:00:00+00:00,0.14,0.81,0.03,1.5,1.29,1.49,0.0,0.33,0.0,0.26,0.0,0.34,0.0,1.74
2025-01-10 14:00:00+00:00,0.1,0.69,0.0,1.21,0.6,1.63,0.0,0.52,0.0,0.22,0.0,0.36,0.0,1.91
2025-01-10 15:00:00+00:00,0.11,0.74,0.0,0.45,0.04,1.58,0.0,0.48,0.0,0.21,0.0,0.36,0.0,1.74
2025-01-10 16:00:00+00:00,0.05,0.64,0.0,0.73,0.0,1.64,0.0,0.24,0.0,0.56,0.0,0.38,0.0,1.38
2025-01-10 17:00:00+00:00,0.03,0.89,0.0,0.61,0.0,1.58,0.0,0.23,0.0,0.51,0.0,0.61,0.0,1.38
2025-01-10 18:00:00+00:00,0.04,1.75,0.0,0.34,0.0,1.4,0.0,0.23,0.0,0.37,0.0,1.44,0.0,1.35
2025-01-10 19:00:00+00:00,0.03,0.95,0.0,0.34,0.0,1.48,0.0,0.23,0.0,0.38,0.0,0.51,0.0,1.38
2025-01-10 20:00:00+00:00,0.0,2.11,0.0,0.34,0.0,1.35,0.0,0.23,0.0,0.49,0.0,0.48,0.0,1.35
2025-01-10 21:00:00+00:00,0.0,0.53,0.0,0.34,0.0,1.27,0.0,0.23,0.0,0.33,0.0,0.47,0.0,1.37
2025-01-10 22:00:00+00:00,0.0,0.36,0.0,0.34,0.0,0.97,0.0,0.23,0.0,0.34,0.0,0.47,0.0,1.36
2025-01-10 23:00:00+00:00,0.0,0.54,0.0,0.27,0.0,0.91,0.0,0.23,0.0,0.31,0.0,0.97,0.0,1.37
2025-01-11 00:00:00+00:00,0.0,0.21,0.0,0.24,0.0,0.92,0.0,0.23,0.0,0.28,0.0,0.59,0.0,1.36
2025-01-11 01:00:00+00:00,0.0,0.17,0.0,0.23,0.0,0.92,0.0,0.23,0.0,0.25,0.0,0.25,0.0,1.37
2025-01-11 02:00:00+00:00,0.0,0.18,0.0,0.23,0.0,0.92,0.0,0.23,0.0,0.27,0.0,0.36,0.0,1.37
2025-01-11 03:00:00+00:00,0.0,0.16,0.0,0.26,0.0,0.92,0.0,0.23,0.0,0.27,0.0,0.35,0.0,1.36
2025-01-11 04:00:00+00:00,0.0,0.32,0.0,0.24,0.0,5.16,0.0,0.23,0.0,0.28,0.0,0.35,0.0,1.38
2025-01-11 05:00:00+00:00,0.01,0.32,0.0,0.25,0.0,6.32,0.0,0.23,0.0,0.25,0.0,0.34,0.0,1.35
2025-01-11 06:00:00+00:00,0.01,0.29,0.0,0.25,0.0,6.56,0.0,0.23,0.0,0.26,0.0,0.37,0.0,1.38
2025-01-11 07:00:00+00:00,0.04,0.21,0.03,0.24,0.19,2.52,0.0,0.23,0.0,0.31,0.0,0.35,0.0,1.37
2025-01-11 08:00:00+00:00,0.06,0.19,0.28,0.24,1.82,2.81,0.0,0.23,0.0,0.24,0.0,0.37,0.0,1.37
2025-01-11 09:00:00+00:00,0.31,0.29,0.54,0.39,4.07,3.63,0.0,0.23,0.0,0.4,0.0,0.31,0.0,1.32
2025-01-11 10:00:00+00:00,0.74,0.63,0.71,0.31,6.54,3.64,0.0,0.23,0.0,0.9,0.0,0.13,0.0,1.33
2025-01-11 11:00:00+00:00,0.77,1.06,1.1,0.36,5.9,3.91,0.0,0.23,0.0,0.24,0.0,0.27,0.0,1.28
2025-01-11 12:00:00+00:00,0.78,0.84,0.2,0.24,5.67,3.65,0.0,0.23,0.0,0.35,0.0,0.35,0.0,1.33
2025-01-11 13:00:00+00:00,0.76,0.68,0.04,0.19,4.66,1.87,0.0,0.23,0.0,0.31,0.0,0.37,0.0,1.24
2025-01-11 14:00:00+00:00,0.2,0.3,0.04,0.19,2.48,1.16,0.0,0.23,0.0,0.65,0.0,0.37,0.0,1.01
2025-01-11 15:00:00+00:00,0.06,0.24,0.01,0.19,0.29,1.31,0.0,0.23,0.0,0.25,0.0,0.37,0.0,1.32
2025-01-11 16:00:00+00:00,0.05,0.47,0.0,0.2,0.0,1.1,0.0,0.23,0.0,0.22,0.0,0.36,0.0,1.39
2025-01-11 17:00:00+00:00,0.02,0.69,0.0,0.19,0.0,1.09,0.0,0.23,0.0,0.22,0.0,0.89,0.0,1.35
2025-01-11 18:00:00+00:00,0.03,2.37,0.0,0.19,0.0,1.31,0.0,0.23,0.0,0.42,0.0,0.63,0.0,1.37
2025-01-11 19:00:00+00:00,0.02,1.21,0.0,0.19,0.0,1.64,0.0,0.23,0.0,0.39,0.0,0.43,0.0,1.37
2025-01-11 20:00:00+00:00,0.0,1.69,0.0,0.22,0.0,1.4,0.0,0.23,0.0,0.35,0.0,0.24,0.0,1.36
2025-01-11 21:00:00+00:00,0.0,1.17,0.0,0.24,0.0,1.17,0.0,0.25,0.0,0.33,0.0,0.2,0.0,1.33
2025-01-11 22:00:00+00:00,0.0,0.65,0.0,0.24,0.0,0.98,0.0,0.23,0.0,0.31,0.0,0.2,0.0,1.35
2025-01-11 23:00:00+00:00,0.0,0.55,0.0,0.24,0.0,0.89,0.0,0.23,0.0,0.25,0.0,0.2,0.0,1.34
2025-01-12 00:00:00+00:00,0.0,0.35,0.0,0.24,0.0,0.89,0.0,0.23,0.0,0.25,0.0,0.3,0.0,1.34
2025-01-12 01:00:00+00:00,0.0,0.19,0.0,0.24,0.0,0.89,0.0,0.23,0.0,0.26,0.0,0.3,0.0,1.35
2025-01-12 02:00:00+00:00,0.0,0.19,0.0,0.31,0.0,0.89,0.0,0.23,0.0,0.27,0.0,0.34,0.0,1.33
2025-01-12 03:00:00+00:00,0.0,0.18,0.0,0.33,0.0,0.89,0.0,0.23,0.0,0.29,0.0,0.35,0.0,1.35
2025-01-12 04:00:00+00:00,0.0,0.3,0.0,0.32,0.0,0.9,0.0,0.23,0.0,0.26,0.0,0.36,0.0,1.34
2025-01-12 05:00:00+00:00,0.01,0.28,0.0,0.25,0.0,1.05,0.0,0.23,0.0,0.25,0.0,0.36,0.0,1.35
2025-01-12 06:00:00+00:00,0.01,0.29,0.0,0.24,0.0,1.3,0.0,0.23,0.0,0.25,0.0,0.36,0.0,1.34
2025-01-12 07:00:00+00:00,0.05,0.24,0.0,0.25,0.08,1.15,0.0,0.23,0.0,0.33,0.0,0.36,0.0,1.36
2025-01-12 08:00:00+00:00,0.03,0.17,0.05,0.24,0.97,1.03,0.0,0.23,0.0,0.25,0.0,0.31,0.0,1.32
2025-01-12 09:00:00+00:00,0.37,0.3,0.22,0.24,3.03,1.5,0.0,0.23,0.0,0.25,0.0,0.14,0.0,1.32
2025-01-12 10:00:00+00:00,0.79,0.66,0.7,0.3,7.06,1.48,0.0,0.23,0.0,0.27,0.0,0.23,0.0,1.27
2025-01-12 11:00:00+00:00,1.0,0.94,1.36,0.34,7.38,1.54,0.0,0.23,0.0,0.38,0.0,0.36,0.0,1.3
2025-01-12 12:00:00+00:00,0.74,0.63,0.31,0.26,4.49,1.61,0.0,0.23,0.0,0.26,0.0,0.36,0.0,1.23
2025-01-12 13:00:00+00:00,0.39,0.55,0.09,0.18,2.72,1.12,0.0,0.23,0.0,0.28,0.0,0.36,0.0,1.29
2025-01-12 14:00:00+00:00,0.2,0.56,0.08,0.19,2.36,1.05,0.0,0.23,0.0,0.24,0.0,0.36,0.0,0.93
2025-01-12 15:00:00+00:00,0.12,0.87,0.01,0.2,0.35,1.36,0.0,0.23,0.0,0.24,0.0,0.36,0.0,1.33
2025-01-12 16:00:00+00:00,0.09,1.25,0.0,0.2,0.0,1.57,0.0,0.23,0.0,0.47,0.0,0.36,0.0,1.31
2025-01-12 17:00:00+00:00,0.03,1.27,0.0,0.2,0.0,1.35,0.0,0.23,0.0,0.4,0.0,0.34,0.0,1.35
2025-01-12 18:00:00+00:00,0.03,2.2,0.0,0.23,0.0,1.49,0.0,0.23,0.0,0.41,0.0,0.35,0.0,1.33
2025-01-12 19:00:00+00:00,0.03,1.36,0.0,0.25,0.0,1.28,0.0,0.23,0.0,0.37,0.0,0.36,0.0,1.36
2025-01-12 20:00:00+00:00,0.0,1.23,0.0,0.25,0.0,1.02,0.0,0.23,0.0,0.38,0.0,0.36,0.0,1.33
2025-01-12 21:00:00+00:00,0.0,0.89,0.0,0.24,0.0,0.99,0.0,0.23,0.0,0.41,0.0,0.39,0.0,1.36
2025-01-12 22:00:00+00:00,0.0,0.87,0.0,0.25,0.0,1.24,0.0,0.23,0.0,0.4,0.0,0.47,0.0,1.33
2025-01-12 23:00:00+00:00,0.0,0.43,0.0,0.25,0.0,6.24,0.0,0.23,0.0,0.33,0.0,0.42,0.0,1.35
2025-01-13 00:00:00+00:00,0.0,0.62,0.0,0.25,0.0,6.23,0.0,0.23,0.0,0.26,0.0,0.36,0.0,1.34
2025-01-13 01:00:00+00:00,0.0,0.39,0.0,0.24,0.0,4.65,0.0,0.23,0.0,0.26,0.0,0.35,0.0,1.36
2025-01-13 02:00:00+00:00,0.0,0.42,0.0,0.26,0.0,3.23,0.0,0.23,0.0,0.26,0.0,0.35,0.0,1.33
2025-01-13 03:00:00+00:00,0.0,0.23,0.0,0.25,0.0,0.89,0.0,0.23,0.0,0.26,0.0,0.37,0.0,1.35
2025-01-13 04:00:00+00:00,0.0,0.32,0.0,0.25,0.0,3.01,0.0,0.23,0.0,0.26,0.0,0.36,0.0,1.34
2025-01-13 05:00:00+00:00,0.01,0.29,0.0,0.27,0.0,1.66,0.0,0.25,0.0,0.27,0.0,0.36,0.0,1.34
2025-01-13 06:00:00+00:00,0.01,0.32,0.0,0.36,0.0,2.92,0.0,0.24,0.0,0.33,0.0,0.35,0.0,1.63
2025-01-13 07:00:00+00:00,0.1,0.68,0.07,0.74,0.27,2.29,0.0,0.36,0.0,0.54,0.0,0.48,0.0,1.64
2025-01-13 08:00:00+00:00,0.13,0.37,0.39,0.84,2.34,2.61,0.0,0.52,0.0,0.33,0.0,0.4,0.0,1.7
2025-01-13 09:00:00+00:00,0.1,0.18,0.12,0.73,1.98,1.55,0.0,0.54,0.0,0.24,0.0,0.36,0.0,1.63
2025-01-13 10:00:00+00:00,0.66,0.44,0.51,0.6,4.38,2.97,0.0,0.45,0.0,0.22,0.0,0.35,0.0,1.51
2025-01-13 11:00:00+00:00,1.17,0.61,0.98,0.57,5.92,2.2,0.0,0.42,0.0,0.22,0.0,0.9,0.0,1.45
2025-01-13 12:00:00+00:00,0.55,0.41,0.19,0.58,2.66,1.71,0.0,0.57,0.0,0.23,0.0,0.36,0.0,1.42
2025-01-13 13:00:00+00:00,0.17,0.3,0.06,0.62,1.57,2.51,0.0,0.58,0.0,0.23,0.0,0.35,0.0,1.43
2025-01-13 14:00:00+00:00,0.14,0.16,0.08,0.57,1.54,3.67,0.0,0.54,0.0,0.23,0.0,0.37,0.0,1.39
2025-01-13 15:00:00+00:00,0.06,0.24,0.0,0.61,0.3,2.42,0.0,0.52,0.0,0.22,0.0,0.35,0.0,1.45
2025-01-13 16:00:00+00:00,0.06,0.47,0.0,0.62,0.0,3.86,0.0,0.32,0.0,0.36,0.0,0.37,0.0,1.59
2025-01-13 17:00:00+00:00,0.02,0.66,0.0,0.54,0.0,3.91,0.0,0.25,0.0,0.43,0.0,1.82,0.0,1.39
2025-01-13 18:00:00+00:00,0.03,1.65,0.0,0.26,0.0,3.99,0.0,0.23,0.0,0.37,0.0,1.05,0.0,1.37
2025-01-13 19:00:00+00:00,0.02,1.67,0.0,0.26,0.0,4.09,0.0,0.23,0.0,0.36,0.0,1.07,0.0,1.34
2025-01-13 20:00:00+00:00,0.0,1.23,0.0,0.26,0.0,3.97,0.0,0.23,0.0,0.38,0.0,0.45,0.0,1.37
2025-01-13 21:00:00+00:00,0.0,1.05,0.0,0.25,0.0,3.75,0.0,0.23,0.0,0.34,0.0,0.64,0.0,1.33
2025-01-13 22:00:00+00:00,0.0,0.5,0.0,0.24,0.0,3.72,0.0,0.23,0.0,0.31,0.0,1.12,0.0,1.38
2025-01-13 23:00:00+00:00,0.0,0.39,0.0,0.24,0.0,1.9,0.0,0.23,0.0,0.3,0.0,0.47,0.0,1.34
2025-01-14 00:00:00+00:00,0.0,0.41,0.0,0.24,0.0,0.88,0.0,0.23,0.0,0.27,0.0,0.35,0.0,1.36
2025-01-14 01:00:00+00:00,0.0,0.4,0.0,0.25,0.0,0.88,0.0,0.23,0.0,0.26,0.0,0.36,0.0,1.34
2025-01-14 02:00:00+00:00,0.0,0.4,0.0,0.25,0.0,0.89,0.0,0.23,0.0,0.26,0.0,0.36,0.0,1.38
2025-01-14 03:00:00+00:00,0.0,0.41,0.0,0.24,0.0,0.89,0.0,0.23,0.0,0.26,0.0,0.36,0.0,1.33
2025-01-14 04:00:00+00:00,0.0,0.42,0.0,0.24,0.0,0.89,0.0,0.23,0.0,0.26,0.0,0.35,0.0,1.37
2025-01-14 05:00:00+00:00,0.02,0.3,0.0,0.26,0.0,0.96,0.0,0.23,0.0,0.26,0.0,0.36,0.0,1.35
2025-01-14 06:00:00+00:00,0.01,0.38,0.0,0.26,0.0,1.04,0.0,0.23,0.0,0.31,0.0,0.35,0.0,1.63
2025-01-14 07:00:00+00:00,0.1,0.91,0.0,0.38,0.09,1.52,0.0,0.26,0.0,0.26,0.0,0.55,0.0,1.51
2025-01-14 08:00:00+00:00,0.19,0.52,0.0,0.75,0.61,1.34,0.0,0.28,0.0,0.48,0.0,0.36,0.0,1.77
2025-01-14 09:00:00+00:00,0.08,0.14,0.03,0.74,1.2,1.71,0.0,0.42,0.0,0.33,0.0,0.41,0.0,2.93
2025-01-14 10:00:00+00:00,0.81,0.53,0.46,0.77,4.78,1.39,0.0,0.4,0.0,0.25,0.0,0.24,0.0,2.01
2025-01-14 11:00:00+00:00,1.24,0.72,1.24,0.51,7.84,1.78,0.0,0.33,0.0,0.23,0.0,0.65,0.0,1.58
2025-01-14 12:00:00+00:00,1.14,0.65,0.45,0.54,6.38,1.52,0.0,0.41,0.0,0.23,0.0,0.31,0.0,1.48
2025-01-14 13:00:00+00:00,0.83,0.53,0.08,0.51,4.66,1.07,0.0,0.47,0.0,0.23,0.0,0.37,0.0,1.43
2025-01-14 14:00:00+00:00,0.25,0.26,0.06,0.62,2.46,1.42,0.0,0.59,0.0,0.22,0.0,0.35,0.0,1.15
2025-01-14 15:00:00+00:00,0.06,0.21,0.01,0.68,0.43,1.53,0.0,0.59,0.0,0.22,0.0,0.35,0.0,1.29
2025-01-14 16:00:00+00:00,0.06,0.44,0.0,0.7,0.0,1.33,0.0,0.36,0.0,0.3,0.0,0.38,0.0,1.41
2025-01-14 17:00:00+00:00,0.02,0.68,0.0,0.56,0.0,1.52,0.0,0.28,0.0,0.41,0.0,0.94,0.0,1.38
2025-01-14 18:00:00+00:00,0.03,1.6,0.0,0.5,0.0,1.5,0.0,0.31,0.0,0.71,0.0,0.66,0.0,1.41
2025-01-14 19:00:00+00:00,0.03,1.31,0.0,0.29,0.0,1.47,0.0,0.44,0.0,0.42,0.0,0.43,0.0,1.38
2025-01-14 20:00:00+00:00,0.0,1.51,0.0,0.29,0.0,1.24,0.0,0.5,0.0,0.42,0.0,0.29,0.0,1.4
2025-01-14 21:00:00+00:00,0.0,1.2,0.0,0.29,0.0,0.99,0.0,0.43,0.0,0.42,0.0,0.37,0.0,1.38
2025-01-14 22:00:00+00:00,0.0,0.48,0.0,0.28,0.0,1.13,0.0,0.31,0.0,0.35,0.0,0.79,0.0,1.42
2025-01-14 23:00:00+00:00,0.0,0.4,0.0,0.28,0.0,0.93,0.0,0.27,0.0,0.3,0.0,0.35,0.0,1.37
2025-01-15 00:00:00+00:00,0.0,0.42,0.0,0.28,0.0,0.92,0.0,0.27,0.0,0.27,0.0,0.37,0.0,1.4
2025-01-15 01:00:00+00:00,0.0,0.45,0.0,0.28,0.0,0.93,0.0,0.29,0.0,0.26,0.0,0.36,0.0,1.37
2025-01-15 02:00:00+00:00,0.0,0.22,0.0,0.28,0.0,0.93,0.0,0.34,0.0,0.27,0.0,0.36,0.0,1.39
2025-01-15 03:00:00+00:00,0.0,0.19,0.0,0.29,0.0,0.92,0.0,0.34,0.0,0.27,0.0,0.36,0.0,1.36
2025-01-15 04:00:00+00:00,0.0,0.5,0.0,0.29,0.0,0.92,0.0,0.33,0.0,0.27,0.0,0.36,0.0,1.36
2025-01-15 05:00:00+00:00,0.02,0.59,0.0,0.31,0.0,0.98,0.0,0.37,0.0,0.27,0.0,0.35,0.0,1.41
2025-01-15 06:00:00+00:00,0.02,0.61,0.0,1.25,0.0,1.54,0.0,0.41,0.0,0.34,0.0,0.35,0.0,2.32
2025-01-15 07:00:00+00:00,0.08,0.95,0.0,0.57,0.04,1.74,0.0,0.44,0.0,0.28,0.0,0.5,0.0,1.51
2025-01-15 08:00:00+00:00,0.09,0.41,0.01,0.44,0.57,6.55,0.0,0.44,0.0,0.47,0.0,0.4,0.0,1.59
2025-01-15 09:00:00+00:00,0.07,0.13,0.04,0.43,1.45,6.64,0.0,0.36,0.0,0.26,0.0,0.36,0.0,1.58
2025-01-15 10:00:00+00:00,0.35,0.55,0.11,0.43,2.45,6.53,0.0,0.41,0.0,0.26,0.0,0.36,0.0,1.66
2025-01-15 11:00:00+00:00,0.72,0.52,0.53,0.36,4.51,2.75,0.0,0.35,0.0,0.26,0.0,0.79,0.0,1.42
2025-01-15 12:00:00+00:00,1.18,0.63,0.54,0.44,5.26,2.68,0.0,0.43,0.0,0.23,0.0,0.35,0.0,1.4
2025-01-15 13:00:00+00:00,0.72,0.5,0.17,0.35,4.11,2.79,0.0,0.45,0.0,0.23,0.0,0.35,0.0,1.41
2025-01-15 14:00:00+00:00,0.12,0.14,0.06,0.33,1.17,3.58,0.0,0.51,0.0,0.23,0.0,0.35,0.0,1.61
2025-01-15 15:00:00+00:00,0.06,0.24,0.0,0.26,0.11,3.12,0.0,0.41,0.0,0.23,0.0,0.36,0.0,1.84
2025-01-15 16:00:00+00:00,0.04,0.26,0.0,0.23,0.0,2.99,0.0,0.39,0.0,0.49,0.0,0.38,0.0,2.04
2025-01-15 17:00:00+00:00,0.01,0.29,0.0,0.32,0.0,2.88,0.0,0.34,0.0,0.91,0.0,0.36,0.0,1.52
2025-01-15 18:00:00+00:00,0.02,0.55,0.0,0.4,0.0,2.3,0.0,0.29,0.0,0.46,0.0,0.36,0.0,1.45
2025-01-15 19:00:00+00:00,0.03,1.16,0.0,0.28,0.0,3.74,0.0,0.29,0.0,0.4,0.0,0.36,0.0,1.45
2025-01-15 20:00:00+00:00,0.0,1.21,0.0,0.29,0.0,4.09,0.0,0.29,0.0,0.44,0.0,0.38,0.0,1.4
2025-01-15 21:00:00+00:00,0.0,0.74,0.0,0.28,0.0,3.75,0.0,0.29,0.0,0.42,0.0,0.37,0.0,1.36
2025-01-15 22:00:00+00:00,0.0,0.55,0.0,0.28,0.0,3.56,0.0,0.29,0.0,0.39,0.0,0.36,0.0,1.32
2025-01-15 23:00:00+00:00,0.0,0.51,0.0,0.28,0.0,3.53,0.0,0.28,0.0,0.3,0.0,0.41,0.0,1.36
2025-01-16 00:00:00+00:00,0.0,0.55,0.0,0.28,0.0,3.53,0.0,0.29,0.0,0.26,0.0,0.36,0.0,1.32
2025-01-16 01:00:00+00:00,0.0,0.54,0.0,0.28,0.0,1.11,0.0,0.29,0.0,0.26,0.0,0.36,0.0,1.35
2025-01-16 02:00:00+00:00,0.0,0.56,0.0,0.28,0.0,0.89,0.0,0.36,0.0,0.27,0.0,0.36,0.0,1.32
2025-01-16 03:00:00+00:00,0.0,0.59,0.0,0.28,0.0,0.89,0.0,0.3,0.0,0.27,0.0,0.36,0.0,1.36
2025-01-16 04:00:00+00:00,0.0,0.47,0.0,0.28,0.0,0.89,0.0,0.29,0.0,0.27,0.0,0.35,0.0,1.32
2025-01-16 05:00:00+00:00,0.02,0.34,0.0,0.29,0.0,1.04,0.0,0.3,0.0,0.27,0.0,0.35,0.0,1.52
2025-01-16 06:00:00+00:00,0.02,0.35,0.0,0.28,0.0,1.13,0.0,0.29,0.0,0.31,0.0,0.37,0.0,1.43
2025-01-16 07:00:00+00:00,0.06,0.74,0.0,0.28,0.0,1.55,0.0,0.33,0.0,0.35,0.0,0.42,0.0,1.53
2025-01-16 08:00:00+00:00,0.12,1.19,0.0,0.73,0.14,1.63,0.0,0.35,0.0,0.23,0.0,0.41,0.0,2.27
2025-01-16 09:00:00+00:00,0.15,0.81,0.05,0.73,1.2,1.24,0.0,0.39,0.0,0.23,0.0,0.37,0.0,3.21
2025-01-16 10:00:00+00:00,0.47,0.33,0.54,0.71,4.42,1.16,0.0,0.36,0.0,0.23,0.0,0.33,0.0,1.99
2025-01-16 11:00:00+00:00,0.37,0.51,0.19,0.67,2.94,1.37,0.0,0.33,0.0,0.23,0.0,0.28,0.0,1.42
2025-01-16 12:00:00+00:00,0.84,0.95,0.46,0.69,4.61,1.62,0.0,0.37,0.0,0.22,0.0,0.34,0.0,1.37
2025-01-16 13:00:00+00:00,0.11,0.54,0.04,0.71,1.41,1.22,0.0,0.37,0.0,0.22,0.0,0.36,0.0,1.4
2025-01-16 14:00:00+00:00,0.05,0.16,0.0,0.81,0.63,1.01,0.0,0.38,0.0,0.21,0.0,0.36,0.0,1.51
2025-01-16 15:00:00+00:00,0.08,0.37,0.0,0.78,0.15,1.25,0.0,0.47,0.0,0.22,0.0,0.36,0.0,1.52
2025-01-16 16:00:00+00:00,0.07,0.59,0.0,0.41,0.0,1.44,0.0,0.52,0.0,0.8,0.0,0.39,0.0,1.35
2025-01-16 17:00:00+00:00,0.02,0.61,0.0,0.26,0.0,1.69,0.0,0.45,0.0,0.5,0.0,0.51,0.0,1.35
2025-01-16 18:00:00+00:00,0.03,0.6,0.0,0.25,0.0,1.68,0.0,0.38,0.0,0.35,0.0,0.46,0.0,1.34
2025-01-16 19:00:00+00:00,0.03,0.85,0.0,0.23,0.0,1.51,0.0,0.28,0.0,0.41,0.0,0.37,0.0,1.34
2025-01-16 20:00:00+00:00,0.0,0.79,0.0,0.23,0.0,1.45,0.0,0.35,0.0,0.49,0.0,0.37,0.0,1.35
2025-01-16 21:00:00+00:00,0.0,0.71,0.0,0.23,0.0,1.29,0.0,0.35,0.0,0.34,0.0,0.37,0.0,1.33
2025-01-16 22:00:00+00:00,0.0,0.5,0.0,0.24,0.0,0.93,0.0,0.32,0.0,0.3,0.0,0.5,0.0,1.35
2025-01-16 23:00:00+00:00,0.0,0.36,0.0,0.24,0.0,0.92,0.0,0.35,0.0,0.26,0.0,0.36,0.0,1.32
2025-01-17 00:00:00+00:00,0.0,0.35,0.0,0.24,0.0,0.91,0.0,0.33,0.0,0.25,0.0,0.36,0.0,1.36
2025-01-17 01:00:00+00:00,0.0,0.39,0.0,0.24,0.0,0.9,0.0,0.29,0.0,0.26,0.0,0.36,0.0,1.32
2025-01-17 02:00:00+00:00,0.0,0.38,0.0,0.24,0.0,0.9,0.0,0.35,0.0,0.27,0.0,0.35,0.0,1.36
2025-01-17 03:00:00+00:00,0.0,0.39,0.0,0.24,0.0,0.9,0.0,0.28,0.0,0.27,0.0,0.35,0.0,1.32
2025-01-17 04:00:00+00:00,0.0,0.6,0.0,1.19,0.0,0.92,0.0,0.29,0.0,0.29,0.0,0.36,0.0,1.36
2025-01-17 05:00:00+00:00,0.01,0.55,0.0,1.47,0.0,1.01,0.0,0.32,0.0,0.26,0.0,0.36,0.0,1.32
2025-01-17 06:00:00+00:00,0.01,0.45,0.0,0.25,0.0,1.38,0.0,0.32,0.0,0.35,0.0,0.36,0.0,1.72
2025-01-17 07:00:00+00:00,0.07,0.71,0.0,0.67,0.02,1.31,0.0,0.37,0.0,0.33,0.0,0.43,0.0,1.58
2025-01-17 08:00:00+00:00,0.09,0.45,0.0,0.7,0.43,1.03,0.0,0.45,0.0,0.44,0.0,0.47,0.0,2.3
2025-01-17 09:00:00+00:00,0.05,0.13,0.02,0.79,1.02,2.76,0.0,0.47,0.0,0.23,0.0,0.35,0.0,2.27
2025-01-17 10:00:00+00:00,0.13,0.18,0.04,0.69,1.5,6.79,0.0,0.56,0.0,0.73,0.0,0.36,0.0,1.48
2025-01-17 11:00:00+00:00,0.21,0.23,0.06,0.47,1.75,6.88,0.0,0.49,0.0,0.26,0.0,0.34,0.0,1.34
2025-01-17 12:00:00+00:00,0.14,0.17,0.05,0.47,1.49,5.23,0.0,0.43,0.0,0.28,0.0,0.36,0.0,1.46
2025-01-17 13:00:00+00:00,0.06,0.07,0.03,0.47,1.04,3.91,0.0,0.42,0.0,0.27,0.0,0.36,0.0,1.54
2025-01-17 14:00:00+00:00,0.04,0.11,0.0,0.46,0.51,3.59,0.0,0.47,0.0,0.27,0.0,0.36,0.0,2.02
2025-01-17 15:00:00+00:00,0.07,0.26,0.0,0.48,0.1,2.74,0.0,0.42,0.0,0.27,0.0,0.35,0.0,1.55
2025-01-17 16:00:00+00:00,0.07,0.61,0.0,0.58,0.0,3.27,0.0,0.32,0.0,0.39,0.0,0.39,0.0,1.5
2025-01-17 17:00:00+00:00,0.01,0.81,0.0,0.37,0.0,4.11,0.0,0.29,0.0,0.87,0.0,0.62,0.0,1.55
2025-01-17 18:00:00+00:00,0.01,1.21,0.0,0.31,0.0,3.8,0.0,0.31,0.0,0.73,0.0,1.69,0.0,1.47
2025-01-17 19:00:00+00:00,0.01,0.28,0.0,0.23,0.0,3.65,0.0,0.28,0.0,0.43,0.0,0.72,0.0,1.51
2025-01-17 20:00:00+00:00,0.0,0.29,0.0,0.23,0.0,3.63,0.0,0.28,0.0,0.42,0.0,0.22,0.0,1.48
2025-01-17 21:00:00+00:00,0.0,0.17,0.0,0.22,0.0,3.11,0.0,0.28,0.0,0.37,0.0,0.31,0.0,1.51
2025-01-17 22:00:00+00:00,0.0,0.16,0.0,0.22,0.0,0.91,0.0,0.28,0.0,0.31,0.0,0.36,0.0,1.47
2025-01-17 23:00:00+00:00,0.0,0.17,0.0,0.22,0.0,0.89,0.0,0.28,0.0,0.27,0.0,0.35,0.0,1.51
2025-01-18 00:00:00+00:00,0.0,0.17,0.0,0.23,0.0,0.89,0.0,0.28,0.0,0.26,0.0,0.37,0.0,1.47
2025-01-18 01:00:00+00:00,0.0,0.16,0.0,0.23,0.0,0.89,0.0,0.31,0.0,0.26,0.0,0.41,0.0,1.51
2025-01-18 02:00:00+00:00,0.0,0.18,0.0,0.23,0.0,0.89,0.0,0.28,0.0,0.26,0.0,0.36,0.0,1.48
2025-01-18 03:00:00+00:00,0.0,0.17,0.0,0.23,0.0,0.89,0.0,0.28,0.0,0.27,0.0,0.36,0.0,1.5
2025-01-18 04:00:00+00:00,0.0,0.29,0.0,0.24,0.0,0.89,0.0,0.33,0.0,0.26,0.0,0.36,0.0,1.48
2025-01-18 05:00:00+00:00,0.01,0.28,0.0,0.24,0.0,0.94,0.0,0.28,0.0,0.27,0.0,0.36,0.0,1.5
2025-01-18 06:00:00+00:00,0.01,0.25,0.0,0.24,0.0,1.01,0.0,0.35,0.0,0.27,0.0,0.44,0.0,1.38
2025-01-18 07:00:00+00:00,0.06,0.38,0.0,0.24,0.04,1.0,0.0,0.4,0.0,0.38,0.0,0.38,0.0,1.35
2025-01-18 08:00:00+00:00,0.1,0.46,0.0,0.25,0.46,0.99,0.0,0.41,0.0,0.23,0.0,0.36,0.0,1.35
2025-01-18 09:00:00+00:00,0.06,0.16,0.03,0.26,1.0,1.2,0.0,0.29,0.0,0.23,0.0,0.35,0.0,1.35
2025-01-18 10:00:00+00:00,0.13,0.17,0.06,0.25,1.65,1.11,0.0,0.28,0.0,0.53,0.0,0.45,0.0,1.33
2025-01-18 11:00:00+00:00,0.7,0.48,0.43,0.27,3.98,1.17,0.0,0.39,0.0,0.26,0.0,0.37,0.0,1.29
2025-01-18 12:00:00+00:00,1.45,0.69,0.67,0.22,6.94,1.0,0.0,0.39,0.0,0.26,0.0,0.36,0.0,1.19
2025-01-18 13:00:00+00:00,0.94,0.56,0.17,0.18,4.68,1.0,0.0,0.37,0.0,0.26,0.0,0.36,0.0,1.23
2025-01-18 14:00:00+00:00,0.3,0.27,0.1,0.19,2.66,1.16,0.0,0.28,0.0,0.27,0.0,0.5,0.0,1.03
2025-01-18 15:00:00+00:00,0.05,0.18,0.01,0.19,0.41,1.23,0.0,0.28,0.0,0.77,0.0,0.41,0.0,1.31
2025-01-18 16:00:00+00:00,0.05,0.27,0.0,0.2,0.0,1.39,0.0,0.28,0.0,0.39,0.0,0.38,0.0,1.36
2025-01-18 17:00:00+00:00,0.01,0.26,0.0,0.22,0.0,1.29,0.0,0.28,0.0,0.47,0.0,0.44,0.0,1.35
2025-01-18 18:00:00+00:00,0.01,0.29,0.0,0.28,0.0,1.02,0.0,0.28,0.0,0.35,0.0,1.24,0.0,1.37
2025-01-18 19:00:00+00:00,0.01,0.26,0.0,0.28,0.0,1.0,0.0,0.3,0.0,0.36,0.0,0.43,0.0,1.35
2025-01-18 20:00:00+00:00,0.0,0.29,0.0,0.33,0.0,0.99,0.0,0.28,0.0,0.33,0.0,0.37,0.0,1.38
2025-01-18 21:00:00+00:00,0.0,0.17,0.0,0.34,0.0,0.98,0.0,0.28,0.0,0.23,0.0,0.37,0.0,1.34
2025-01-18 22:00:00+00:00,0.0,0.17,0.0,0.28,0.0,1.13,0.0,0.28,0.0,0.3,0.0,0.37,0.0,1.37
2025-01-18 23:00:00+00:00,0.0,0.18,0.0,0.25,0.0,0.89,0.0,0.28,0.0,0.38,0.0,0.36,0.0,1.33
2025-01-19 00:00:00+00:00,0.0,0.17,0.0,0.24,0.0,0.89,0.0,0.28,0.0,0.39,0.0,0.44,0.0,1.4
2025-01-19 01:00:00+00:00,0.0,0.16,0.0,0.24,0.0,0.89,0.0,0.28,0.0,0.4,0.0,0.36,0.0,1.38
2025-01-19 02:00:00+00:00,0.0,0.15,0.0,0.26,0.0,0.89,0.0,0.28,0.0,0.37,0.0,0.36,0.0,1.39
2025-01-19 03:00:00+00:00,0.0,0.18,0.0,0.25,0.0,0.9,0.0,0.28,0.0,0.37,0.0,0.37,0.0,1.35
2025-01-19 04:00:00+00:00,0.0,0.3,0.0,0.25,0.0,0.89,0.0,0.28,0.0,0.37,0.0,0.36,0.0,1.38
2025-01-19 05:00:00+00:00,0.01,0.26,0.0,0.25,0.0,0.97,0.0,0.28,0.0,0.37,0.0,0.36,0.0,1.35
2025-01-19 06:00:00+00:00,0.01,0.27,0.0,0.24,0.0,1.8,0.0,0.28,0.0,0.37,0.0,0.36,0.0,1.38
2025-01-19 07:00:00+00:00,0.04,0.24,0.0,0.25,0.04,6.33,0.0,0.28,0.0,0.37,0.0,0.35,0.0,1.35
2025-01-19 08:00:00+00:00,0.08,0.41,0.0,0.26,0.41,6.58,0.0,0.28,0.0,0.42,0.0,0.36,0.0,1.39
2025-01-19 09:00:00+00:00,0.06,0.15,0.02,0.25,0.88,3.28,0.0,0.28,0.0,0.34,0.0,0.43,0.0,1.35
2025-01-19 10:00:00+00:00,0.08,0.16,0.05,0.25,1.41,3.84,0.0,0.28,0.0,0.37,0.0,0.37,0.0,1.38
2025-01-19 11:00:00+00:00,0.26,0.28,0.09,0.25,2.05,2.71,0.0,0.28,0.0,0.42,0.0,0.77,0.0,1.3
2025-01-19 12:00:00+00:00,0.16,0.17,0.05,0.25,1.49,1.78,0.0,0.28,0.0,0.31,0.0,0.45,0.0,1.39
2025-01-19 13:00:00+00:00,0.1,0.13,0.05,0.24,1.33,2.62,0.0,0.3,0.0,0.68,0.0,0.36,0.0,1.32
2025-01-19 14:00:00+00:00,0.12,0.13,0.07,0.25,1.39,2.12,0.0,0.31,0.0,0.29,0.0,0.35,0.0,1.32
2025-01-19 15:00:00+00:00,0.05,0.18,0.03,0.25,0.55,3.17,0.0,0.29,0.0,0.29,0.0,0.73,0.0,1.32
2025-01-19 16:00:00+00:00,0.05,0.25,0.0,0.25,0.01,2.92,0.0,0.29,0.0,0.41,0.0,1.78,0.0,1.38
2025-01-19 17:00:00+00:00,0.01,0.25,0.0,0.25,0.0,2.74,0.0,0.29,0.0,0.46,0.0,0.37,0.0,1.35
2025-01-19 18:00:00+00:00,0.01,0.28,0.0,0.26,0.0,3.01,0.0,0.28,0.0,0.53,0.0,2.22,0.0,1.39
2025-01-19 19:00:00+00:00,0.02,0.45,0.0,0.26,0.0,1.58,0.0,0.29,0.0,0.4,0.0,1.47,0.0,1.36
2025-01-19 20:00:00+00:00,0.0,0.49,0.0,0.26,0.0,2.03,0.0,0.32,0.0,0.39,0.0,0.29,0.0,1.35
2025-01-19 21:00:00+00:00,0.0,0.47,0.0,0.35,0.0,1.97,0.0,0.29,0.0,0.33,0.0,0.29,0.0,1.36
2025-01-19 22:00:00+00:00,0.0,0.42,0.0,0.36,0.0,1.72,0.0,0.29,0.0,0.31,0.0,0.38,0.0,1.38
2025-01-19 23:00:00+00:00,0.0,0.41,0.0,0.36,0.0,2.71,0.0,0.29,0.0,0.27,0.0,0.36,0.0,1.38
2025-01-20 00:00:00+00:00,0.0,0.17,0.0,0.36,0.0,1.9,0.0,0.29,0.0,0.26,0.0,0.37,0.0,1.38
2025-01-20 01:00:00+00:00,0.0,0.17,0.0,0.36,0.0,2.27,0.0,0.29,0.0,0.26,0.0,0.37,0.0,1.36
2025-01-20 02:00:00+00:00,0.0,0.17,0.0,0.37,0.0,1.95,0.0,0.31,0.0,0.27,0.0,0.37,0.0,1.38
2025-01-20 03:00:00+00:00,0.0,0.17,0.0,0.3,0.0,2.27,0.0,0.29,0.0,0.27,0.0,0.37,0.0,1.35
2025-01-20 04:00:00+00:00,0.0,0.3,0.0,0.26,0.0,1.82,0.0,0.31,0.0,0.29,0.0,0.37,0.0,1.38
2025-01-20 05:00:00+00:00,0.01,0.26,0.0,0.27,0.0,2.68,0.0,0.29,0.0,0.32,0.0,0.36,0.0,1.41
2025-01-20 06:00:00+00:00,0.01,0.3,0.0,0.27,0.0,2.87,0.0,0.31,0.0,0.34,0.0,0.35,0.0,1.41
2025-01-20 07:00:00+00:00,0.07,0.64,0.0,0.48,0.03,2.37,0.0,0.37,0.0,0.36,0.0,0.45,0.0,1.72
2025-01-20 08:00:00+00:00,0.09,0.54,0.01,0.26,0.54,2.1,0.0,0.52,0.0,0.44,0.0,0.37,0.0,1.71
2025-01-20 09:00:00+00:00,0.05,0.2,0.02,0.57,0.98,2.06,0.0,0.53,0.0,0.3,0.0,0.36,0.0,1.77
2025-01-20 10:00:00+00:00,0.22,0.29,0.08,0.55,1.99,1.54,0.0,0.49,0.0,0.24,0.0,0.23,0.0,1.71
2025-01-20 11:00:00+00:00,0.52,0.68,0.13,0.55,2.85,2.45,0.0,0.46,0.0,0.24,0.0,0.12,0.0,1.53
2025-01-20 12:00:00+00:00,0.35,0.43,0.12,0.48,2.4,2.1,0.0,0.59,0.0,0.24,0.0,0.32,0.0,1.65
2025-01-20 13:00:00+00:00,0.36,0.44,0.13,0.25,2.41,2.47,0.0,0.58,0.0,0.26,0.0,0.35,0.0,1.62
2025-01-20 14:00:00+00:00,0.33,0.38,0.11,0.23,2.57,3.41,0.0,0.5,0.0,0.22,0.0,0.35,0.0,1.35
2025-01-20 15:00:00+00:00,0.1,0.46,0.02,0.25,0.61,3.34,0.0,0.54,0.0,0.28,0.0,0.36,0.0,1.61
2025-01-20 16:00:00+00:00,0.07,0.58,0.0,0.25,0.0,3.49,0.0,0.37,0.0,0.43,0.0,0.36,0.0,1.53
2025-01-20 17:00:00+00:00,0.02,0.91,0.0,0.24,0.0,3.6,0.0,0.29,0.0,0.62,0.0,0.36,0.0,1.39
2025-01-20 18:00:00+00:00,0.03,1.47,0.0,0.25,0.0,4.18,0.0,0.29,0.0,0.41,0.0,1.17,0.0,1.38
2025-01-20 19:00:00+00:00,0.03,0.9,0.0,0.24,0.0,4.15,0.0,0.29,0.0,0.42,0.0,0.42,0.0,1.4
2025-01-20 20:00:00+00:00,0.0,0.63,0.0,0.25,0.0,4.02,0.0,0.29,0.0,0.47,0.0,0.36,0.0,1.37
2025-01-20 21:00:00+00:00,0.0,0.66,0.0,0.26,0.0,3.72,0.0,0.29,0.0,0.41,0.0,0.36,0.0,1.39
2025-01-20 22:00:00+00:00,0.0,1.29,0.0,0.35,0.0,3.56,0.0,0.29,0.0,0.42,0.0,0.38,0.0,1.33
2025-01-20 23:00:00+00:00,0.0,0.78,0.0,0.35,0.0,3.54,0.0,0.29,0.0,0.28,0.0,0.37,0.0,1.35
2025-01-21 00:00:00+00:00,0.0,0.42,0.0,0.26,0.0,2.85,0.0,0.29,0.0,0.26,0.0,0.37,0.0,1.33
2025-01-21 01:00:00+00:00,0.0,0.38,0.0,0.26,0.0,0.9,0.0,0.29,0.0,0.26,0.0,0.36,0.0,1.35
2025-01-21 02:00:00+00:00,0.0,0.38,0.0,0.27,0.0,0.9,0.0,0.29,0.0,0.26,0.0,0.36,0.0,1.32
2025-01-21 03:00:00+00:00,0.0,0.39,0.0,0.26,0.0,0.91,0.0,0.29,0.0,0.26,0.0,0.36,0.0,1.36
2025-01-21 04:00:00+00:00,0.0,0.42,0.0,0.26,0.0,0.91,0.0,0.3,0.0,0.26,0.0,0.34,0.0,1.31
2025-01-21 05:00:00+00:00,0.01,0.27,0.0,0.26,0.0,0.97,0.0,0.3,0.0,0.26,0.0,0.36,0.0,1.46
2025-01-21 06:00:00+00:00,0.01,0.27,0.0,0.27,0.0,1.05,0.0,0.29,0.0,0.34,0.0,0.45,0.0,1.37
2025-01-21 07:00:00+00:00,0.08,0.85,0.0,0.79,0.08,1.23,0.0,0.29,0.0,0.26,0.0,1.13,0.0,1.71
2025-01-21 08:00:00+00:00,0.1,0.44,0.0,1.0,0.53,1.85,0.0,0.39,0.0,0.28,0.0,0.37,0.0,1.65
2025-01-21 09:00:00+00:00,0.05,0.14,0.02,1.06,0.95,1.58,0.0,0.42,0.0,0.56,0.0,0.37,0.0,1.65
2025-01-21 10:00:00+00:00,0.06,0.13,0.04,1.04,1.43,1.53,0.0,0.38,0.0,0.26,0.0,0.35,0.0,1.6
2025-01-21 11:00:00+00:00,0.2,0.3,0.06,1.16,1.74,1.76,0.0,0.33,0.0,0.25,0.0,0.52,0.0,1.63
2025-01-21 12:00:00+00:00,0.17,0.19,0.06,1.12,1.61,1.28,0.0,0.39,0.0,0.27,0.0,0.34,0.0,1.46
2025-01-21 13:00:00+00:00,0.12,0.14,0.04,1.04,1.39,1.04,0.0,0.38,0.0,0.29,0.0,0.35,0.0,1.54
2025-01-21 14:00:00+00:00,0.03,0.07,0.01,1.13,0.74,1.04,0.0,0.41,0.0,0.27,0.0,0.36,0.0,1.56
2025-01-21 15:00:00+00:00,0.06,0.25,0.0,1.04,0.16,1.28,0.0,0.39,0.0,0.32,0.0,0.37,0.0,1.71
2025-01-21 16:00:00+00:00,0.07,0.62,0.0,1.15,0.0,1.6,0.0,0.31,0.0,1.07,0.0,0.44,0.0,2.05
2025-01-21 17:00:00+00:00,0.03,0.86,0.0,0.55,0.0,1.84,0.0,0.32,0.0,0.4,0.0,0.46,0.0,1.59
2025-01-21 18:00:00+00:00,0.02,0.7,0.0,0.25,0.0,1.64,0.0,0.32,0.0,0.4,0.0,0.48,0.0,1.36
2025-01-21 19:00:00+00:00,0.02,0.88,0.0,0.24,0.0,1.49,0.0,0.3,0.0,0.42,0.0,0.36,0.0,1.36
2025-01-21 20:00:00+00:00,0.0,1.53,0.0,0.26,0.0,1.33,0.0,0.3,0.0,0.36,0.0,0.38,0.0,1.33
2025-01-21 21:00:00+00:00,0.0,0.98,0.0,0.27,0.0,1.09,0.0,0.3,0.0,0.29,0.0,0.43,0.0,1.32
2025-01-21 22:00:00+00:00,0.0,0.46,0.0,0.35,0.0,0.93,0.0,0.3,0.0,0.27,0.0,0.37,0.0,1.32
2025-01-21 23:00:00+00:00,0.0,0.36,0.0,0.33,0.0,0.91,0.0,0.3,0.0,0.28,0.0,0.4,0.0,1.32
2025-01-22 00:00:00+00:00,0.0,0.33,0.0,0.26,0.0,0.91,0.0,0.3,0.0,0.28,0.0,0.36,0.0,1.31
2025-01-22 01:00:00+00:00,0.0,0.41,0.0,0.26,0.0,0.92,0.0,0.3,0.0,0.26,0.0,0.37,0.0,1.34
2025-01-22 02:00:00+00:00,0.0,0.37,0.0,0.26,0.0,0.92,0.0,0.3,0.0,0.26,0.0,0.35,0.0,1.31
2025-01-22 03:00:00+00:00,0.0,0.44,0.0,0.26,0.0,0.92,0.0,0.3,0.0,0.26,0.0,0.35,0.0,1.32
2025-01-22 04:00:00+00:00,0.0,0.6,0.0,0.28,0.0,0.91,0.0,0.3,0.0,0.26,0.0,0.36,0.0,1.32
2025-01-22 05:00:00+00:00,0.01,0.55,0.0,0.26,0.0,0.97,0.0,0.32,0.0,0.3,0.0,0.36,0.0,2.3
2025-01-22 06:00:00+00:00,0.01,0.53,0.0,0.25,0.0,1.04,0.0,0.3,0.0,0.37,0.0,0.37,0.0,2.12
2025-01-22 07:00:00+00:00,0.08,0.74,0.0,0.57,0.06,1.44,0.0,0.3,0.0,0.27,0.0,0.41,0.0,1.77
2025-01-22 08:00:00+00:00,0.11,0.51,0.0,0.84,0.44,1.35,0.0,0.26,0.0,0.32,0.0,0.44,0.0,2.12
2025-01-22 09:00:00+00:00,0.06,0.22,0.0,0.77,0.65,3.48,0.0,0.4,0.0,0.3,0.0,0.37,0.0,2.18
2025-01-22 10:00:00+00:00,0.11,0.23,0.02,0.75,1.09,6.85,0.0,0.42,0.0,0.29,0.0,0.34,0.0,2.05
2025-01-22 11:00:00+00:00,0.23,0.32,0.06,0.66,1.82,7.12,0.0,0.29,0.0,0.31,0.0,0.36,0.0,2.27
2025-01-22 12:00:00+00:00,0.1,0.12,0.03,0.61,1.26,4.78,0.0,0.32,0.0,0.31,0.0,0.36,0.0,2.29
2025-01-22 13:00:00+00:00,0.07,0.11,0.02,0.83,0.97,2.9,0.0,0.32,0.0,0.66,0.0,0.36,0.0,2.93
2025-01-22 14:00:00+00:00,0.03,0.11,0.0,0.73,0.45,4.49,0.0,0.32,0.0,0.27,0.0,0.36,0.0,2.92
2025-01-22 15:00:00+00:00,0.06,0.27,0.0,0.76,0.1,4.37,0.0,0.32,0.0,0.24,0.0,0.35,0.0,2.62
2025-01-22 16:00:00+00:00,0.05,0.29,0.0,0.7,0.0,4.65,0.0,0.35,0.0,0.23,0.0,0.46,0.0,2.37
2025-01-22 17:00:00+00:00,0.02,1.53,0.0,0.55,0.0,4.19,0.0,0.34,0.0,0.34,0.0,0.37,0.0,1.63
2025-01-22 18:00:00+00:00,0.03,1.29,0.0,0.28,0.0,3.33,0.0,0.27,0.0,0.34,0.0,1.3,0.0,1.41
2025-01-22 19:00:00+00:00,0.03,1.87,0.0,0.25,0.0,1.2,0.0,0.27,0.0,0.39,0.0,0.95,0.0,1.35
2025-01-22 20:00:00+00:00,0.0,1.72,0.0,0.94,0.0,1.31,0.0,0.32,0.0,0.45,0.0,0.48,0.0,1.4
2025-01-22 21:00:00+00:00,0.0,0.91,0.0,1.56,0.0,1.09,0.0,0.38,0.0,0.35,0.0,1.22,0.0,1.36
2025-01-22 22:00:00+00:00,0.0,0.71,0.0,1.63,0.0,1.12,0.0,0.32,0.0,0.35,0.0,0.66,0.0,1.38
2025-01-22 23:00:00+00:00,0.0,0.52,0.0,1.54,0.0,0.92,0.0,0.28,0.0,0.32,0.0,0.37,0.0,1.33
2025-01-23 00:00:00+00:00,0.0,0.36,0.0,0.35,0.0,0.92,0.0,0.27,0.0,0.29,0.0,0.36,0.0,1.39
2025-01-23 01:00:00+00:00,0.0,0.37,0.0,0.24,0.0,0.93,0.0,0.27,0.0,0.27,0.0,0.34,0.0,1.34
2025-01-23 02:00:00+00:00,0.0,0.37,0.0,0.26,0.0,0.94,0.0,0.28,0.0,0.26,0.0,0.36,0.0,1.38
2025-01-23 03:00:00+00:00,0.0,0.44,0.0,0.25,0.0,0.93,0.0,0.27,0.0,0.26,0.0,0.37,0.0,1.36
2025-01-23 04:00:00+00:00,0.0,0.63,0.0,0.26,0.0,0.92,0.0,0.27,0.0,0.26,0.0,0.37,0.0,1.34
2025-01-23 05:00:00+00:00,0.01,0.36,0.0,0.25,0.0,1.18,0.0,0.27,0.0,0.26,0.0,0.36,0.0,1.31
2025-01-23 06:00:00+00:00,0.01,0.41,0.0,0.25,0.0,1.57,0.0,0.28,0.0,0.33,0.0,0.36,0.0,2.3
2025-01-23 07:00:00+00:00,0.02,1.4,0.0,0.62,0.0,1.53,0.0,0.27,0.0,0.34,0.0,0.46,0.0,2.4
2025-01-23 08:00:00+00:00,0.12,0.71,0.0,0.78,0.17,1.69,0.0,0.41,0.0,0.27,0.0,0.44,0.0,3.06
2025-01-23 09:00:00+00:00,0.07,0.26,0.01,0.81,0.5,1.26,0.0,0.48,0.0,0.27,0.0,0.34,0.0,2.88
2025-01-23 10:00:00+00:00,0.11,0.24,0.03,0.85,1.11,1.38,0.0,0.42,0.0,0.3,0.0,0.36,0.0,2.81
2025-01-23 11:00:00+00:00,0.34,0.38,0.11,0.53,1.93,1.52,0.0,0.43,0.0,0.27,0.0,0.36,0.0,2.02
2025-01-23 12:00:00+00:00,0.26,0.23,0.11,0.4,2.05,1.1,0.0,0.62,0.0,0.33,0.0,0.36,0.0,1.59
2025-01-23 13:00:00+00:00,0.42,0.29,0.12,0.42,2.49,1.0,0.0,0.45,0.0,0.28,0.0,0.35,0.0,1.49
2025-01-23 14:00:00+00:00,0.04,0.11,0.01,0.46,0.53,1.12,0.0,0.35,0.0,0.27,0.0,0.36,0.0,1.87
2025-01-23 15:00:00+00:00,0.07,0.28,0.0,0.76,0.14,1.35,0.0,0.52,0.0,0.28,0.0,0.36,0.0,1.49
2025-01-23 16:00:00+00:00,0.08,0.63,0.0,0.72,0.0,1.32,0.0,0.48,0.0,0.81,0.0,0.35,0.0,1.36
2025-01-23 17:00:00+00:00,0.02,0.84,0.0,0.25,0.0,1.61,0.0,0.44,0.0,0.52,0.0,0.48,0.0,1.36
2025-01-23 18:00:00+00:00,0.03,0.99,0.0,0.23,0.0,1.53,0.0,0.3,0.0,0.44,0.0,0.51,0.0,1.31
2025-01-23 19:00:00+00:00,0.02,0.9,0.0,0.24,0.0,1.51,0.0,0.28,0.0,0.41,0.0,0.46,0.0,1.32
2025-01-23 20:00:00+00:00,0.0,1.49,0.0,0.23,0.0,1.48,0.0,0.28,0.0,0.38,0.0,0.55,0.0,1.29
2025-01-23 21:00:00+00:00,0.0,1.0,0.0,0.24,0.0,1.12,0.0,0.24,0.0,0.29,0.0,0.37,0.0,1.34
2025-01-23 22:00:00+00:00,0.0,0.42,0.0,0.22,0.0,1.17,0.0,0.24,0.0,0.27,0.0,0.36,0.0,1.29
2025-01-23 23:00:00+00:00,0.0,0.37,0.0,0.26,0.0,0.96,0.0,0.24,0.0,0.26,0.0,0.36,0.0,1.34
2025-01-24 00:00:00+00:00,0.0,0.39,0.0,0.33,0.0,0.94,0.0,0.24,0.0,0.26,0.0,0.35,0.0,1.3
2025-01-24 01:00:00+00:00,0.0,0.37,0.0,0.33,0.0,3.68,0.0,0.24,0.0,0.27,0.0,0.36,0.0,1.32
2025-01-24 02:00:00+00:00,0.0,0.39,0.0,0.34,0.0,2.19,0.0,0.24,0.0,0.26,0.0,0.37,0.0,1.31
2025-01-24 03:00:00+00:00,0.0,0.4,0.0,0.33,0.0,3.41,0.0,0.24,0.0,0.26,0.0,0.37,0.0,1.32
2025-01-24 04:00:00+00:00,0.0,0.59,0.0,0.33,0.0,6.21,0.0,0.24,0.0,0.26,0.0,0.37,0.0,1.31
2025-01-24 05:00:00+00:00,0.01,0.55,0.0,0.33,0.0,6.27,0.0,0.24,0.0,0.28,0.0,0.35,0.0,1.32
2025-01-24 06:00:00+00:00,0.01,0.67,0.0,0.42,0.0,1.8,0.0,0.36,0.0,0.27,0.0,0.39,0.0,1.92
2025-01-24 07:00:00+00:00,0.1,0.69,0.0,0.74,0.1,2.67,0.0,0.38,0.0,0.35,0.0,0.59,0.0,1.56
2025-01-24 08:00:00+00:00,0.13,0.35,0.13,0.8,1.49,2.38,0.0,0.46,0.0,0.43,0.0,0.35,0.0,2.83
2025-01-24 09:00:00+00:00,0.3,0.39,0.16,0.89,2.69,3.19,0.0,0.46,0.0,0.23,0.0,0.36,0.0,2.27
2025-01-24 10:00:00+00:00,0.8,0.65,0.51,0.85,4.84,2.03,0.0,0.29,0.0,0.23,0.0,0.29,0.0,2.24
2025-01-24 11:00:00+00:00,0.63,0.58,0.56,0.76,4.57,3.15,0.0,0.26,0.0,0.24,0.0,0.37,0.0,1.74
2025-01-24 12:00:00+00:00,0.99,0.73,0.89,0.8,5.56,2.48,0.0,0.28,0.0,0.24,0.0,0.36,0.0,1.35
2025-01-24 13:00:00+00:00,0.94,0.69,0.21,0.71,4.62,2.55,0.0,0.3,0.0,0.22,0.0,0.36,0.0,1.23
2025-01-24 14:00:00+00:00,0.3,0.28,0.12,0.67,2.33,2.82,0.0,0.29,0.0,0.18,0.0,0.36,0.0,1.21
2025-01-24 15:00:00+00:00,0.05,0.2,0.04,0.73,0.85,2.66,0.0,0.33,0.0,0.19,0.0,0.35,0.0,1.24
2025-01-24 16:00:00+00:00,0.05,0.48,0.0,0.36,0.01,4.12,0.0,0.23,0.0,0.25,0.0,0.38,0.0,1.31
2025-01-24 17:00:00+00:00,0.01,0.76,0.0,0.18,0.0,4.19,0.0,0.23,0.0,0.41,0.0,1.02,0.0,1.28
2025-01-24 18:00:00+00:00,0.03,2.34,0.0,0.19,0.0,4.03,0.0,0.24,0.0,0.58,0.0,0.78,0.0,1.32
2025-01-24 19:00:00+00:00,0.03,1.72,0.0,0.19,0.0,3.99,0.0,0.24,0.0,0.45,0.0,0.58,0.0,1.3
2025-01-24 20:00:00+00:00,0.0,1.28,0.0,0.23,0.0,3.98,0.0,0.24,0.0,0.42,0.0,2.05,0.0,1.31
2025-01-24 21:00:00+00:00,0.0,0.97,0.0,0.24,0.0,2.57,0.0,0.24,0.0,0.43,0.0,0.61,0.0,1.31
2025-01-24 22:00:00+00:00,0.0,0.93,0.0,0.22,0.0,1.07,0.0,0.24,0.0,0.34,0.0,0.45,0.0,1.32
2025-01-24 23:00:00+00:00,0.0,0.64,0.0,0.22,0.0,0.91,0.0,0.24,0.0,0.33,0.0,0.44,0.0,1.31
2025-01-25 00:00:00+00:00,0.0,0.88,0.0,0.22,0.0,0.93,0.0,0.24,0.0,0.31,0.0,0.99,0.0,1.33
2025-01-25 01:00:00+00:00,0.0,0.54,0.0,0.22,0.0,0.88,0.0,0.24,0.0,0.26,0.0,0.75,0.0,1.31
2025-01-25 02:00:00+00:00,0.0,0.63,0.0,0.22,0.0,0.89,0.0,0.24,0.0,0.28,0.0,0.36,0.0,1.32
2025-01-25 03:00:00+00:00,0.0,0.39,0.0,0.22,0.0,0.96,0.0,0.27,0.0,0.27,0.0,0.36,0.0,1.31
2025-01-25 04:00:00+00:00,0.0,0.63,0.0,0.23,0.0,0.89,0.0,0.27,0.0,0.26,0.0,0.36,0.0,1.32
2025-01-25 05:00:00+00:00,0.01,0.59,0.0,0.31,0.0,0.96,0.0,0.24,0.0,0.4,0.0,0.34,0.0,1.32
2025-01-25 06:00:00+00:00,0.01,0.52,0.0,0.33,0.0,1.01,0.0,0.24,0.0,0.26,0.0,0.36,0.0,1.3
2025-01-25 07:00:00+00:00,0.04,0.29,0.0,0.32,0.04,1.01,0.0,0.25,0.0,0.24,0.0,0.37,0.0,1.32
2025-01-25 08:00:00+00:00,0.1,0.34,0.06,0.32,1.06,1.0,0.0,0.25,0.0,0.23,0.0,0.49,0.0,1.3
2025-01-25 09:00:00+00:00,0.36,0.45,0.28,0.35,3.5,1.0,0.0,0.24,0.0,0.24,0.0,0.37,0.0,1.27
2025-01-25 10:00:00+00:00,0.68,0.62,0.78,0.37,6.04,1.0,0.0,0.25,0.0,0.23,0.0,0.37,0.0,1.22
2025-01-25 11:00:00+00:00,0.7,0.59,0.8,0.33,5.29,1.06,0.0,0.26,0.0,0.23,0.0,0.39,0.0,1.24
2025-01-25 12:00:00+00:00,0.51,0.8,0.77,0.33,4.75,1.5,0.0,0.26,0.0,0.45,0.0,0.88,0.0,1.12
2025-01-25 13:00:00+00:00,0.84,0.83,0.22,0.32,4.54,1.32,0.0,0.24,0.0,0.31,0.0,0.49,0.0,1.09
2025-01-25 14:00:00+00:00,0.32,0.36,0.13,0.31,2.61,1.03,0.0,0.21,0.0,0.26,0.0,0.44,0.0,0.99
2025-01-25 15:00:00+00:00,0.07,0.28,0.11,0.29,1.21,1.2,0.0,0.28,0.0,0.25,0.0,0.55,0.0,1.1
2025-01-25 16:00:00+00:00,0.08,1.1,0.0,0.3,0.01,1.47,0.0,0.22,0.0,0.31,0.0,0.41,0.0,1.25
2025-01-25 17:00:00+00:00,0.01,1.14,0.0,0.29,0.0,1.39,0.0,0.23,0.0,0.39,0.0,0.97,0.0,1.25
2025-01-25 18:00:00+00:00,0.03,1.19,0.0,0.29,0.0,1.33,0.0,0.31,0.0,0.51,0.0,0.6,0.0,1.22
2025-01-25 19:00:00+00:00,0.02,0.55,0.0,0.29,0.0,1.34,0.0,0.31,0.0,0.53,0.0,0.36,0.0,1.24
2025-01-25 20:00:00+00:00,0.0,0.55,0.0,0.31,0.0,1.05,0.0,0.4,0.0,0.51,0.0,0.35,0.0,1.25
2025-01-25 21:00:00+00:00,0.0,0.42,0.0,0.33,0.0,0.97,0.0,0.38,0.0,0.54,0.0,0.35,0.0,1.33
2025-01-25 22:00:00+00:00,0.0,0.57,0.0,0.32,0.0,0.92,0.0,0.31,0.0,0.52,0.0,0.47,0.0,1.32
2025-01-25 23:00:00+00:00,0.0,0.74,0.0,0.32,0.0,0.92,0.0,0.25,0.0,0.41,0.0,0.37,0.0,1.32
2025-01-26 00:00:00+00:00,0.0,0.73,0.0,0.32,0.0,0.89,0.0,0.25,0.0,0.41,0.0,0.37,0.0,1.31
2025-01-26 01:00:00+00:00,0.0,0.53,0.0,0.34,0.0,0.88,0.0,0.24,0.0,0.41,0.0,0.36,0.0,1.32
2025-01-26 02:00:00+00:00,0.0,0.41,0.0,0.33,0.0,0.88,0.0,0.24,0.0,0.41,0.0,0.36,0.0,1.3
2025-01-26 03:00:00+00:00,0.0,0.41,0.0,0.33,0.0,0.89,0.0,0.25,0.0,0.41,0.0,0.36,0.0,1.33
2025-01-26 04:00:00+00:00,0.0,0.65,0.0,0.33,0.0,0.89,0.0,0.25,0.0,0.41,0.0,0.35,0.0,1.31
2025-01-26 05:00:00+00:00,0.01,0.61,0.0,0.34,0.0,0.95,0.0,0.25,0.0,0.41,0.0,0.35,0.0,1.31
2025-01-26 06:00:00+00:00,0.01,0.61,0.0,0.37,0.0,1.01,0.0,0.25,0.0,0.41,0.0,0.36,0.0,1.33
2025-01-26 07:00:00+00:00,0.08,0.61,0.0,0.36,0.15,2.78,0.0,0.25,0.0,0.42,0.0,0.37,0.0,1.32
2025-01-26 08:00:00+00:00,0.14,0.43,0.31,0.37,2.44,6.53,0.0,0.25,0.0,0.49,0.0,0.36,0.0,1.31
2025-01-26 09:00:00+00:00,0.49,0.57,0.82,0.38,6.71,6.9,0.0,0.33,0.0,0.45,0.0,0.37,0.0,1.29
2025-01-26 10:00:00+00:00,1.05,0.97,1.14,0.36,7.77,2.62,0.0,0.37,0.0,0.45,0.0,0.44,0.0,1.24
2025-01-26 11:00:00+00:00,1.22,0.93,1.38,0.35,7.82,3.54,0.0,0.25,0.0,0.79,0.0,0.89,0.0,1.21
2025-01-26 12:00:00+00:00,1.31,1.81,1.37,0.35,6.87,2.75,0.0,0.25,0.0,1.12,0.0,0.46,0.0,1.18
2025-01-26 13:00:00+00:00,0.97,1.37,0.13,0.21,5.17,2.73,0.0,0.24,0.0,0.4,0.0,0.36,0.0,1.14
2025-01-26 14:00:00+00:00,0.33,1.2,0.12,0.19,2.66,2.56,0.0,0.24,0.0,0.43,0.0,0.37,0.0,1.03
2025-01-26 15:00:00+00:00,0.13,0.65,0.03,0.19,0.74,3.43,0.0,0.26,0.0,0.45,0.0,0.36,0.0,1.21
2025-01-26 16:00:00+00:00,0.11,1.2,0.0,0.2,0.0,3.05,0.0,0.24,0.0,0.53,0.0,0.36,0.0,1.28
2025-01-26 17:00:00+00:00,0.02,1.13,0.0,0.22,0.0,3.04,0.0,0.25,0.0,0.56,0.0,0.36,0.0,1.24
2025-01-26 18:00:00+00:00,0.03,1.6,0.0,0.22,0.0,3.25,0.0,0.25,0.0,0.53,0.0,0.36,0.0,1.26
2025-01-26 19:00:00+00:00,0.02,1.09,0.0,0.21,0.0,3.98,0.0,0.26,0.0,0.51,0.0,0.71,0.0,1.29
2025-01-26 20:00:00+00:00,0.0,1.07,0.0,0.2,0.0,3.72,0.0,0.27,0.0,0.56,0.0,0.63,0.0,1.33
2025-01-26 21:00:00+00:00,0.0,0.62,0.0,0.2,0.0,3.64,0.0,0.25,0.0,0.52,0.0,1.18,0.0,1.28
2025-01-26 22:00:00+00:00,0.0,0.24,0.0,0.18,0.0,3.58,0.0,0.25,0.0,0.46,0.0,1.03,0.0,1.32
2025-01-26 23:00:00+00:00,0.0,0.24,0.0,0.23,0.0,2.82,0.0,0.25,0.0,0.43,0.0,0.82,0.0,1.3
2025-01-27 00:00:00+00:00,0.0,0.27,0.0,0.24,0.0,0.91,0.0,0.25,0.0,0.42,0.0,0.37,0.0,1.31
2025-01-27 01:00:00+00:00,0.0,0.25,0.0,0.23,0.0,0.92,0.0,0.25,0.0,0.42,0.0,0.36,0.0,1.31
2025-01-27 02:00:00+00:00,0.0,0.25,0.0,0.22,0.0,0.93,0.0,0.25,0.0,0.42,0.0,0.35,0.0,1.31
2025-01-27 03:00:00+00:00,0.0,0.25,0.0,0.22,0.0,0.93,0.0,0.25,0.0,0.41,0.0,0.34,0.0,1.31
2025-01-27 04:00:00+00:00,0.0,0.38,0.0,0.23,0.0,0.93,0.0,0.24,0.0,0.41,0.0,0.36,0.0,1.32
2025-01-27 05:00:00+00:00,0.01,0.35,0.0,0.25,0.0,1.24,0.0,0.25,0.0,0.41,0.0,0.43,0.0,1.31
2025-01-27 06:00:00+00:00,0.02,0.54,0.0,0.25,0.0,1.58,0.0,0.34,0.0,0.46,0.0,0.45,0.0,2.08
2025-01-27 07:00:00+00:00,0.05,0.65,0.01,0.52,0.18,1.17,0.0,0.53,0.0,0.8,0.0,0.36,0.0,2.61
2025-01-27 08:00:00+00:00,0.14,0.97,0.04,0.78,1.18,1.04,0.0,0.48,0.0,0.41,0.0,0.36,0.0,1.86
2025-01-27 09:00:00+00:00,0.29,0.92,0.1,0.83,1.72,1.03,0.0,0.48,0.0,0.52,0.0,0.37,0.0,1.65
2025-01-27 10:00:00+00:00,0.57,0.6,0.29,0.75,3.72,1.04,0.0,0.45,0.0,0.42,0.0,0.11,0.0,1.39
2025-01-27 11:00:00+00:00,0.24,0.36,0.09,0.75,1.99,1.08,0.0,0.34,0.0,0.4,0.0,0.18,0.0,1.38
2025-01-27 12:00:00+00:00,0.05,0.21,0.0,0.81,0.47,1.21,0.0,0.45,0.0,0.4,0.0,0.36,0.0,1.48
2025-01-27 13:00:00+00:00,0.04,0.22,0.0,0.8,0.09,1.31,0.0,0.44,0.0,0.4,0.0,0.36,0.0,1.45
2025-01-27 14:00:00+00:00,0.05,0.26,0.0,0.78,0.03,1.62,0.0,0.37,0.0,0.4,0.0,0.29,0.0,1.31
2025-01-27 15:00:00+00:00,0.08,0.38,0.0,0.78,0.0,1.63,0.0,0.3,0.0,0.4,0.0,0.3,0.0,1.37
2025-01-27 16:00:00+00:00,0.08,0.65,0.0,0.73,0.0,1.96,0.0,0.26,0.0,0.5,0.0,0.36,0.0,1.32
2025-01-27 17:00:00+00:00,0.04,1.59,0.0,0.31,0.0,1.91,0.0,0.28,0.0,0.49,0.0,0.35,0.0,1.38
2025-01-27 18:00:00+00:00,0.03,0.99,0.0,0.26,0.0,1.53,0.0,0.22,0.0,0.5,0.0,0.35,0.0,1.33
2025-01-27 19:00:00+00:00,0.03,0.81,0.0,0.26,0.0,1.61,0.0,0.21,0.0,0.49,0.0,0.35,0.0,1.33
2025-01-27 20:00:00+00:00,0.0,0.99,0.0,0.26,0.0,1.39,0.0,0.21,0.0,0.49,0.0,0.36,0.0,1.32
2025-01-27 21:00:00+00:00,0.0,1.01,0.0,0.26,0.0,1.06,0.0,0.21,0.0,0.51,0.0,0.36,0.0,1.33
2025-01-27 22:00:00+00:00,0.0,1.34,0.0,0.31,0.0,0.94,0.0,0.21,0.0,0.49,0.0,0.36,0.0,1.3
2025-01-27 23:00:00+00:00,0.0,0.92,0.0,0.36,0.0,0.91,0.0,0.21,0.0,0.39,0.0,0.36,0.0,1.32
2025-01-28 00:00:00+00:00,0.0,0.37,0.0,0.35,0.0,0.91,0.0,0.23,0.0,0.37,0.0,0.36,0.0,1.31
2025-01-28 01:00:00+00:00,0.0,0.36,0.0,0.35,0.0,0.91,0.0,0.21,0.0,0.37,0.0,0.35,0.0,1.3
2025-01-28 02:00:00+00:00,0.0,0.39,0.0,0.35,0.0,0.91,0.0,0.21,0.0,0.37,0.0,0.35,0.0,1.32
2025-01-28 03:00:00+00:00,0.0,0.36,0.0,0.36,0.0,0.91,0.0,0.21,0.0,0.36,0.0,0.35,0.0,1.3
2025-01-28 04:00:00+00:00,0.0,0.61,0.0,0.36,0.0,0.92,0.0,0.21,0.0,0.35,0.0,0.36,0.0,1.33
2025-01-28 05:00:00+00:00,0.01,0.51,0.0,0.38,0.0,0.97,0.0,0.21,0.0,0.35,0.0,0.36,0.0,1.32
2025-01-28 06:00:00+00:00,0.01,0.64,0.0,0.73,0.0,1.33,0.0,0.28,0.0,0.61,0.0,0.36,0.0,1.85
2025-01-28 07:00:00+00:00,0.06,0.69,0.0,1.44,0.0,1.6,0.0,0.48,0.0,0.44,0.0,0.36,0.0,1.74
2025-01-28 08:00:00+00:00,0.1,0.54,0.0,1.74,0.19,1.6,0.0,0.56,0.0,0.53,0.0,0.36,0.0,1.48
2025-01-28 09:00:00+00:00,0.06,0.21,0.01,1.58,0.6,1.61,0.0,0.66,0.0,0.37,0.0,0.35,0.0,1.91
2025-01-28 10:00:00+00:00,0.19,0.2,0.06,1.53,1.65,6.44,0.0,0.55,0.0,0.37,0.0,0.36,0.0,1.93
2025-01-28 11:00:00+00:00,0.28,0.48,0.07,1.35,2.02,6.89,0.0,0.48,0.0,0.34,0.0,0.38,0.0,1.5
2025-01-28 12:00:00+00:00,0.26,0.25,0.07,0.59,1.97,5.74,0.0,0.46,0.0,0.34,0.0,1.22,0.0,1.68
2025-01-28 13:00:00+00:00,0.21,0.23,0.08,0.66,1.75,3.79,0.0,0.44,0.0,0.34,0.0,1.01,0.0,1.65
2025-01-28 14:00:00+00:00,0.32,0.31,0.14,0.55,2.4,1.48,0.0,0.51,0.0,0.33,0.0,0.8,0.0,1.26
2025-01-28 15:00:00+00:00,0.06,0.16,0.09,0.7,1.19,3.24,0.0,0.42,0.0,0.37,0.0,0.32,0.0,1.19
2025-01-28 16:00:00+00:00,0.07,0.4,0.0,0.83,0.04,3.53,0.0,0.37,0.0,0.44,0.0,0.21,0.0,1.28
2025-01-28 17:00:00+00:00,0.02,0.74,0.0,0.55,0.0,2.46,0.0,0.24,0.0,0.58,0.0,0.23,0.0,1.28
2025-01-28 18:00:00+00:00,0.03,1.33,0.0,0.43,0.0,2.8,0.0,0.21,0.0,0.39,0.0,0.32,0.0,1.27
2025-01-28 19:00:00+00:00,0.03,1.59,0.0,0.36,0.0,1.77,0.0,0.21,0.0,0.5,0.0,0.29,0.0,1.34
2025-01-28 20:00:00+00:00,0.0,1.37,0.0,0.36,0.0,3.06,0.0,0.21,0.0,0.53,0.0,0.39,0.0,1.32
2025-01-28 21:00:00+00:00,0.0,1.57,0.0,0.34,0.0,1.59,0.0,0.21,0.0,0.49,0.0,0.31,0.0,1.34
2025-01-28 22:00:00+00:00,0.0,1.28,0.0,0.33,0.0,2.26,0.0,0.21,0.0,0.45,0.0,0.2,0.0,1.32
2025-01-28 23:00:00+00:00,0.0,0.57,0.0,0.33,0.0,1.81,0.0,0.21,0.0,0.42,0.0,0.25,0.0,1.33
2025-01-29 00:00:00+00:00,0.0,0.54,0.0,0.34,0.0,2.23,0.0,0.21,0.0,0.41,0.0,0.34,0.0,1.32
2025-01-29 01:00:00+00:00,0.0,0.56,0.0,0.34,0.0,2.67,0.0,0.21,0.0,0.41,0.0,0.35,0.0,1.34
2025-01-29 02:00:00+00:00,0.0,0.56,0.0,0.33,0.0,1.82,0.0,0.21,0.0,0.41,0.0,0.37,0.0,1.31
2025-01-29 03:00:00+00:00,0.0,0.59,0.0,0.33,0.0,1.5,0.0,0.21,0.0,0.41,0.0,0.36,0.0,1.36
2025-01-29 04:00:00+00:00,0.0,0.84,0.0,0.33,0.0,2.11,0.0,0.21,0.0,0.41,0.0,0.36,0.0,1.31
2025-01-29 05:00:00+00:00,0.02,0.78,0.0,0.34,0.0,2.38,0.0,0.21,0.0,0.4,0.0,0.36,0.0,1.69
2025-01-29 06:00:00+00:00,0.02,0.77,0.0,0.34,0.0,3.02,0.0,0.21,0.0,0.43,0.0,0.36,0.0,1.48
2025-01-29 07:00:00+00:00,0.11,1.05,0.0,0.34,0.05,1.92,0.0,0.21,0.0,0.42,0.0,0.34,0.0,1.75
2025-01-29 08:00:00+00:00,0.11,0.42,0.06,0.33,1.11,3.15,0.0,0.3,0.0,0.61,0.0,0.42,0.0,1.78
2025-01-29 09:00:00+00:00,0.48,0.36,0.51,0.37,5.13,1.24,0.0,0.34,0.0,0.4,0.0,0.33,0.0,1.47
2025-01-29 10:00:00+00:00,1.15,0.64,1.11,0.35,7.88,3.04,0.0,0.41,0.0,0.38,0.0,0.13,0.0,1.43
2025-01-29 11:00:00+00:00,1.47,2.9,1.35,0.33,8.54,2.9,0.0,0.3,0.0,0.36,0.0,0.21,0.0,1.34
2025-01-29 12:00:00+00:00,1.18,1.33,0.89,0.34,5.71,2.18,0.0,0.3,0.0,0.33,0.0,0.86,0.0,1.28
2025-01-29 13:00:00+00:00,0.99,1.02,0.3,0.26,4.69,2.69,0.0,0.29,0.0,0.33,0.0,0.87,0.0,1.31
2025-01-29 14:00:00+00:00,0.58,0.41,0.11,0.24,3.63,3.05,0.0,0.28,0.0,0.36,0.0,0.36,0.0,0.97
2025-01-29 15:00:00+00:00,0.05,0.15,0.05,0.24,0.75,2.6,0.0,0.22,0.0,0.41,0.0,0.34,0.0,1.41
2025-01-29 16:00:00+00:00,0.08,0.47,0.0,0.5,0.05,3.63,0.0,0.21,0.0,0.42,0.0,0.36,0.0,2.34
2025-01-29 17:00:00+00:00,0.02,0.62,0.0,0.51,0.0,2.87,0.0,0.49,0.0,0.53,0.0,0.38,0.0,2.17
2025-01-29 18:00:00+00:00,0.04,1.57,0.0,0.21,0.0,2.43,0.0,0.23,0.0,0.52,0.0,0.37,0.0,1.32
2025-01-29 19:00:00+00:00,0.03,1.1,0.0,0.21,0.0,2.82,0.0,0.22,0.0,0.49,0.0,0.36,0.0,1.29
2025-01-29 20:00:00+00:00,0.0,0.76,0.0,0.21,0.0,2.58,0.0,0.21,0.0,0.44,0.0,0.42,0.0,1.37
2025-01-29 21:00:00+00:00,0.0,0.44,0.0,0.21,0.0,1.85,0.0,0.23,0.0,0.35,0.0,0.54,0.0,1.34
2025-01-29 22:00:00+00:00,0.0,0.44,0.0,0.2,0.0,2.45,0.0,0.21,0.0,0.34,0.0,0.35,0.0,1.4
2025-01-29 23:00:00+00:00,0.0,0.73,0.0,0.2,0.0,2.11,0.0,0.21,0.0,0.33,0.0,0.37,0.0,1.35
2025-01-30 00:00:00+00:00,0.0,0.84,0.0,0.21,0.0,1.85,0.0,0.21,0.0,0.32,0.0,0.37,0.0,1.39
2025-01-30 01:00:00+00:00,0.0,0.48,0.0,0.21,0.0,2.47,0.0,0.21,0.0,0.34,0.0,0.36,0.0,1.37
2025-01-30 02:00:00+00:00,0.0,0.45,0.0,0.24,0.0,1.68,0.0,0.23,0.0,0.34,0.0,0.36,0.0,1.39
2025-01-30 03:00:00+00:00,0.0,0.23,0.0,0.23,0.0,2.65,0.0,0.3,0.0,0.34,0.0,0.36,0.0,1.36
2025-01-30 04:00:00+00:00,0.0,0.4,0.0,0.23,0.0,1.44,0.0,0.32,0.0,0.34,0.0,0.36,0.0,1.37
2025-01-30 05:00:00+00:00,0.01,0.35,0.0,0.24,0.0,3.06,0.0,0.21,0.0,0.34,0.0,0.36,0.0,1.61
2025-01-30 06:00:00+00:00,0.01,0.49,0.0,0.94,0.0,2.35,0.0,0.21,0.0,0.36,0.0,0.34,0.0,1.43
2025-01-30 07:00:00+00:00,0.07,0.41,0.01,1.22,0.45,2.62,0.0,0.28,0.0,0.41,0.0,0.39,0.0,1.57
2025-01-30 08:00:00+00:00,0.08,0.17,0.1,1.59,1.49,3.2,0.0,0.36,0.0,0.38,0.0,0.45,0.0,1.94
2025-01-30 09:00:00+00:00,0.42,0.39,0.14,1.68,2.82,3.74,0.0,0.31,0.0,0.39,0.0,0.33,0.0,1.57
2025-01-30 10:00:00+00:00,0.57,0.48,0.22,1.66,3.43,4.11,0.0,0.33,0.0,0.38,0.0,0.36,0.0,1.46
2025-01-30 11:00:00+00:00,0.67,0.52,0.33,1.66,4.09,4.27,0.0,0.28,0.0,0.38,0.0,0.52,0.0,1.65
2025-01-30 12:00:00+00:00,0.48,0.48,0.22,1.67,3.13,3.75,0.0,0.36,0.0,0.41,0.0,0.36,0.0,1.39
2025-01-30 13:00:00+00:00,0.39,0.38,0.25,1.66,2.94,3.69,0.0,0.5,0.0,0.38,0.0,0.35,0.0,1.56
2025-01-30 14:00:00+00:00,0.12,0.21,0.07,1.66,1.53,3.69,0.0,0.42,0.0,0.38,0.0,0.35,0.0,1.52
2025-01-30 15:00:00+00:00,0.08,0.44,0.01,1.68,0.41,3.73,0.0,0.53,0.0,0.45,0.0,0.37,0.0,2.11
2025-01-30 16:00:00+00:00,0.1,0.58,0.0,1.66,0.0,3.82,0.0,0.4,0.0,0.65,0.0,0.4,0.0,1.67
2025-01-30 17:00:00+00:00,0.02,1.23,0.0,1.2,0.0,1.83,0.0,0.3,0.0,0.45,0.0,1.89,0.0,1.41
2025-01-30 18:00:00+00:00,0.03,1.67,0.0,0.32,0.0,1.56,0.0,0.26,0.0,0.59,0.0,0.47,0.0,1.36
2025-01-30 19:00:00+00:00,0.03,1.74,0.0,0.32,0.0,1.49,0.0,0.23,0.0,0.53,0.0,0.44,0.0,1.4
2025-01-30 20:00:00+00:00,0.0,1.62,0.0,0.32,0.0,1.34,0.0,0.27,0.0,0.43,0.0,0.43,0.0,1.35
2025-01-30 21:00:00+00:00,0.0,0.87,0.0,0.34,0.0,1.13,0.0,0.22,0.0,0.53,0.0,0.36,0.0,1.41
2025-01-30 22:00:00+00:00,0.0,0.61,0.0,0.34,0.0,1.13,0.0,0.25,0.0,0.39,0.0,0.42,0.0,1.35
2025-01-30 23:00:00+00:00,0.0,0.48,0.0,0.33,0.0,0.94,0.0,0.26,0.0,0.38,0.0,0.38,0.0,1.4
2025-01-31 00:00:00+00:00,0.0,0.44,0.0,0.31,0.0,0.94,0.0,0.24,0.0,0.38,0.0,0.36,0.0,1.37
2025-01-31 01:00:00+00:00,0.0,0.46,0.0,0.33,0.0,0.94,0.0,0.25,0.0,0.38,0.0,0.36,0.0,1.4
2025-01-31 02:00:00+00:00,0.0,0.45,0.0,0.32,0.0,0.94,0.0,0.28,0.0,0.38,0.0,0.35,0.0,1.37
2025-01-31 03:00:00+00:00,0.0,0.48,0.0,0.32,0.0,0.94,0.0,0.28,0.0,0.38,0.0,0.35,0.0,1.41
2025-01-31 04:00:00+00:00,0.0,0.66,0.0,0.33,0.0,0.94,0.0,0.23,0.0,0.38,0.0,0.35,0.0,1.38
2025-01-31 05:00:00+00:00,0.01,0.63,0.0,0.34,0.0,1.0,0.0,0.27,0.0,0.38,0.0,0.34,0.0,1.85
2025-01-31 06:00:00+00:00,0.02,0.89,0.0,0.37,0.0,1.38,0.0,0.3,0.0,0.49,0.0,0.36,0.0,1.6
2025-01-31 07:00:00+00:00,0.08,0.83,0.0,0.85,0.06,1.53,0.0,0.42,0.0,0.52,0.0,0.42,0.0,1.71
2025-01-31 08:00:00+00:00,0.1,0.51,0.0,1.05,0.37,1.16,0.0,0.44,0.0,0.51,0.0,0.46,0.0,2.12
2025-01-31 09:00:00+00:00,0.06,0.19,0.01,0.98,0.79,1.04,0.0,0.38,0.0,0.59,0.0,0.36,0.0,3.34
2025-01-31 10:00:00+00:00,0.11,0.16,0.04,0.96,1.36,1.14,0.0,0.48,0.0,0.49,0.0,0.36,0.0,2.39
2025-01-31 11:00:00+00:00,0.38,0.34,0.08,0.94,2.26,1.38,0.0,0.47,0.0,0.49,0.0,0.75,0.0,1.5
2025-01-31 12:00:00+00:00,0.43,0.37,0.1,1.02,2.45,1.45,0.0,0.47,0.0,0.49,0.0,1.13,0.0,1.46
2025-01-31 13:00:00+00:00,0.13,0.15,0.03,1.03,1.29,1.49,0.0,0.41,0.0,0.49,0.0,0.44,0.0,1.54
2025-01-31 14:00:00+00:00,0.03,0.08,0.0,0.98,0.48,1.52,0.0,0.43,0.0,0.49,0.0,0.37,0.0,1.39
2025-01-31 15:00:00+00:00,0.06,0.25,0.0,1.02,0.1,1.58,0.0,0.4,0.0,0.49,0.0,0.35,0.0,1.39
2025-01-31 16:00:00+00:00,0.08,0.52,0.0,0.98,0.0,1.43,0.0,0.33,0.0,0.49,0.0,0.38,0.0,1.38
2025-01-31 17:00:00+00:00,0.03,0.72,0.0,0.83,0.0,1.51,0.0,0.23,0.0,0.49,0.0,0.36,0.0,1.37
2025-01-31 18:00:00+00:00,0.02,0.54,0.0,0.49,0.0,1.35,0.0,0.21,0.0,0.42,0.0,0.36,0.0,1.4
2025-01-31 19:00:00+00:00,0.03,1.1,0.0,0.63,0.0,1.58,0.0,0.23,0.0,0.57,0.0,0.35,0.0,1.36
2025-01-31 20:00:00+00:00,0.0,1.22,0.0,0.49,0.0,1.39,0.0,0.23,0.0,0.55,0.0,0.36,0.0,1.4
2025-01-31 21:00:00+00:00,0.0,0.8,0.0,0.35,0.0,1.27,0.0,0.25,0.0,0.54,0.0,0.36,0.0,1.36
2025-01-31 22:00:00+00:00,0.0,0.32,0.0,0.32,0.0,1.09,0.0,0.26,0.0,0.54,0.0,0.37,0.0,1.4
2025-01-31 23:00:00+00:00,0.0,0.27,0.0,0.32,0.0,0.93,0.0,0.22,0.0,0.59,0.0,0.37,0.0,1.36
2025-02-01 00:00:00+00:00,0.0,0.17,0.0,0.32,0.0,0.93,0.0,0.27,0.0,0.47,0.0,0.91,0.0,1.4
2025-02-01 01:00:00+00:00,0.0,0.22,0.0,0.32,0.0,0.93,0.0,0.23,0.0,0.35,0.0,0.4,0.0,1.35
2025-02-01 02:00:00+00:00,0.0,0.41,0.0,0.34,0.0,0.93,0.0,0.23,0.0,0.34,0.0,0.35,0.0,1.41
2025-02-01 03:00:00+00:00,0.0,0.37,0.0,0.34,0.0,5.03,0.0,0.23,0.0,0.34,0.0,0.35,0.0,1.37
2025-02-01 04:00:00+00:00,0.0,0.51,0.0,0.33,0.0,6.27,0.0,0.22,0.0,0.33,0.0,0.35,0.0,1.39
2025-02-01 05:00:00+00:00,0.01,0.32,0.0,0.34,0.0,6.31,0.0,0.23,0.0,0.33,0.0,0.37,0.0,1.38
2025-02-01 06:00:00+00:00,0.01,0.26,0.0,0.34,0.0,2.2,0.0,0.27,0.0,0.33,0.0,0.36,0.0,1.41
2025-02-01 07:00:00+00:00,0.05,0.23,0.0,0.34,0.03,3.02,0.0,0.26,0.0,0.33,0.0,0.36,0.0,1.38
2025-02-01 08:00:00+00:00,0.09,0.57,0.0,0.34,0.25,2.33,0.0,0.22,0.0,0.33,0.0,0.36,0.0,1.4
2025-02-01 09:00:00+00:00,0.07,0.27,0.01,0.32,0.78,3.15,0.0,0.25,0.0,0.33,0.0,0.79,0.0,1.38
2025-02-01 10:00:00+00:00,0.1,0.42,0.02,0.32,0.91,2.31,0.0,0.25,0.0,0.36,0.0,0.4,0.0,1.39
2025-02-01 11:00:00+00:00,0.13,0.68,0.02,0.3,1.01,2.66,0.0,0.25,0.0,0.62,0.0,0.35,0.0,1.38
2025-02-01 12:00:00+00:00,0.08,0.55,0.02,0.31,0.97,2.4,0.0,0.23,0.0,0.34,0.0,0.39,0.0,1.37
2025-02-01 13:00:00+00:00,0.17,1.94,0.02,0.33,0.86,2.35,0.0,0.22,0.0,0.38,0.0,0.36,0.0,1.4
2025-02-01 14:00:00+00:00,0.12,0.94,0.0,0.35,0.33,2.45,0.0,0.24,0.0,0.39,0.0,0.36,0.0,1.37
2025-02-01 15:00:00+00:00,0.12,1.02,0.0,0.37,0.08,2.04,0.0,0.41,0.0,0.52,0.0,0.38,0.0,1.4
2025-02-01 16:00:00+00:00,0.1,1.23,0.0,0.36,0.0,1.76,0.0,0.36,0.0,0.43,0.0,0.47,0.0,1.37
2025-02-01 17:00:00+00:00,0.02,0.84,0.0,0.33,0.0,2.33,0.0,0.39,0.0,0.44,0.0,0.36,0.0,1.39
2025-02-01 18:00:00+00:00,0.02,1.4,0.0,0.34,0.0,2.36,0.0,0.3,0.0,0.48,0.0,0.34,0.0,1.37
2025-02-01 19:00:00+00:00,0.02,1.64,0.0,0.34,0.0,2.55,0.0,0.24,0.0,0.48,0.0,0.89,0.0,1.41
2025-02-01 20:00:00+00:00,0.0,0.77,0.0,0.34,0.0,1.91,0.0,0.2,0.0,0.47,0.0,0.37,0.0,1.36
2025-02-01 21:00:00+00:00,0.0,0.67,0.0,0.34,0.0,2.26,0.0,0.22,0.0,0.46,0.0,0.45,0.0,1.41
2025-02-01 22:00:00+00:00,0.0,0.58,0.0,0.34,0.0,1.93,0.0,0.27,0.0,0.46,0.0,0.52,0.0,1.37
2025-02-01 23:00:00+00:00,0.0,0.37,0.0,0.32,0.0,2.21,0.0,0.19,0.0,0.37,0.0,0.38,0.0,1.39
2025-02-02 00:00:00+00:00,0.0,0.61,0.0,0.34,0.0,2.0,0.0,0.18,0.0,0.38,0.0,0.36,0.0,1.39
2025-02-02 01:00:00+00:00,0.0,0.2,0.0,0.31,0.0,2.32,0.0,0.19,0.0,0.38,0.0,0.35,0.0,1.39
2025-02-02 02:00:00+00:00,0.0,0.42,0.0,0.34,0.0,1.87,0.0,0.25,0.0,0.38,0.0,0.36,0.0,1.38
2025-02-02 03:00:00+00:00,0.0,0.16,0.0,0.34,0.0,2.31,0.0,0.23,0.0,0.38,0.0,0.35,0.0,1.39
2025-02-02 04:00:00+00:00,0.0,0.32,0.0,0.33,0.0,2.01,0.0,0.19,0.0,0.38,0.0,0.37,0.0,1.38
2025-02-02 05:00:00+00:00,0.01,0.27,0.0,0.34,0.0,2.21,0.0,0.21,0.0,0.38,0.0,0.37,0.0,1.39
2025-02-02 06:00:00+00:00,0.01,0.26,0.0,0.34,0.0,2.23,0.0,0.2,0.0,0.38,0.0,0.36,0.0,1.39
2025-02-02 07:00:00+00:00,0.05,0.46,0.0,0.33,0.02,2.05,0.0,0.19,0.0,0.38,0.0,0.36,0.0,1.37
2025-02-02 08:00:00+00:00,0.06,0.25,0.0,0.35,0.26,2.22,0.0,0.17,0.0,0.38,0.0,0.36,0.0,1.41
2025-02-02 09:00:00+00:00,0.03,0.1,0.0,0.33,0.47,2.65,0.0,0.22,0.0,0.38,0.0,0.36,0.0,1.36
2025-02-02 10:00:00+00:00,0.04,0.13,0.02,0.32,0.77,1.62,0.0,0.17,0.0,0.52,0.0,0.45,0.0,1.41
2025-02-02 11:00:00+00:00,0.09,0.56,0.04,0.31,1.21,1.96,0.0,0.19,0.0,0.43,0.0,0.52,0.0,1.36
2025-02-02 12:00:00+00:00,0.09,0.75,0.03,0.29,1.12,2.99,0.0,0.21,0.0,0.41,0.0,0.75,0.0,1.39
2025-02-02 13:00:00+00:00,0.1,0.71,0.02,0.3,0.94,2.15,0.0,0.18,0.0,0.43,0.0,0.55,0.0,1.36
2025-02-02 14:00:00+00:00,0.07,0.27,0.01,0.34,0.65,2.75,0.0,0.21,0.0,0.42,0.0,0.37,0.0,1.4
2025-02-02 15:00:00+00:00,0.1,0.52,0.0,0.35,0.22,3.49,0.0,0.23,0.0,0.3,0.0,0.36,0.0,1.36
2025-02-02 16:00:00+00:00,0.11,0.67,0.0,0.35,0.0,2.62,0.0,0.29,0.0,0.32,0.0,0.34,0.0,1.39
2025-02-02 17:00:00+00:00,0.02,0.71,0.0,0.34,0.0,2.48,0.0,0.22,0.0,0.3,0.0,0.36,0.0,1.37
2025-02-02 18:00:00+00:00,0.03,1.28,0.0,0.33,0.0,2.75,0.0,0.24,0.0,0.89,0.0,1.64,0.0,1.38
2025-02-02 19:00:00+00:00,0.02,0.7,0.0,0.34,0.0,2.63,0.0,0.34,0.0,0.6,0.0,1.03,0.0,1.38
2025-02-02 20:00:00+00:00,0.0,0.46,0.0,0.34,0.0,1.8,0.0,0.26,0.0,0.4,0.0,0.75,0.0,1.37
2025-02-02 21:00:00+00:00,0.0,0.31,0.0,0.32,0.0,3.23,0.0,0.24,0.0,0.4,0.0,0.39,0.0,1.39
2025-02-02 22:00:00+00:00,0.0,0.26,0.0,0.34,0.0,3.58,0.0,0.19,0.0,0.42,0.0,0.38,0.0,1.38
2025-02-02 23:00:00+00:00,0.0,0.24,0.0,0.33,0.0,3.55,0.0,0.17,0.0,0.4,0.0,0.37,0.0,1.38
2025-02-03 00:00:00+00:00,0.0,0.21,0.0,0.33,0.0,3.56,0.0,0.19,0.0,0.39,0.0,0.35,0.0,1.38
2025-02-03 01:00:00+00:00,0.0,0.19,0.0,0.33,0.0,3.55,0.0,0.17,0.0,0.38,0.0,0.35,0.0,1.4
2025-02-03 02:00:00+00:00,0.0,0.21,0.0,0.32,0.0,3.55,0.0,0.19,0.0,0.38,0.0,0.37,0.0,1.35
2025-02-03 03:00:00+00:00,0.0,0.21,0.0,0.34,0.0,3.55,0.0,0.17,0.0,0.38,0.0,0.36,0.0,1.4
2025-02-03 04:00:00+00:00,0.0,0.36,0.0,0.34,0.0,3.55,0.0,0.17,0.0,0.38,0.0,0.36,0.0,1.35
2025-02-03 05:00:00+00:00,0.01,0.36,0.0,0.39,0.0,1.36,0.0,0.19,0.0,0.39,0.0,0.37,0.0,1.41
2025-02-03 06:00:00+00:00,0.01,0.53,0.0,1.3,0.0,1.43,0.0,0.17,0.0,0.38,0.0,0.36,0.0,1.42
2025-02-03 07:00:00+00:00,0.1,0.67,0.0,1.46,0.09,1.27,0.0,0.18,0.0,0.59,0.0,0.41,0.0,2.12
2025-02-03 08:00:00+00:00,0.14,0.97,0.02,1.29,0.85,1.04,0.0,0.24,0.0,0.4,0.0,0.37,0.0,1.73
2025-02-03 09:00:00+00:00,0.19,0.39,0.07,1.3,1.91,1.03,0.0,0.29,0.0,0.41,0.0,0.37,0.0,1.67
2025-02-03 10:00:00+00:00,0.67,0.61,0.23,1.35,3.53,1.02,0.0,0.16,0.0,0.4,0.0,0.12,0.0,1.55
2025-02-03 11:00:00+00:00,0.61,0.77,0.16,1.34,3.23,1.02,0.0,0.2,0.0,0.42,0.0,0.29,0.0,1.45
2025-02-03 12:00:00+00:00,0.63,0.6,0.17,1.34,3.15,1.02,0.0,0.16,0.0,0.42,0.0,0.36,0.0,1.81
2025-02-03 13:00:00+00:00,0.37,0.4,0.12,1.33,2.46,1.38,0.0,0.16,0.0,0.44,0.0,0.35,0.0,1.72
2025-02-03 14:00:00+00:00,0.05,0.09,0.02,1.26,0.95,1.53,0.0,0.16,0.0,0.44,0.0,0.36,0.0,1.65
2025-02-03 15:00:00+00:00,0.05,0.21,0.0,1.3,0.27,1.68,0.0,0.18,0.0,0.5,0.0,0.34,0.0,1.51
2025-02-03 16:00:00+00:00,0.12,0.81,0.0,0.9,0.0,1.77,0.0,0.17,0.0,0.98,0.0,0.9,0.0,1.43
2025-02-03 17:00:00+00:00,0.03,1.08,0.0,0.39,0.0,1.93,0.0,0.26,0.0,2.69,0.0,0.58,0.0,1.39
2025-02-03 18:00:00+00:00,0.03,1.07,0.0,0.38,0.0,1.52,0.0,0.21,0.0,0.58,0.0,0.99,0.0,1.43
2025-02-03 19:00:00+00:00,0.03,1.12,0.0,0.39,0.0,1.35,0.0,0.18,0.0,0.54,0.0,0.5,0.0,1.36
2025-02-03 20:00:00+00:00,0.0,1.21,0.0,0.38,0.0,1.17,0.0,0.2,0.0,0.51,0.0,0.48,0.0,1.41
2025-02-03 21:00:00+00:00,0.0,0.91,0.0,0.38,0.0,1.17,0.0,0.16,0.0,0.5,0.0,0.48,0.0,1.37
2025-02-03 22:00:00+00:00,0.0,0.43,0.0,0.38,0.0,0.95,0.0,0.18,0.0,0.4,0.0,0.5,0.0,1.41
2025-02-03 23:00:00+00:00,0.0,0.18,0.0,0.38,0.0,0.92,0.0,0.16,0.0,0.39,0.0,0.38,0.0,1.38
2025-02-04 00:00:00+00:00,0.0,0.16,0.0,0.38,0.0,0.92,0.0,0.16,0.0,0.4,0.0,0.35,0.0,1.41
2025-02-04 01:00:00+00:00,0.0,0.17,0.0,0.38,0.0,0.92,0.0,0.16,0.0,0.39,0.0,0.36,0.0,1.37
2025-02-04 02:00:00+00:00,0.0,0.18,0.0,0.38,0.0,0.92,0.0,0.18,0.0,0.39,0.0,0.36,0.0,1.41
2025-02-04 03:00:00+00:00,0.0,0.17,0.0,0.37,0.0,0.94,0.0,0.16,0.0,0.39,0.0,0.36,0.0,1.37
2025-02-04 04:00:00+00:00,0.0,0.27,0.0,0.39,0.0,0.92,0.0,0.2,0.0,0.4,0.0,0.35,0.0,1.41
2025-02-04 05:00:00+00:00,0.01,0.25,0.0,0.99,0.0,0.99,0.0,0.17,0.0,0.39,0.0,0.35,0.0,1.38
2025-02-04 06:00:00+00:00,0.01,0.26,0.0,1.42,0.0,1.36,0.0,0.16,0.0,0.39,0.0,0.35,0.0,1.8
2025-02-04 07:00:00+00:00,0.1,0.81,0.0,1.47,0.14,1.34,0.0,0.2,0.0,0.51,0.0,0.49,0.0,1.98
2025-02-04 08:00:00+00:00,0.09,0.33,0.02,1.59,0.77,1.25,0.0,0.2,0.0,0.48,0.0,0.37,0.0,2.15
2025-02-04 09:00:00+00:00,0.24,0.33,0.08,1.68,1.9,1.51,0.0,0.22,0.0,0.39,0.0,0.37,0.0,1.8
2025-02-04 10:00:00+00:00,1.53,0.88,0.81,1.48,7.4,1.46,0.0,0.25,0.0,0.37,0.0,0.36,0.0,1.54
2025-02-04 11:00:00+00:00,1.64,1.05,1.25,1.2,8.3,1.5,0.0,0.25,0.0,0.33,0.0,0.46,0.0,1.45
2025-02-04 12:00:00+00:00,1.71,0.93,1.34,1.3,7.33,1.38,0.0,0.33,0.0,0.33,0.0,0.36,0.0,1.55
2025-02-04 13:00:00+00:00,1.42,0.89,0.73,1.28,5.92,1.45,0.0,0.46,0.0,0.33,0.0,0.35,0.0,1.44
2025-02-04 14:00:00+00:00,0.68,0.6,0.09,1.28,4.17,4.03,0.0,0.39,0.0,0.33,0.0,0.34,0.0,0.97
2025-02-04 15:00:00+00:00,0.14,0.46,0.14,1.26,1.54,6.89,0.0,0.31,0.0,0.4,0.0,0.37,0.0,1.3
2025-02-04 16:00:00+00:00,0.08,0.37,0.0,1.25,0.09,6.89,0.0,0.23,0.0,0.39,0.0,0.38,0.0,1.48
2025-02-04 17:00:00+00:00,0.03,0.59,0.0,1.12,0.0,3.17,0.0,0.17,0.0,0.31,0.0,1.68,0.0,1.4
2025-02-04 18:00:00+00:00,0.03,0.7,0.0,0.75,0.0,2.97,0.0,0.18,0.0,0.54,0.0,0.79,0.0,1.31
2025-02-04 19:00:00+00:00,0.03,1.0,0.0,0.22,0.0,4.67,0.0,0.16,0.0,0.34,0.0,0.39,0.0,1.33
2025-02-04 20:00:00+00:00,0.0,1.16,0.0,0.22,0.0,1.45,0.0,0.18,0.0,0.36,0.0,0.34,0.0,1.39
2025-02-04 21:00:00+00:00,0.0,0.52,0.0,0.24,0.0,2.97,0.0,0.16,0.0,0.31,0.0,0.19,0.0,1.41
2025-02-04 22:00:00+00:00,0.0,0.41,0.0,0.24,0.0,2.98,0.0,0.18,0.0,0.28,0.0,0.3,0.0,1.38
2025-02-04 23:00:00+00:00,0.0,0.31,0.0,0.25,0.0,1.23,0.0,0.16,0.0,0.27,0.0,0.38,0.0,1.41
2025-02-05 00:00:00+00:00,0.0,0.18,0.0,0.25,0.0,2.97,0.0,0.16,0.0,0.24,0.0,0.36,0.0,1.37
2025-02-05 01:00:00+00:00,0.0,0.18,0.0,0.24,0.0,1.12,0.0,0.17,0.0,0.24,0.0,0.36,0.0,1.42
2025-02-05 02:00:00+00:00,0.0,0.17,0.0,0.24,0.0,2.68,0.0,0.18,0.0,0.23,0.0,0.36,0.0,1.38
2025-02-05 03:00:00+00:00,0.0,0.17,0.0,0.25,0.0,1.91,0.0,0.16,0.0,0.21,0.0,0.36,0.0,1.41
2025-02-05 04:00:00+00:00,0.0,0.31,0.0,0.24,0.0,2.8,0.0,0.25,0.0,0.2,0.0,0.34,0.0,1.39
2025-02-05 05:00:00+00:00,0.01,0.27,0.0,0.27,0.0,1.21,0.0,0.21,0.0,0.23,0.0,0.35,0.0,1.54
2025-02-05 06:00:00+00:00,0.01,0.25,0.0,0.26,0.0,3.91,0.0,0.18,0.0,0.21,0.0,0.35,0.0,2.35
2025-02-05 07:00:00+00:00,0.06,0.45,0.0,0.26,0.1,2.67,0.0,0.18,0.0,0.3,0.0,0.44,0.0,2.17
2025-02-05 08:00:00+00:00,0.07,0.31,0.01,0.25,0.57,2.85,0.0,0.36,0.0,0.45,0.0,0.36,0.0,1.83
2025-02-05 09:00:00+00:00,0.06,0.2,0.03,0.26,1.08,1.71,0.0,0.54,0.0,0.22,0.0,0.36,0.0,2.1
2025-02-05 10:00:00+00:00,0.07,0.14,0.05,0.26,1.48,2.48,0.0,0.54,0.0,0.24,0.0,0.35,0.0,2.21
2025-02-05 11:00:00+00:00,0.2,0.5,0.07,0.24,1.84,3.48,0.0,0.4,0.0,0.21,0.0,0.46,0.0,1.61
2025-02-05 12:00:00+00:00,0.33,0.41,0.09,0.24,2.31,2.73,0.0,0.44,0.0,0.24,0.0,0.34,0.0,1.64
2025-02-05 13:00:00+00:00,0.41,0.46,0.12,0.25,2.52,2.25,0.0,0.41,0.0,0.32,0.0,0.35,0.0,1.76
2025-02-05 14:00:00+00:00,0.15,0.19,0.07,0.27,1.62,2.3,0.0,0.39,0.0,0.34,0.0,0.37,0.0,1.58
2025-02-05 15:00:00+00:00,0.04,0.13,0.02,0.68,0.72,2.89,0.0,0.49,0.0,0.34,0.0,0.39,0.0,1.74
2025-02-05 16:00:00+00:00,0.08,0.55,0.0,0.69,0.09,3.42,0.0,0.39,0.0,0.42,0.0,0.37,0.0,2.08
2025-02-05 17:00:00+00:00,0.03,0.87,0.0,0.71,0.0,3.16,0.0,0.27,0.0,1.15,0.0,0.54,0.0,1.49
2025-02-05 18:00:00+00:00,0.02,0.6,0.0,0.37,0.0,3.47,0.0,0.23,0.0,0.4,0.0,0.41,0.0,1.43
2025-02-05 19:00:00+00:00,0.02,0.78,0.0,0.34,0.0,3.1,0.0,0.22,0.0,0.4,0.0,0.37,0.0,1.41
2025-02-05 20:00:00+00:00,0.0,2.1,0.0,0.34,0.0,2.36,0.0,0.2,0.0,0.36,0.0,0.43,0.0,1.43
2025-02-05 21:00:00+00:00,0.0,1.6,0.0,0.34,0.0,2.38,0.0,0.18,0.0,0.31,0.0,0.46,0.0,1.38
2025-02-05 22:00:00+00:00,0.0,0.61,0.0,0.34,0.0,2.16,0.0,0.19,0.0,0.33,0.0,0.37,0.0,1.43
2025-02-05 23:00:00+00:00,0.0,0.48,0.0,0.34,0.0,2.06,0.0,0.18,0.0,0.28,0.0,0.49,0.0,1.37
2025-02-06 00:00:00+00:00,0.0,0.4,0.0,0.35,0.0,2.3,0.0,0.2,0.0,0.24,0.0,0.37,0.0,1.42
2025-02-06 01:00:00+00:00,0.0,0.38,0.0,0.35,0.0,2.05,0.0,0.18,0.0,0.26,0.0,0.35,0.0,1.38
2025-02-06 02:00:00+00:00,0.0,0.39,0.0,0.34,0.0,1.96,0.0,0.2,0.0,0.24,0.0,0.36,0.0,1.4
2025-02-06 03:00:00+00:00,0.0,0.4,0.0,0.34,0.0,1.56,0.0,0.22,0.0,0.24,0.0,0.34,0.0,1.39
2025-02-06 04:00:00+00:00,0.0,0.43,0.0,0.34,0.0,1.74,0.0,0.19,0.0,0.24,0.0,0.36,0.0,1.41
2025-02-06 05:00:00+00:00,0.01,0.47,0.0,0.34,0.0,2.91,0.0,0.18,0.0,0.25,0.0,0.37,0.0,1.38
2025-02-06 06:00:00+00:00,0.01,0.46,0.0,0.94,0.0,2.06,0.0,0.21,0.0,0.29,0.0,0.4,0.0,1.9
2025-02-06 07:00:00+00:00,0.09,0.5,0.0,1.44,0.07,2.59,0.0,0.26,0.0,0.48,0.0,0.37,0.0,1.6
2025-02-06 08:00:00+00:00,0.1,0.53,0.0,1.44,0.32,2.07,0.0,0.27,0.0,0.39,0.0,0.39,0.0,2.17
2025-02-06 09:00:00+00:00,0.07,0.32,0.0,1.13,0.53,2.82,0.0,0.28,0.0,0.39,0.0,0.36,0.0,2.56
2025-02-06 10:00:00+00:00,0.07,0.41,0.01,0.39,0.78,3.02,0.0,0.3,0.0,0.39,0.0,0.47,0.0,2.33
2025-02-06 11:00:00+00:00,0.08,0.43,0.01,0.72,0.7,2.49,0.0,0.32,0.0,0.39,0.0,0.35,0.0,1.67
2025-02-06 12:00:00+00:00,0.07,0.25,0.0,1.64,0.54,2.06,0.0,0.39,0.0,0.44,0.0,0.36,0.0,1.72
2025-02-06 13:00:00+00:00,0.06,0.23,0.0,1.7,0.59,2.48,0.0,0.53,0.0,0.46,0.0,0.37,0.0,1.8
2025-02-06 14:00:00+00:00,0.07,0.31,0.0,1.62,0.32,3.4,0.0,0.51,0.0,0.44,0.0,0.36,0.0,2.19
2025-02-06 15:00:00+00:00,0.1,0.58,0.0,0.4,0.09,2.73,0.0,0.42,0.0,0.34,0.0,0.37,0.0,1.72
2025-02-06 16:00:00+00:00,0.08,0.4,0.0,0.4,0.0,2.79,0.0,0.46,0.0,0.34,0.0,0.47,0.0,1.42
2025-02-06 17:00:00+00:00,0.02,0.55,0.0,0.41,0.0,3.38,0.0,0.32,0.0,0.34,0.0,0.54,0.0,1.42
2025-02-06 18:00:00+00:00,0.03,1.18,0.0,0.39,0.0,1.99,0.0,0.29,0.0,0.45,0.0,0.53,0.0,1.35
2025-02-06 19:00:00+00:00,0.03,0.97,0.0,0.39,0.0,3.06,0.0,0.29,0.0,0.56,0.0,0.52,0.0,1.41
2025-02-06 20:00:00+00:00,0.0,0.99,0.0,0.39,0.0,2.44,0.0,0.35,0.0,0.44,0.0,0.52,0.0,1.36
2025-02-06 21:00:00+00:00,0.0,1.19,0.0,0.4,0.0,2.52,0.0,0.31,0.0,0.41,0.0,0.47,0.0,1.4
2025-02-06 22:00:00+00:00,0.0,0.88,0.0,0.39,0.0,2.67,0.0,0.35,0.0,0.4,0.0,0.38,0.0,1.37
2025-02-06 23:00:00+00:00,0.0,0.34,0.0,0.38,0.0,1.58,0.0,0.27,0.0,0.39,0.0,0.35,0.0,1.39
2025-02-07 00:00:00+00:00,0.0,0.25,0.0,0.39,0.0,2.39,0.0,0.33,0.0,0.39,0.0,0.36,0.0,1.37
2025-02-07 01:00:00+00:00,0.0,0.18,0.0,0.39,0.0,1.94,0.0,0.27,0.0,0.39,0.0,0.34,0.0,1.39
2025-02-07 02:00:00+00:00,0.0,0.17,0.0,0.39,0.0,2.26,0.0,0.32,0.0,0.39,0.0,0.35,0.0,1.37
2025-02-07 03:00:00+00:00,0.0,0.2,0.0,0.39,0.0,1.61,0.0,0.27,0.0,0.39,0.0,0.36,0.0,1.39
2025-02-07 04:00:00+00:00,0.0,0.29,0.0,0.53,0.0,1.76,0.0,0.28,0.0,0.39,0.0,0.36,0.0,1.37
2025-02-07 05:00:00+00:00,0.01,0.3,0.0,1.28,0.0,1.98,0.0,0.28,0.0,0.39,0.0,0.36,0.0,1.39
2025-02-07 06:00:00+00:00,0.02,0.27,0.0,1.31,0.0,2.55,0.0,0.27,0.0,0.4,0.0,0.36,0.0,2.17
2025-02-07 07:00:00+00:00,0.11,0.6,0.01,1.31,0.47,2.48,0.0,0.3,0.0,0.48,0.0,0.44,0.0,1.65
2025-02-07 08:00:00+00:00,0.51,0.53,0.2,1.41,3.27,3.09,0.0,0.29,0.0,0.63,0.0,0.43,0.0,1.64
2025-02-07 09:00:00+00:00,1.03,0.76,0.44,1.48,5.98,1.48,0.0,0.27,0.0,0.39,0.0,0.36,0.0,1.56
2025-02-07 10:00:00+00:00,1.53,0.89,0.74,1.4,7.21,3.14,0.0,0.28,0.0,0.37,0.0,0.34,0.0,1.55
2025-02-07 11:00:00+00:00,1.05,0.75,0.5,0.63,4.01,2.07,0.0,0.27,0.0,0.34,0.0,0.91,0.0,1.4
2025-02-07 12:00:00+00:00,1.19,0.78,0.78,0.39,5.48,2.6,0.0,0.32,0.0,0.33,0.0,0.9,0.0,1.48
2025-02-07 13:00:00+00:00,1.12,0.75,0.64,0.39,5.02,2.26,0.0,0.27,0.0,0.33,0.0,0.63,0.0,1.27
2025-02-07 14:00:00+00:00,0.44,0.49,0.19,0.33,3.08,2.46,0.0,0.3,0.0,0.34,0.0,0.37,0.0,1.07
2025-02-07 15:00:00+00:00,0.12,0.44,0.07,0.32,1.12,2.56,0.0,0.33,0.0,0.33,0.0,0.36,0.0,1.24
2025-02-07 16:00:00+00:00,0.08,0.42,0.0,0.25,0.14,2.83,0.0,0.32,0.0,0.33,0.0,0.39,0.0,1.34
2025-02-07 17:00:00+00:00,0.02,0.48,0.0,0.21,0.0,2.72,0.0,0.29,0.0,0.33,0.0,0.37,0.0,1.31
2025-02-07 18:00:00+00:00,0.02,0.5,0.0,0.24,0.0,2.42,0.0,0.28,0.0,0.33,0.0,0.94,0.0,1.32
2025-02-07 19:00:00+00:00,0.02,0.49,0.0,0.24,0.0,3.84,0.0,0.27,0.0,0.47,0.0,0.49,0.0,1.32
2025-02-07 20:00:00+00:00,0.0,0.5,0.0,0.24,0.0,3.79,0.0,0.29,0.0,0.55,0.0,0.37,0.0,1.33
2025-02-07 21:00:00+00:00,0.0,0.35,0.0,0.24,0.0,3.63,0.0,0.29,0.0,0.45,0.0,0.36,0.0,1.32
2025-02-07 22:00:00+00:00,0.0,0.18,0.0,0.24,0.0,3.57,0.0,0.27,0.0,0.4,0.0,0.36,0.0,1.33
2025-02-07 23:00:00+00:00,0.0,0.18,0.0,0.32,0.0,3.58,0.0,0.29,0.0,0.39,0.0,0.35,0.0,1.32
2025-02-08 00:00:00+00:00,0.0,0.17,0.0,0.34,0.0,3.57,0.0,0.27,0.0,0.36,0.0,0.42,0.0,1.32
2025-02-08 01:00:00+00:00,0.0,0.17,0.0,0.34,0.0,3.58,0.0,0.27,0.0,0.33,0.0,0.35,0.0,1.32
2025-02-08 02:00:00+00:00,0.0,0.19,0.0,0.34,0.0,3.56,0.0,0.3,0.0,0.35,0.0,0.38,0.0,1.33
2025-02-08 03:00:00+00:00,0.0,0.17,0.0,0.34,0.0,1.77,0.0,0.27,0.0,0.35,0.0,0.35,0.0,1.34
2025-02-08 04:00:00+00:00,0.0,0.29,0.0,0.34,0.0,0.93,0.0,0.28,0.0,0.35,0.0,0.37,0.0,1.34
2025-02-08 05:00:00+00:00,0.01,0.29,0.0,0.34,0.0,1.0,0.0,0.27,0.0,0.35,0.0,0.36,0.0,1.35
2025-02-08 06:00:00+00:00,0.03,0.25,0.0,0.35,0.02,1.21,0.0,0.27,0.0,0.35,0.0,0.35,0.0,1.32
2025-02-08 07:00:00+00:00,0.04,0.11,0.02,0.33,0.67,1.59,0.0,0.29,0.0,0.39,0.0,0.35,0.0,1.35
2025-02-08 08:00:00+00:00,0.44,0.42,0.31,0.38,3.93,1.55,0.0,0.27,0.0,0.4,0.0,0.35,0.0,1.26
2025-02-08 09:00:00+00:00,0.95,0.59,0.69,0.37,7.34,1.41,0.0,0.28,0.0,0.39,0.0,0.37,0.0,1.3
2025-02-08 10:00:00+00:00,1.43,0.85,1.01,0.38,8.21,1.18,0.0,0.34,0.0,0.61,0.0,0.4,0.0,1.24
2025-02-08 11:00:00+00:00,0.84,0.63,0.62,0.35,4.85,1.04,0.0,0.27,0.0,0.4,0.0,0.37,0.0,1.24
2025-02-08 12:00:00+00:00,1.18,0.9,0.7,0.23,5.31,1.55,0.0,0.32,0.0,0.37,0.0,0.88,0.0,1.11
2025-02-08 13:00:00+00:00,1.56,0.9,1.11,0.24,6.64,1.3,0.0,0.37,0.0,0.36,0.0,0.42,0.0,1.13
2025-02-08 14:00:00+00:00,0.77,0.64,0.07,0.2,4.46,1.15,0.0,0.28,0.0,0.35,0.0,0.37,0.0,0.72
2025-02-08 15:00:00+00:00,0.16,0.43,0.21,0.21,1.93,1.18,0.0,0.27,0.0,0.37,0.0,0.35,0.0,1.13
2025-02-08 16:00:00+00:00,0.06,0.26,0.0,0.22,0.02,1.05,0.0,0.3,0.0,0.41,0.0,0.56,0.0,1.26
2025-02-08 17:00:00+00:00,0.02,0.27,0.0,0.22,0.0,1.13,0.0,0.36,0.0,0.46,0.0,0.63,0.0,1.3
2025-02-08 18:00:00+00:00,0.02,0.91,0.0,0.22,0.0,1.31,0.0,0.38,0.0,0.45,0.0,0.37,0.0,1.26
2025-02-08 19:00:00+00:00,0.01,0.53,0.0,0.22,0.0,1.1,0.0,0.34,0.0,0.45,0.0,0.36,0.0,1.3
2025-02-08 20:00:00+00:00,0.0,0.29,0.0,0.21,0.0,1.06,0.0,0.43,0.0,0.48,0.0,0.37,0.0,1.3
2025-02-08 21:00:00+00:00,0.0,0.21,0.0,0.21,0.0,1.02,0.0,0.27,0.0,0.48,0.0,0.36,0.0,1.38
2025-02-08 22:00:00+00:00,0.0,0.18,0.0,0.24,0.0,0.97,0.0,0.27,0.0,0.47,0.0,0.35,0.0,1.35
2025-02-08 23:00:00+00:00,0.0,0.17,0.0,0.25,0.0,0.94,0.0,0.21,0.0,0.37,0.0,0.35,0.0,1.37
2025-02-09 00:00:00+00:00,0.0,0.18,0.0,0.25,0.0,0.94,0.0,0.16,0.0,0.35,0.0,0.35,0.0,1.37
2025-02-09 01:00:00+00:00,0.0,0.18,0.0,0.24,0.0,0.94,0.0,0.22,0.0,0.35,0.0,0.45,0.0,1.36
2025-02-09 02:00:00+00:00,0.0,0.16,0.0,0.24,0.0,0.94,0.0,0.26,0.0,0.35,0.0,0.37,0.0,1.38
2025-02-09 03:00:00+00:00,0.0,0.2,0.0,0.25,0.0,0.94,0.0,0.22,0.0,0.35,0.0,0.36,0.0,1.36
2025-02-09 04:00:00+00:00,0.0,0.3,0.0,0.25,0.0,0.96,0.0,0.19,0.0,0.35,0.0,0.36,0.0,1.37
2025-02-09 05:00:00+00:00,0.01,0.28,0.0,0.24,0.0,0.99,0.0,0.19,0.0,0.35,0.0,0.36,0.0,1.32
2025-02-09 06:00:00+00:00,0.01,0.26,0.0,0.24,0.0,1.04,0.0,0.18,0.0,0.35,0.0,0.34,0.0,1.36
2025-02-09 07:00:00+00:00,0.06,0.23,0.0,0.26,0.02,1.18,0.0,0.21,0.0,0.35,0.0,0.36,0.0,1.32
2025-02-09 08:00:00+00:00,0.04,0.16,0.01,0.24,0.48,1.47,0.0,0.29,0.0,0.37,0.0,0.36,0.0,1.34
2025-02-09 09:00:00+00:00,0.14,0.16,0.05,0.24,1.41,1.53,0.0,0.29,0.0,0.49,0.0,0.41,0.0,1.3
2025-02-09 10:00:00+00:00,0.42,0.39,0.11,0.3,2.56,1.46,0.0,0.2,0.0,0.59,0.0,1.47,0.0,1.28
2025-02-09 11:00:00+00:00,1.31,0.99,0.88,0.26,6.71,1.4,0.0,0.23,0.0,0.41,0.0,0.85,0.0,1.21
2025-02-09 12:00:00+00:00,1.59,0.96,1.21,0.22,7.53,1.46,0.0,0.32,0.0,0.41,0.0,0.53,0.0,1.18
2025-02-09 13:00:00+00:00,1.31,1.2,0.82,0.29,5.66,3.92,0.0,0.42,0.0,0.42,0.0,0.4,0.0,1.07
2025-02-09 14:00:00+00:00,0.87,0.71,0.19,0.25,4.77,6.57,0.0,0.31,0.0,0.44,0.0,0.39,0.0,0.81
2025-02-09 15:00:00+00:00,0.15,0.42,0.19,0.24,1.93,6.92,0.0,0.25,0.0,0.42,0.0,0.34,0.0,1.09
2025-02-09 16:00:00+00:00,0.07,0.39,0.02,0.32,0.19,3.15,0.0,0.16,0.0,0.42,0.0,2.32,0.0,1.4
2025-02-09 17:00:00+00:00,0.02,0.3,0.0,0.28,0.0,3.24,0.0,0.18,0.0,0.51,0.0,0.95,0.0,1.75
2025-02-09 18:00:00+00:00,0.02,0.61,0.0,0.21,0.0,3.49,0.0,0.18,0.0,0.47,0.0,0.65,0.0,1.56
2025-02-09 19:00:00+00:00,0.01,0.32,0.0,0.26,0.0,1.11,0.0,0.35,0.0,0.4,0.0,0.5,0.0,1.28
2025-02-09 20:00:00+00:00,0.0,0.3,0.0,0.32,0.0,3.13,0.0,0.39,0.0,0.51,0.0,0.42,0.0,1.28
2025-02-09 21:00:00+00:00,0.0,0.34,0.0,0.34,0.0,2.45,0.0,0.27,0.0,0.45,0.0,0.44,0.0,1.33
2025-02-09 22:00:00+00:00,0.0,0.22,0.0,0.33,0.0,2.05,0.0,0.21,0.0,0.42,0.0,0.34,0.0,1.34
2025-02-09 23:00:00+00:00,0.0,0.17,0.0,0.33,0.0,2.91,0.0,0.22,0.0,0.38,0.0,0.61,0.0,1.33
2025-02-10 00:00:00+00:00,0.0,0.19,0.0,0.33,0.0,1.87,0.0,0.19,0.0,0.38,0.0,0.39,0.0,1.35
2025-02-10 01:00:00+00:00,0.0,0.19,0.0,0.33,0.0,1.43,0.0,0.16,0.0,0.38,0.0,0.36,0.0,1.33
2025-02-10 02:00:00+00:00,0.0,0.17,0.0,0.34,0.0,2.37,0.0,0.24,0.0,0.38,0.0,0.36,0.0,1.35
2025-02-10 03:00:00+00:00,0.0,0.19,0.0,0.34,0.0,2.43,0.0,0.16,0.0,0.38,0.0,0.36,0.0,1.33
2025-02-10 04:00:00+00:00,0.0,0.29,0.0,0.34,0.0,1.38,0.0,0.16,0.0,0.38,0.0,0.36,0.0,1.34
2025-02-10 05:00:00+00:00,0.01,0.28,0.0,0.58,0.0,3.26,0.0,0.18,0.0,0.39,0.0,0.36,0.0,1.34
2025-02-10 06:00:00+00:00,0.02,0.32,0.0,0.36,0.0,2.98,0.0,0.16,0.0,0.39,0.0,0.35,0.0,1.85
2025-02-10 07:00:00+00:00,0.14,0.7,0.04,0.5,0.8,1.04,0.0,0.37,0.0,0.49,0.0,0.44,0.0,1.56
2025-02-10 08:00:00+00:00,0.22,0.39,0.12,0.37,2.32,2.11,0.0,0.37,0.0,0.6,0.0,0.37,0.0,1.66
2025-02-10 09:00:00+00:00,0.31,0.41,0.12,0.36,2.45,2.78,0.0,0.32,0.0,0.42,0.0,0.4,0.0,1.69
2025-02-10 10:00:00+00:00,0.71,0.59,0.2,0.37,3.46,1.84,0.0,0.26,0.0,0.44,0.0,0.39,0.0,1.6
2025-02-10 11:00:00+00:00,1.0,0.87,0.35,0.39,4.36,2.27,0.0,0.26,0.0,0.39,0.0,0.36,0.0,1.39
2025-02-10 12:00:00+00:00,1.18,0.68,0.5,0.38,4.92,2.25,0.0,0.26,0.0,0.39,0.0,0.35,0.0,1.3
2025-02-10 13:00:00+00:00,0.69,0.44,0.25,0.37,3.3,2.89,0.0,0.21,0.0,0.39,0.0,0.36,0.0,1.44
2025-02-10 14:00:00+00:00,0.06,0.11,0.02,0.32,0.94,3.12,0.0,0.29,0.0,0.39,0.0,0.34,0.0,1.49
2025-02-10 15:00:00+00:00,0.05,0.21,0.0,0.36,0.23,2.77,0.0,0.26,0.0,0.39,0.0,0.37,0.0,1.39
2025-02-10 16:00:00+00:00,0.06,0.24,0.0,0.37,0.08,2.8,0.0,0.18,0.0,0.45,0.0,0.37,0.0,1.36
2025-02-10 17:00:00+00:00,0.03,0.46,0.0,0.34,0.0,4.09,0.0,0.22,0.0,1.18,0.0,0.37,0.0,1.37
2025-02-10 18:00:00+00:00,0.03,1.3,0.0,0.34,0.0,2.33,0.0,0.17,0.0,0.66,0.0,0.88,0.0,1.31
2025-02-10 19:00:00+00:00,0.03,0.74,0.0,0.34,0.0,3.19,0.0,0.29,0.0,0.57,0.0,1.04,0.0,1.33
2025-02-10 20:00:00+00:00,0.0,1.12,0.0,0.34,0.0,3.18,0.0,0.29,0.0,0.66,0.0,1.62,0.0,1.31
2025-02-10 21:00:00+00:00,0.0,0.63,0.0,0.35,0.0,3.87,0.0,0.21,0.0,0.55,0.0,0.64,0.0,1.32
2025-02-10 22:00:00+00:00,0.0,0.86,0.0,0.34,0.0,3.81,0.0,0.16,0.0,0.4,0.0,0.37,0.0,1.33
2025-02-10 23:00:00+00:00,0.0,0.41,0.0,0.34,0.0,3.56,0.0,0.18,0.0,0.39,0.0,0.37,0.0,1.32
2025-02-11 00:00:00+00:00,0.0,0.47,0.0,0.34,0.0,3.56,0.0,0.16,0.0,0.4,0.0,0.36,0.0,1.34
2025-02-11 01:00:00+00:00,0.0,0.42,0.0,0.34,0.0,3.57,0.0,0.18,0.0,0.4,0.0,0.36,0.0,1.31
2025-02-11 02:00:00+00:00,0.0,0.15,0.0,0.34,0.0,3.56,0.0,0.16,0.0,0.39,0.0,0.36,0.0,1.35
2025-02-11 03:00:00+00:00,0.0,0.12,0.0,0.34,0.0,1.69,0.0,0.16,0.0,0.4,0.0,0.36,0.0,1.33
2025-02-11 04:00:00+00:00,0.0,0.27,0.0,0.34,0.0,0.93,0.0,0.21,0.0,0.47,0.0,0.35,0.0,1.34
2025-02-11 05:00:00+00:00,0.01,0.25,0.0,0.36,0.0,1.0,0.0,0.22,0.0,0.39,0.0,0.35,0.0,1.32
2025-02-11 06:00:00+00:00,0.02,0.29,0.0,0.74,0.0,1.29,0.0,0.19,0.0,0.41,0.0,0.36,0.0,1.69
2025-02-11 07:00:00+00:00,0.06,0.28,0.0,0.92,0.17,1.52,0.0,0.18,0.0,0.49,0.0,0.61,0.0,1.7
2025-02-11 08:00:00+00:00,0.05,0.29,0.02,1.05,0.73,1.48,0.0,0.37,0.0,0.25,0.0,0.36,0.0,1.69
2025-02-11 09:00:00+00:00,0.31,0.29,0.07,1.03,2.08,1.59,0.0,0.66,0.0,0.19,0.0,0.36,0.0,1.48
2025-02-11 10:00:00+00:00,0.14,0.17,0.04,1.05,1.44,1.6,0.0,0.6,0.0,0.19,0.0,0.37,0.0,1.64
2025-02-11 11:00:00+00:00,0.06,0.25,0.02,0.92,0.71,1.68,0.0,0.39,0.0,0.18,0.0,0.43,0.0,1.73
2025-02-11 12:00:00+00:00,0.16,0.2,0.05,0.9,1.53,1.28,0.0,0.52,0.0,0.18,0.0,0.35,0.0,2.56
2025-02-11 13:00:00+00:00,0.16,0.2,0.05,0.88,1.55,1.33,0.0,0.62,0.0,0.18,0.0,0.34,0.0,2.41
2025-02-11 14:00:00+00:00,0.05,0.1,0.02,1.02,0.96,1.7,0.0,0.59,0.0,0.17,0.0,0.37,0.0,1.77
2025-02-11 15:00:00+00:00,0.06,0.22,0.0,0.98,0.32,1.67,0.0,0.52,0.0,0.17,0.0,0.36,0.0,2.21
2025-02-11 16:00:00+00:00,0.07,0.35,0.0,1.06,0.04,1.9,0.0,0.37,0.0,0.18,0.0,0.75,0.0,1.38
2025-02-11 17:00:00+00:00,0.03,0.53,0.0,0.82,0.0,1.83,0.0,0.23,0.0,0.18,0.0,0.68,0.0,1.38
2025-02-11 18:00:00+00:00,0.03,0.97,0.0,0.34,0.0,1.76,0.0,0.24,0.0,0.33,0.0,0.4,0.0,1.36
2025-02-11 19:00:00+00:00,0.03,0.99,0.0,0.32,0.0,1.41,0.0,0.35,0.0,0.25,0.0,0.42,0.0,1.38
2025-02-11 20:00:00+00:00,0.0,1.77,0.0,0.34,0.0,1.18,0.0,0.4,0.0,0.21,0.0,0.74,0.0,1.36
2025-02-11 21:00:00+00:00,0.0,1.34,0.0,0.34,0.0,1.33,0.0,0.24,0.0,0.3,0.0,0.55,0.0,1.37
2025-02-11 22:00:00+00:00,0.0,1.47,0.0,0.32,0.0,1.15,0.0,0.23,0.0,0.35,0.0,0.38,0.0,1.33
2025-02-11 23:00:00+00:00,0.0,0.57,0.0,0.34,0.0,0.94,0.0,0.24,0.0,0.36,0.0,0.36,0.0,1.36
2025-02-12 00:00:00+00:00,0.0,0.46,0.0,0.34,0.0,0.93,0.0,0.25,0.0,0.27,0.0,0.36,0.0,1.33
2025-02-12 01:00:00+00:00,0.0,0.46,0.0,0.33,0.0,0.92,0.0,0.23,0.0,0.25,0.0,0.36,0.0,1.37
2025-02-12 02:00:00+00:00,0.0,0.45,0.0,0.32,0.0,0.93,0.0,0.25,0.0,0.24,0.0,0.36,0.0,1.33
2025-02-12 03:00:00+00:00,0.0,0.31,0.0,0.32,0.0,0.94,0.0,0.19,0.0,0.18,0.0,0.35,0.0,1.39
2025-02-12 04:00:00+00:00,0.0,0.27,0.0,0.33,0.0,0.95,0.0,0.17,0.0,0.19,0.0,0.35,0.0,1.32
2025-02-12 05:00:00+00:00,0.01,0.23,0.0,0.4,0.0,1.0,0.0,0.19,0.0,0.18,0.0,0.36,0.0,1.38
2025-02-12 06:00:00+00:00,0.01,0.22,0.0,0.93,0.0,1.48,0.0,0.19,0.0,0.2,0.0,0.42,0.0,2.49
2025-02-12 07:00:00+00:00,0.09,0.61,0.0,0.48,0.18,1.63,0.0,0.19,0.0,0.27,0.0,0.77,0.0,1.79
2025-02-12 08:00:00+00:00,0.14,0.29,0.06,0.54,1.45,1.16,0.0,0.23,0.0,0.26,0.0,0.36,0.0,2.32
2025-02-12 09:00:00+00:00,0.62,0.56,0.24,0.55,4.07,1.2,0.0,0.2,0.0,0.22,0.0,0.36,0.0,2.08
2025-02-12 10:00:00+00:00,0.22,0.45,0.09,0.5,1.94,1.7,0.0,0.19,0.0,0.31,0.0,0.37,0.0,1.63
2025-02-12 11:00:00+00:00,0.0,0.0,0.0,0.21,0.0,0.0,0.0,0.16,0.0,0.59,0.0,0.37,0.0,1.37
2025-02-12 12:00:00+00:00,0.38,0.37,0.13,0.52,2.46,1.32,0.0,0.21,0.0,0.38,0.0,0.35,0.0,1.58
2025-02-12 13:00:00+00:00,0.22,0.27,0.09,0.47,1.9,4.58,0.0,0.19,0.0,0.88,0.0,0.37,0.0,1.43
2025-02-12 14:00:00+00:00,0.18,0.23,0.06,0.46,1.65,6.92,0.0,0.21,0.0,0.27,0.0,0.36,0.0,1.34
2025-02-12 15:00:00+00:00,0.07,0.23,0.01,0.41,0.84,6.8,0.0,0.28,0.0,0.23,0.0,0.36,0.0,1.5
2025-02-12 16:00:00+00:00,0.07,0.32,0.0,0.42,0.17,4.24,0.0,0.38,0.0,0.2,0.0,0.42,0.0,2.02
2025-02-12 17:00:00+00:00,0.03,0.6,0.0,0.47,0.0,3.3,0.0,0.43,0.0,1.65,0.0,1.13,0.0,1.4
2025-02-12 18:00:00+00:00,0.02,0.75,0.0,0.3,0.0,3.8,0.0,0.24,0.0,1.0,0.0,0.47,0.0,1.39
2025-02-12 19:00:00+00:00,0.02,0.53,0.0,0.22,0.0,2.89,0.0,0.25,0.0,0.34,0.0,0.38,0.0,1.37
2025-02-12 20:00:00+00:00,0.0,0.49,0.0,0.24,0.0,3.64,0.0,0.23,0.0,0.43,0.0,0.42,0.0,1.4
2025-02-12 21:00:00+00:00,0.0,0.31,0.0,0.23,0.0,3.08,0.0,0.29,0.0,0.42,0.0,0.37,0.0,1.35
2025-02-12 22:00:00+00:00,0.0,0.18,0.0,0.23,0.0,2.39,0.0,0.23,0.0,0.24,0.0,1.12,0.0,1.38
2025-02-12 23:00:00+00:00,0.0,0.18,0.0,0.23,0.0,1.91,0.0,0.23,0.0,0.2,0.0,0.77,0.0,1.33
2025-02-13 00:00:00+00:00,0.0,0.17,0.0,0.23,0.0,2.38,0.0,0.23,0.0,0.19,0.0,0.37,0.0,1.37
2025-02-13 01:00:00+00:00,0.0,0.19,0.0,0.23,0.0,1.98,0.0,0.23,0.0,0.19,0.0,0.35,0.0,1.34
2025-02-13 02:00:00+00:00,0.0,0.19,0.0,0.23,0.0,1.62,0.0,0.24,0.0,0.18,0.0,0.35,0.0,1.36
2025-02-13 03:00:00+00:00,0.0,0.21,0.0,0.23,0.0,2.32,0.0,0.24,0.0,0.18,0.0,0.35,0.0,1.35
2025-02-13 04:00:00+00:00,0.0,0.3,0.0,0.23,0.0,1.81,0.0,0.24,0.0,0.18,0.0,0.37,0.0,1.36
2025-02-13 05:00:00+00:00,0.01,0.28,0.0,0.23,0.0,2.0,0.0,0.25,0.0,0.18,0.0,0.35,0.0,1.36
2025-02-13 06:00:00+00:00,0.01,0.26,0.0,0.23,0.0,2.56,0.0,0.24,0.0,0.3,0.0,0.36,0.0,1.58
2025-02-13 07:00:00+00:00,0.1,0.62,0.0,0.24,0.25,2.71,0.0,0.23,0.0,0.29,0.0,0.42,0.0,1.42
2025-02-13 08:00:00+00:00,0.11,0.41,0.01,0.24,0.67,2.61,0.0,0.36,0.0,0.21,0.0,0.42,0.0,1.65
2025-02-13 09:00:00+00:00,0.08,0.26,0.02,0.24,0.79,3.29,0.0,0.36,0.0,0.21,0.0,0.28,0.0,1.73
2025-02-13 10:00:00+00:00,0.06,0.2,0.02,0.24,0.84,1.84,0.0,0.5,0.0,0.23,0.0,0.31,0.0,1.91
2025-02-13 11:00:00+00:00,0.09,0.49,0.02,0.24,0.97,3.54,0.0,0.34,0.0,0.19,0.0,0.37,0.0,1.63
2025-02-13 12:00:00+00:00,0.08,0.81,0.01,0.31,0.82,3.97,0.0,0.4,0.0,0.19,0.0,0.36,0.0,1.52
2025-02-13 13:00:00+00:00,0.08,0.49,0.01,0.32,0.91,3.82,0.0,0.29,0.0,0.21,0.0,0.36,0.0,1.62
2025-02-13 14:00:00+00:00,0.03,0.15,0.0,0.35,0.24,3.66,0.0,0.37,0.0,0.21,0.0,0.36,0.0,1.57
2025-02-13 15:00:00+00:00,0.06,0.25,0.0,0.34,0.14,4.14,0.0,0.34,0.0,0.25,0.0,0.35,0.0,1.59
2025-02-13 16:00:00+00:00,0.07,0.31,0.0,0.36,0.02,4.19,0.0,0.44,0.0,0.29,0.0,0.62,0.0,1.34
2025-02-13 17:00:00+00:00,0.02,0.31,0.0,0.34,0.0,4.23,0.0,0.29,0.0,0.28,0.0,0.65,0.0,1.35
2025-02-13 18:00:00+00:00,0.02,0.29,0.0,0.33,0.0,1.48,0.0,0.3,0.0,0.31,0.0,0.63,0.0,1.35
2025-02-13 19:00:00+00:00,0.02,0.32,0.0,0.33,0.0,1.54,0.0,0.32,0.0,0.32,0.0,0.41,0.0,1.37
2025-02-13 20:00:00+00:00,0.0,0.55,0.0,0.33,0.0,1.48,0.0,0.3,0.0,0.35,0.0,0.39,0.0,1.34
2025-02-13 21:00:00+00:00,0.0,0.81,0.0,0.34,0.0,1.25,0.0,0.3,0.0,0.33,0.0,0.38,0.0,1.36
2025-02-13 22:00:00+00:00,0.0,0.77,0.0,0.25,0.0,0.95,0.0,0.3,0.0,0.35,0.0,0.37,0.0,1.33
2025-02-13 23:00:00+00:00,0.0,0.36,0.0,0.23,0.0,0.94,0.0,0.3,0.0,0.36,0.0,0.51,0.0,1.36
2025-02-14 00:00:00+00:00,0.0,0.36,0.0,0.23,0.0,0.94,0.0,0.34,0.0,0.23,0.0,0.35,0.0,1.35
2025-02-14 01:00:00+00:00,0.0,0.39,0.0,0.23,0.0,0.93,0.0,0.32,0.0,0.23,0.0,0.35,0.0,1.36
2025-02-14 02:00:00+00:00,0.0,0.39,0.0,0.23,0.0,0.92,0.0,0.34,0.0,0.23,0.0,0.36,0.0,1.37
2025-02-14 03:00:00+00:00,0.0,0.39,0.0,0.23,0.0,0.92,0.0,0.3,0.0,0.23,0.0,0.37,0.0,1.35
2025-02-14 04:00:00+00:00,0.0,0.57,0.0,0.23,0.0,0.92,0.0,0.3,0.0,0.23,0.0,0.36,0.0,1.38
2025-02-14 05:00:00+00:00,0.01,0.39,0.0,0.26,0.0,1.01,0.0,0.29,0.0,0.27,0.0,0.36,0.0,1.34
2025-02-14 06:00:00+00:00,0.01,0.29,0.0,0.24,0.0,1.39,0.0,0.32,0.0,0.26,0.0,0.36,0.0,1.83
2025-02-14 07:00:00+00:00,0.01,0.48,0.0,0.23,0.0,1.35,0.0,0.34,0.0,0.29,0.0,0.42,0.0,1.52
2025-02-14 08:00:00+00:00,0.01,0.29,0.0,0.24,0.05,1.03,0.0,0.31,0.0,0.23,0.0,0.38,0.0,1.64
2025-02-14 09:00:00+00:00,0.04,0.19,0.01,0.24,0.14,1.5,0.0,0.37,0.0,0.23,0.0,0.37,0.0,1.6
2025-02-14 10:00:00+00:00,0.04,0.19,0.02,0.23,0.19,1.41,0.0,0.3,0.0,0.46,0.0,0.36,0.0,1.49
2025-02-14 11:00:00+00:00,0.05,0.32,0.04,0.24,0.29,1.57,0.0,0.29,0.0,0.29,0.0,0.36,0.0,1.51
2025-02-14 12:00:00+00:00,0.04,0.18,0.01,0.24,0.15,1.39,0.0,0.41,0.0,0.4,0.0,0.5,0.0,1.59
2025-02-14 13:00:00+00:00,0.04,0.18,0.01,0.23,0.14,1.36,0.0,0.4,0.0,0.36,0.0,0.36,0.0,1.5
2025-02-14 14:00:00+00:00,0.05,0.2,0.0,0.24,0.04,1.63,0.0,0.45,0.0,0.27,0.0,0.35,0.0,1.48
2025-02-14 15:00:00+00:00,0.07,0.32,0.0,0.25,0.02,1.56,0.0,0.44,0.0,0.25,0.0,0.5,0.0,1.35
2025-02-14 16:00:00+00:00,0.08,0.42,0.0,0.25,0.0,1.62,0.0,0.59,0.0,0.33,0.0,0.62,0.0,1.34
2025-02-14 17:00:00+00:00,0.02,0.97,0.0,0.23,0.0,1.38,0.0,0.34,0.0,0.35,0.0,0.46,0.0,1.33
2025-02-14 18:00:00+00:00,0.03,0.62,0.0,0.23,0.0,1.38,0.0,0.31,0.0,0.53,0.0,0.36,0.0,1.34
2025-02-14 19:00:00+00:00,0.02,2.03,0.0,0.24,0.0,1.31,0.0,0.3,0.0,0.43,0.0,0.37,0.0,1.35
2025-02-14 20:00:00+00:00,0.0,0.91,0.0,0.22,0.0,1.07,0.0,0.29,0.0,0.38,0.0,0.37,0.0,1.33
2025-02-14 21:00:00+00:00,0.0,0.89,0.0,0.26,0.0,1.01,0.0,0.3,0.0,0.39,0.0,0.36,0.0,1.36
2025-02-14 22:00:00+00:00,0.0,0.36,0.0,0.32,0.0,0.96,0.0,0.32,0.0,0.48,0.0,0.37,0.0,1.32
2025-02-14 23:00:00+00:00,0.0,0.19,0.0,0.33,0.0,0.94,0.0,0.3,0.0,0.38,0.0,0.49,0.0,1.36
2025-02-15 00:00:00+00:00,0.0,0.18,0.0,0.34,0.0,0.94,0.0,0.34,0.0,0.35,0.0,0.53,0.0,1.34
2025-02-15 01:00:00+00:00,0.0,0.18,0.0,0.3,0.0,0.95,0.0,0.32,0.0,0.26,0.0,0.37,0.0,1.36
2025-02-15 02:00:00+00:00,0.0,0.17,0.0,0.23,0.0,0.95,0.0,0.29,0.0,0.25,0.0,0.37,0.0,1.33
2025-02-15 03:00:00+00:00,0.0,0.17,0.0,0.23,0.0,4.31,0.0,0.29,0.0,0.24,0.0,0.36,0.0,1.36
2025-02-15 04:00:00+00:00,0.0,0.31,0.0,0.23,0.0,6.27,0.0,0.31,0.0,0.24,0.0,0.36,0.0,1.33
2025-02-15 05:00:00+00:00,0.01,0.26,0.0,0.24,0.0,6.31,0.0,0.34,0.0,0.23,0.0,0.36,0.0,1.36
2025-02-15 06:00:00+00:00,0.01,0.27,0.0,0.25,0.0,2.1,0.0,0.37,0.0,0.23,0.0,0.35,0.0,1.33
2025-02-15 07:00:00+00:00,0.05,0.22,0.08,0.25,0.52,3.16,0.0,0.32,0.0,0.23,0.0,0.35,0.0,1.34
2025-02-15 08:00:00+00:00,0.06,0.23,0.29,0.24,2.17,2.1,0.0,0.3,0.0,0.26,0.0,0.54,0.0,1.25
2025-02-15 09:00:00+00:00,0.05,0.19,0.28,0.32,1.87,2.74,0.0,0.31,0.0,0.31,0.0,0.43,0.0,1.28
2025-02-15 10:00:00+00:00,0.1,0.71,0.15,0.25,1.27,1.29,0.0,0.3,0.0,0.2,0.0,0.37,0.0,1.23
2025-02-15 11:00:00+00:00,0.1,0.58,0.11,0.25,1.03,2.35,0.0,0.31,0.0,0.21,0.0,0.36,0.0,1.26
2025-02-15 12:00:00+00:00,0.08,0.37,0.17,0.23,1.41,2.55,0.0,0.29,0.0,0.18,0.0,0.84,0.0,1.22
2025-02-15 13:00:00+00:00,0.09,0.77,0.67,0.24,3.23,2.54,0.0,0.3,0.0,0.17,0.0,0.71,0.0,1.08
2025-02-15 14:00:00+00:00,0.09,0.37,0.21,0.25,1.65,2.09,0.0,0.31,0.0,0.17,0.0,0.37,0.0,1.15
2025-02-15 15:00:00+00:00,0.07,0.42,0.22,0.23,1.19,1.98,0.0,0.3,0.0,0.17,0.0,0.36,0.0,1.07
2025-02-15 16:00:00+00:00,0.08,0.44,0.0,0.24,0.09,2.52,0.0,0.36,0.0,0.17,0.0,0.37,0.0,1.3
2025-02-15 17:00:00+00:00,0.04,0.47,0.0,0.24,0.0,1.81,0.0,0.47,0.0,0.18,0.0,0.37,0.0,1.27
2025-02-15 18:00:00+00:00,0.03,0.68,0.0,0.23,0.0,2.34,0.0,0.45,0.0,0.19,0.0,0.37,0.0,1.33
2025-02-15 19:00:00+00:00,0.03,2.32,0.0,0.23,0.0,2.87,0.0,0.31,0.0,0.39,0.0,0.37,0.0,1.32
2025-02-15 20:00:00+00:00,0.0,0.91,0.0,0.23,0.0,2.29,0.0,0.29,0.0,0.43,0.0,1.09,0.0,1.36
2025-02-15 21:00:00+00:00,0.0,0.66,0.0,0.24,0.0,2.39,0.0,0.3,0.0,0.32,0.0,0.49,0.0,1.33
2025-02-15 22:00:00+00:00,0.0,0.61,0.0,0.22,0.0,1.91,0.0,0.31,0.0,0.21,0.0,0.38,0.0,1.36
2025-02-15 23:00:00+00:00,0.0,0.86,0.0,0.23,0.0,1.78,0.0,0.29,0.0,0.2,0.0,0.37,0.0,1.34
2025-02-16 00:00:00+00:00,0.0,0.58,0.0,0.23,0.0,1.95,0.0,0.3,0.0,0.2,0.0,0.38,0.0,1.37
2025-02-16 01:00:00+00:00,0.0,0.48,0.0,0.22,0.0,2.36,0.0,0.3,0.0,0.18,0.0,0.37,0.0,1.33
2025-02-16 02:00:00+00:00,0.0,0.37,0.0,0.23,0.0,2.0,0.0,0.29,0.0,0.18,0.0,0.37,0.0,1.37
2025-02-16 03:00:00+00:00,0.0,0.38,0.0,0.31,0.0,1.9,0.0,0.3,0.0,0.19,0.0,0.36,0.0,1.32
2025-02-16 04:00:00+00:00,0.0,0.6,0.0,0.32,0.0,2.28,0.0,0.32,0.0,0.22,0.0,0.35,0.0,1.38
2025-02-16 05:00:00+00:00,0.02,0.59,0.0,0.33,0.0,1.89,0.0,0.29,0.0,0.23,0.0,0.35,0.0,1.34
2025-02-16 06:00:00+00:00,0.01,0.55,0.0,0.34,0.0,2.52,0.0,0.3,0.0,0.28,0.0,0.35,0.0,1.38
2025-02-16 07:00:00+00:00,0.09,0.67,0.03,0.32,0.57,1.75,0.0,0.29,0.0,0.35,0.0,0.42,0.0,1.35
2025-02-16 08:00:00+00:00,0.1,0.99,0.07,0.33,1.17,2.74,0.0,0.3,0.0,0.26,0.0,0.37,0.0,1.34
2025-02-16 09:00:00+00:00,0.07,0.99,0.26,0.38,3.44,2.37,0.0,0.3,0.0,0.23,0.0,0.51,0.0,1.27
2025-02-16 10:00:00+00:00,0.08,0.71,0.13,0.37,2.42,2.69,0.0,0.33,0.0,0.23,0.0,0.49,0.0,1.27
2025-02-16 11:00:00+00:00,0.09,0.44,0.15,0.37,2.34,1.78,0.0,0.3,0.0,0.23,0.0,0.88,0.0,1.26
2025-02-16 12:00:00+00:00,0.39,0.46,0.22,0.37,3.39,3.01,0.0,0.32,0.0,0.22,0.0,1.0,0.0,1.24
2025-02-16 13:00:00+00:00,0.63,0.6,0.14,0.39,2.79,2.55,0.0,0.3,0.0,0.22,0.0,0.64,0.0,1.26
2025-02-16 14:00:00+00:00,0.54,0.75,0.14,0.39,2.67,2.64,0.0,0.3,0.0,0.22,0.0,0.37,0.0,1.25
2025-02-16 15:00:00+00:00,0.18,0.34,0.1,0.37,1.91,2.04,0.0,0.32,0.0,0.22,0.0,0.36,0.0,1.27
2025-02-16 16:00:00+00:00,0.1,0.5,0.0,0.37,0.29,3.66,0.0,0.29,0.0,0.22,0.0,0.99,0.0,1.35
2025-02-16 17:00:00+00:00,0.04,0.7,0.0,0.37,0.0,3.95,0.0,0.34,0.0,0.23,0.0,0.42,0.0,1.36
2025-02-16 18:00:00+00:00,0.03,2.33,0.0,0.36,0.0,4.13,0.0,0.3,0.0,0.24,0.0,0.38,0.0,1.34
2025-02-16 19:00:00+00:00,0.02,2.43,0.0,0.35,0.0,3.85,0.0,0.47,0.0,0.23,0.0,0.4,0.0,1.37
2025-02-16 20:00:00+00:00,0.0,1.87,0.0,0.36,0.0,3.87,0.0,0.5,0.0,0.23,0.0,0.46,0.0,1.33
2025-02-16 21:00:00+00:00,0.0,0.9,0.0,0.26,0.0,3.69,0.0,0.38,0.0,0.24,0.0,0.47,0.0,1.39
2025-02-16 22:00:00+00:00,0.0,0.59,0.0,0.26,0.0,3.59,0.0,0.35,0.0,0.35,0.0,0.48,0.0,1.32
2025-02-16 23:00:00+00:00,0.0,0.47,0.0,0.26,0.0,3.57,0.0,0.34,0.0,0.49,0.0,0.37,0.0,1.39
2025-02-17 00:00:00+00:00,0.0,0.29,0.0,0.26,0.0,1.98,0.0,0.29,0.0,0.3,0.0,0.36,0.0,1.33
2025-02-17 01:00:00+00:00,0.0,0.17,0.0,0.25,0.0,0.91,0.0,0.29,0.0,0.28,0.0,0.36,0.0,1.35
2025-02-17 02:00:00+00:00,0.0,0.2,0.0,0.26,0.0,0.92,0.0,0.3,0.0,0.27,0.0,0.36,0.0,1.33
2025-02-17 03:00:00+00:00,0.0,0.17,0.0,0.26,0.0,0.91,0.0,0.31,0.0,0.28,0.0,0.36,0.0,1.34
2025-02-17 04:00:00+00:00,0.0,0.31,0.0,0.25,0.0,0.92,0.0,0.37,0.0,0.27,0.0,0.36,0.0,1.34
2025-02-17 05:00:00+00:00,0.01,0.26,0.0,0.26,0.0,1.19,0.0,0.29,0.0,0.27,0.0,0.37,0.0,1.44
2025-02-17 06:00:00+00:00,0.02,0.26,0.0,0.94,0.0,1.44,0.0,0.3,0.0,0.27,0.0,0.44,0.0,1.93
2025-02-17 07:00:00+00:00,0.09,0.49,0.0,0.69,0.16,1.34,0.0,0.63,0.0,0.27,0.0,0.51,0.0,2.27
2025-02-17 08:00:00+00:00,0.11,0.6,0.01,0.77,0.64,1.16,0.0,0.56,0.0,0.3,0.0,0.36,0.0,2.76
2025-02-17 09:00:00+00:00,0.07,0.28,0.03,0.76,1.24,1.22,0.0,0.58,0.0,0.33,0.0,0.36,0.0,2.18
2025-02-17 10:00:00+00:00,0.07,0.14,0.04,0.74,1.6,1.15,0.0,0.49,0.0,0.37,0.0,0.4,0.0,1.63
2025-02-17 11:00:00+00:00,0.17,0.33,0.05,0.55,1.83,1.14,0.0,0.41,0.0,0.4,0.0,0.53,0.0,1.48
2025-02-17 12:00:00+00:00,0.17,0.88,0.04,1.49,1.56,1.6,0.0,0.56,0.0,0.44,0.0,0.35,0.0,1.6
2025-02-17 13:00:00+00:00,0.14,0.51,0.04,1.52,1.48,1.55,0.0,0.59,0.0,0.46,0.0,0.38,0.0,1.7
2025-02-17 14:00:00+00:00,0.07,0.14,0.02,1.56,1.04,1.6,0.0,0.69,0.0,0.39,0.0,0.34,0.0,1.71
2025-02-17 15:00:00+00:00,0.13,0.78,0.0,1.57,0.52,1.81,0.0,0.59,0.0,0.3,0.0,0.35,0.0,1.42
2025-02-17 16:00:00+00:00,0.13,0.89,0.0,1.58,0.05,1.93,0.0,0.51,0.0,0.34,0.0,0.41,0.0,1.39
2025-02-17 17:00:00+00:00,0.06,1.59,0.0,1.06,0.0,1.8,0.0,0.43,0.0,0.59,0.0,0.36,0.0,1.37
2025-02-17 18:00:00+00:00,0.02,1.06,0.0,0.3,0.0,1.66,0.0,0.43,0.0,1.23,0.0,0.36,0.0,1.36
2025-02-17 19:00:00+00:00,0.04,1.64,0.0,0.25,0.0,1.76,0.0,0.39,0.0,0.46,0.0,0.36,0.0,1.35
2025-02-17 20:00:00+00:00,0.0,1.78,0.0,0.24,0.0,1.69,0.0,0.42,0.0,0.49,0.0,0.35,0.0,1.36
2025-02-17 21:00:00+00:00,0.0,1.38,0.0,0.24,0.0,1.36,0.0,0.44,0.0,0.3,0.0,0.37,0.0,1.34
2025-02-17 22:00:00+00:00,0.0,0.68,0.0,0.23,0.0,1.14,0.0,0.32,0.0,0.29,0.0,0.38,0.0,1.37
2025-02-17 23:00:00+00:00,0.0,0.37,0.0,0.25,0.0,0.94,0.0,0.29,0.0,0.24,0.0,0.38,0.0,1.35
2025-02-18 00:00:00+00:00,0.0,0.18,0.0,0.25,0.0,0.94,0.0,0.29,0.0,0.24,0.0,0.36,0.0,1.37
2025-02-18 01:00:00+00:00,0.0,0.16,0.0,0.25,0.0,0.94,0.0,0.3,0.0,0.23,0.0,0.37,0.0,1.34
2025-02-18 02:00:00+00:00,0.0,0.18,0.0,0.24,0.0,0.93,0.0,0.3,0.0,0.24,0.0,0.37,0.0,1.36
2025-02-18 03:00:00+00:00,0.0,0.15,0.0,0.25,0.0,0.94,0.0,0.29,0.0,0.25,0.0,0.37,0.0,1.35
2025-02-18 04:00:00+00:00,0.0,0.26,0.0,0.25,0.0,0.94,0.0,0.3,0.0,0.24,0.0,0.35,0.0,1.35
2025-02-18 05:00:00+00:00,0.01,0.27,0.0,0.36,0.0,1.01,0.0,0.29,0.0,0.24,0.0,0.35,0.0,1.37
2025-02-18 06:00:00+00:00,0.02,0.29,0.0,1.27,0.0,1.37,0.0,0.3,0.0,0.22,0.0,0.39,0.0,2.05
2025-02-18 07:00:00+00:00,0.1,0.6,0.0,1.39,0.23,1.63,0.0,0.49,0.0,0.19,0.0,0.36,0.0,1.52
2025-02-18 08:00:00+00:00,0.1,0.47,0.01,1.48,0.69,1.76,0.0,0.49,0.0,0.19,0.0,0.37,0.0,1.65
2025-02-18 09:00:00+00:00,0.09,0.52,0.03,1.53,1.2,1.32,0.0,0.69,0.0,0.21,0.0,0.37,0.0,1.55
2025-02-18 10:00:00+00:00,0.19,0.59,0.05,1.51,1.68,5.94,0.0,0.54,0.0,0.23,0.0,0.36,0.0,1.51
2025-02-18 11:00:00+00:00,0.33,0.55,0.06,1.04,2.1,7.08,0.0,0.47,0.0,0.35,0.0,0.41,0.0,1.44
2025-02-18 12:00:00+00:00,0.28,0.29,0.06,0.87,2.04,6.62,0.0,0.45,0.0,0.25,0.0,0.35,0.0,1.42
2025-02-18 13:00:00+00:00,0.2,0.24,0.04,0.93,1.67,2.18,0.0,0.33,0.0,0.23,0.0,0.53,0.0,1.42
2025-02-18 14:00:00+00:00,0.09,0.12,0.02,0.96,1.18,2.91,0.0,0.4,0.0,0.21,0.0,0.51,0.0,1.37
2025-02-18 15:00:00+00:00,0.05,0.16,0.0,0.99,0.49,3.6,0.0,0.46,0.0,0.34,0.0,0.55,0.0,1.46
2025-02-18 16:00:00+00:00,0.06,0.24,0.0,0.98,0.08,2.96,0.0,0.31,0.0,0.58,0.0,0.52,0.0,1.49
2025-02-18 17:00:00+00:00,0.03,0.28,0.0,0.39,0.0,2.9,0.0,0.23,0.0,1.12,0.0,0.5,0.0,1.36
2025-02-18 18:00:00+00:00,0.02,0.78,0.0,0.34,0.0,2.84,0.0,0.22,0.0,0.34,0.0,0.49,0.0,1.33
2025-02-18 19:00:00+00:00,0.03,0.85,0.0,0.35,0.0,3.0,0.0,0.22,0.0,0.43,0.0,0.46,0.0,1.35
2025-02-18 20:00:00+00:00,0.0,1.04,0.0,0.28,0.0,2.43,0.0,0.39,0.0,0.37,0.0,0.34,0.0,1.34
2025-02-18 21:00:00+00:00,0.0,0.69,0.0,0.24,0.0,2.18,0.0,0.44,0.0,0.29,0.0,0.37,0.0,1.34
2025-02-18 22:00:00+00:00,0.0,0.51,0.0,0.23,0.0,2.12,0.0,0.23,0.0,0.23,0.0,0.37,0.0,1.36
2025-02-18 23:00:00+00:00,0.0,0.45,0.0,0.24,0.0,1.98,0.0,0.23,0.0,0.18,0.0,0.36,0.0,1.35
2025-02-19 00:00:00+00:00,0.0,0.18,0.0,0.25,0.0,2.27,0.0,0.23,0.0,0.17,0.0,0.36,0.0,1.37
2025-02-19 01:00:00+00:00,0.0,0.17,0.0,0.25,0.0,1.49,0.0,0.25,0.0,0.17,0.0,0.36,0.0,1.33
2025-02-19 02:00:00+00:00,0.0,0.16,0.0,0.25,0.0,2.84,0.0,0.27,0.0,0.18,0.0,0.37,0.0,1.37
2025-02-19 03:00:00+00:00,0.0,0.2,0.0,0.25,0.0,0.98,0.0,0.28,0.0,0.19,0.0,0.36,0.0,1.34
2025-02-19 04:00:00+00:00,0.0,0.28,0.0,0.25,0.0,3.03,0.0,0.23,0.0,0.19,0.0,0.35,0.0,1.37
2025-02-19 05:00:00+00:00,0.01,0.27,0.0,0.26,0.0,0.99,0.0,0.22,0.0,0.23,0.0,0.35,0.0,1.34
2025-02-19 06:00:00+00:00,0.03,0.25,0.0,0.37,0.04,3.07,0.0,0.23,0.0,0.24,0.0,0.4,0.0,2.1
2025-02-19 07:00:00+00:00,0.1,0.63,0.0,0.62,0.47,2.45,0.0,0.23,0.0,0.29,0.0,0.37,0.0,1.8
2025-02-19 08:00:00+00:00,0.13,0.54,0.02,0.69,0.99,2.7,0.0,0.28,0.0,0.51,0.0,0.37,0.0,2.09
2025-02-19 09:00:00+00:00,0.21,0.44,0.05,0.67,1.73,1.7,0.0,0.24,0.0,0.27,0.0,0.37,0.0,2.76
2025-02-19 10:00:00+00:00,0.46,0.55,0.13,0.67,3.03,2.34,0.0,0.23,0.0,0.26,0.0,0.36,0.0,2.27
2025-02-19 11:00:00+00:00,1.88,0.79,0.76,0.63,7.29,3.53,0.0,0.23,0.0,0.27,0.0,0.43,0.0,1.71
2025-02-19 12:00:00+00:00,1.92,0.73,1.02,0.62,7.51,1.37,0.0,0.27,0.0,0.26,0.0,0.36,0.0,1.42
2025-02-19 13:00:00+00:00,1.45,0.69,1.0,0.6,5.93,2.79,0.0,0.32,0.0,0.26,0.0,0.41,0.0,1.34
2025-02-19 14:00:00+00:00,0.73,0.49,0.41,0.61,4.12,2.94,0.0,0.41,0.0,0.25,0.0,0.54,0.0,0.97
2025-02-19 15:00:00+00:00,0.05,0.12,0.11,0.59,1.24,2.7,0.0,0.35,0.0,0.23,0.0,0.37,0.0,1.33
2025-02-19 16:00:00+00:00,0.05,0.18,0.0,0.27,0.28,2.96,0.0,0.33,0.0,0.22,0.0,0.4,0.0,1.85
2025-02-19 17:00:00+00:00,0.03,0.24,0.0,0.22,0.0,2.69,0.0,0.26,0.0,0.37,0.0,1.69,0.0,1.53
2025-02-19 18:00:00+00:00,0.02,1.1,0.0,0.21,0.0,3.11,0.0,0.23,0.0,0.34,0.0,1.18,0.0,1.3
2025-02-19 19:00:00+00:00,0.02,1.06,0.0,0.31,0.0,2.96,0.0,0.23,0.0,0.38,0.0,0.8,0.0,1.37
2025-02-19 20:00:00+00:00,0.0,1.12,0.0,0.35,0.0,3.54,0.0,0.38,0.0,0.6,0.0,0.43,0.0,1.35
2025-02-19 21:00:00+00:00,0.0,0.76,0.0,0.35,0.0,3.86,0.0,0.28,0.0,0.51,0.0,0.39,0.0,1.38
2025-02-19 22:00:00+00:00,0.0,0.29,0.0,0.34,0.0,3.78,0.0,0.23,0.0,0.29,0.0,0.37,0.0,1.32
2025-02-19 23:00:00+00:00,0.0,0.35,0.0,0.31,0.0,3.57,0.0,0.23,0.0,0.3,0.0,0.37,0.0,1.36
2025-02-20 00:00:00+00:00,0.0,0.31,0.0,0.25,0.0,3.58,0.0,0.22,0.0,0.27,0.0,0.37,0.0,1.34
2025-02-20 01:00:00+00:00,0.0,0.29,0.0,0.25,0.0,3.57,0.0,0.23,0.0,0.26,0.0,0.37,0.0,1.36
2025-02-20 02:00:00+00:00,0.0,0.25,0.0,0.25,0.0,3.58,0.0,0.23,0.0,0.27,0.0,0.35,0.0,1.34
2025-02-20 03:00:00+00:00,0.0,0.26,0.0,0.25,0.0,1.56,0.0,0.23,0.0,0.27,0.0,0.36,0.0,1.35
2025-02-20 04:00:00+00:00,0.0,0.38,0.0,0.25,0.0,0.94,0.0,0.25,0.0,0.27,0.0,0.41,0.0,1.34
2025-02-20 05:00:00+00:00,0.01,0.34,0.0,0.25,0.0,1.22,0.0,0.23,0.0,0.3,0.0,0.36,0.0,1.35
2025-02-20 06:00:00+00:00,0.07,0.56,0.0,0.25,0.05,1.5,0.0,0.23,0.0,0.28,0.0,0.4,0.0,1.78
2025-02-20 07:00:00+00:00,0.11,0.58,0.0,0.32,0.19,1.65,0.0,0.23,0.0,0.36,0.0,0.36,0.0,1.65
2025-02-20 08:00:00+00:00,0.11,0.76,0.0,1.05,0.2,1.93,0.0,0.3,0.0,0.27,0.0,0.36,0.0,1.75
2025-02-20 09:00:00+00:00,0.1,0.39,0.01,1.31,0.78,1.48,0.0,0.41,0.0,0.26,0.0,0.36,0.0,1.64
2025-02-20 10:00:00+00:00,0.24,0.54,0.05,1.27,1.76,1.58,0.0,0.43,0.0,0.28,0.0,0.39,0.0,1.45
2025-02-20 11:00:00+00:00,0.23,0.64,0.06,1.31,1.72,1.72,0.0,0.34,0.0,0.28,0.0,0.54,0.0,1.7
2025-02-20 12:00:00+00:00,0.47,0.44,0.12,1.27,2.57,1.69,0.0,0.53,0.0,0.28,0.0,0.37,0.0,2.17
2025-02-20 13:00:00+00:00,1.53,0.68,1.19,1.27,6.11,1.19,0.0,0.38,0.0,0.32,0.0,0.36,0.0,2.06
2025-02-20 14:00:00+00:00,1.09,0.61,0.66,1.15,5.52,1.05,0.0,0.42,0.0,0.3,0.0,0.36,0.0,1.46
2025-02-20 15:00:00+00:00,0.19,0.24,0.15,1.16,2.47,1.04,0.0,0.44,0.0,0.3,0.0,0.36,0.0,1.68
2025-02-20 16:00:00+00:00,0.05,0.21,0.02,1.19,0.29,1.18,0.0,0.38,0.0,0.32,0.0,0.36,0.0,1.49
2025-02-20 17:00:00+00:00,0.03,0.37,0.0,1.14,0.0,1.43,0.0,0.39,0.0,0.72,0.0,0.34,0.0,1.38
2025-02-20 18:00:00+00:00,0.02,0.72,0.0,0.4,0.0,1.63,0.0,0.38,0.0,0.43,0.0,0.36,0.0,1.33
2025-02-20 19:00:00+00:00,0.02,1.07,0.0,0.22,0.0,1.64,0.0,0.38,0.0,0.38,0.0,0.51,0.0,1.35
2025-02-20 20:00:00+00:00,0.0,0.74,0.0,0.24,0.0,1.3,0.0,0.38,0.0,0.59,0.0,0.52,0.0,1.37
2025-02-20 21:00:00+00:00,0.0,0.7,0.0,0.25,0.0,1.31,0.0,0.38,0.0,0.53,0.0,0.4,0.0,1.41
2025-02-20 22:00:00+00:00,0.0,0.51,0.0,0.28,0.0,1.13,0.0,0.37,0.0,0.47,0.0,0.37,0.0,1.38
2025-02-20 23:00:00+00:00,0.0,0.45,0.0,0.34,0.0,1.01,0.0,0.38,0.0,0.36,0.0,0.37,0.0,1.4
2025-02-21 00:00:00+00:00,0.0,0.36,0.0,0.34,0.0,1.03,0.0,0.38,0.0,0.25,0.0,0.36,0.0,1.37
2025-02-21 01:00:00+00:00,0.0,0.18,0.0,0.35,0.0,1.01,0.0,0.38,0.0,0.25,0.0,0.34,0.0,1.4
2025-02-21 02:00:00+00:00,0.0,0.17,0.0,0.35,0.0,1.04,0.0,0.4,0.0,0.25,0.0,0.36,0.0,1.38
2025-02-21 03:00:00+00:00,0.0,0.16,0.0,0.35,0.0,1.03,0.0,0.38,0.0,0.25,0.0,0.37,0.0,1.39
2025-02-21 04:00:00+00:00,0.0,0.31,0.0,0.3,0.0,1.05,0.0,0.38,0.0,0.25,0.0,0.44,0.0,1.38
2025-02-21 05:00:00+00:00,0.01,0.28,0.0,0.25,0.0,1.1,0.0,0.37,0.0,0.25,0.0,0.38,0.0,1.38
2025-02-21 06:00:00+00:00,0.03,0.27,0.0,0.62,0.07,1.54,0.0,0.38,0.0,0.25,0.0,0.54,0.0,2.42
2025-02-21 07:00:00+00:00,0.11,0.44,0.02,0.28,0.97,1.56,0.0,0.38,0.0,0.28,0.0,0.37,0.0,1.43
2025-02-21 08:00:00+00:00,0.37,1.14,0.12,0.44,2.58,1.2,0.0,0.38,0.0,0.25,0.0,0.35,0.0,1.49
2025-02-21 09:00:00+00:00,1.3,1.26,0.61,0.49,7.24,1.51,0.0,0.4,0.0,0.23,0.0,0.36,0.0,1.39
2025-02-21 10:00:00+00:00,1.87,0.78,0.96,0.55,8.81,1.32,0.0,0.41,0.0,0.4,0.0,0.36,0.0,1.38
2025-02-21 11:00:00+00:00,2.19,0.81,1.17,0.57,8.67,1.5,0.0,0.45,0.0,0.27,0.0,0.36,0.0,1.46
2025-02-21 12:00:00+00:00,2.27,0.81,1.34,0.57,8.33,1.21,0.0,0.4,0.0,0.33,0.0,0.36,0.0,1.37
2025-02-21 13:00:00+00:00,1.7,0.73,1.21,0.37,6.64,6.61,0.0,0.4,0.0,0.36,0.0,0.36,0.0,1.24
2025-02-21 14:00:00+00:00,0.91,0.6,0.56,0.36,4.66,7.04,0.0,0.4,0.0,0.29,0.0,0.36,0.0,0.88
2025-02-21 15:00:00+00:00,0.11,0.21,0.14,0.26,2.04,5.5,0.0,0.34,0.0,0.27,0.0,0.36,0.0,1.15
2025-02-21 16:00:00+00:00,0.05,0.26,0.03,0.27,0.41,3.67,0.0,0.34,0.0,0.24,0.0,0.34,0.0,1.35
2025-02-21 17:00:00+00:00,0.04,1.13,0.0,0.51,0.0,2.45,0.0,0.35,0.0,0.26,0.0,0.62,0.0,1.28
2025-02-21 18:00:00+00:00,0.03,2.32,0.0,0.21,0.0,2.88,0.0,0.36,0.0,0.34,0.0,0.46,0.0,1.31
2025-02-21 19:00:00+00:00,0.03,1.86,0.0,0.21,0.0,3.25,0.0,0.38,0.0,0.45,0.0,0.4,0.0,1.27
2025-02-21 20:00:00+00:00,0.0,1.23,0.0,0.21,0.0,3.64,0.0,0.37,0.0,0.34,0.0,0.39,0.0,1.33
2025-02-21 21:00:00+00:00,0.0,1.18,0.0,0.23,0.0,1.4,0.0,0.38,0.0,0.35,0.0,0.39,0.0,1.33
2025-02-21 22:00:00+00:00,0.0,0.97,0.0,0.23,0.0,2.89,0.0,0.41,0.0,0.25,0.0,0.44,0.0,1.4
2025-02-21 23:00:00+00:00,0.0,0.78,0.0,0.23,0.0,1.04,0.0,0.4,0.0,0.2,0.0,0.37,0.0,1.38
2025-02-22 00:00:00+00:00,0.0,0.54,0.0,0.23,0.0,2.79,0.0,0.38,0.0,0.22,0.0,0.36,0.0,1.42
2025-02-22 01:00:00+00:00,0.0,0.7,0.0,0.24,0.0,2.42,0.0,0.4,0.0,0.18,0.0,0.36,0.0,1.37
2025-02-22 02:00:00+00:00,0.0,0.43,0.0,0.25,0.0,1.5,0.0,0.37,0.0,0.19,0.0,0.36,0.0,1.42
2025-02-22 03:00:00+00:00,0.0,0.37,0.0,0.24,0.0,2.13,0.0,0.4,0.0,0.19,0.0,0.36,0.0,1.37
2025-02-22 04:00:00+00:00,0.0,0.3,0.0,0.25,0.0,1.88,0.0,0.38,0.0,0.19,0.0,0.35,0.0,1.42
2025-02-22 05:00:00+00:00,0.01,0.26,0.0,0.24,0.0,3.11,0.0,0.38,0.0,0.2,0.0,0.36,0.0,1.32
2025-02-22 06:00:00+00:00,0.05,0.27,0.0,0.23,0.08,2.01,0.0,0.37,0.0,0.19,0.0,0.35,0.0,1.36
2025-02-22 07:00:00+00:00,0.07,0.49,0.02,0.24,0.92,2.47,0.0,0.37,0.0,0.2,0.0,0.34,0.0,1.33
2025-02-22 08:00:00+00:00,0.27,0.45,0.11,0.24,2.41,2.26,0.0,0.38,0.0,0.22,0.0,0.44,0.0,1.31
2025-02-22 09:00:00+00:00,0.83,0.55,0.23,0.25,3.92,1.21,0.0,0.37,0.0,0.44,0.0,0.73,0.0,1.25
2025-02-22 10:00:00+00:00,1.65,0.92,0.75,0.4,7.64,3.55,0.0,0.38,0.0,1.0,0.0,1.02,0.0,1.23
2025-02-22 11:00:00+00:00,1.84,0.96,0.85,0.38,7.55,2.22,0.0,0.38,0.0,0.32,0.0,1.04,0.0,1.2
2025-02-22 12:00:00+00:00,1.35,0.87,0.59,0.35,5.71,2.46,0.0,0.41,0.0,0.25,0.0,0.5,0.0,1.19
2025-02-22 13:00:00+00:00,1.36,0.86,0.62,0.37,5.39,2.52,0.0,0.35,0.0,0.26,0.0,0.38,0.0,1.03
2025-02-22 14:00:00+00:00,0.56,0.44,0.3,0.31,3.14,2.08,0.0,0.36,0.0,0.25,0.0,0.36,0.0,1.13
2025-02-22 15:00:00+00:00,0.09,0.19,0.06,0.29,1.39,1.93,0.0,0.37,0.0,0.27,0.0,0.34,0.0,1.26
2025-02-22 16:00:00+00:00,0.09,0.97,0.02,0.3,0.35,1.96,0.0,0.49,0.0,0.27,0.0,0.36,0.0,1.28
2025-02-22 17:00:00+00:00,0.08,1.18,0.0,0.32,0.0,2.64,0.0,0.52,0.0,0.72,0.0,0.36,0.0,1.29
2025-02-22 18:00:00+00:00,0.03,2.5,0.0,0.3,0.0,1.39,0.0,0.39,0.0,0.51,0.0,0.36,0.0,1.25
2025-02-22 19:00:00+00:00,0.03,2.06,0.0,0.28,0.0,2.17,0.0,0.38,0.0,0.45,0.0,0.36,0.0,1.3
2025-02-22 20:00:00+00:00,0.0,0.95,0.0,0.23,0.0,2.42,0.0,0.37,0.0,0.6,0.0,0.36,0.0,1.24
2025-02-22 21:00:00+00:00,0.0,0.73,0.0,0.24,0.0,1.73,0.0,0.39,0.0,0.35,0.0,0.41,0.0,1.34
2025-02-22 22:00:00+00:00,0.0,1.03,0.0,0.23,0.0,2.1,0.0,0.44,0.0,0.4,0.0,0.36,0.0,1.32
2025-02-22 23:00:00+00:00,0.0,0.78,0.0,0.24,0.0,2.31,0.0,0.4,0.0,0.24,0.0,0.36,0.0,1.36
2025-02-23 00:00:00+00:00,0.0,0.57,0.0,0.24,0.0,3.54,0.0,0.37,0.0,0.24,0.0,0.36,0.0,1.33
2025-02-23 01:00:00+00:00,0.0,0.18,0.0,0.24,0.0,3.55,0.0,0.39,0.0,0.22,0.0,0.4,0.0,1.35
2025-02-23 02:00:00+00:00,0.0,0.15,0.0,0.24,0.0,3.56,0.0,0.37,0.0,0.18,0.0,0.36,0.0,1.33
2025-02-23 03:00:00+00:00,0.0,0.16,0.0,0.23,0.0,3.56,0.0,0.38,0.0,0.18,0.0,0.36,0.0,1.35
2025-02-23 04:00:00+00:00,0.0,0.27,0.0,0.23,0.0,3.56,0.0,0.4,0.0,0.18,0.0,0.36,0.0,1.33
2025-02-23 05:00:00+00:00,0.01,0.29,0.0,0.24,0.0,3.62,0.0,0.4,0.0,0.2,0.0,0.34,0.0,1.36
2025-02-23 06:00:00+00:00,0.02,0.27,0.0,0.24,0.0,3.7,0.0,0.4,0.0,0.25,0.0,0.35,0.0,1.32
2025-02-23 07:00:00+00:00,0.06,0.42,0.0,0.23,0.12,1.25,0.0,0.44,0.0,0.2,0.0,0.35,0.0,1.36
2025-02-23 08:00:00+00:00,0.08,0.64,0.01,0.24,0.92,1.09,0.0,0.53,0.0,0.21,0.0,0.59,0.0,1.32
2025-02-23 09:00:00+00:00,0.07,0.12,0.02,0.24,1.05,1.59,0.0,0.67,0.0,0.2,0.0,0.38,0.0,1.34
2025-02-23 10:00:00+00:00,0.38,0.33,0.08,0.24,2.3,1.61,0.0,0.61,0.0,0.21,0.0,1.34,0.0,1.29
2025-02-23 11:00:00+00:00,0.67,0.63,0.12,0.24,3.17,1.51,0.0,0.51,0.0,0.36,0.0,0.37,0.0,1.25
2025-02-23 12:00:00+00:00,0.24,0.58,0.05,0.24,1.79,1.36,0.0,0.37,0.0,0.28,0.0,0.37,0.0,1.33
2025-02-23 13:00:00+00:00,0.19,0.92,0.04,0.24,1.48,1.38,0.0,0.37,0.0,0.22,0.0,0.47,0.0,1.3
2025-02-23 14:00:00+00:00,0.21,0.78,0.04,0.23,1.72,1.15,0.0,0.37,0.0,0.27,0.0,1.13,0.0,1.32
2025-02-23 15:00:00+00:00,0.1,0.51,0.0,0.25,0.61,1.59,0.0,0.37,0.0,0.31,0.0,1.32,0.0,1.32
2025-02-23 16:00:00+00:00,0.11,0.59,0.0,0.24,0.19,1.72,0.0,0.37,0.0,0.32,0.0,1.36,0.0,1.35
2025-02-23 17:00:00+00:00,0.09,1.44,0.0,0.24,0.0,1.47,0.0,0.39,0.0,0.35,0.0,0.38,0.0,1.31
2025-02-23 18:00:00+00:00,0.04,1.66,0.0,0.24,0.0,1.52,0.0,0.38,0.0,0.33,0.0,0.37,0.0,1.33
2025-02-23 19:00:00+00:00,0.03,2.09,0.0,0.25,0.0,1.5,0.0,0.45,0.0,0.33,0.0,0.4,0.0,1.3
2025-02-23 20:00:00+00:00,0.0,1.4,0.0,0.34,0.0,1.28,0.0,0.54,0.0,0.3,0.0,0.41,0.0,1.33
2025-02-23 21:00:00+00:00,0.0,1.61,0.0,0.34,0.0,1.01,0.0,0.44,0.0,0.28,0.0,0.45,0.0,1.3
2025-02-23 22:00:00+00:00,0.0,1.21,0.0,0.3,0.0,0.96,0.0,0.32,0.0,0.3,0.0,0.37,0.0,1.35
2025-02-23 23:00:00+00:00,0.0,0.49,0.0,0.24,0.0,0.93,0.0,0.33,0.0,0.34,0.0,0.37,0.0,1.31
2025-02-24 00:00:00+00:00,0.0,0.42,0.0,0.25,0.0,0.92,0.0,0.31,0.0,0.18,0.0,0.37,0.0,1.35
2025-02-24 01:00:00+00:00,0.0,0.42,0.0,0.25,0.0,0.92,0.0,0.3,0.0,0.18,0.0,0.36,0.0,1.32
2025-02-24 02:00:00+00:00,0.0,0.35,0.0,0.25,0.0,0.91,0.0,0.33,0.0,0.18,0.0,0.36,0.0,1.34
2025-02-24 03:00:00+00:00,0.0,0.19,0.0,0.25,0.0,0.91,0.0,0.33,0.0,0.17,0.0,0.36,0.0,1.33
2025-02-24 04:00:00+00:00,0.0,0.34,0.0,0.25,0.0,0.92,0.0,0.31,0.0,0.18,0.0,0.34,0.0,1.33
2025-02-24 05:00:00+00:00,0.01,0.29,0.0,0.25,0.0,1.14,0.0,0.36,0.0,0.19,0.0,0.35,0.0,1.34
2025-02-24 06:00:00+00:00,0.04,0.31,0.0,1.25,0.07,1.56,0.0,0.34,0.0,0.22,0.0,0.58,0.0,1.51
2025-02-24 07:00:00+00:00,0.11,0.52,0.01,1.28,0.72,1.28,0.0,0.67,0.0,0.29,0.0,0.36,0.0,2.01
2025-02-24 08:00:00+00:00,0.23,0.51,0.09,1.29,2.18,1.03,0.0,0.56,0.0,0.23,0.0,0.36,0.0,2.48
2025-02-24 09:00:00+00:00,0.91,0.94,0.25,0.92,4.44,1.03,0.0,0.48,0.0,0.21,0.0,0.36,0.0,2.46
2025-02-24 10:00:00+00:00,0.39,0.4,0.11,0.37,2.55,1.02,0.0,0.52,0.0,0.28,0.0,0.39,0.0,2.02
2025-02-24 11:00:00+00:00,1.13,1.19,0.35,0.39,4.59,1.07,0.0,0.34,0.0,0.23,0.0,0.28,0.0,1.77
2025-02-24 12:00:00+00:00,1.01,0.93,0.23,0.36,4.12,1.24,0.0,0.41,0.0,0.21,0.0,0.34,0.0,1.66
2025-02-24 13:00:00+00:00,0.39,0.35,0.09,0.38,2.4,1.28,0.0,0.33,0.0,0.22,0.0,0.35,0.0,1.7
2025-02-24 14:00:00+00:00,0.26,0.28,0.08,0.24,1.91,1.14,0.0,0.34,0.0,0.2,0.0,0.36,0.0,1.56
2025-02-24 15:00:00+00:00,0.08,0.19,0.05,0.22,1.37,1.53,0.0,0.33,0.0,0.19,0.0,0.36,0.0,1.6
2025-02-24 16:00:00+00:00,0.06,0.29,0.0,0.23,0.28,1.73,0.0,0.21,0.0,0.3,0.0,0.36,0.0,1.58
2025-02-24 17:00:00+00:00,0.05,0.55,0.0,0.22,0.0,5.15,0.0,0.19,0.0,0.87,0.0,0.36,0.0,1.62
2025-02-24 18:00:00+00:00,0.02,0.88,0.0,0.23,0.0,6.97,0.0,0.2,0.0,0.34,0.0,0.42,0.0,1.6
2025-02-24 19:00:00+00:00,0.03,1.04,0.0,0.23,0.0,6.95,0.0,0.2,0.0,0.31,0.0,0.43,0.0,1.62
2025-02-24 20:00:00+00:00,0.0,0.65,0.0,0.23,0.0,3.36,0.0,0.32,0.0,0.55,0.0,0.48,0.0,1.53
2025-02-24 21:00:00+00:00,0.0,0.51,0.0,0.23,0.0,2.05,0.0,0.4,0.0,0.28,0.0,0.47,0.0,1.34
2025-02-24 22:00:00+00:00,0.0,0.35,0.0,0.3,0.0,3.34,0.0,0.27,0.0,0.24,0.0,0.37,0.0,1.34
2025-02-24 23:00:00+00:00,0.0,0.24,0.0,0.33,0.0,2.6,0.0,0.21,0.0,0.25,0.0,0.37,0.0,1.33
2025-02-25 00:00:00+00:00,0.0,0.13,0.0,0.34,0.0,1.72,0.0,0.21,0.0,0.31,0.0,0.36,0.0,1.35
2025-02-25 01:00:00+00:00,0.0,0.15,0.0,0.24,0.0,1.64,0.0,0.21,0.0,0.21,0.0,0.36,0.0,1.32
2025-02-25 02:00:00+00:00,0.0,0.17,0.0,0.24,0.0,1.96,0.0,0.21,0.0,0.22,0.0,0.35,0.0,1.36
2025-02-25 03:00:00+00:00,0.0,0.17,0.0,0.24,0.0,1.83,0.0,0.21,0.0,0.22,0.0,0.35,0.0,1.33
2025-02-25 04:00:00+00:00,0.0,0.33,0.0,0.24,0.0,2.56,0.0,0.24,0.0,0.22,0.0,0.35,0.0,1.36
2025-02-25 05:00:00+00:00,0.01,0.29,0.0,0.24,0.0,1.86,0.0,0.21,0.0,0.22,0.0,0.37,0.0,1.33
2025-02-25 06:00:00+00:00,0.04,0.33,0.0,1.02,0.01,2.38,0.0,0.22,0.0,0.31,0.0,0.39,0.0,1.61
2025-02-25 07:00:00+00:00,0.1,0.35,0.03,1.28,1.08,3.35,0.0,0.25,0.0,0.23,0.0,0.4,0.0,1.4
2025-02-25 08:00:00+00:00,0.1,0.37,0.02,1.41,0.97,3.09,0.0,0.24,0.0,0.23,0.0,0.36,0.0,2.29
2025-02-25 09:00:00+00:00,0.06,0.18,0.02,1.31,0.85,2.64,0.0,0.55,0.0,0.21,0.0,0.34,0.0,2.19
2025-02-25 10:00:00+00:00,0.29,0.37,0.07,1.38,2.01,2.56,0.0,0.54,0.0,0.21,0.0,0.29,0.0,1.44
2025-02-25 11:00:00+00:00,0.67,0.73,0.14,1.36,3.13,2.45,0.0,0.27,0.0,0.22,0.0,0.41,0.0,1.37
2025-02-25 12:00:00+00:00,0.16,0.26,0.04,1.39,1.49,2.23,0.0,0.53,0.0,0.22,0.0,0.36,0.0,2.27
2025-02-25 13:00:00+00:00,0.13,0.24,0.05,1.47,1.51,2.38,0.0,0.51,0.0,0.23,0.0,0.36,0.0,2.16
2025-02-25 14:00:00+00:00,0.16,0.29,0.07,1.46,1.77,2.23,0.0,0.59,0.0,0.23,0.0,0.36,0.0,1.94
2025-02-25 15:00:00+00:00,0.21,0.4,0.13,1.46,1.96,2.52,0.0,0.37,0.0,0.23,0.0,0.36,0.0,1.28
2025-02-25 16:00:00+00:00,0.08,0.18,0.12,1.46,1.05,2.21,0.0,0.34,0.0,0.23,0.0,0.37,0.0,1.3
2025-02-25 17:00:00+00:00,0.07,0.46,0.0,1.3,0.0,3.15,0.0,0.33,0.0,0.43,0.0,0.48,0.0,1.3
2025-02-25 18:00:00+00:00,0.02,0.87,0.0,1.12,0.0,2.73,0.0,0.34,0.0,0.43,0.0,1.85,0.0,1.33
2025-02-25 19:00:00+00:00,0.03,2.01,0.0,0.21,0.0,2.72,0.0,0.36,0.0,0.36,0.0,1.12,0.0,1.29
2025-02-25 20:00:00+00:00,0.0,2.09,0.0,0.21,0.0,2.0,0.0,0.35,0.0,0.45,0.0,0.6,0.0,1.35
2025-02-25 21:00:00+00:00,0.0,1.42,0.0,0.21,0.0,2.27,0.0,0.36,0.0,0.36,0.0,0.47,0.0,1.34
2025-02-25 22:00:00+00:00,0.0,0.7,0.0,0.27,0.0,2.05,0.0,0.35,0.0,0.29,0.0,0.37,0.0,1.34
2025-02-25 23:00:00+00:00,0.0,0.45,0.0,0.33,0.0,2.17,0.0,0.35,0.0,0.36,0.0,0.37,0.0,1.31
2025-02-26 00:00:00+00:00,0.0,0.31,0.0,0.33,0.0,2.01,0.0,0.38,0.0,0.32,0.0,0.36,0.0,1.34
2025-02-26 01:00:00+00:00,0.0,0.19,0.0,0.34,0.0,1.76,0.0,0.38,0.0,0.3,0.0,0.34,0.0,1.32
2025-02-26 02:00:00+00:00,0.0,0.18,0.0,0.34,0.0,3.38,0.0,0.35,0.0,0.28,0.0,0.36,0.0,1.33
2025-02-26 03:00:00+00:00,0.0,0.19,0.0,0.34,0.0,3.5,0.0,0.35,0.0,0.27,0.0,0.35,0.0,1.33
2025-02-26 04:00:00+00:00,0.0,0.3,0.0,0.34,0.0,3.5,0.0,0.37,0.0,0.27,0.0,0.37,0.0,1.32
2025-02-26 05:00:00+00:00,0.01,0.25,0.0,0.55,0.0,3.56,0.0,0.36,0.0,0.27,0.0,0.43,0.0,1.34
2025-02-26 06:00:00+00:00,0.04,0.28,0.0,0.29,0.01,3.63,0.0,0.4,0.0,0.32,0.0,0.41,0.0,2.28
2025-02-26 07:00:00+00:00,0.12,0.7,0.01,0.26,0.69,3.76,0.0,0.54,0.0,0.35,0.0,0.36,0.0,2.47
2025-02-26 08:00:00+00:00,0.1,0.39,0.02,0.26,0.91,3.76,0.0,0.65,0.0,0.34,0.0,0.36,0.0,2.76
2025-02-26 09:00:00+00:00,0.05,0.14,0.02,1.24,0.94,1.37,0.0,0.56,0.0,0.36,0.0,0.35,0.0,2.58
2025-02-26 10:00:00+00:00,0.06,0.16,0.03,1.51,1.11,0.9,0.0,0.53,0.0,0.33,0.0,0.35,0.0,2.08
2025-02-26 11:00:00+00:00,0.08,0.28,0.03,1.13,1.02,1.11,0.0,0.43,0.0,0.33,0.0,0.44,0.0,1.81
2025-02-26 12:00:00+00:00,0.24,0.23,0.07,1.27,1.76,0.77,0.0,0.38,0.0,0.35,0.0,0.36,0.0,1.56
2025-02-26 13:00:00+00:00,0.09,0.13,0.04,1.47,1.23,0.55,0.0,0.37,0.0,0.31,0.0,0.36,0.0,1.62
2025-02-26 14:00:00+00:00,0.14,0.17,0.05,0.71,1.45,0.67,0.0,0.51,0.0,0.31,0.0,0.35,0.0,1.43
2025-02-26 15:00:00+00:00,0.04,0.12,0.02,0.26,0.72,1.06,0.0,0.51,0.0,0.39,0.0,0.32,0.0,1.67
2025-02-26 16:00:00+00:00,0.05,0.17,0.01,0.25,0.46,1.02,0.0,0.4,0.0,0.4,0.0,0.29,0.0,2.06
2025-02-26 17:00:00+00:00,0.05,0.55,0.0,0.27,0.0,1.05,0.0,0.37,0.0,0.36,0.0,0.31,0.0,1.49
2025-02-26 18:00:00+00:00,0.04,2.02,0.0,1.04,0.0,1.12,0.0,0.23,0.0,0.36,0.0,0.34,0.0,1.35
2025-02-26 19:00:00+00:00,0.03,1.34,0.0,0.33,0.0,0.94,0.0,0.23,0.0,0.43,0.0,0.37,0.0,1.34
2025-02-26 20:00:00+00:00,0.0,3.64,0.0,0.25,0.0,0.98,0.0,0.23,0.0,0.45,0.0,0.71,0.0,1.35
2025-02-26 21:00:00+00:00,0.0,1.18,0.0,0.25,0.0,0.83,0.0,0.23,0.0,0.4,0.0,0.4,0.0,1.31
2025-02-26 22:00:00+00:00,0.0,1.19,0.0,0.24,0.0,0.74,0.0,0.23,0.0,0.28,0.0,0.38,0.0,1.31
2025-02-26 23:00:00+00:00,0.0,0.54,0.0,0.25,0.0,0.49,0.0,0.23,0.0,0.3,0.0,0.37,0.0,1.33
2025-02-27 00:00:00+00:00,0.0,0.37,0.0,0.25,0.0,0.49,0.0,0.28,0.0,0.39,0.0,0.35,0.0,1.34
2025-02-27 01:00:00+00:00,0.0,0.4,0.0,0.25,0.0,0.48,0.0,0.26,0.0,0.31,0.0,0.35,0.0,1.33
2025-02-27 02:00:00+00:00,0.0,0.38,0.0,0.25,0.0,0.47,0.0,0.25,0.0,0.25,0.0,0.37,0.0,1.35
2025-02-27 03:00:00+00:00,0.0,0.41,0.0,0.24,0.0,0.46,0.0,0.23,0.0,0.25,0.0,0.36,0.0,1.32
2025-02-27 04:00:00+00:00,0.0,0.6,0.0,0.25,0.0,0.45,0.0,0.23,0.0,0.25,0.0,0.36,0.0,1.36
2025-02-27 05:00:00+00:00,0.01,0.57,0.0,0.26,0.0,0.76,0.0,0.23,0.0,0.25,0.0,0.41,0.0,1.48
2025-02-27 06:00:00+00:00,0.04,0.26,0.0,0.35,0.07,0.92,0.0,0.23,0.0,0.29,0.0,0.43,0.0,1.45
2025-02-27 07:00:00+00:00,0.11,0.78,0.0,0.72,0.36,1.02,0.0,0.23,0.0,0.33,0.0,0.36,0.0,1.67
2025-02-27 08:00:00+00:00,0.11,0.39,0.02,1.01,0.93,1.14,0.0,0.43,0.0,0.24,0.0,0.37,0.0,1.71
2025-02-27 09:00:00+00:00,0.08,0.66,0.03,1.28,1.0,0.93,0.0,0.45,0.0,0.27,0.0,0.36,0.0,1.67
2025-02-27 10:00:00+00:00,0.08,0.13,0.05,1.02,1.27,0.99,0.0,0.53,0.0,0.28,0.0,0.36,0.0,1.66
2025-02-27 11:00:00+00:00,0.24,0.58,0.05,0.95,1.59,0.89,0.0,0.36,0.0,0.29,0.0,0.59,0.0,1.6
2025-02-27 12:00:00+00:00,0.68,0.45,0.2,0.89,3.19,0.84,0.0,0.44,0.0,0.31,0.0,0.36,0.0,1.36
2025-02-27 13:00:00+00:00,0.73,0.43,0.28,0.84,3.42,0.86,0.0,0.54,0.0,0.3,0.0,0.36,0.0,1.25
2025-02-27 14:00:00+00:00,0.71,0.44,0.36,0.81,3.48,0.55,0.0,0.47,0.0,0.27,0.0,0.35,0.0,1.34
2025-02-27 15:00:00+00:00,0.16,0.23,0.18,0.82,2.3,0.86,0.0,0.47,0.0,0.28,0.0,0.35,0.0,1.44
2025-02-27 16:00:00+00:00,0.04,0.13,0.25,0.66,0.56,1.18,0.0,0.6,0.0,0.27,0.0,0.35,0.0,1.35
2025-02-27 17:00:00+00:00,0.05,0.32,0.0,0.56,0.0,1.16,0.0,0.42,0.0,0.31,0.0,0.34,0.0,1.32
2025-02-27 18:00:00+00:00,0.02,0.79,0.0,0.57,0.0,1.15,0.0,0.28,0.0,0.37,0.0,0.35,0.0,1.29
2025-02-27 19:00:00+00:00,0.02,1.01,0.0,0.38,0.0,4.69,0.0,0.18,0.0,0.35,0.0,0.36,0.0,1.28
2025-02-27 20:00:00+00:00,0.0,1.45,0.0,0.25,0.0,5.98,0.0,0.16,0.0,0.35,0.0,0.36,0.0,1.31
2025-02-27 21:00:00+00:00,0.0,0.38,0.0,0.25,0.0,6.16,0.0,0.16,0.0,0.38,0.0,0.44,0.0,1.34
2025-02-27 22:00:00+00:00,0.0,0.27,0.0,0.25,0.0,1.67,0.0,0.15,0.0,0.34,0.0,0.35,0.0,1.32
2025-02-27 23:00:00+00:00,0.0,0.39,0.0,0.26,0.0,2.68,0.0,0.18,0.0,0.36,0.0,0.36,0.0,1.35
2025-02-28 00:00:00+00:00,0.0,0.18,0.0,0.26,0.0,2.03,0.0,0.15,0.0,0.43,0.0,0.35,0.0,1.3
2025-02-28 01:00:00+00:00,0.0,0.19,0.0,0.25,0.0,0.93,0.0,0.17,0.0,0.2,0.0,0.36,0.0,1.36
2025-02-28 02:00:00+00:00,0.0,0.22,0.0,0.26,0.0,2.31,0.0,0.18,0.0,0.19,0.0,0.36,0.0,1.31
2025-02-28 03:00:00+00:00,0.0,0.18,0.0,0.25,0.0,0.54,0.0,0.15,0.0,0.19,0.0,0.35,0.0,1.36
2025-02-28 04:00:00+00:00,0.0,0.29,0.0,0.25,0.0,2.48,0.0,0.18,0.0,0.2,0.0,0.36,0.0,1.32
2025-02-28 05:00:00+00:00,0.01,0.25,0.0,0.33,0.0,1.07,0.0,0.17,0.0,0.22,0.0,0.35,0.0,1.36
2025-02-28 06:00:00+00:00,0.07,0.47,0.0,0.33,0.05,2.23,0.0,0.19,0.0,0.24,0.0,0.35,0.0,1.5
2025-02-28 07:00:00+00:00,0.14,0.5,0.04,0.27,1.15,2.07,0.0,0.2,0.0,0.29,0.0,0.42,0.0,1.4
2025-02-28 08:00:00+00:00,0.74,0.7,0.23,0.32,4.78,1.88,0.0,0.24,0.0,0.25,0.0,0.37,0.0,1.6
2025-02-28 09:00:00+00:00,1.17,0.67,0.32,0.38,5.47,1.8,0.0,0.42,0.0,0.27,0.0,0.36,0.0,1.43
2025-02-28 10:00:00+00:00,1.65,0.7,0.45,0.32,6.47,1.76,0.0,0.5,0.0,0.23,0.0,0.36,0.0,1.5
2025-02-28 11:00:00+00:00,0.94,0.63,0.22,0.26,4.34,2.49,0.0,0.41,0.0,0.25,0.0,0.35,0.0,1.42
2025-02-28 12:00:00+00:00,0.28,0.26,0.07,0.31,2.02,1.04,0.0,0.46,0.0,0.21,0.0,0.32,0.0,1.41
2025-02-28 13:00:00+00:00,0.17,0.19,0.05,0.37,1.58,1.97,0.0,0.31,0.0,0.19,0.0,0.29,0.0,1.36
2025-02-28 14:00:00+00:00,0.22,0.22,0.06,0.39,1.93,2.01,0.0,0.22,0.0,0.19,0.0,0.3,0.0,1.42
2025-02-28 15:00:00+00:00,0.06,0.14,0.02,0.38,0.99,2.19,0.0,0.24,0.0,0.28,0.0,0.34,0.0,1.48
2025-02-28 16:00:00+00:00,0.07,0.34,0.0,0.41,0.26,2.84,0.0,0.2,0.0,0.46,0.0,0.49,0.0,1.43
2025-02-28 17:00:00+00:00,0.08,0.57,0.0,0.34,0.0,2.69,0.0,0.18,0.0,0.36,0.0,0.32,0.0,1.34
2025-02-28 18:00:00+00:00,0.03,1.12,0.0,0.35,0.0,1.85,0.0,0.18,0.0,0.24,0.0,0.34,0.0,1.36
2025-02-28 19:00:00+00:00,0.03,0.78,0.0,0.34,0.0,1.91,0.0,0.2,0.0,0.24,0.0,0.4,0.0,1.31
2025-02-28 20:00:00+00:00,0.0,0.78,0.0,0.34,0.0,3.08,0.0,0.17,0.0,0.24,0.0,0.41,0.0,1.34
2025-02-28 21:00:00+00:00,0.0,0.64,0.0,0.35,0.0,1.86,0.0,0.22,0.0,0.25,0.0,0.35,0.0,1.29
2025-02-28 22:00:00+00:00,0.0,0.48,0.0,0.33,0.0,1.76,0.0,0.18,0.0,0.25,0.0,0.34,0.0,1.34
2025-02-28 23:00:00+00:00,0.0,0.3,0.0,0.34,0.0,1.52,0.0,0.17,0.0,0.23,0.0,0.37,0.0,1.31
2025-03-01 00:00:00+00:00,0.0,0.22,0.0,0.35,0.0,1.95,0.0,0.17,0.0,0.24,0.0,0.47,0.0,1.34
2025-03-01 01:00:00+00:00,0.0,0.21,0.0,0.3,0.0,1.23,0.0,0.17,0.0,0.29,0.0,0.39,0.0,1.32
2025-03-01 02:00:00+00:00,0.0,0.19,0.0,0.24,0.0,0.92,0.0,0.17,0.0,0.27,0.0,0.36,0.0,1.35
2025-03-01 03:00:00+00:00,0.0,0.18,0.0,0.23,0.0,1.65,0.0,0.2,0.0,0.28,0.0,0.35,0.0,1.32
2025-03-01 04:00:00+00:00,0.0,0.34,0.0,0.24,0.0,1.77,0.0,0.17,0.0,0.29,0.0,0.35,0.0,1.36
2025-03-01 05:00:00+00:00,0.01,0.32,0.0,0.26,0.0,1.81,0.0,0.17,0.0,0.28,0.0,0.35,0.0,1.31
2025-03-01 06:00:00+00:00,0.05,0.44,0.0,0.25,0.02,1.72,0.0,0.17,0.0,0.28,0.0,0.35,0.0,1.36
2025-03-01 07:00:00+00:00,0.1,0.56,0.0,0.26,0.22,1.54,0.0,0.17,0.0,0.28,0.0,0.37,0.0,1.31
2025-03-01 08:00:00+00:00,0.11,0.62,0.0,0.25,0.57,2.45,0.0,0.17,0.0,0.29,0.0,0.36,0.0,1.37
2025-03-01 09:00:00+00:00,0.13,0.94,0.03,0.24,1.08,3.38,0.0,0.19,0.0,0.29,0.0,0.36,0.0,1.31
2025-03-01 10:00:00+00:00,0.19,0.58,0.06,0.24,1.77,3.26,0.0,0.17,0.0,0.28,0.0,0.37,0.0,1.32
2025-03-01 11:00:00+00:00,0.34,0.35,0.08,0.24,2.34,3.75,0.0,0.17,0.0,0.28,0.0,0.99,0.0,1.26
2025-03-01 12:00:00+00:00,0.28,0.55,0.08,0.25,2.08,3.58,0.0,0.17,0.0,0.31,0.0,0.84,0.0,1.29
2025-03-01 13:00:00+00:00,0.28,0.57,0.08,0.24,2.08,3.37,0.0,0.17,0.0,0.31,0.0,0.37,0.0,1.29
2025-03-01 14:00:00+00:00,0.28,0.4,0.09,0.23,2.18,3.36,0.0,0.19,0.0,0.29,0.0,0.53,0.0,1.26
2025-03-01 15:00:00+00:00,0.15,0.43,0.05,0.24,1.34,2.88,0.0,0.22,0.0,0.27,0.0,0.96,0.0,1.3
2025-03-01 16:00:00+00:00,0.11,0.62,0.0,0.24,0.44,0.92,0.0,0.21,0.0,0.27,0.0,0.39,0.0,1.32
2025-03-01 17:00:00+00:00,0.11,1.2,0.0,0.24,0.0,0.64,0.0,0.19,0.0,0.27,0.0,0.38,0.0,1.34
2025-03-01 18:00:00+00:00,0.04,2.48,0.0,0.25,0.0,0.96,0.0,0.17,0.0,0.3,0.0,0.36,0.0,1.32
2025-03-01 19:00:00+00:00,0.03,0.99,0.0,0.24,0.0,0.86,0.0,0.2,0.0,0.28,0.0,0.35,0.0,1.34
2025-03-01 20:00:00+00:00,0.0,1.82,0.0,0.25,0.0,0.66,0.0,0.23,0.0,0.28,0.0,0.36,0.0,1.32
2025-03-01 21:00:00+00:00,0.0,1.41,0.0,0.25,0.0,0.73,0.0,0.17,0.0,0.28,0.0,0.36,0.0,1.34
2025-03-01 22:00:00+00:00,0.0,0.74,0.0,0.25,0.0,0.52,0.0,0.17,0.0,0.28,0.0,0.37,0.0,1.32
2025-03-01 23:00:00+00:00,0.0,0.55,0.0,0.25,0.0,0.45,0.0,0.19,0.0,0.28,0.0,0.36,0.0,1.35
2025-03-02 00:00:00+00:00,0.0,0.32,0.0,0.27,0.0,0.47,0.0,0.19,0.0,0.28,0.0,0.36,0.0,1.31
2025-03-02 01:00:00+00:00,0.0,0.28,0.0,0.32,0.0,0.45,0.0,0.17,0.0,0.28,0.0,0.36,0.0,1.34
2025-03-02 02:00:00+00:00,0.0,0.26,0.0,0.35,0.0,0.45,0.0,0.19,0.0,0.29,0.0,0.36,0.0,1.31
2025-03-02 03:00:00+00:00,0.0,0.26,0.0,0.35,0.0,0.45,0.0,0.19,0.0,0.29,0.0,0.36,0.0,1.34
2025-03-02 04:00:00+00:00,0.0,0.39,0.0,0.36,0.0,0.45,0.0,0.19,0.0,0.29,0.0,0.34,0.0,1.32
2025-03-02 05:00:00+00:00,0.01,0.27,0.0,0.36,0.0,0.5,0.0,0.17,0.0,0.31,0.0,0.37,0.0,1.34
2025-03-02 06:00:00+00:00,0.04,0.2,0.0,0.35,0.35,0.59,0.0,0.17,0.0,0.29,0.0,0.36,0.0,1.33
2025-03-02 07:00:00+00:00,0.03,0.07,0.01,0.34,0.76,0.67,0.0,0.17,0.0,0.28,0.0,0.36,0.0,1.33
2025-03-02 08:00:00+00:00,0.2,0.25,0.07,0.35,1.93,1.08,0.0,0.17,0.0,0.28,0.0,0.36,0.0,1.31
2025-03-02 09:00:00+00:00,0.23,0.23,0.05,0.33,1.67,0.99,0.0,0.17,0.0,0.29,0.0,0.36,0.0,1.3
2025-03-02 10:00:00+00:00,0.48,0.38,0.11,0.34,2.64,1.06,0.0,0.17,0.0,0.28,0.0,0.49,0.0,1.29
2025-03-02 11:00:00+00:00,1.12,0.67,0.36,0.39,4.59,1.1,0.0,0.17,0.0,0.28,0.0,1.48,0.0,1.23
2025-03-02 12:00:00+00:00,2.71,1.1,1.28,0.36,9.14,0.57,0.0,0.17,0.0,0.29,0.0,0.5,0.0,1.21
2025-03-02 13:00:00+00:00,2.46,1.01,1.32,0.34,8.31,0.59,0.0,0.17,0.0,0.29,0.0,0.38,0.0,1.08
2025-03-02 14:00:00+00:00,1.13,0.86,1.09,0.36,6.06,0.56,0.0,0.17,0.0,0.25,0.0,0.37,0.0,0.66
2025-03-02 15:00:00+00:00,0.46,0.52,0.54,0.33,4.17,0.62,0.0,0.17,0.0,0.23,0.0,1.01,0.0,0.92
2025-03-02 16:00:00+00:00,0.14,0.87,0.29,0.21,1.05,1.13,0.0,0.17,0.0,0.22,0.0,0.38,0.0,1.26
2025-03-02 17:00:00+00:00,0.11,1.21,0.0,0.22,0.02,0.91,0.0,0.21,0.0,0.23,0.0,0.36,0.0,1.27
2025-03-02 18:00:00+00:00,0.03,1.15,0.0,0.2,0.0,0.9,0.0,0.18,0.0,0.24,0.0,0.81,0.0,1.3
2025-03-02 19:00:00+00:00,0.03,1.37,0.0,0.21,0.0,0.65,0.0,0.17,0.0,0.23,0.0,1.22,0.0,1.26
2025-03-02 20:00:00+00:00,0.0,1.38,0.0,0.21,0.0,0.56,0.0,0.22,0.0,0.24,0.0,0.4,0.0,1.29
2025-03-02 21:00:00+00:00,0.0,1.09,0.0,0.21,0.0,0.76,0.0,0.26,0.0,0.25,0.0,0.38,0.0,1.25
2025-03-02 22:00:00+00:00,0.0,0.24,0.0,0.21,0.0,0.54,0.0,0.2,0.0,0.26,0.0,0.36,0.0,1.34
2025-03-02 23:00:00+00:00,0.0,0.14,0.0,0.21,0.0,0.48,0.0,0.17,0.0,0.25,0.0,0.4,0.0,1.32
2025-03-03 00:00:00+00:00,0.0,0.22,0.0,0.21,0.0,0.46,0.0,0.17,0.0,0.24,0.0,0.36,0.0,1.35
2025-03-03 01:00:00+00:00,0.0,0.16,0.0,0.21,0.0,1.66,0.0,0.29,0.0,0.24,0.0,0.34,0.0,1.33
2025-03-03 02:00:00+00:00,0.0,0.19,0.0,0.24,0.0,5.8,0.0,0.21,0.0,0.24,0.0,0.35,0.0,1.35
2025-03-03 03:00:00+00:00,0.0,0.18,0.0,0.24,0.0,5.81,0.0,0.26,0.0,0.25,0.0,0.36,0.0,1.35
2025-03-03 04:00:00+00:00,0.0,0.3,0.0,0.24,0.0,3.74,0.0,0.26,0.0,0.26,0.0,0.36,0.0,1.35
2025-03-03 05:00:00+00:00,0.01,0.3,0.0,1.16,0.0,2.96,0.0,0.22,0.0,0.25,0.0,0.36,0.0,1.35
2025-03-03 06:00:00+00:00,0.04,0.19,0.01,1.22,0.33,1.76,0.0,0.24,0.0,0.25,0.0,0.4,0.0,1.55
2025-03-03 07:00:00+00:00,0.15,0.24,0.07,1.48,2.64,2.0,0.0,0.36,0.0,0.23,0.0,0.36,0.0,1.45
2025-03-03 08:00:00+00:00,0.87,0.63,0.3,1.64,7.11,1.52,0.0,0.34,0.0,0.24,0.0,0.44,0.0,1.56
2025-03-03 09:00:00+00:00,1.79,1.01,0.66,1.66,8.85,2.31,0.0,0.3,0.0,0.22,0.0,0.42,0.0,1.6
2025-03-03 10:00:00+00:00,2.31,1.05,0.99,1.65,9.89,1.57,0.0,0.28,0.0,0.24,0.0,0.35,0.0,1.58
2025-03-03 11:00:00+00:00,2.84,1.27,1.24,1.63,10.27,1.62,0.0,0.17,0.0,0.23,0.0,0.23,0.0,1.36
2025-03-03 12:00:00+00:00,2.82,0.87,1.38,1.75,9.45,1.57,0.0,0.24,0.0,0.21,0.0,0.13,0.0,1.41
2025-03-03 13:00:00+00:00,2.39,0.82,1.41,1.64,8.31,2.2,0.0,0.21,0.0,0.22,0.0,0.29,0.0,1.39
2025-03-03 14:00:00+00:00,1.54,0.71,1.27,1.62,6.6,1.05,0.0,0.21,0.0,0.24,0.0,0.36,0.0,0.84
2025-03-03 15:00:00+00:00,0.42,0.42,0.57,1.58,4.03,1.67,0.0,0.15,0.0,0.32,0.0,0.36,0.0,1.13
2025-03-03 16:00:00+00:00,0.05,0.16,0.32,1.26,0.86,2.63,0.0,0.19,0.0,0.41,0.0,0.35,0.0,1.29
2025-03-03 17:00:00+00:00,0.1,1.14,0.0,0.31,0.0,1.75,0.0,0.21,0.0,0.37,0.0,0.79,0.0,1.35
2025-03-03 18:00:00+00:00,0.03,1.95,0.0,0.28,0.0,3.14,0.0,0.15,0.0,0.34,0.0,0.41,0.0,1.28
2025-03-03 19:00:00+00:00,0.02,0.72,0.0,0.3,0.0,2.81,0.0,0.11,0.0,0.2,0.0,0.43,0.0,1.29
2025-03-03 20:00:00+00:00,0.0,0.49,0.0,0.3,0.0,1.98,0.0,0.19,0.0,0.16,0.0,0.36,0.0,1.28
2025-03-03 21:00:00+00:00,0.0,0.34,0.0,0.3,0.0,1.92,0.0,0.1,0.0,0.15,0.0,0.36,0.0,1.31
2025-03-03 22:00:00+00:00,0.0,0.3,0.0,0.29,0.0,1.75,0.0,0.1,0.0,0.15,0.0,0.52,0.0,1.29
2025-03-03 23:00:00+00:00,0.0,0.23,0.0,0.29,0.0,1.56,0.0,0.13,0.0,0.19,0.0,0.35,0.0,1.3
2025-03-04 00:00:00+00:00,0.0,0.18,0.0,0.29,0.0,1.47,0.0,0.17,0.0,0.19,0.0,0.36,0.0,1.34
2025-03-04 01:00:00+00:00,0.0,0.17,0.0,0.29,0.0,1.65,0.0,0.13,0.0,0.18,0.0,0.35,0.0,1.36
2025-03-04 02:00:00+00:00,0.0,0.17,0.0,0.28,0.0,1.39,0.0,0.16,0.0,0.16,0.0,0.37,0.0,1.33
2025-03-04 03:00:00+00:00,0.0,0.19,0.0,0.3,0.0,2.1,0.0,0.15,0.0,0.19,0.0,0.36,0.0,1.36
2025-03-04 04:00:00+00:00,0.0,0.35,0.0,0.32,0.0,1.41,0.0,0.16,0.0,0.2,0.0,0.36,0.0,1.33
2025-03-04 05:00:00+00:00,0.01,0.34,0.0,0.32,0.0,1.55,0.0,0.16,0.0,0.21,0.0,0.35,0.0,1.35
2025-03-04 06:00:00+00:00,0.06,0.26,0.01,0.35,0.41,1.9,0.0,0.13,0.0,0.22,0.0,0.36,0.0,1.91
2025-03-04 07:00:00+00:00,0.16,0.29,0.07,0.74,2.82,1.41,0.0,0.14,0.0,0.23,0.0,0.4,0.0,1.68
2025-03-04 08:00:00+00:00,0.81,0.74,0.3,0.76,7.21,1.63,0.0,0.16,0.0,0.22,0.0,0.42,0.0,1.78
2025-03-04 09:00:00+00:00,1.91,0.95,0.67,0.91,8.82,3.09,0.0,0.2,0.0,0.17,0.0,0.37,0.0,2.07
2025-03-04 10:00:00+00:00,2.43,1.05,0.98,0.89,9.81,1.28,0.0,0.16,0.0,0.18,0.0,0.36,0.0,1.55
2025-03-04 11:00:00+00:00,2.68,1.23,1.22,0.9,10.03,2.45,0.0,0.25,0.0,0.17,0.0,0.36,0.0,1.4
2025-03-04 12:00:00+00:00,2.79,1.08,1.36,1.0,9.31,1.09,0.0,0.27,0.0,0.18,0.0,0.37,0.0,1.43
2025-03-04 13:00:00+00:00,2.31,1.04,1.34,0.79,8.06,1.89,0.0,0.33,0.0,0.17,0.0,0.36,0.0,1.29
2025-03-04 14:00:00+00:00,1.56,0.9,1.25,0.81,6.6,3.19,0.0,0.26,0.0,0.21,0.0,0.37,0.0,0.82
2025-03-04 15:00:00+00:00,0.42,0.45,0.55,0.74,4.12,1.23,0.0,0.41,0.0,0.4,0.0,0.35,0.0,1.69
2025-03-04 16:00:00+00:00,0.06,0.21,0.32,0.8,0.79,2.54,0.0,0.27,0.0,1.54,0.0,1.2,0.0,1.85
2025-03-04 17:00:00+00:00,0.06,0.36,0.0,0.3,0.0,1.94,0.0,0.2,0.0,0.29,0.0,0.81,0.0,1.33
2025-03-04 18:00:00+00:00,0.02,0.99,0.0,0.2,0.0,2.62,0.0,0.17,0.0,0.44,0.0,0.44,0.0,1.34
2025-03-04 19:00:00+00:00,0.03,1.66,0.0,0.2,0.0,1.48,0.0,0.11,0.0,0.49,0.0,0.39,0.0,1.28
2025-03-04 20:00:00+00:00,0.0,1.38,0.0,0.2,0.0,2.38,0.0,0.19,0.0,0.39,0.0,0.39,0.0,1.35
2025-03-04 21:00:00+00:00,0.0,0.9,0.0,0.21,0.0,1.27,0.0,0.19,0.0,0.18,0.0,0.51,0.0,1.31
2025-03-04 22:00:00+00:00,0.0,0.47,0.0,0.2,0.0,2.08,0.0,0.11,0.0,0.17,0.0,0.36,0.0,1.36
2025-03-04 23:00:00+00:00,0.0,0.37,0.0,0.2,0.0,0.72,0.0,0.11,0.0,0.17,0.0,0.36,0.0,1.31
2025-03-05 00:00:00+00:00,0.0,0.12,0.0,0.21,0.0,1.5,0.0,0.2,0.0,0.17,0.0,0.37,0.0,1.36
2025-03-05 01:00:00+00:00,0.0,0.14,0.0,0.21,0.0,1.69,0.0,0.22,0.0,0.17,0.0,0.37,0.0,1.37
2025-03-05 02:00:00+00:00,0.0,0.14,0.0,0.23,0.0,1.29,0.0,0.19,0.0,0.19,0.0,0.36,0.0,1.39
2025-03-05 03:00:00+00:00,0.0,0.18,0.0,0.23,0.0,1.65,0.0,0.18,0.0,0.18,0.0,0.37,0.0,1.36
2025-03-05 04:00:00+00:00,0.0,0.29,0.0,0.23,0.0,1.62,0.0,0.11,0.0,0.22,0.0,0.36,0.0,1.36
2025-03-05 05:00:00+00:00,0.01,0.3,0.0,0.23,0.0,1.95,0.0,0.16,0.0,0.23,0.0,0.36,0.0,1.33
2025-03-05 06:00:00+00:00,0.05,0.23,0.01,0.23,0.38,1.92,0.0,0.11,0.0,0.18,0.0,0.35,0.0,1.97
2025-03-05 07:00:00+00:00,0.22,0.44,0.08,0.24,3.02,2.03,0.0,0.13,0.0,0.2,0.0,0.45,0.0,1.94
2025-03-05 08:00:00+00:00,0.95,0.65,0.3,0.33,7.27,1.79,0.0,0.24,0.0,0.21,0.0,0.37,0.0,1.9
2025-03-05 09:00:00+00:00,1.86,0.76,0.65,0.4,8.77,3.43,0.0,0.21,0.0,0.18,0.0,0.37,0.0,1.75
2025-03-05 10:00:00+00:00,2.43,0.82,0.98,0.35,9.81,3.36,0.0,0.2,0.0,0.18,0.0,0.31,0.0,1.44
2025-03-05 11:00:00+00:00,2.64,1.14,1.22,0.35,10.14,3.31,0.0,0.25,0.0,0.19,0.0,0.18,0.0,1.29
2025-03-05 12:00:00+00:00,2.81,0.86,1.36,0.35,9.34,3.31,0.0,0.17,0.0,0.18,0.0,0.14,0.0,1.18
2025-03-05 13:00:00+00:00,2.37,0.82,1.37,0.21,8.13,3.32,0.0,0.16,0.0,0.18,0.0,0.32,0.0,1.14
2025-03-05 14:00:00+00:00,1.52,0.71,1.23,0.22,6.5,3.28,0.0,0.18,0.0,0.18,0.0,0.37,0.0,0.54
2025-03-05 15:00:00+00:00,0.44,0.42,0.59,0.24,4.05,3.59,0.0,0.19,0.0,1.49,0.0,0.38,0.0,0.96
2025-03-05 16:00:00+00:00,0.05,0.23,0.34,0.21,0.85,3.13,0.0,0.17,0.0,1.35,0.0,0.44,0.0,1.27
2025-03-05 17:00:00+00:00,0.06,0.49,0.0,0.22,0.01,0.9,0.0,0.12,0.0,0.23,0.0,0.39,0.0,1.52
2025-03-05 18:00:00+00:00,0.03,1.36,0.0,0.21,0.0,1.0,0.0,0.17,0.0,0.56,0.0,1.09,0.0,1.27
2025-03-05 19:00:00+00:00,0.04,1.56,0.0,0.22,0.0,0.81,0.0,0.21,0.0,0.44,0.0,0.66,0.0,1.28
2025-03-05 20:00:00+00:00,0.0,0.95,0.0,0.22,0.0,0.96,0.0,0.13,0.0,0.38,0.0,0.41,0.0,1.27
2025-03-05 21:00:00+00:00,0.0,1.13,0.0,0.21,0.0,0.78,0.0,0.17,0.0,0.22,0.0,0.49,0.0,1.28
2025-03-05 22:00:00+00:00,0.0,0.96,0.0,0.21,0.0,0.44,0.0,0.2,0.0,0.21,0.0,0.37,0.0,1.27
2025-03-05 23:00:00+00:00,0.0,0.39,0.0,0.21,0.0,0.4,0.0,0.22,0.0,0.19,0.0,0.38,0.0,1.28
2025-03-06 00:00:00+00:00,0.0,0.37,0.0,0.21,0.0,0.4,0.0,0.22,0.0,0.17,0.0,0.37,0.0,1.28
2025-03-06 01:00:00+00:00,0.0,0.37,0.0,0.21,0.0,0.4,0.0,0.18,0.0,0.18,0.0,0.37,0.0,1.26
2025-03-06 02:00:00+00:00,0.0,0.35,0.0,0.21,0.0,0.4,0.0,0.15,0.0,0.19,0.0,0.37,0.0,1.34
2025-03-06 03:00:00+00:00,0.0,0.23,0.0,0.21,0.0,0.4,0.0,0.17,0.0,0.22,0.0,0.37,0.0,1.31
2025-03-06 04:00:00+00:00,0.0,0.26,0.0,0.22,0.0,0.4,0.0,0.17,0.0,0.17,0.0,0.36,0.0,1.35
2025-03-06 05:00:00+00:00,0.01,0.25,0.0,0.22,0.0,0.74,0.0,0.12,0.0,0.17,0.0,0.37,0.0,1.31
2025-03-06 06:00:00+00:00,0.05,0.19,0.02,0.24,0.5,1.06,0.0,0.14,0.0,0.17,0.0,0.37,0.0,1.46
2025-03-06 07:00:00+00:00,0.22,0.29,0.06,0.24,3.18,0.95,0.0,0.12,0.0,0.18,0.0,0.44,0.0,1.84
2025-03-06 08:00:00+00:00,0.96,0.76,0.29,0.3,7.31,0.52,0.0,0.12,0.0,0.17,0.0,0.4,0.0,1.71
2025-03-06 09:00:00+00:00,1.88,0.78,0.64,0.4,8.74,0.52,0.0,0.13,0.0,0.17,0.0,0.35,0.0,1.49
2025-03-06 10:00:00+00:00,2.41,0.98,0.97,0.39,9.76,0.57,0.0,0.19,0.0,0.18,0.0,0.36,0.0,1.42
2025-03-06 11:00:00+00:00,2.62,1.09,1.21,0.38,10.05,0.76,0.0,0.12,0.0,0.18,0.0,0.36,0.0,1.36
2025-03-06 12:00:00+00:00,2.81,1.0,1.35,0.38,9.38,1.49,0.0,0.15,0.0,0.18,0.0,0.34,0.0,1.38
2025-03-06 13:00:00+00:00,2.31,1.11,1.34,0.25,8.21,1.49,0.0,0.17,0.0,0.18,0.0,0.35,0.0,1.32
2025-03-06 14:00:00+00:00,1.45,0.9,1.17,0.22,6.55,1.58,0.0,0.31,0.0,0.17,0.0,0.37,0.0,0.81
2025-03-06 15:00:00+00:00,0.33,0.54,0.45,0.21,3.07,1.42,0.0,0.28,0.0,0.29,0.0,0.36,0.0,1.03
2025-03-06 16:00:00+00:00,0.11,0.83,0.16,0.22,1.15,1.66,0.0,0.27,0.0,0.2,0.0,0.42,0.0,1.28
2025-03-06 17:00:00+00:00,0.08,0.89,0.0,0.22,0.04,1.92,0.0,0.16,0.0,0.42,0.0,1.2,0.0,1.26
2025-03-06 18:00:00+00:00,0.03,1.09,0.0,0.22,0.0,1.63,0.0,0.07,0.0,0.32,0.0,0.83,0.0,1.25
2025-03-06 19:00:00+00:00,0.02,0.62,0.0,0.21,0.0,1.56,0.0,0.1,0.0,0.42,0.0,0.33,0.0,1.26
2025-03-06 20:00:00+00:00,0.0,0.61,0.0,0.23,0.0,1.36,0.0,0.1,0.0,0.36,0.0,0.37,0.0,1.26
2025-03-06 21:00:00+00:00,0.0,0.54,0.0,0.22,0.0,1.12,0.0,0.1,0.0,0.24,0.0,0.54,0.0,1.28
2025-03-06 22:00:00+00:00,0.0,0.49,0.0,0.21,0.0,1.12,0.0,0.11,0.0,0.19,0.0,0.38,0.0,1.26
2025-03-06 23:00:00+00:00,0.0,0.51,0.0,0.21,0.0,0.89,0.0,0.11,0.0,0.18,0.0,0.37,0.0,1.24
2025-03-07 00:00:00+00:00,0.0,0.44,0.0,0.21,0.0,0.9,0.0,0.11,0.0,0.18,0.0,0.37,0.0,1.23
2025-03-07 01:00:00+00:00,0.0,0.43,0.0,0.21,0.0,0.89,0.0,0.13,0.0,0.17,0.0,0.36,0.0,1.29
2025-03-07 02:00:00+00:00,0.0,0.46,0.0,0.21,0.0,0.9,0.0,0.11,0.0,0.18,0.0,0.36,0.0,1.31
2025-03-07 03:00:00+00:00,0.0,0.57,0.0,0.21,0.0,0.9,0.0,0.11,0.0,0.18,0.0,0.34,0.0,1.34
2025-03-07 04:00:00+00:00,0.0,0.71,0.0,0.22,0.0,4.38,0.0,0.11,0.0,0.19,0.0,0.35,0.0,1.29
2025-03-07 05:00:00+00:00,0.02,0.56,0.0,0.28,0.0,6.29,0.0,0.11,0.0,0.17,0.0,0.37,0.0,1.48
2025-03-07 06:00:00+00:00,0.11,0.58,0.02,1.19,0.54,6.41,0.0,0.11,0.0,0.19,0.0,0.36,0.0,1.37
2025-03-07 07:00:00+00:00,0.27,0.51,0.07,1.24,3.24,1.69,0.0,0.22,0.0,0.22,0.0,0.36,0.0,1.38
2025-03-07 08:00:00+00:00,0.89,0.73,0.26,1.36,7.31,3.44,0.0,0.35,0.0,0.21,0.0,0.36,0.0,1.38
2025-03-07 09:00:00+00:00,1.85,1.0,0.63,1.42,8.67,1.83,0.0,0.43,0.0,0.19,0.0,0.35,0.0,1.42
2025-03-07 10:00:00+00:00,2.42,0.96,0.95,1.44,9.71,3.03,0.0,0.34,0.0,0.18,0.0,0.35,0.0,1.43
2025-03-07 11:00:00+00:00,2.76,0.9,1.2,1.45,10.11,2.64,0.0,0.34,0.0,0.18,0.0,0.33,0.0,1.42
2025-03-07 12:00:00+00:00,2.86,0.94,1.33,1.38,9.42,2.54,0.0,0.22,0.0,0.18,0.0,0.34,0.0,1.45
2025-03-07 13:00:00+00:00,2.46,0.89,1.37,1.29,8.44,2.78,0.0,0.25,0.0,0.19,0.0,0.36,0.0,1.25
2025-03-07 14:00:00+00:00,1.6,0.76,1.23,1.27,6.78,3.12,0.0,0.25,0.0,0.17,0.0,0.32,0.0,0.6
2025-03-07 15:00:00+00:00,0.47,0.45,0.67,1.28,4.22,2.23,0.0,0.23,0.0,0.17,0.0,0.33,0.0,0.92
2025-03-07 16:00:00+00:00,0.07,0.25,0.34,1.26,1.0,3.08,0.0,0.18,0.0,0.17,0.0,0.32,0.0,1.26
2025-03-07 17:00:00+00:00,0.06,0.33,0.0,0.54,0.02,3.25,0.0,0.13,0.0,0.17,0.0,0.37,0.0,1.24
2025-03-07 18:00:00+00:00,0.01,0.33,0.0,0.21,0.0,2.52,0.0,0.14,0.0,0.18,0.0,0.34,0.0,1.25
2025-03-07 19:00:00+00:00,0.03,1.14,0.0,0.21,0.0,2.19,0.0,0.16,0.0,0.18,0.0,0.36,0.0,1.24
2025-03-07 20:00:00+00:00,0.0,1.17,0.0,0.21,0.0,2.16,0.0,0.18,0.0,0.22,0.0,0.34,0.0,1.27
2025-03-07 21:00:00+00:00,0.0,0.74,0.0,0.21,0.0,2.47,0.0,0.17,0.0,0.18,0.0,0.36,0.0,1.22
2025-03-07 22:00:00+00:00,0.0,0.38,0.0,0.21,0.0,1.39,0.0,0.17,0.0,0.19,0.0,0.46,0.0,1.27
2025-03-07 23:00:00+00:00,0.0,0.35,0.0,0.2,0.0,1.49,0.0,0.17,0.0,0.19,0.0,0.39,0.0,1.22
2025-03-08 00:00:00+00:00,0.0,0.33,0.0,0.2,0.0,2.01,0.0,0.17,0.0,0.17,0.0,0.37,0.0,1.27
2025-03-08 01:00:00+00:00,0.0,0.22,0.0,0.21,0.0,1.99,0.0,0.17,0.0,0.17,0.0,0.36,0.0,1.22
2025-03-08 02:00:00+00:00,0.0,0.2,0.0,0.2,0.0,2.04,0.0,0.17,0.0,0.17,0.0,0.35,0.0,1.32
2025-03-08 03:00:00+00:00,0.0,0.16,0.0,0.2,0.0,1.9,0.0,0.17,0.0,0.18,0.0,0.35,0.0,1.32
2025-03-08 04:00:00+00:00,0.0,0.32,0.0,0.2,0.0,2.18,0.0,0.17,0.0,0.18,0.0,0.37,0.0,1.36
2025-03-08 05:00:00+00:00,0.02,0.32,0.0,0.21,0.0,1.94,0.0,0.17,0.0,0.19,0.0,0.36,0.0,1.33
2025-03-08 06:00:00+00:00,0.11,0.66,0.02,0.21,0.6,1.9,0.0,0.17,0.0,0.2,0.0,0.36,0.0,1.35
2025-03-08 07:00:00+00:00,0.31,0.51,0.06,0.21,3.5,3.41,0.0,0.2,0.0,0.21,0.0,0.35,0.0,1.32
2025-03-08 08:00:00+00:00,0.93,0.76,0.26,0.29,7.38,4.34,0.0,0.27,0.0,0.2,0.0,0.42,0.0,1.29
2025-03-08 09:00:00+00:00,1.93,0.92,0.63,0.34,8.82,4.2,0.0,0.27,0.0,0.21,0.0,0.48,0.0,1.28
2025-03-08 10:00:00+00:00,2.48,0.88,0.96,0.36,9.89,4.14,0.0,0.26,0.0,0.18,0.0,0.53,0.0,1.26
2025-03-08 11:00:00+00:00,2.85,0.92,1.2,0.34,10.18,4.0,0.0,0.22,0.0,0.17,0.0,0.34,0.0,1.26
2025-03-08 12:00:00+00:00,2.84,0.95,1.32,0.2,9.4,4.12,0.0,0.24,0.0,0.17,0.0,0.32,0.0,1.2
2025-03-08 13:00:00+00:00,2.41,0.89,1.33,0.2,8.28,2.91,0.0,0.13,0.0,0.17,0.0,0.31,0.0,1.18
2025-03-08 14:00:00+00:00,1.59,0.75,1.2,0.2,6.72,1.36,0.0,0.13,0.0,0.16,0.0,0.31,0.0,0.59
2025-03-08 15:00:00+00:00,0.44,0.46,0.66,0.2,4.25,1.41,0.0,0.14,0.0,0.16,0.0,0.31,0.0,0.99
2025-03-08 16:00:00+00:00,0.07,0.25,0.38,0.21,1.08,1.47,0.0,0.13,0.0,0.16,0.0,0.31,0.0,1.22
2025-03-08 17:00:00+00:00,0.06,0.32,0.0,0.22,0.01,1.66,0.0,0.25,0.0,0.16,0.0,0.31,0.0,1.28
2025-03-08 18:00:00+00:00,0.01,0.37,0.0,0.2,0.0,1.22,0.0,0.21,0.0,0.16,0.0,0.39,0.0,1.22
2025-03-08 19:00:00+00:00,0.02,1.02,0.0,0.21,0.0,1.05,0.0,0.17,0.0,0.16,0.0,0.58,0.0,1.25
2025-03-08 20:00:00+00:00,0.0,0.89,0.0,0.2,0.0,1.36,0.0,0.19,0.0,0.17,0.0,0.36,0.0,1.22
2025-03-08 21:00:00+00:00,0.0,0.51,0.0,0.23,0.0,1.31,0.0,0.24,0.0,0.18,0.0,0.36,0.0,1.28
2025-03-08 22:00:00+00:00,0.0,0.49,0.0,0.21,0.0,1.11,0.0,0.22,0.0,0.19,0.0,0.44,0.0,1.28
2025-03-08 23:00:00+00:00,0.0,0.46,0.0,0.21,0.0,0.89,0.0,0.19,0.0,0.19,0.0,0.39,0.0,1.32
2025-03-09 00:00:00+00:00,0.0,0.37,0.0,0.21,0.0,0.89,0.0,0.28,0.0,0.19,0.0,0.38,0.0,1.31
2025-03-09 01:00:00+00:00,0.0,0.18,0.0,0.21,0.0,0.89,0.0,0.28,0.0,0.19,0.0,0.37,0.0,1.32
2025-03-09 02:00:00+00:00,0.0,0.17,0.0,0.21,0.0,0.89,0.0,0.25,0.0,0.21,0.0,0.36,0.0,1.4
2025-03-09 03:00:00+00:00,0.0,0.18,0.0,0.21,0.0,0.9,0.0,0.22,0.0,0.18,0.0,0.41,0.0,1.5
2025-03-09 04:00:00+00:00,0.0,0.31,0.0,0.21,0.0,0.89,0.0,0.17,0.0,0.17,0.0,0.37,0.0,1.51
2025-03-09 05:00:00+00:00,0.02,0.29,0.0,0.22,0.0,1.03,0.0,0.17,0.0,0.17,0.0,0.37,0.0,1.5
2025-03-09 06:00:00+00:00,0.05,0.18,0.02,0.21,0.64,1.16,0.0,0.17,0.0,0.18,0.0,0.37,0.0,1.51
2025-03-09 07:00:00+00:00,0.21,0.28,0.06,0.21,3.56,1.0,0.0,0.17,0.0,0.19,0.0,0.34,0.0,1.39
2025-03-09 08:00:00+00:00,0.87,0.66,0.24,0.32,7.0,1.52,0.0,0.17,0.0,0.18,0.0,0.49,0.0,1.37
2025-03-09 09:00:00+00:00,1.69,0.92,0.59,0.38,8.46,1.99,0.0,0.17,0.0,0.18,0.0,0.33,0.0,1.33
2025-03-09 10:00:00+00:00,2.16,0.87,0.86,0.43,9.06,1.51,0.0,0.16,0.0,0.18,0.0,0.55,0.0,1.32
2025-03-09 11:00:00+00:00,2.6,1.49,1.18,0.43,10.13,1.39,0.0,0.16,0.0,0.18,0.0,0.36,0.0,1.26
2025-03-09 12:00:00+00:00,2.57,0.96,1.18,0.41,8.73,1.4,0.0,0.12,0.0,0.19,0.0,0.35,0.0,1.22
2025-03-09 13:00:00+00:00,1.45,1.32,0.69,0.29,5.59,1.5,0.0,0.12,0.0,0.17,0.0,0.37,0.0,1.11
2025-03-09 14:00:00+00:00,1.65,1.15,0.8,0.24,6.37,1.49,0.0,0.12,0.0,0.16,0.0,0.36,0.0,0.89
2025-03-09 15:00:00+00:00,0.29,0.38,0.17,0.25,2.58,1.62,0.0,0.12,0.0,0.16,0.0,0.36,0.0,1.14
2025-03-09 16:00:00+00:00,0.07,0.25,0.03,0.25,0.83,2.13,0.0,0.12,0.0,0.16,0.0,0.36,0.0,1.26
2025-03-09 17:00:00+00:00,0.07,0.35,0.0,0.24,0.02,1.84,0.0,0.14,0.0,0.16,0.0,0.51,0.0,1.23
2025-03-09 18:00:00+00:00,0.03,1.01,0.0,0.21,0.0,1.5,0.0,0.19,0.0,0.19,0.0,1.09,0.0,1.24
2025-03-09 19:00:00+00:00,0.02,0.47,0.0,0.21,0.0,1.2,0.0,0.16,0.0,0.17,0.0,0.57,0.0,1.22
2025-03-09 20:00:00+00:00,0.0,0.34,0.0,0.2,0.0,1.0,0.0,0.17,0.0,0.23,0.0,0.38,0.0,1.25
2025-03-09 21:00:00+00:00,0.0,0.34,0.0,0.24,0.0,1.02,0.0,0.17,0.0,0.25,0.0,0.34,0.0,1.26
2025-03-09 22:00:00+00:00,0.0,0.55,0.0,0.21,0.0,1.1,0.0,0.2,0.0,0.16,0.0,0.33,0.0,1.27
2025-03-09 23:00:00+00:00,0.0,0.47,0.0,0.21,0.0,0.9,0.0,0.17,0.0,0.15,0.0,0.31,0.0,1.25
2025-03-10 00:00:00+00:00,0.0,0.36,0.0,0.22,0.0,0.96,0.0,0.27,0.0,0.15,0.0,0.32,0.0,1.3
2025-03-10 01:00:00+00:00,0.0,0.18,0.0,0.22,0.0,4.59,0.0,0.25,0.0,0.14,0.0,0.3,0.0,1.32
2025-03-10 02:00:00+00:00,0.0,0.16,0.0,0.3,0.0,6.22,0.0,0.19,0.0,0.14,0.0,0.3,0.0,1.42
2025-03-10 03:00:00+00:00,0.0,0.19,0.0,0.3,0.0,6.13,0.0,0.25,0.0,0.13,0.0,0.3,0.0,1.4
2025-03-10 04:00:00+00:00,0.0,0.32,0.0,0.3,0.0,1.65,0.0,0.19,0.0,0.14,0.0,0.33,0.0,1.41
2025-03-10 05:00:00+00:00,0.01,0.32,0.0,0.37,0.0,3.31,0.0,0.17,0.0,0.18,0.0,0.32,0.0,1.38
2025-03-10 06:00:00+00:00,0.06,0.34,0.0,1.45,0.21,2.04,0.0,0.17,0.0,0.15,0.0,0.36,0.0,2.04
2025-03-10 07:00:00+00:00,0.1,0.86,0.02,1.53,0.9,2.59,0.0,0.34,0.0,0.19,0.0,0.31,0.0,2.16
2025-03-10 08:00:00+00:00,0.1,0.61,0.03,1.68,1.17,1.96,0.0,0.1,0.0,0.15,0.0,0.38,0.0,2.21
2025-03-10 09:00:00+00:00,0.06,0.29,0.03,1.62,0.98,2.23,0.0,0.29,0.0,0.22,0.0,0.3,0.0,1.81
2025-03-10 10:00:00+00:00,0.06,0.24,0.01,1.58,0.86,1.68,0.0,0.19,0.0,0.16,0.0,0.2,0.0,1.61
2025-03-10 11:00:00+00:00,0.18,0.74,0.05,1.1,1.69,2.71,0.0,0.2,0.0,0.14,0.0,0.14,0.0,1.61
2025-03-10 12:00:00+00:00,1.9,1.11,0.52,1.51,6.54,2.57,0.0,0.26,0.0,0.14,0.0,0.3,0.0,1.41
2025-03-10 13:00:00+00:00,1.58,0.9,0.58,1.57,6.05,2.43,0.0,0.27,0.0,0.14,0.0,0.32,0.0,1.35
2025-03-10 14:00:00+00:00,0.66,0.56,0.37,1.54,3.7,2.88,0.0,0.25,0.0,0.14,0.0,0.31,0.0,1.26
2025-03-10 15:00:00+00:00,0.42,0.54,0.53,1.57,3.61,2.08,0.0,0.2,0.0,0.16,0.0,0.32,0.0,1.14
2025-03-10 16:00:00+00:00,0.14,0.58,0.22,1.48,0.99,2.79,0.0,0.23,0.0,0.34,0.0,0.89,0.0,1.29
2025-03-10 17:00:00+00:00,0.11,0.81,0.0,1.5,0.01,2.75,0.0,0.19,0.0,0.4,0.0,1.86,0.0,1.34
2025-03-10 18:00:00+00:00,0.03,1.02,0.0,0.91,0.0,3.34,0.0,0.24,0.0,0.88,0.0,1.24,0.0,1.31
2025-03-10 19:00:00+00:00,0.03,1.43,0.0,0.35,0.0,2.88,0.0,0.25,0.0,0.41,0.0,0.57,0.0,1.29
2025-03-10 20:00:00+00:00,0.0,0.77,0.0,0.34,0.0,3.33,0.0,0.19,0.0,0.32,0.0,0.6,0.0,1.33
2025-03-10 21:00:00+00:00,0.0,0.53,0.0,0.35,0.0,3.85,0.0,0.17,0.0,0.21,0.0,0.58,0.0,1.31
2025-03-10 22:00:00+00:00,0.0,0.46,0.0,0.32,0.0,3.66,0.0,0.2,0.0,0.15,0.0,0.45,0.0,1.34
2025-03-10 23:00:00+00:00,0.0,0.43,0.0,0.32,0.0,3.51,0.0,0.22,0.0,0.16,0.0,0.37,0.0,1.36
2025-03-11 00:00:00+00:00,0.0,0.25,0.0,0.33,0.0,3.52,0.0,0.21,0.0,0.16,0.0,0.37,0.0,1.4
2025-03-11 01:00:00+00:00,0.0,0.18,0.0,0.31,0.0,3.51,0.0,0.28,0.0,0.14,0.0,0.35,0.0,1.38
2025-03-11 02:00:00+00:00,0.0,0.18,0.0,0.32,0.0,2.23,0.0,0.17,0.0,0.14,0.0,0.38,0.0,1.4
2025-03-11 03:00:00+00:00,0.0,0.17,0.0,0.31,0.0,0.88,0.0,0.17,0.0,0.14,0.0,0.37,0.0,1.37
2025-03-11 04:00:00+00:00,0.0,0.32,0.0,0.35,0.0,0.89,0.0,0.2,0.0,0.18,0.0,0.37,0.0,1.36
2025-03-11 05:00:00+00:00,0.02,0.35,0.0,0.42,0.0,1.02,0.0,0.17,0.0,0.21,0.0,0.36,0.0,1.32
2025-03-11 06:00:00+00:00,0.06,0.23,0.0,1.84,0.37,1.14,0.0,0.19,0.0,0.27,0.0,0.36,0.0,3.19
2025-03-11 07:00:00+00:00,0.08,0.19,0.05,1.62,1.45,1.06,0.0,0.21,0.0,0.22,0.0,0.4,0.0,2.34
2025-03-11 08:00:00+00:00,0.61,1.14,0.19,1.69,4.69,1.07,0.0,0.28,0.0,0.22,0.0,0.35,0.0,2.32
2025-03-11 09:00:00+00:00,1.59,1.12,0.53,1.84,7.94,1.72,0.0,0.25,0.0,0.23,0.0,0.33,0.0,1.88
2025-03-11 10:00:00+00:00,2.52,0.89,0.94,1.66,9.94,1.5,0.0,0.28,0.0,0.23,0.0,0.31,0.0,1.52
2025-03-11 11:00:00+00:00,2.83,0.97,1.17,1.59,10.12,1.62,0.0,0.23,0.0,0.24,0.0,0.33,0.0,1.56
2025-03-11 12:00:00+00:00,2.0,0.81,0.8,1.6,7.23,1.49,0.0,0.24,0.0,0.23,0.0,0.34,0.0,1.47
2025-03-11 13:00:00+00:00,1.25,0.61,0.49,1.52,4.95,1.49,0.0,0.33,0.0,0.22,0.0,0.35,0.0,1.41
2025-03-11 14:00:00+00:00,0.4,0.38,0.11,1.54,2.56,1.38,0.0,0.32,0.0,0.18,0.0,0.35,0.0,1.48
2025-03-11 15:00:00+00:00,0.1,0.24,0.04,1.54,1.27,1.7,0.0,0.32,0.0,0.17,0.0,0.34,0.0,1.43
2025-03-11 16:00:00+00:00,0.07,0.29,0.0,1.37,0.39,1.84,0.0,0.24,0.0,0.17,0.0,0.59,0.0,1.33
2025-03-11 17:00:00+00:00,0.09,0.49,0.0,0.23,0.01,1.62,0.0,0.16,0.0,0.24,0.0,0.53,0.0,1.28
2025-03-11 18:00:00+00:00,0.02,0.46,0.0,0.45,0.0,1.63,0.0,0.05,0.0,0.21,0.0,0.36,0.0,1.28
2025-03-11 19:00:00+00:00,0.02,0.88,0.0,0.23,0.0,1.65,0.0,0.1,0.0,0.31,0.0,0.36,0.0,1.29
2025-03-11 20:00:00+00:00,0.0,1.29,0.0,0.22,0.0,1.46,0.0,0.11,0.0,0.41,0.0,0.36,0.0,1.25
2025-03-11 21:00:00+00:00,0.0,0.79,0.0,0.21,0.0,1.23,0.0,0.1,0.0,0.44,0.0,0.36,0.0,1.3
2025-03-11 22:00:00+00:00,0.0,0.53,0.0,0.22,0.0,0.94,0.0,0.13,0.0,0.26,0.0,0.36,0.0,1.24
2025-03-11 23:00:00+00:00,0.0,0.49,0.0,0.21,0.0,0.91,0.0,0.13,0.0,0.18,0.0,0.37,0.0,1.31
2025-03-12 00:00:00+00:00,0.0,0.43,0.0,0.21,0.0,0.91,0.0,0.09,0.0,0.16,0.0,0.36,0.0,1.26
2025-03-12 01:00:00+00:00,0.0,0.44,0.0,0.21,0.0,0.91,0.0,0.1,0.0,0.17,0.0,0.36,0.0,1.34
2025-03-12 02:00:00+00:00,0.0,0.46,0.0,0.21,0.0,0.91,0.0,0.12,0.0,0.17,0.0,0.36,0.0,1.33
2025-03-12 03:00:00+00:00,0.0,0.45,0.0,0.22,0.0,0.91,0.0,0.2,0.0,0.17,0.0,0.36,0.0,1.35
2025-03-12 04:00:00+00:00,0.0,0.46,0.0,0.24,0.0,0.91,0.0,0.23,0.0,0.17,0.0,0.36,0.0,1.32
2025-03-12 05:00:00+00:00,0.01,0.45,0.0,0.24,0.0,1.05,0.0,0.18,0.0,0.17,0.0,0.36,0.0,1.35
2025-03-12 06:00:00+00:00,0.08,0.43,0.0,0.24,0.09,1.54,0.0,0.21,0.0,0.19,0.0,0.34,0.0,2.06
2025-03-12 07:00:00+00:00,0.06,0.46,0.0,0.24,0.6,1.4,0.0,0.21,0.0,0.21,0.0,0.45,0.0,1.86
2025-03-12 08:00:00+00:00,0.18,0.86,0.04,0.44,1.68,1.13,0.0,0.2,0.0,0.28,0.0,0.36,0.0,2.02
2025-03-12 09:00:00+00:00,0.14,0.65,0.03,0.45,1.41,1.03,0.0,0.16,0.0,0.31,0.0,0.37,0.0,3.12
2025-03-12 10:00:00+00:00,0.11,0.14,0.04,0.4,1.32,1.28,0.0,0.27,0.0,1.34,0.0,0.36,0.0,2.62
2025-03-12 11:00:00+00:00,1.23,0.62,0.26,0.42,4.77,1.54,0.0,0.17,0.0,1.12,0.0,0.47,0.0,2.06
2025-03-12 12:00:00+00:00,0.54,0.52,0.11,0.51,2.65,1.29,0.0,0.25,0.0,0.3,0.0,1.15,0.0,2.01
2025-03-12 13:00:00+00:00,0.29,0.31,0.05,0.47,2.05,6.36,0.0,0.19,0.0,0.25,0.0,0.65,0.0,1.52
2025-03-12 14:00:00+00:00,0.15,0.22,0.03,0.47,1.43,6.85,0.0,0.22,0.0,0.24,0.0,0.36,0.0,1.45
2025-03-12 15:00:00+00:00,0.07,0.22,0.0,0.47,0.44,5.95,0.0,0.26,0.0,0.3,0.0,0.37,0.0,1.37
2025-03-12 16:00:00+00:00,0.06,0.28,0.0,0.29,0.3,3.02,0.0,0.16,0.0,0.37,0.0,0.45,0.0,1.38
2025-03-12 17:00:00+00:00,0.08,0.47,0.0,0.24,0.0,3.27,0.0,0.09,0.0,0.44,0.0,0.44,0.0,1.38
2025-03-12 18:00:00+00:00,0.02,0.88,0.0,0.23,0.0,2.71,0.0,0.09,0.0,0.46,0.0,0.37,0.0,1.42
2025-03-12 19:00:00+00:00,0.03,1.77,0.0,0.23,0.0,3.4,0.0,0.1,0.0,0.38,0.0,0.36,0.0,1.39
2025-03-12 20:00:00+00:00,0.0,0.83,0.0,0.23,0.0,1.16,0.0,0.1,0.0,0.34,0.0,0.42,0.0,1.45
2025-03-12 21:00:00+00:00,0.0,0.67,0.0,0.23,0.0,3.05,0.0,0.1,0.0,0.26,0.0,0.39,0.0,1.37
2025-03-12 22:00:00+00:00,0.0,0.59,0.0,0.22,0.0,2.34,0.0,0.12,0.0,0.21,0.0,0.37,0.0,1.43
2025-03-12 23:00:00+00:00,0.0,0.47,0.0,0.24,0.0,1.7,0.0,0.12,0.0,0.2,0.0,0.42,0.0,1.38
2025-03-13 00:00:00+00:00,0.0,0.47,0.0,0.31,0.0,2.59,0.0,0.1,0.0,0.2,0.0,0.37,0.0,1.41
2025-03-13 01:00:00+00:00,0.0,0.48,0.0,0.32,0.0,0.89,0.0,0.1,0.0,0.19,0.0,0.37,0.0,1.39
2025-03-13 02:00:00+00:00,0.0,0.48,0.0,0.32,0.0,2.78,0.0,0.1,0.0,0.17,0.0,0.37,0.0,1.4
2025-03-13 03:00:00+00:00,0.0,0.47,0.0,0.32,0.0,2.2,0.0,0.1,0.0,0.17,0.0,0.36,0.0,1.39
2025-03-13 04:00:00+00:00,0.0,0.92,0.0,0.32,0.0,1.94,0.0,0.1,0.0,0.17,0.0,0.35,0.0,1.39
2025-03-13 05:00:00+00:00,0.02,0.89,0.0,0.34,0.0,3.01,0.0,0.1,0.0,0.18,0.0,0.36,0.0,1.38
2025-03-13 06:00:00+00:00,0.05,0.71,0.0,0.34,0.1,1.57,0.0,0.1,0.0,0.2,0.0,0.36,0.0,1.55
2025-03-13 07:00:00+00:00,0.1,0.4,0.01,0.34,0.77,3.1,0.0,0.1,0.0,0.2,0.0,0.37,0.0,2.41
2025-03-13 08:00:00+00:00,0.19,1.2,0.03,0.32,1.18,2.21,0.0,0.25,0.0,0.2,0.0,0.51,0.0,2.55
2025-03-13 09:00:00+00:00,0.17,0.72,0.04,0.33,1.33,1.64,0.0,0.26,0.0,0.22,0.0,0.47,0.0,2.45
2025-03-13 10:00:00+00:00,0.76,0.49,0.16,0.27,3.69,3.18,0.0,0.21,0.0,0.19,0.0,0.67,0.0,2.56
2025-03-13 11:00:00+00:00,0.6,0.55,0.12,0.23,3.48,3.24,0.0,0.19,0.0,0.17,0.0,1.09,0.0,1.93
2025-03-13 12:00:00+00:00,0.75,0.6,0.18,0.23,4.08,1.27,0.0,0.23,0.0,0.17,0.0,0.42,0.0,1.51
2025-03-13 13:00:00+00:00,0.21,0.46,0.06,0.23,1.59,2.26,0.0,0.17,0.0,0.17,0.0,0.4,0.0,1.66
2025-03-13 14:00:00+00:00,0.31,0.55,0.1,0.23,2.15,2.33,0.0,0.19,0.0,0.17,0.0,0.49,0.0,1.54
2025-03-13 15:00:00+00:00,0.1,0.54,0.0,0.23,0.65,2.9,0.0,0.22,0.0,0.19,0.0,0.42,0.0,1.49
2025-03-13 16:00:00+00:00,0.11,0.43,0.03,0.25,0.92,2.01,0.0,0.31,0.0,0.25,0.0,0.36,0.0,1.38
2025-03-13 17:00:00+00:00,0.09,0.51,0.0,0.26,0.06,2.81,0.0,0.18,0.0,0.4,0.0,1.46,0.0,2.2
2025-03-13 18:00:00+00:00,0.02,0.54,0.0,0.24,0.0,2.42,0.0,0.1,0.0,0.61,0.0,0.37,0.0,1.35
2025-03-13 19:00:00+00:00,0.02,0.65,0.0,0.23,0.0,2.99,0.0,0.1,0.0,0.41,0.0,1.52,0.0,1.35
2025-03-13 20:00:00+00:00,0.0,0.78,0.0,0.23,0.0,2.59,0.0,0.1,0.0,0.28,0.0,0.58,0.0,1.36
2025-03-13 21:00:00+00:00,0.0,0.81,0.0,0.23,0.0,2.32,0.0,0.1,0.0,0.2,0.0,0.44,0.0,1.35
2025-03-13 22:00:00+00:00,0.0,0.81,0.0,0.23,0.0,1.93,0.0,0.1,0.0,0.18,0.0,0.38,0.0,1.35
2025-03-13 23:00:00+00:00,0.0,0.8,0.0,0.24,0.0,2.08,0.0,0.1,0.0,0.17,0.0,0.37,0.0,1.35
2025-03-14 00:00:00+00:00,0.0,0.81,0.0,0.24,0.0,2.23,0.0,0.1,0.0,0.17,0.0,0.37,0.0,1.34
2025-03-14 01:00:00+00:00,0.0,0.82,0.0,0.25,0.0,1.29,0.0,0.1,0.0,0.21,0.0,0.37,0.0,1.36
2025-03-14 02:00:00+00:00,0.0,0.82,0.0,0.26,0.0,1.75,0.0,0.1,0.0,0.16,0.0,0.36,0.0,1.42
2025-03-14 03:00:00+00:00,0.0,0.63,0.0,0.25,0.0,2.23,0.0,0.1,0.0,0.16,0.0,0.35,0.0,1.71
2025-03-14 04:00:00+00:00,0.0,0.66,0.0,0.24,0.0,1.9,0.0,0.1,0.0,0.16,0.0,0.35,0.0,1.84
2025-03-14 05:00:00+00:00,0.03,0.65,0.0,0.34,0.0,2.39,0.0,0.1,0.0,0.21,0.0,0.37,0.0,1.78
2025-03-14 06:00:00+00:00,0.1,0.51,0.0,1.39,0.35,1.98,0.0,0.1,0.0,0.17,0.0,0.36,0.0,1.96
2025-03-14 07:00:00+00:00,0.15,0.37,0.06,1.39,1.67,2.2,0.0,0.1,0.0,0.17,0.0,0.4,0.0,1.9
2025-03-14 08:00:00+00:00,0.19,0.29,0.1,1.49,2.64,2.24,0.0,0.12,0.0,0.17,0.0,0.45,0.0,1.59
2025-03-14 09:00:00+00:00,0.4,0.42,0.13,1.4,3.25,1.73,0.0,0.14,0.0,0.17,0.0,0.6,0.0,1.49
2025-03-14 10:00:00+00:00,1.09,0.77,0.24,1.42,4.94,1.58,0.0,0.09,0.0,0.17,0.0,0.41,0.0,1.38
2025-03-14 11:00:00+00:00,0.77,0.79,0.17,1.35,4.06,2.53,0.0,0.1,0.0,0.17,0.0,0.35,0.0,1.33
2025-03-14 12:00:00+00:00,0.64,0.57,0.14,0.77,3.78,2.43,0.0,0.11,0.0,0.17,0.0,0.38,0.0,1.36
2025-03-14 13:00:00+00:00,0.44,0.42,0.1,0.78,3.03,2.78,0.0,0.12,0.0,0.2,0.0,0.46,0.0,1.39
2025-03-14 14:00:00+00:00,0.08,0.2,0.05,0.79,1.76,2.33,0.0,0.23,0.0,0.16,0.0,0.36,0.0,1.38
2025-03-14 15:00:00+00:00,0.14,0.5,0.02,0.67,1.15,3.47,0.0,0.34,0.0,0.17,0.0,0.38,0.0,1.33
2025-03-14 16:00:00+00:00,0.11,0.57,0.0,0.59,0.29,2.01,0.0,0.27,0.0,0.85,0.0,0.36,0.0,1.36
2025-03-14 17:00:00+00:00,0.14,1.02,0.0,0.24,0.0,2.63,0.0,0.25,0.0,0.74,0.0,0.36,0.0,1.34
2025-03-14 18:00:00+00:00,0.02,0.98,0.0,0.23,0.0,2.52,0.0,0.09,0.0,0.53,0.0,0.34,0.0,1.36
2025-03-14 19:00:00+00:00,0.03,1.13,0.0,0.23,0.0,2.49,0.0,0.09,0.0,0.32,0.0,0.35,0.0,1.34
2025-03-14 20:00:00+00:00,0.0,0.69,0.0,0.23,0.0,2.07,0.0,0.1,0.0,0.21,0.0,0.37,0.0,1.36
2025-03-14 21:00:00+00:00,0.0,0.51,0.0,0.23,0.0,1.86,0.0,0.12,0.0,0.17,0.0,0.36,0.0,1.34
2025-03-14 22:00:00+00:00,0.0,0.51,0.0,0.22,0.0,2.82,0.0,0.11,0.0,0.2,0.0,0.36,0.0,1.35
2025-03-14 23:00:00+00:00,0.0,0.51,0.0,0.22,0.0,3.52,0.0,0.14,0.0,0.2,0.0,0.37,0.0,1.36
2025-03-15 00:00:00+00:00,0.0,0.57,0.0,0.23,0.0,3.54,0.0,0.1,0.0,0.21,0.0,0.36,0.0,1.33
2025-03-15 01:00:00+00:00,0.0,0.53,0.0,0.23,0.0,3.55,0.0,0.1,0.0,0.2,0.0,0.35,0.0,1.36
2025-03-15 02:00:00+00:00,0.0,0.51,0.0,0.23,0.0,3.53,0.0,0.1,0.0,0.19,0.0,0.36,0.0,1.32
2025-03-15 03:00:00+00:00,0.0,0.51,0.0,0.23,0.0,3.53,0.0,0.1,0.0,0.19,0.0,0.35,0.0,1.36
2025-03-15 04:00:00+00:00,0.0,0.68,0.0,0.23,0.0,3.53,0.0,0.1,0.0,0.22,0.0,0.37,0.0,1.31
2025-03-15 05:00:00+00:00,0.02,0.65,0.0,0.23,0.0,3.59,0.0,0.1,0.0,0.2,0.0,0.36,0.0,1.36
2025-03-15 06:00:00+00:00,0.08,0.6,0.0,0.23,0.07,2.78,0.0,0.1,0.0,0.21,0.0,0.36,0.0,1.32
2025-03-15 07:00:00+00:00,0.11,0.52,0.0,0.24,0.35,1.01,0.0,0.1,0.0,0.25,0.0,0.36,0.0,1.34
2025-03-15 08:00:00+00:00,0.13,0.32,0.04,0.24,1.48,1.29,0.0,0.1,0.0,0.2,0.0,0.42,0.0,1.3
2025-03-15 09:00:00+00:00,0.25,0.29,0.06,0.23,2.47,1.36,0.0,0.1,0.0,0.2,0.0,0.43,0.0,1.29
2025-03-15 10:00:00+00:00,0.07,0.16,0.04,0.24,1.55,1.21,0.0,0.12,0.0,0.52,0.0,0.45,0.0,1.3
2025-03-15 11:00:00+00:00,0.06,0.11,0.04,0.24,1.54,1.0,0.0,0.1,0.0,0.4,0.0,0.36,0.0,1.33
2025-03-15 12:00:00+00:00,0.09,0.32,0.05,0.23,1.68,1.05,0.0,0.09,0.0,0.64,0.0,0.31,0.0,1.29
2025-03-15 13:00:00+00:00,0.19,0.59,0.03,0.25,1.56,1.32,0.0,0.09,0.0,0.9,0.0,0.31,0.0,1.33
2025-03-15 14:00:00+00:00,0.16,0.56,0.02,0.31,1.2,1.44,0.0,0.09,0.0,0.27,0.0,0.31,0.0,1.33
2025-03-15 15:00:00+00:00,0.16,1.06,0.0,0.33,0.48,1.54,0.0,0.09,0.0,0.69,0.0,0.36,0.0,1.34
2025-03-15 16:00:00+00:00,0.16,1.31,0.0,0.36,0.22,1.39,0.0,0.09,0.0,0.88,0.0,0.35,0.0,1.36
2025-03-15 17:00:00+00:00,0.13,1.11,0.0,0.3,0.0,1.47,0.0,0.1,0.0,1.74,0.0,0.35,0.0,1.33
2025-03-15 18:00:00+00:00,0.03,1.03,0.0,0.23,0.0,1.29,0.0,0.1,0.0,0.53,0.0,0.36,0.0,1.35
2025-03-15 19:00:00+00:00,0.03,0.94,0.0,0.23,0.0,1.12,0.0,0.1,0.0,0.58,0.0,0.36,0.0,1.34
2025-03-15 20:00:00+00:00,0.0,1.76,0.0,0.23,0.0,1.14,0.0,0.12,0.0,0.21,0.0,0.36,0.0,1.35
2025-03-15 21:00:00+00:00,0.0,1.59,0.0,0.23,0.0,1.04,0.0,0.1,0.0,0.25,0.0,0.36,0.0,1.34
2025-03-15 22:00:00+00:00,0.0,0.98,0.0,0.23,0.0,0.93,0.0,0.1,0.0,0.2,0.0,0.49,0.0,1.36
2025-03-15 23:00:00+00:00,0.0,0.97,0.0,0.22,0.0,0.92,0.0,0.1,0.0,0.21,0.0,0.48,0.0,1.33
2025-03-16 00:00:00+00:00,0.0,0.95,0.0,0.22,0.0,0.91,0.0,0.1,0.0,0.18,0.0,0.48,0.0,1.37
2025-03-16 01:00:00+00:00,0.0,0.95,0.0,0.23,0.0,0.91,0.0,0.12,0.0,0.18,0.0,0.66,0.0,1.31
2025-03-16 02:00:00+00:00,0.0,0.96,0.0,0.22,0.0,0.91,0.0,0.11,0.0,0.17,0.0,1.18,0.0,1.36
2025-03-16 03:00:00+00:00,0.0,0.96,0.0,0.23,0.0,0.9,0.0,0.11,0.0,0.17,0.0,0.37,0.0,1.31
2025-03-16 04:00:00+00:00,0.0,1.14,0.0,0.23,0.0,0.9,0.0,0.1,0.0,0.17,0.0,0.37,0.0,1.35
2025-03-16 05:00:00+00:00,0.03,1.03,0.0,0.23,0.0,0.98,0.0,0.1,0.0,0.18,0.0,0.36,0.0,1.33
2025-03-16 06:00:00+00:00,0.12,0.66,0.0,0.24,0.22,1.03,0.0,0.1,0.0,0.17,0.0,0.36,0.0,1.34
2025-03-16 07:00:00+00:00,0.12,0.54,0.01,0.23,0.74,1.07,0.0,0.1,0.0,0.19,0.0,0.35,0.0,1.34
2025-03-16 08:00:00+00:00,0.13,0.45,0.03,0.24,1.18,1.24,0.0,0.14,0.0,0.18,0.0,0.35,0.0,1.33
2025-03-16 09:00:00+00:00,0.09,0.25,0.03,0.23,1.38,1.09,0.0,0.1,0.0,0.18,0.0,0.37,0.0,1.32
2025-03-16 10:00:00+00:00,0.09,0.26,0.03,0.23,1.26,1.17,0.0,0.1,0.0,0.18,0.0,1.43,0.0,1.33
2025-03-16 11:00:00+00:00,0.26,0.32,0.06,0.23,2.29,1.44,0.0,0.1,0.0,0.19,0.0,0.51,0.0,1.28
2025-03-16 12:00:00+00:00,0.08,0.23,0.03,0.24,1.39,1.51,0.0,0.09,0.0,0.46,0.0,0.36,0.0,1.34
2025-03-16 13:00:00+00:00,0.13,0.49,0.03,0.23,1.35,1.29,0.0,0.09,0.0,0.26,0.0,0.36,0.0,1.33
2025-03-16 14:00:00+00:00,0.11,0.17,0.06,0.24,2.13,1.13,0.0,0.09,0.0,0.27,0.0,0.36,0.0,1.3
2025-03-16 15:00:00+00:00,0.2,0.96,0.02,0.23,1.17,1.41,0.0,0.1,0.0,0.22,0.0,0.34,0.0,1.35
2025-03-16 16:00:00+00:00,0.15,0.94,0.0,0.24,0.45,1.57,0.0,0.11,0.0,1.02,0.0,0.35,0.0,1.34
2025-03-16 17:00:00+00:00,0.15,1.2,0.0,0.31,0.04,4.7,0.0,0.09,0.0,1.14,0.0,0.36,0.0,1.36
2025-03-16 18:00:00+00:00,0.03,1.05,0.0,0.32,0.0,6.39,0.0,0.09,0.0,0.4,0.0,0.36,0.0,1.33
2025-03-16 19:00:00+00:00,0.03,0.96,0.0,0.32,0.0,6.53,0.0,0.12,0.0,0.4,0.0,0.36,0.0,1.36
2025-03-16 20:00:00+00:00,0.0,0.88,0.0,0.32,0.0,2.42,0.0,0.13,0.0,0.43,0.0,0.43,0.0,1.33
2025-03-16 21:00:00+00:00,0.0,0.67,0.0,0.26,0.0,2.86,0.0,0.1,0.0,0.32,0.0,0.49,0.0,1.34
2025-03-16 22:00:00+00:00,0.0,0.61,0.0,0.23,0.0,2.98,0.0,0.1,0.0,0.19,0.0,0.5,0.0,1.32
2025-03-16 23:00:00+00:00,0.0,0.57,0.0,0.22,0.0,0.91,0.0,0.1,0.0,0.18,0.0,0.38,0.0,1.35
2025-03-17 00:00:00+00:00,0.0,0.57,0.0,0.22,0.0,2.99,0.0,0.1,0.0,0.2,0.0,0.36,0.0,1.32
2025-03-17 01:00:00+00:00,0.0,0.54,0.0,0.22,0.0,2.52,0.0,0.1,0.0,0.21,0.0,0.37,0.0,1.36
2025-03-17 02:00:00+00:00,0.0,0.59,0.0,0.24,0.0,1.76,0.0,0.1,0.0,0.21,0.0,0.36,0.0,1.33
2025-03-17 03:00:00+00:00,0.0,0.57,0.0,0.23,0.0,1.5,0.0,0.1,0.0,0.2,0.0,0.36,0.0,1.36
2025-03-17 04:00:00+00:00,0.0,0.73,0.0,0.23,0.0,2.21,0.0,0.15,0.0,0.21,0.0,0.36,0.0,1.35
2025-03-17 05:00:00+00:00,0.03,0.75,0.0,0.31,0.0,3.26,0.0,0.12,0.0,0.22,0.0,0.36,0.0,1.35
2025-03-17 06:00:00+00:00,0.12,0.69,0.0,1.41,0.05,2.19,0.0,0.2,0.0,0.21,0.0,0.34,0.0,1.45
2025-03-17 07:00:00+00:00,0.14,0.53,0.02,1.46,0.85,2.26,0.0,0.4,0.0,0.27,0.0,0.52,0.0,1.98
2025-03-17 08:00:00+00:00,0.54,0.47,0.11,1.02,3.14,2.11,0.0,0.57,0.0,0.23,0.0,0.39,0.0,1.72
2025-03-17 09:00:00+00:00,1.58,0.78,0.38,0.96,6.96,1.09,0.0,0.42,0.0,0.29,0.0,0.38,0.0,1.48
2025-03-17 10:00:00+00:00,2.76,1.09,0.89,1.07,10.73,2.58,0.0,0.42,0.0,0.18,0.0,0.17,0.0,1.6
2025-03-17 11:00:00+00:00,3.27,1.22,1.21,0.81,11.63,2.05,0.0,0.24,0.0,0.17,0.0,0.89,0.0,1.37
2025-03-17 12:00:00+00:00,3.04,1.55,1.13,0.39,9.67,2.23,0.0,0.44,0.0,0.17,0.0,0.41,0.0,1.58
2025-03-17 13:00:00+00:00,2.75,1.29,1.25,0.31,8.68,2.64,0.0,0.38,0.0,0.17,0.0,0.41,0.0,1.45
2025-03-17 14:00:00+00:00,2.03,0.79,1.07,0.35,7.32,2.69,0.0,0.42,0.0,0.17,0.0,0.37,0.0,1.1
2025-03-17 15:00:00+00:00,0.63,0.49,0.66,0.3,4.01,2.42,0.0,0.4,0.0,0.19,0.0,0.37,0.0,1.26
2025-03-17 16:00:00+00:00,0.15,0.25,0.42,0.36,1.92,3.73,0.0,0.21,0.0,0.2,0.0,0.37,0.0,1.44
2025-03-17 17:00:00+00:00,0.09,0.41,0.0,0.33,0.19,4.57,0.0,0.16,0.0,0.17,0.0,0.41,0.0,1.38
2025-03-17 18:00:00+00:00,0.04,1.08,0.0,0.33,0.0,4.5,0.0,0.17,0.0,0.55,0.0,0.37,0.0,1.38
2025-03-17 19:00:00+00:00,0.03,1.08,0.0,0.25,0.0,4.0,0.0,0.17,0.0,0.3,0.0,1.5,0.0,1.36
2025-03-17 20:00:00+00:00,0.0,1.04,0.0,0.24,0.0,4.02,0.0,0.22,0.0,0.23,0.0,0.62,0.0,1.37
2025-03-17 21:00:00+00:00,0.0,0.71,0.0,0.23,0.0,3.89,0.0,0.18,0.0,0.36,0.0,0.48,0.0,1.34
2025-03-17 22:00:00+00:00,0.0,0.67,0.0,0.23,0.0,2.97,0.0,0.12,0.0,0.26,0.0,0.9,0.0,1.35
2025-03-17 23:00:00+00:00,0.0,0.56,0.0,0.25,0.0,0.91,0.0,0.1,0.0,0.21,0.0,0.93,0.0,1.38
2025-03-18 00:00:00+00:00,0.0,0.54,0.0,0.26,0.0,0.91,0.0,0.1,0.0,0.21,0.0,0.38,0.0,1.39
2025-03-18 01:00:00+00:00,0.0,0.56,0.0,0.25,0.0,0.91,0.0,0.1,0.0,0.21,0.0,0.37,0.0,1.36
2025-03-18 02:00:00+00:00,0.0,0.54,0.0,0.27,0.0,0.91,0.0,0.1,0.0,0.21,0.0,0.36,0.0,1.38
2025-03-18 03:00:00+00:00,0.0,0.59,0.0,0.26,0.0,0.9,0.0,0.12,0.0,0.22,0.0,0.36,0.0,1.34
2025-03-18 04:00:00+00:00,0.0,0.77,0.0,0.26,0.0,0.92,0.0,0.13,0.0,0.21,0.0,0.35,0.0,1.39
2025-03-18 05:00:00+00:00,0.06,0.73,0.0,0.65,0.02,0.98,0.0,0.12,0.0,0.22,0.0,0.35,0.0,1.34
2025-03-18 06:00:00+00:00,0.14,0.58,0.04,1.41,1.25,1.13,0.0,0.1,0.0,0.24,0.0,0.35,0.0,2.04
2025-03-18 07:00:00+00:00,0.42,0.73,0.09,1.44,5.12,1.17,0.0,0.14,0.0,0.23,0.0,0.39,0.0,1.99
2025-03-18 08:00:00+00:00,1.23,0.94,0.27,1.62,8.28,1.16,0.0,0.24,0.0,0.24,0.0,0.38,0.0,1.48
2025-03-18 09:00:00+00:00,2.28,1.31,0.63,1.55,10.1,1.17,0.0,0.31,0.0,0.18,0.0,0.9,0.0,2.11
2025-03-18 10:00:00+00:00,2.96,1.41,0.95,1.58,11.07,1.13,0.0,0.33,0.0,0.23,0.0,0.38,0.0,2.3
2025-03-18 11:00:00+00:00,3.21,1.77,1.2,1.48,11.24,1.17,0.0,0.29,0.0,0.18,0.0,0.37,0.0,1.69
2025-03-18 12:00:00+00:00,3.41,1.28,1.35,1.51,10.36,1.08,0.0,0.29,0.0,0.18,0.0,0.34,0.0,1.39
2025-03-18 13:00:00+00:00,2.91,1.08,1.36,1.48,9.32,1.23,0.0,0.26,0.0,0.19,0.0,0.36,0.0,1.68
2025-03-18 14:00:00+00:00,2.08,0.89,1.23,1.48,7.7,1.18,0.0,0.27,0.0,0.18,0.0,0.36,0.0,1.38
2025-03-18 15:00:00+00:00,0.74,0.58,0.96,1.33,5.12,1.07,0.0,0.26,0.0,0.17,0.0,0.36,0.0,0.89
2025-03-18 16:00:00+00:00,0.09,0.2,0.49,0.61,1.81,1.28,0.0,0.17,0.0,0.17,0.0,0.37,0.0,1.33
2025-03-18 17:00:00+00:00,0.1,0.51,0.0,0.32,0.16,1.62,0.0,0.17,0.0,0.34,0.0,0.52,0.0,1.37
2025-03-18 18:00:00+00:00,0.03,0.54,0.0,0.21,0.0,1.47,0.0,0.17,0.0,0.27,0.0,0.49,0.0,1.36
2025-03-18 19:00:00+00:00,0.03,0.75,0.0,0.23,0.0,1.64,0.0,0.17,0.0,0.33,0.0,0.45,0.0,1.37
2025-03-18 20:00:00+00:00,0.0,0.66,0.0,0.23,0.0,1.27,0.0,0.18,0.0,0.43,0.0,0.56,0.0,1.37
2025-03-18 21:00:00+00:00,0.0,1.2,0.0,0.23,0.0,1.03,0.0,0.17,0.0,0.31,0.0,0.53,0.0,1.37
2025-03-18 22:00:00+00:00,0.0,0.9,0.0,0.21,0.0,1.18,0.0,0.17,0.0,0.17,0.0,0.39,0.0,1.37
2025-03-18 23:00:00+00:00,0.0,0.19,0.0,0.21,0.0,0.95,0.0,0.17,0.0,0.16,0.0,0.5,0.0,1.44
2025-03-19 00:00:00+00:00,0.0,0.18,0.0,0.23,0.0,0.95,0.0,0.17,0.0,0.17,0.0,0.38,0.0,1.39
2025-03-19 01:00:00+00:00,0.0,0.18,0.0,0.23,0.0,0.96,0.0,0.17,0.0,0.17,0.0,0.36,0.0,1.44
2025-03-19 02:00:00+00:00,0.0,0.18,0.0,0.24,0.0,0.96,0.0,0.17,0.0,0.16,0.0,0.37,0.0,1.4
2025-03-19 03:00:00+00:00,0.0,0.17,0.0,0.23,0.0,0.96,0.0,0.17,0.0,0.17,0.0,0.35,0.0,1.44
2025-03-19 04:00:00+00:00,0.0,0.32,0.0,0.23,0.0,0.98,0.0,0.17,0.0,0.19,0.0,0.35,0.0,1.38
2025-03-19 05:00:00+00:00,0.06,0.58,0.0,0.24,0.03,1.05,0.0,0.17,0.0,0.18,0.0,0.36,0.0,1.4
2025-03-19 06:00:00+00:00,0.14,0.57,0.04,0.27,1.28,1.18,0.0,0.17,0.0,0.19,0.0,0.39,0.0,1.67
2025-03-19 07:00:00+00:00,0.54,0.68,0.07,1.25,5.38,1.07,0.0,0.23,0.0,0.18,0.0,0.56,0.0,2.18
2025-03-19 08:00:00+00:00,1.6,0.82,0.2,1.58,8.15,1.26,0.0,0.22,0.0,0.2,0.0,0.49,0.0,2.11
2025-03-19 09:00:00+00:00,2.35,0.83,0.59,1.13,9.66,1.4,0.0,0.34,0.0,0.19,0.0,0.37,0.0,1.85
2025-03-19 10:00:00+00:00,2.94,0.86,0.93,1.03,10.7,1.43,0.0,0.36,0.0,0.17,0.0,0.35,0.0,1.66
2025-03-19 11:00:00+00:00,3.42,0.93,1.19,1.02,10.96,1.61,0.0,0.3,0.0,0.17,0.0,0.55,0.0,1.5
2025-03-19 12:00:00+00:00,3.36,0.91,1.32,1.01,10.14,1.55,0.0,0.35,0.0,0.17,0.0,1.0,0.0,1.85
2025-03-19 13:00:00+00:00,2.9,0.88,1.34,0.93,9.15,1.56,0.0,0.52,0.0,0.17,0.0,0.98,0.0,1.78
2025-03-19 14:00:00+00:00,2.09,0.81,1.22,0.91,7.59,1.63,0.0,0.33,0.0,0.16,0.0,0.42,0.0,1.44
2025-03-19 15:00:00+00:00,0.82,0.61,0.96,0.81,5.12,1.49,0.0,0.31,0.0,0.16,0.0,0.37,0.0,0.97
2025-03-19 16:00:00+00:00,0.12,0.21,0.49,0.83,1.82,1.85,0.0,0.37,0.0,0.16,0.0,0.36,0.0,1.54
2025-03-19 17:00:00+00:00,0.07,0.25,0.0,0.27,0.19,1.94,0.0,0.19,0.0,0.17,0.0,0.45,0.0,1.42
2025-03-19 18:00:00+00:00,0.03,0.43,0.0,0.24,0.0,3.28,0.0,0.17,0.0,0.18,0.0,0.95,0.0,1.35
2025-03-19 19:00:00+00:00,0.03,1.04,0.0,0.24,0.0,4.11,0.0,0.19,0.0,0.65,0.0,0.53,0.0,1.29
2025-03-19 20:00:00+00:00,0.0,1.34,0.0,0.24,0.0,1.49,0.0,0.21,0.0,0.33,0.0,0.4,0.0,1.3
2025-03-19 21:00:00+00:00,0.0,0.89,0.0,0.23,0.0,1.15,0.0,0.22,0.0,0.28,0.0,0.47,0.0,1.26
2025-03-19 22:00:00+00:00,0.0,0.4,0.0,0.23,0.0,1.01,0.0,0.22,0.0,0.2,0.0,0.36,0.0,1.29
2025-03-19 23:00:00+00:00,0.0,0.38,0.0,0.23,0.0,0.97,0.0,0.23,0.0,0.17,0.0,0.36,0.0,1.26
2025-03-20 00:00:00+00:00,0.0,0.37,0.0,0.23,0.0,0.97,0.0,0.22,0.0,0.18,0.0,0.36,0.0,1.32
2025-03-20 01:00:00+00:00,0.0,0.37,0.0,0.22,0.0,0.95,0.0,0.22,0.0,0.17,0.0,0.36,0.0,1.27
2025-03-20 02:00:00+00:00,0.0,0.37,0.0,0.23,0.0,0.96,0.0,0.22,0.0,0.16,0.0,0.35,0.0,1.38
2025-03-20 03:00:00+00:00,0.0,0.33,0.0,0.23,0.0,0.97,0.0,0.23,0.0,0.17,0.0,0.35,0.0,1.33
2025-03-20 04:00:00+00:00,0.0,0.24,0.0,0.23,0.0,0.98,0.0,0.22,0.0,0.16,0.0,0.36,0.0,1.4
2025-03-20 05:00:00+00:00,0.03,0.22,0.0,0.23,0.02,1.31,0.0,0.23,0.0,0.21,0.0,0.36,0.0,1.4
2025-03-20 06:00:00+00:00,0.11,0.24,0.05,0.28,1.45,1.68,0.0,0.22,0.0,0.19,0.0,0.36,0.0,2.29
2025-03-20 07:00:00+00:00,0.27,0.51,0.07,0.42,2.48,1.66,0.0,0.28,0.0,0.17,0.0,0.43,0.0,1.43
2025-03-20 08:00:00+00:00,0.37,0.42,0.1,0.8,2.69,1.59,0.0,0.32,0.0,0.17,0.0,0.46,0.0,1.5
2025-03-20 09:00:00+00:00,1.97,0.86,0.52,0.84,8.7,1.5,0.0,0.35,0.0,0.18,0.0,0.35,0.0,1.49
2025-03-20 10:00:00+00:00,2.92,0.97,0.9,0.91,10.61,3.47,0.0,0.44,0.0,0.19,0.0,0.36,0.0,1.32
2025-03-20 11:00:00+00:00,3.11,1.19,1.13,0.86,10.57,3.69,0.0,0.28,0.0,0.17,0.0,0.36,0.0,1.39
2025-03-20 12:00:00+00:00,3.23,0.97,1.27,0.78,9.81,1.5,0.0,0.26,0.0,0.2,0.0,0.34,0.0,1.4
2025-03-20 13:00:00+00:00,2.74,0.94,1.26,0.74,8.8,1.59,0.0,0.28,0.0,0.19,0.0,0.32,0.0,1.27
2025-03-20 14:00:00+00:00,1.99,0.82,1.15,0.79,7.29,1.62,0.0,0.23,0.0,0.16,0.0,0.31,0.0,1.08
2025-03-20 15:00:00+00:00,0.56,0.49,0.67,0.79,4.0,1.74,0.0,0.29,0.0,0.17,0.0,0.31,0.0,0.98
2025-03-20 16:00:00+00:00,0.1,0.24,0.17,0.74,1.41,1.75,0.0,0.35,0.0,0.16,0.0,1.31,0.0,1.24
2025-03-20 17:00:00+00:00,0.07,0.32,0.0,0.5,0.15,2.05,0.0,0.17,0.0,0.18,0.0,0.32,0.0,1.25
2025-03-20 18:00:00+00:00,0.03,0.65,0.0,0.22,0.0,1.84,0.0,0.11,0.0,0.5,0.0,0.36,0.0,1.25
2025-03-20 19:00:00+00:00,0.03,1.56,0.0,0.22,0.0,1.39,0.0,0.11,0.0,0.28,0.0,0.41,0.0,1.24
2025-03-20 20:00:00+00:00,0.0,1.98,0.0,0.22,0.0,1.52,0.0,0.15,0.0,0.38,0.0,0.42,0.0,1.22
2025-03-20 21:00:00+00:00,0.0,1.4,0.0,0.22,0.0,1.17,0.0,0.15,0.0,0.25,0.0,0.38,0.0,1.28
2025-03-20 22:00:00+00:00,0.0,0.6,0.0,0.22,0.0,1.01,0.0,0.15,0.0,0.23,0.0,0.43,0.0,1.28
2025-03-20 23:00:00+00:00,0.0,0.51,0.0,0.22,0.0,0.97,0.0,0.16,0.0,0.17,0.0,0.37,0.0,1.34
2025-03-21 00:00:00+00:00,0.0,0.38,0.0,0.22,0.0,1.97,0.0,0.17,0.0,0.17,0.0,0.35,0.0,1.31
2025-03-21 01:00:00+00:00,0.0,0.36,0.0,0.22,0.0,3.68,0.0,0.16,0.0,0.18,0.0,0.35,0.0,1.32
2025-03-21 02:00:00+00:00,0.0,0.36,0.0,0.21,0.0,1.14,0.0,0.18,0.0,0.19,0.0,0.36,0.0,1.31
2025-03-21 03:00:00+00:00,0.0,0.35,0.0,0.23,0.0,0.96,0.0,0.19,0.0,0.18,0.0,0.36,0.0,1.43
2025-03-21 04:00:00+00:00,0.0,0.55,0.0,0.22,0.0,0.95,0.0,0.18,0.0,0.17,0.0,0.36,0.0,1.37
2025-03-21 05:00:00+00:00,0.06,0.54,0.0,0.21,0.08,1.01,0.0,0.22,0.0,0.19,0.0,0.36,0.0,1.59
2025-03-21 06:00:00+00:00,0.11,0.66,0.01,0.21,0.71,1.19,0.0,0.22,0.0,0.19,0.0,0.36,0.0,1.9
2025-03-21 07:00:00+00:00,0.25,0.41,0.07,0.41,1.99,1.13,0.0,0.24,0.0,0.18,0.0,0.41,0.0,1.55
2025-03-21 08:00:00+00:00,0.75,0.69,0.14,0.55,3.89,1.08,0.0,0.28,0.0,0.17,0.0,0.41,0.0,1.42
2025-03-21 09:00:00+00:00,1.08,0.77,0.19,0.58,4.34,1.31,0.0,0.27,0.0,0.17,0.0,0.35,0.0,1.37
2025-03-21 10:00:00+00:00,1.72,0.93,0.34,0.59,5.93,1.5,0.0,0.15,0.0,0.2,0.0,0.37,0.0,1.36
2025-03-21 11:00:00+00:00,1.98,0.96,0.5,0.58,7.35,1.58,0.0,0.14,0.0,0.17,0.0,0.36,0.0,1.3
2025-03-21 12:00:00+00:00,1.93,0.75,0.5,0.6,6.44,1.5,0.0,0.13,0.0,0.17,0.0,0.36,0.0,1.43
2025-03-21 13:00:00+00:00,2.04,0.81,0.69,0.6,6.97,1.62,0.0,0.11,0.0,0.17,0.0,0.36,0.0,1.71
2025-03-21 14:00:00+00:00,1.27,0.65,0.46,0.59,5.02,1.63,0.0,0.16,0.0,0.16,0.0,0.33,0.0,1.34
2025-03-21 15:00:00+00:00,0.4,0.38,0.23,0.6,2.96,1.69,0.0,0.2,0.0,0.18,0.0,0.29,0.0,1.15
2025-03-21 16:00:00+00:00,0.05,0.17,0.03,0.35,1.03,2.68,0.0,0.18,0.0,0.19,0.0,0.32,0.0,1.36
2025-03-21 17:00:00+00:00,0.08,0.35,0.0,0.22,0.12,4.75,0.0,0.12,0.0,0.69,0.0,0.46,0.0,1.27
2025-03-21 18:00:00+00:00,0.02,0.38,0.0,0.21,0.0,2.46,0.0,0.16,0.0,0.99,0.0,0.52,0.0,1.32
2025-03-21 19:00:00+00:00,0.02,0.37,0.0,0.21,0.0,1.59,0.0,0.11,0.0,0.32,0.0,0.38,0.0,1.27
2025-03-21 20:00:00+00:00,0.0,0.33,0.0,0.21,0.0,1.62,0.0,0.14,0.0,0.45,0.0,0.33,0.0,1.33
2025-03-21 21:00:00+00:00,0.0,0.24,0.0,0.21,0.0,1.29,0.0,0.15,0.0,0.31,0.0,0.35,0.0,1.28
2025-03-21 22:00:00+00:00,0.0,0.23,0.0,0.21,0.0,1.0,0.0,0.16,0.0,0.18,0.0,0.35,0.0,1.34
2025-03-21 23:00:00+00:00,0.0,0.14,0.0,0.21,0.0,0.97,0.0,0.17,0.0,0.19,0.0,0.33,0.0,1.33
2025-03-22 00:00:00+00:00,0.0,0.14,0.0,0.3,0.0,0.98,0.0,0.15,0.0,0.16,0.0,0.33,0.0,1.4
2025-03-22 01:00:00+00:00,0.0,0.15,0.0,0.3,0.0,0.98,0.0,0.14,0.0,0.16,0.0,0.38,0.0,1.4
2025-03-22 02:00:00+00:00,0.0,0.15,0.0,0.3,0.0,0.99,0.0,0.14,0.0,0.16,0.0,0.37,0.0,1.41
2025-03-22 03:00:00+00:00,0.0,0.14,0.0,0.3,0.0,0.96,0.0,0.14,0.0,0.14,0.0,0.36,0.0,1.37
2025-03-22 04:00:00+00:00,0.0,0.25,0.0,0.3,0.0,0.95,0.0,0.14,0.0,0.14,0.0,0.36,0.0,1.41
2025-03-22 05:00:00+00:00,0.03,0.21,0.0,0.3,0.1,1.0,0.0,0.14,0.0,0.15,0.0,0.36,0.0,1.37
2025-03-22 06:00:00+00:00,0.16,0.24,0.08,0.28,1.8,1.14,0.0,0.19,0.0,0.18,0.0,0.3,0.0,1.36
2025-03-22 07:00:00+00:00,0.75,0.58,0.11,0.23,5.85,1.47,0.0,0.14,0.0,0.15,0.0,0.3,0.0,1.34
2025-03-22 08:00:00+00:00,1.33,0.91,0.2,0.34,7.21,2.61,0.0,0.15,0.0,0.15,0.0,0.31,0.0,1.3
2025-03-22 09:00:00+00:00,2.09,1.01,0.52,0.37,8.64,4.59,0.0,0.17,0.0,0.15,0.0,0.55,0.0,1.27
2025-03-22 10:00:00+00:00,2.09,1.21,0.56,0.29,7.75,2.04,0.0,0.18,0.0,0.18,0.0,0.45,0.0,1.22
2025-03-22 11:00:00+00:00,3.2,1.48,1.03,0.28,10.47,1.51,0.0,0.11,0.0,0.34,0.0,1.96,0.0,1.23
2025-03-22 12:00:00+00:00,3.23,1.26,1.26,0.21,10.05,1.62,0.0,0.1,0.0,0.26,0.0,0.82,0.0,1.23
2025-03-22 13:00:00+00:00,2.82,1.03,1.26,0.23,9.01,1.45,0.0,0.15,0.0,0.39,0.0,0.34,0.0,1.13
2025-03-22 14:00:00+00:00,1.87,0.94,0.98,0.24,6.84,1.43,0.0,0.18,0.0,0.17,0.0,0.33,0.0,0.88
2025-03-22 15:00:00+00:00,0.67,0.69,0.61,0.25,4.12,1.42,0.0,0.15,0.0,0.14,0.0,0.34,0.0,0.89
2025-03-22 16:00:00+00:00,0.18,0.46,0.36,0.24,1.61,1.4,0.0,0.1,0.0,0.15,0.0,0.38,0.0,1.2
2025-03-22 17:00:00+00:00,0.09,0.53,0.0,0.24,0.22,1.47,0.0,0.11,0.0,0.15,0.0,0.37,0.0,1.28
2025-03-22 18:00:00+00:00,0.03,0.57,0.0,0.24,0.0,1.42,0.0,0.1,0.0,0.32,0.0,0.33,0.0,1.22
2025-03-22 19:00:00+00:00,0.01,0.4,0.0,0.24,0.0,1.3,0.0,0.1,0.0,0.29,0.0,0.32,0.0,1.28
2025-03-22 20:00:00+00:00,0.0,0.96,0.0,0.24,0.0,1.56,0.0,0.13,0.0,0.22,0.0,0.32,0.0,1.24
2025-03-22 21:00:00+00:00,0.0,0.64,0.0,0.23,0.0,1.45,0.0,0.14,0.0,0.15,0.0,0.3,0.0,1.27
2025-03-22 22:00:00+00:00,0.0,0.59,0.0,0.23,0.0,1.03,0.0,0.15,0.0,0.16,0.0,0.31,0.0,1.27
2025-03-22 23:00:00+00:00,0.0,0.57,0.0,0.23,0.0,0.96,0.0,0.15,0.0,0.15,0.0,0.35,0.0,1.3
2025-03-23 00:00:00+00:00,0.0,0.48,0.0,0.23,0.0,0.96,0.0,0.18,0.0,0.15,0.0,0.38,0.0,1.28
2025-03-23 01:00:00+00:00,0.0,0.49,0.0,0.2,0.0,0.96,0.0,0.15,0.0,0.14,0.0,0.37,0.0,1.33
2025-03-23 02:00:00+00:00,0.0,0.48,0.0,0.2,0.0,1.63,0.0,0.16,0.0,0.15,0.0,0.36,0.0,1.28
2025-03-23 03:00:00+00:00,0.0,0.5,0.0,0.2,0.0,3.53,0.0,0.15,0.0,0.15,0.0,0.36,0.0,1.31
2025-03-23 04:00:00+00:00,0.0,0.64,0.0,0.21,0.0,1.55,0.0,0.15,0.0,0.15,0.0,0.36,0.0,1.26
2025-03-23 05:00:00+00:00,0.05,0.62,0.0,0.21,0.0,0.96,0.0,0.15,0.0,0.16,0.0,0.34,0.0,1.27
2025-03-23 06:00:00+00:00,0.11,0.61,0.0,0.22,0.15,1.05,0.0,0.15,0.0,0.15,0.0,0.36,0.0,1.31
2025-03-23 07:00:00+00:00,0.11,0.7,0.0,0.22,0.4,1.15,0.0,0.15,0.0,0.2,0.0,0.37,0.0,1.34
2025-03-23 08:00:00+00:00,0.11,0.46,0.01,0.22,0.67,1.06,0.0,0.16,0.0,0.29,0.0,0.37,0.0,1.36
2025-03-23 09:00:00+00:00,0.17,0.24,0.07,0.22,2.16,1.03,0.0,0.15,0.0,0.22,0.0,0.37,0.0,1.31
2025-03-23 10:00:00+00:00,1.37,0.82,0.39,0.21,5.95,1.23,0.0,0.14,0.0,0.16,0.0,0.46,0.0,1.23
2025-03-23 11:00:00+00:00,2.06,1.03,0.46,0.21,7.16,1.41,0.0,0.15,0.0,0.15,0.0,0.28,0.0,1.16
2025-03-23 12:00:00+00:00,1.77,0.87,0.44,0.23,6.44,1.55,0.0,0.14,0.0,0.16,0.0,0.79,0.0,1.17
2025-03-23 13:00:00+00:00,1.41,0.83,0.58,0.21,5.78,1.45,0.0,0.1,0.0,0.15,0.0,1.41,0.0,1.09
2025-03-23 14:00:00+00:00,0.97,0.75,0.62,0.21,5.06,1.54,0.0,0.17,0.0,0.14,0.0,0.42,0.0,1.03
2025-03-23 15:00:00+00:00,0.5,0.8,0.39,0.31,3.51,1.52,0.0,0.1,0.0,0.17,0.0,0.32,0.0,0.97
2025-03-23 16:00:00+00:00,0.16,0.77,0.03,0.32,0.97,1.39,0.0,0.13,0.0,0.16,0.0,0.35,0.0,1.31
2025-03-23 17:00:00+00:00,0.11,0.66,0.0,0.33,0.05,1.02,0.0,0.11,0.0,0.21,0.0,0.38,0.0,1.29
2025-03-23 18:00:00+00:00,0.04,0.76,0.0,0.31,0.0,1.28,0.0,0.14,0.0,0.42,0.0,1.13,0.0,1.3
2025-03-23 19:00:00+00:00,0.04,2.34,0.0,0.32,0.0,1.64,0.0,0.15,0.0,0.33,0.0,0.54,0.0,1.3
2025-03-23 20:00:00+00:00,0.0,1.33,0.0,0.32,0.0,4.1,0.0,0.14,0.0,0.33,0.0,0.6,0.0,1.29
2025-03-23 21:00:00+00:00,0.0,1.28,0.0,0.26,0.0,2.07,0.0,0.16,0.0,0.25,0.0,0.4,0.0,1.3
2025-03-23 22:00:00+00:00,0.0,0.95,0.0,0.22,0.0,1.14,0.0,0.23,0.0,0.17,0.0,0.41,0.0,1.29
2025-03-23 23:00:00+00:00,0.0,0.44,0.0,0.21,0.0,0.94,0.0,0.18,0.0,0.15,0.0,0.37,0.0,1.3
2025-03-24 00:00:00+00:00,0.0,0.46,0.0,0.21,0.0,0.94,0.0,0.14,0.0,0.16,0.0,0.37,0.0,1.3
2025-03-24 01:00:00+00:00,0.0,0.43,0.0,0.22,0.0,0.94,0.0,0.15,0.0,0.13,0.0,0.37,0.0,1.31
2025-03-24 02:00:00+00:00,0.0,0.44,0.0,0.22,0.0,0.94,0.0,0.16,0.0,0.17,0.0,0.36,0.0,1.29
2025-03-24 03:00:00+00:00,0.0,0.47,0.0,0.21,0.0,0.95,0.0,0.22,0.0,0.13,0.0,0.35,0.0,1.38
2025-03-24 04:00:00+00:00,0.0,0.64,0.0,0.21,0.0,0.95,0.0,0.14,0.0,0.17,0.0,0.32,0.0,1.32
2025-03-24 05:00:00+00:00,0.04,0.62,0.0,0.28,0.01,1.25,0.0,0.18,0.0,0.22,0.0,0.31,0.0,1.42
2025-03-24 06:00:00+00:00,0.13,0.62,0.01,1.28,0.69,1.32,0.0,0.28,0.0,0.15,0.0,0.36,0.0,1.38
2025-03-24 07:00:00+00:00,0.1,0.22,0.04,1.2,1.35,4.44,0.0,0.33,0.0,0.18,0.0,0.31,0.0,1.52
2025-03-24 08:00:00+00:00,0.32,0.47,0.11,1.07,2.47,3.16,0.0,0.22,0.0,0.19,0.0,0.39,0.0,1.71
2025-03-24 09:00:00+00:00,1.77,0.79,0.36,1.01,6.68,1.06,0.0,0.21,0.0,0.29,0.0,0.35,0.0,1.55
2025-03-24 10:00:00+00:00,2.49,0.86,0.59,1.14,8.52,1.4,0.0,0.19,0.0,0.16,0.0,0.09,0.0,1.3
2025-03-24 11:00:00+00:00,2.9,1.07,0.91,1.03,10.25,1.42,0.0,0.16,0.0,0.18,0.0,0.13,0.0,1.27
2025-03-24 12:00:00+00:00,2.0,0.82,0.57,1.05,6.47,1.52,0.0,0.16,0.0,0.15,0.0,0.3,0.0,1.29
2025-03-24 13:00:00+00:00,1.55,0.66,0.59,1.05,5.73,1.52,0.0,0.22,0.0,0.19,0.0,0.32,0.0,1.25
2025-03-24 14:00:00+00:00,0.6,0.46,0.26,1.02,3.29,1.49,0.0,0.23,0.0,0.15,0.0,0.31,0.0,1.17
2025-03-24 15:00:00+00:00,0.82,0.55,0.47,0.99,4.05,1.76,0.0,0.21,0.0,0.19,0.0,0.31,0.0,1.13
2025-03-24 16:00:00+00:00,0.08,0.34,0.01,0.93,0.34,1.71,0.0,0.18,0.0,0.16,0.0,0.34,0.0,1.59
2025-03-24 17:00:00+00:00,0.1,0.46,0.0,0.41,0.08,1.51,0.0,0.16,0.0,0.3,0.0,0.43,0.0,1.28
2025-03-24 18:00:00+00:00,0.04,1.09,0.0,0.21,0.0,1.71,0.0,0.18,0.0,1.05,0.0,0.33,0.0,1.32
2025-03-24 19:00:00+00:00,0.02,0.77,0.0,0.21,0.0,1.45,0.0,0.14,0.0,0.35,0.0,0.47,0.0,1.29
2025-03-24 20:00:00+00:00,0.0,0.36,0.0,0.21,0.0,1.43,0.0,0.14,0.0,0.25,0.0,0.32,0.0,1.31
2025-03-24 21:00:00+00:00,0.0,0.42,0.0,0.21,0.0,1.3,0.0,0.18,0.0,0.21,0.0,0.33,0.0,1.28
2025-03-24 22:00:00+00:00,0.0,0.25,0.0,0.25,0.0,1.15,0.0,0.23,0.0,0.14,0.0,0.39,0.0,1.3
2025-03-24 23:00:00+00:00,0.0,0.17,0.0,0.3,0.0,0.92,0.0,0.17,0.0,0.17,0.0,0.37,0.0,1.28
2025-03-25 00:00:00+00:00,0.0,0.14,0.0,0.3,0.0,0.92,0.0,0.21,0.0,0.13,0.0,0.33,0.0,1.33
2025-03-25 01:00:00+00:00,0.0,0.16,0.0,0.3,0.0,0.92,0.0,0.24,0.0,0.17,0.0,0.31,0.0,1.27
2025-03-25 02:00:00+00:00,0.0,0.15,0.0,0.3,0.0,0.92,0.0,0.2,0.0,0.13,0.0,0.29,0.0,1.33
2025-03-25 03:00:00+00:00,0.0,0.14,0.0,0.3,0.0,0.92,0.0,0.14,0.0,0.16,0.0,0.3,0.0,1.28
2025-03-25 04:00:00+00:00,0.0,0.28,0.0,0.29,0.0,0.92,0.0,0.25,0.0,0.14,0.0,0.32,0.0,1.38
2025-03-25 05:00:00+00:00,0.03,0.25,0.0,0.43,0.0,0.99,0.0,0.24,0.0,0.25,0.0,0.36,0.0,1.34
2025-03-25 06:00:00+00:00,0.07,0.63,0.0,1.38,0.16,1.35,0.0,0.22,0.0,0.21,0.0,0.41,0.0,1.39
2025-03-25 07:00:00+00:00,0.05,0.22,0.0,1.5,0.55,1.54,0.0,0.23,0.0,0.17,0.0,0.4,0.0,1.7
2025-03-25 08:00:00+00:00,0.38,0.41,0.07,1.59,2.37,1.25,0.0,0.28,0.0,0.18,0.0,0.37,0.0,1.72
2025-03-25 09:00:00+00:00,1.75,0.73,0.3,1.56,6.28,1.2,0.0,0.32,0.0,0.15,0.0,0.33,0.0,1.55
2025-03-25 10:00:00+00:00,1.85,0.76,0.38,1.56,6.56,1.19,0.0,0.27,0.0,0.2,0.0,0.31,0.0,1.44
2025-03-25 11:00:00+00:00,2.96,1.1,0.74,1.56,9.63,1.45,0.0,0.18,0.0,0.17,0.0,0.31,0.0,1.3
2025-03-25 12:00:00+00:00,2.7,1.07,0.79,1.52,8.68,1.47,0.0,0.19,0.0,0.19,0.0,0.32,0.0,1.26
2025-03-25 13:00:00+00:00,1.14,1.26,0.28,1.62,4.27,1.26,0.0,0.21,0.0,0.17,0.0,0.29,0.0,1.45
2025-03-25 14:00:00+00:00,0.1,0.49,0.03,1.58,1.07,1.01,0.0,0.22,0.0,0.17,0.0,0.24,0.0,2.0
2025-03-25 15:00:00+00:00,0.06,0.18,0.01,1.52,0.72,1.45,0.0,0.29,0.0,0.2,0.0,0.3,0.0,1.53
2025-03-25 16:00:00+00:00,0.05,0.18,0.0,1.48,0.58,1.68,0.0,0.2,0.0,0.17,0.0,0.94,0.0,1.38
2025-03-25 17:00:00+00:00,0.07,0.34,0.0,0.76,0.12,1.69,0.0,0.21,0.0,0.22,0.0,0.3,0.0,1.31
2025-03-25 18:00:00+00:00,0.04,1.61,0.0,0.22,0.0,1.83,0.0,0.19,0.0,0.22,0.0,0.35,0.0,1.29
2025-03-25 19:00:00+00:00,0.03,1.07,0.0,0.21,0.0,1.79,0.0,0.18,0.0,0.4,0.0,0.4,0.0,1.33
2025-03-25 20:00:00+00:00,0.0,0.85,0.0,0.22,0.0,1.62,0.0,0.18,0.0,0.35,0.0,0.5,0.0,1.27
2025-03-25 21:00:00+00:00,0.0,0.61,0.0,0.22,0.0,1.27,0.0,0.2,0.0,0.21,0.0,0.4,0.0,1.33
2025-03-25 22:00:00+00:00,0.0,0.67,0.0,0.21,0.0,0.96,0.0,0.14,0.0,0.15,0.0,0.36,0.0,1.27
2025-03-25 23:00:00+00:00,0.0,0.96,0.0,0.21,0.0,0.92,0.0,0.14,0.0,0.13,0.0,0.37,0.0,1.31
2025-03-26 00:00:00+00:00,0.0,0.8,0.0,0.21,0.0,0.92,0.0,0.14,0.0,0.16,0.0,0.36,0.0,1.29
2025-03-26 01:00:00+00:00,0.0,0.36,0.0,0.21,0.0,0.92,0.0,0.14,0.0,0.12,0.0,0.35,0.0,1.35
2025-03-26 02:00:00+00:00,0.0,0.35,0.0,0.21,0.0,0.92,0.0,0.15,0.0,0.17,0.0,0.35,0.0,1.35
2025-03-26 03:00:00+00:00,0.0,0.37,0.0,0.21,0.0,0.92,0.0,0.14,0.0,0.13,0.0,0.36,0.0,1.37
2025-03-26 04:00:00+00:00,0.0,0.57,0.0,0.2,0.0,0.92,0.0,0.15,0.0,0.15,0.0,0.36,0.0,1.34
2025-03-26 05:00:00+00:00,0.03,0.52,0.0,0.21,0.01,0.99,0.0,0.14,0.0,0.16,0.0,0.36,0.0,1.37
2025-03-26 06:00:00+00:00,0.09,0.47,0.0,0.24,0.6,1.42,0.0,0.14,0.0,0.15,0.0,0.37,0.0,1.35
2025-03-26 07:00:00+00:00,0.15,0.57,0.03,0.31,1.22,1.69,0.0,0.22,0.0,0.16,0.0,0.43,0.0,1.53
2025-03-26 08:00:00+00:00,0.42,0.41,0.08,0.31,2.56,1.27,0.0,0.28,0.0,0.17,0.0,0.32,0.0,1.86
2025-03-26 09:00:00+00:00,0.6,0.43,0.09,0.32,2.86,1.02,0.0,0.45,0.0,0.16,0.0,0.31,0.0,1.65
2025-03-26 10:00:00+00:00,1.08,0.58,0.17,0.34,4.17,1.12,0.0,0.35,0.0,0.14,0.0,0.32,0.0,2.35
2025-03-26 11:00:00+00:00,0.17,0.35,0.03,0.3,1.31,1.08,0.0,0.3,0.0,0.17,0.0,0.62,0.0,1.68
2025-03-26 12:00:00+00:00,0.42,0.33,0.06,0.21,2.36,1.23,0.0,0.33,0.0,0.17,0.0,1.0,0.0,1.86
2025-03-26 13:00:00+00:00,0.37,0.31,0.08,0.21,2.05,1.46,0.0,0.44,0.0,0.23,0.0,0.36,0.0,1.62
2025-03-26 14:00:00+00:00,0.47,0.38,0.09,0.22,2.58,1.64,0.0,0.35,0.0,0.2,0.0,0.34,0.0,1.56
2025-03-26 15:00:00+00:00,0.11,0.22,0.02,0.22,1.17,1.73,0.0,0.37,0.0,0.25,0.0,0.35,0.0,1.53
2025-03-26 16:00:00+00:00,0.06,0.23,0.0,0.22,0.11,1.71,0.0,0.39,0.0,0.26,0.0,0.36,0.0,1.5
2025-03-26 17:00:00+00:00,0.06,0.25,0.0,0.23,0.06,1.62,0.0,0.37,0.0,0.34,0.0,0.36,0.0,1.48
2025-03-26 18:00:00+00:00,0.04,0.91,0.0,0.22,0.0,1.46,0.0,0.34,0.0,0.7,0.0,0.37,0.0,1.52
2025-03-26 19:00:00+00:00,0.03,1.06,0.0,0.22,0.0,1.39,0.0,0.37,0.0,0.32,0.0,0.38,0.0,1.46
2025-03-26 20:00:00+00:00,0.0,0.36,0.0,0.21,0.0,1.13,0.0,0.3,0.0,0.22,0.0,0.47,0.0,1.53
2025-03-26 21:00:00+00:00,0.0,0.32,0.0,0.22,0.0,1.2,0.0,0.3,0.0,0.18,0.0,0.4,0.0,1.45
2025-03-26 22:00:00+00:00,0.0,0.25,0.0,0.22,0.0,1.17,0.0,0.33,0.0,0.2,0.0,0.39,0.0,1.34
2025-03-26 23:00:00+00:00,0.0,0.2,0.0,0.21,0.0,0.93,0.0,0.27,0.0,0.16,0.0,0.34,0.0,1.32
2025-03-27 00:00:00+00:00,0.0,0.18,0.0,0.21,0.0,0.92,0.0,0.33,0.0,0.22,0.0,0.35,0.0,1.32
2025-03-27 01:00:00+00:00,0.0,0.19,0.0,0.24,0.0,0.91,0.0,0.33,0.0,0.18,0.0,0.36,0.0,1.33
2025-03-27 02:00:00+00:00,0.0,0.18,0.0,0.25,0.0,0.91,0.0,0.25,0.0,0.2,0.0,0.36,0.0,1.31
2025-03-27 03:00:00+00:00,0.0,0.19,0.0,0.25,0.0,0.93,0.0,0.25,0.0,0.19,0.0,0.36,0.0,1.31
2025-03-27 04:00:00+00:00,0.0,0.48,0.0,0.25,0.0,0.93,0.0,0.25,0.0,0.19,0.0,0.36,0.0,1.31
2025-03-27 05:00:00+00:00,0.04,0.59,0.0,0.26,0.01,1.18,0.0,0.25,0.0,0.23,0.0,0.36,0.0,1.31
2025-03-27 06:00:00+00:00,0.1,0.65,0.0,0.27,0.2,1.45,0.0,0.25,0.0,0.18,0.0,0.35,0.0,1.54
2025-03-27 07:00:00+00:00,0.12,1.03,0.01,0.68,0.64,1.12,0.0,0.26,0.0,0.25,0.0,0.4,0.0,1.47
2025-03-27 08:00:00+00:00,0.09,0.61,0.03,1.21,0.98,1.42,0.0,0.25,0.0,0.21,0.0,0.37,0.0,2.31
2025-03-27 09:00:00+00:00,0.45,0.53,0.12,1.23,2.59,1.4,0.0,0.25,0.0,0.19,0.0,0.37,0.0,2.33
2025-03-27 10:00:00+00:00,1.13,0.63,0.22,1.22,4.61,1.22,0.0,0.28,0.0,0.18,0.0,0.36,0.0,2.06
2025-03-27 11:00:00+00:00,1.01,0.93,0.21,1.14,4.22,1.22,0.0,0.26,0.0,0.16,0.0,0.52,0.0,1.94
2025-03-27 12:00:00+00:00,1.19,0.57,0.33,1.3,4.68,1.02,0.0,0.24,0.0,0.19,0.0,0.32,0.0,1.61
2025-03-27 13:00:00+00:00,0.77,0.5,0.22,1.33,3.59,1.02,0.0,0.43,0.0,0.17,0.0,0.34,0.0,2.21
2025-03-27 14:00:00+00:00,0.2,0.24,0.05,1.23,1.84,1.15,0.0,0.36,0.0,0.2,0.0,0.29,0.0,2.66
2025-03-27 15:00:00+00:00,0.12,0.24,0.04,1.23,1.53,1.53,0.0,0.4,0.0,0.18,0.0,0.3,0.0,1.6
2025-03-27 16:00:00+00:00,0.08,0.27,0.01,1.34,0.85,1.52,0.0,0.42,0.0,0.21,0.0,0.34,0.0,1.57
2025-03-27 17:00:00+00:00,0.09,0.41,0.0,0.8,0.13,1.55,0.0,0.36,0.0,0.18,0.0,0.57,0.0,1.57
2025-03-27 18:00:00+00:00,0.06,1.74,0.0,0.29,0.0,1.64,0.0,0.24,0.0,0.22,0.0,0.42,0.0,1.57
2025-03-27 19:00:00+00:00,0.03,1.07,0.0,0.22,0.0,1.43,0.0,0.26,0.0,0.29,0.0,0.37,0.0,1.57
2025-03-27 20:00:00+00:00,0.0,0.67,0.0,0.22,0.0,1.39,0.0,0.34,0.0,0.21,0.0,0.55,0.0,1.59
2025-03-27 21:00:00+00:00,0.0,0.31,0.0,0.22,0.0,1.2,0.0,0.34,0.0,0.22,0.0,0.38,0.0,1.55
2025-03-27 22:00:00+00:00,0.0,0.34,0.0,0.25,0.0,0.97,0.0,0.29,0.0,0.24,0.0,0.39,0.0,1.6
2025-03-27 23:00:00+00:00,0.0,0.33,0.0,0.24,0.0,0.95,0.0,0.24,0.0,0.2,0.0,0.36,0.0,1.58
2025-03-28 00:00:00+00:00,0.0,0.19,0.0,0.25,0.0,0.94,0.0,0.25,0.0,0.17,0.0,0.37,0.0,1.61
2025-03-28 01:00:00+00:00,0.0,0.18,0.0,0.24,0.0,0.92,0.0,0.26,0.0,0.18,0.0,0.36,0.0,1.6
2025-03-28 02:00:00+00:00,0.0,0.16,0.0,0.24,0.0,0.92,0.0,0.25,0.0,0.19,0.0,0.36,0.0,1.62
2025-03-28 03:00:00+00:00,0.0,0.16,0.0,0.26,0.0,0.94,0.0,0.25,0.0,0.16,0.0,0.36,0.0,1.59
2025-03-28 04:00:00+00:00,0.0,0.26,0.0,0.24,0.0,0.96,0.0,0.26,0.0,0.2,0.0,0.36,0.0,1.63
2025-03-28 05:00:00+00:00,0.04,0.25,0.0,0.25,0.04,0.97,0.0,0.26,0.0,0.17,0.0,0.35,0.0,1.58
2025-03-28 06:00:00+00:00,0.06,0.35,0.02,0.29,0.91,1.06,0.0,0.28,0.0,0.22,0.0,0.35,0.0,1.61
2025-03-28 07:00:00+00:00,0.27,0.89,0.06,1.36,2.04,1.5,0.0,0.25,0.0,0.2,0.0,0.6,0.0,2.5
2025-03-28 08:00:00+00:00,0.5,0.8,0.09,1.52,2.77,1.26,0.0,0.39,0.0,0.22,0.0,0.39,0.0,2.01
2025-03-28 09:00:00+00:00,0.31,0.47,0.07,1.36,2.21,1.02,0.0,0.46,0.0,0.19,0.0,0.37,0.0,1.97
2025-03-28 10:00:00+00:00,0.49,0.5,0.09,1.47,2.84,1.0,0.0,0.36,0.0,0.17,0.0,0.36,0.0,1.92
2025-03-28 11:00:00+00:00,0.58,0.55,0.11,1.5,3.22,1.0,0.0,0.35,0.0,0.21,0.0,0.35,0.0,1.68
2025-03-28 12:00:00+00:00,1.05,1.05,0.19,1.48,4.35,1.2,0.0,0.35,0.0,0.17,0.0,0.31,0.0,1.87
2025-03-28 13:00:00+00:00,0.95,0.92,0.19,1.9,4.23,1.3,0.0,0.3,0.0,0.2,0.0,0.3,0.0,1.93
2025-03-28 14:00:00+00:00,0.83,0.83,0.42,1.58,4.76,4.95,0.0,0.29,0.0,0.17,0.0,0.32,0.0,1.75
2025-03-28 15:00:00+00:00,0.31,0.64,0.43,1.56,3.27,5.61,0.0,0.34,0.0,0.18,0.0,0.32,0.0,1.6
2025-03-28 16:00:00+00:00,0.24,0.46,0.16,1.44,2.34,5.23,0.0,0.38,0.0,0.2,0.0,0.33,0.0,1.47
2025-03-28 17:00:00+00:00,0.14,1.16,0.0,0.29,0.09,4.65,0.0,0.29,0.0,0.51,0.0,0.32,0.0,1.34
2025-03-28 18:00:00+00:00,0.06,1.06,0.0,0.3,0.0,2.24,0.0,0.28,0.0,0.41,0.0,0.44,0.0,1.27
2025-03-28 19:00:00+00:00,0.03,1.26,0.0,0.37,0.0,1.16,0.0,0.31,0.0,0.81,0.0,0.4,0.0,1.32
2025-03-28 20:00:00+00:00,0.0,0.73,0.0,0.57,0.0,1.01,0.0,0.32,0.0,0.43,0.0,0.34,0.0,1.34
2025-03-28 21:00:00+00:00,0.0,0.47,0.0,0.35,0.0,0.99,0.0,0.34,0.0,0.27,0.0,0.36,0.0,1.37
2025-03-28 22:00:00+00:00,0.0,0.73,0.0,0.3,0.0,1.17,0.0,0.33,0.0,0.2,0.0,0.41,0.0,1.34
2025-03-28 23:00:00+00:00,0.0,0.84,0.0,0.23,0.0,0.91,0.0,0.33,0.0,0.16,0.0,0.39,0.0,1.38
2025-03-29 00:00:00+00:00,0.0,0.86,0.0,0.22,0.0,0.91,0.0,0.33,0.0,0.21,0.0,0.36,0.0,1.33
2025-03-29 01:00:00+00:00,0.0,0.69,0.0,0.25,0.0,0.92,0.0,0.33,0.0,0.19,0.0,0.36,0.0,1.38
2025-03-29 02:00:00+00:00,0.0,0.45,0.0,0.26,0.0,0.92,0.0,0.34,0.0,0.22,0.0,0.37,0.0,1.33
2025-03-29 03:00:00+00:00,0.0,0.37,0.0,0.25,0.0,0.98,0.0,0.33,0.0,0.18,0.0,0.36,0.0,1.38
2025-03-29 04:00:00+00:00,0.0,0.45,0.0,0.26,0.0,0.93,0.0,0.32,0.0,0.17,0.0,0.34,0.0,1.39
2025-03-29 05:00:00+00:00,0.03,0.21,0.0,0.26,0.04,0.98,0.0,0.33,0.0,0.21,0.0,0.36,0.0,1.38
2025-03-29 06:00:00+00:00,0.04,0.19,0.0,0.25,0.33,1.09,0.0,0.32,0.0,0.17,0.0,0.36,0.0,1.4
2025-03-29 07:00:00+00:00,0.06,0.16,0.02,0.27,0.79,1.43,0.0,0.32,0.0,0.19,0.0,0.37,0.0,1.39
2025-03-29 08:00:00+00:00,0.12,0.22,0.04,0.26,1.52,1.58,0.0,0.33,0.0,0.26,0.0,0.45,0.0,1.36
2025-03-29 09:00:00+00:00,0.55,0.4,0.09,0.27,2.72,1.53,0.0,0.32,0.0,0.21,0.0,0.4,0.0,1.27
2025-03-29 10:00:00+00:00,1.61,0.72,0.21,0.25,5.44,1.44,0.0,0.31,0.0,0.17,0.0,0.37,0.0,1.19
2025-03-29 11:00:00+00:00,1.5756818181818182,0.7113636363636363,0.2059090909090909,0.2772727272727273,5.334318181818182,1.4438636363636363,0.0,0.31477272727272726,0.0,0.17045454545454547,0.0,0.3718181818181818,0.0,1.2027272727272726
2025-03-29 12:00:00+00:00,1.5413636363636365,0.7027272727272728,0.2018181818181818,0.30454545454545456,5.228636363636364,1.4477272727272728,0.0,0.3195454545454545,0.0,0.17090909090909093,0.0,0.37363636363636366,0.0,1.2154545454545453
2025-03-29 13:00:00+00:00,1.5070454545454546,0.6940909090909091,0.19772727272727272,0.3318181818181818,5.1229545454545455,1.4515909090909092,0.0,0.32431818181818184,0.0,0.17136363636363638,0.0,0.37545454545454543,0.0,1.228181818181818
2025-03-29 14:00:00+00:00,1.4727272727272729,0.6854545454545454,0.19363636363636363,0.35909090909090907,5.0172727272727276,1.4554545454545453,0.0,0.3290909090909091,0.0,0.17181818181818184,0.0,0.37727272727272726,0.0,1.240909090909091
2025-03-29 15:00:00+00:00,1.438409090909091,0.6768181818181818,0.18954545454545454,0.38636363636363635,4.91159090909091,1.4593181818181817,0.0,0.33386363636363636,0.0,0.17227272727272727,0.0,0.3790909090909091,0.0,1.2536363636363637
2025-03-29 16:00:00+00:00,1.4040909090909093,0.6681818181818182,0.18545454545454546,0.41363636363636364,4.805909090909092,1.4631818181818181,0.0,0.3386363636363636,0.0,0.17272727272727273,0.0,0.3809090909090909,0.0,1.2663636363636364
2025-03-29 17:00:00+00:00,0.11,0.885,0.0,0.24,0.02,1.47,0.0,0.125,0.0,0.22,0.0,0.365,0.0,1.2850000000000001
2025-03-29 18:00:00+00:00,0.03,1.02,0.0,0.235,0.0,1.2850000000000001,0.0,0.15500000000000003,0.0,0.31,0.0,0.375,0.0,1.3
2025-03-29 19:00:00+00:00,0.03,0.975,0.0,0.235,0.0,1.1600000000000001,0.0,0.155,0.0,0.28500000000000003,0.0,0.45,0.0,1.29
2025-03-29 20:00:00+00:00,0.0,1.145,0.0,0.235,0.0,1.25,0.0,0.15500000000000003,0.0,0.235,0.0,0.37,0.0,1.29
2025-03-29 21:00:00+00:00,0.0,0.8800000000000001,0.0,0.235,0.0,1.175,0.0,0.165,0.0,0.25,0.0,0.36,0.0,1.29
2025-03-29 22:00:00+00:00,0.0,0.6,0.0,0.225,0.0,1.065,0.0,0.185,0.0,0.19,0.0,0.39,0.0,1.3050000000000002
2025-03-29 23:00:00+00:00,0.0,0.51,0.0,0.22,0.0,0.96,0.0,0.17,0.0,0.19,0.0,0.37,0.0,1.33
2025-03-30 00:00:00+00:00,0.0,0.37,0.0,0.23,0.0,0.96,0.0,0.17,0.0,0.19,0.0,0.37,0.0,1.33
2025-03-30 01:00:00+00:00,0.0,0.26,0.0,0.23,0.0,0.92,0.0,0.17,0.0,0.19,0.0,0.36,0.0,1.33
2025-03-30 02:00:00+00:00,0.0,0.26,0.0,0.23,0.0,0.98,0.0,0.17,0.0,0.18,0.0,0.36,0.0,1.34
2025-03-30 03:00:00+00:00,0.0,0.39,0.0,0.23,0.0,0.95,0.0,0.17,0.0,0.17,0.0,0.36,0.0,1.36
2025-03-30 04:00:00+00:00,0.02,0.32,0.0,0.23,0.0,1.0,0.0,0.17,0.0,0.19,0.0,0.36,0.0,1.34
2025-03-30 05:00:00+00:00,0.08,0.44,0.0,0.24,0.33,1.14,0.0,0.17,0.0,0.18,0.0,0.36,0.0,1.35
2025-03-30 06:00:00+00:00,0.11,0.52,0.01,0.23,0.76,1.15,0.0,0.17,0.0,0.2,0.0,0.36,0.0,1.34
2025-03-30 07:00:00+00:00,0.13,0.46,0.04,0.26,1.52,1.52,0.0,0.17,0.0,0.2,0.0,0.37,0.0,1.33
2025-03-30 08:00:00+00:00,0.25,0.4,0.07,0.27,2.47,1.53,0.0,0.17,0.0,0.21,0.0,0.37,0.0,1.3
2025-03-30 09:00:00+00:00,1.37,0.72,0.21,0.25,5.44,1.44,0.0,0.17,0.0,0.18,0.0,0.46,0.0,1.29
2025-03-30 10:00:00+00:00,1.5756818181818182,0.7113636363636363,0.36,0.2772727272727273,5.334318181818182,1.44,0.0,0.16,0.0,0.19,0.0,0.3718181818181818,0.0,1.26
2025-03-30 11:00:00+00:00,1.77,0.87,0.44,0.24,6.44,1.51,0.0,0.14,0.0,0.26,0.0,0.37363636363636366,0.0,1.22
2025-03-30 12:00:00+00:00,1.45,0.83,0.58,0.24,5.59,1.45,0.0,0.13,0.0,0.26,0.0,0.37,0.0,1.18
2025-03-30 13:00:00+00:00,1.13,0.75,0.62,0.24,5.06,1.44,0.0,0.17,0.0,0.17181818181818184,0.0,0.36,0.0,1.03
2025-03-30 14:00:00+00:00,0.44,0.6768181818181818,0.18954545454545454,0.25,3.51,1.4593181818181817,0.0,0.14,0.0,0.17227272727272727,0.0,0.36,0.0,1.14
2025-03-30 15:00:00+00:00,0.15,0.6681818181818182,0.03,0.24,0.97,1.4,0.0,0.13,0.0,0.17272727272727273,0.0,0.36,0.0,1.2663636363636364
2025-03-30 16:00:00+00:00,0.11,0.885,0.0,0.24,0.02,1.47,0.0,0.125,0.0,0.22,0.0,0.365,0.0,1.2850000000000001
2025-03-30 17:00:00+00:00,0.03,1.02,0.0,0.235,0.0,1.2850000000000001,0.0,0.15500000000000003,0.0,0.31,0.0,0.375,0.0,1.3
2025-03-30 18:00:00+00:00,0.03,0.975,0.0,0.235,0.0,1.1600000000000001,0.0,0.155,0.0,0.28500000000000003,0.0,0.45,0.0,1.29
2025-03-30 19:00:00+00:00,0.0,1.145,0.0,0.235,0.0,1.25,0.0,0.15500000000000003,0.0,0.235,0.0,0.37,0.0,1.29
2025-03-30 20:00:00+00:00,0.0,0.8800000000000001,0.0,0.235,0.0,1.175,0.0,0.165,0.0,0.25,0.0,0.36,0.0,1.29
2025-03-30 21:00:00+00:00,0.0,0.6,0.0,0.225,0.0,1.065,0.0,0.185,0.0,0.19,0.0,0.39,0.0,1.3050000000000002
2025-03-30 22:00:00+00:00,0.0,0.435,0.0,0.215,0.0,0.925,0.0,0.165,0.0,0.17,0.0,0.37,0.0,1.315
2025-03-30 23:00:00+00:00,0.0,0.37,0.0,0.22,0.0,0.945,0.0,0.17,0.0,0.17,0.0,0.365,0.0,1.3250000000000002
2025-03-31 00:00:00+00:00,0.0,0.39181818181818184,0.0,1.2863636363636362,0.0,1.586818181818182,0.0,0.4913636363636364,0.0,0.18727272727272729,0.0,0.4390909090909091,0.0,1.6736363636363636
2025-03-31 01:00:00+00:00,0.0,0.3831818181818182,0.0,1.3136363636363635,0.0,1.5906818181818183,0.0,0.49613636363636365,0.0,0.18772727272727274,0.0,0.4409090909090909,0.0,1.6863636363636363
2025-03-31 02:00:00+00:00,0.0,0.37454545454545457,0.0,1.3409090909090908,0.0,1.5945454545454547,0.0,0.500909090909091,0.0,0.18818181818181817,0.0,0.44272727272727275,0.0,1.6990909090909092
2025-03-31 03:00:00+00:00,0.0,0.3659090909090909,0.0,1.3681818181818182,0.0,1.598409090909091,0.0,0.5056818181818182,0.0,0.18863636363636363,0.0,0.4445454545454546,0.0,1.711818181818182
2025-03-31 04:00:00+00:00,0.16863636363636375,0.3572727272727273,0.03818181818181818,1.3954545454545453,1.0013636363636367,1.6022727272727273,0.0,0.5104545454545455,0.0,0.1890909090909091,0.0,0.44636363636363635,0.0,1.7245454545454546
2025-03-31 05:00:00+00:00,0.13431818181818192,0.34863636363636363,0.03409090909090909,1.4227272727272726,0.8956818181818185,1.6061363636363637,0.0,0.5152272727272728,0.0,0.18954545454545454,0.0,0.4481818181818182,0.0,1.7372727272727273
2025-03-31 06:00:00+00:00,0.1,0.34,0.03,1.45,0.79,1.61,0.0,0.52,0.0,0.19,0.0,0.45,0.0,1.75
2025-03-31 07:00:00+00:00,0.2,0.34,0.07,1.51,2.01,1.43,0.0,0.55,0.0,0.2,0.0,0.4,0.0,2.68
2025-03-31 08:00:00+00:00,1.45,0.75,0.2,1.42,6.74,3.06,0.0,0.45,0.0,0.26,0.0,0.39,0.0,2.22
2025-03-31 09:00:00+00:00,2.67,1.17,0.48,1.25,11.0,2.69,0.0,0.42,0.0,0.17,0.0,0.32,0.0,1.41
2025-03-31 10:00:00+00:00,1.54,0.96,0.29,1.14,5.92,1.13,0.0,0.32,0.0,0.19,0.0,0.31,0.0,1.36
2025-03-31 11:00:00+00:00,2.32,1.64,0.5,1.3,7.79,1.26,0.0,0.43,0.0,0.15,0.0,0.32,0.0,1.34
2025-03-31 12:00:00+00:00,2.19,1.35,0.59,1.36,8.05,1.24,0.0,0.39,0.0,0.23,0.0,0.31,0.0,1.6
2025-03-31 13:00:00+00:00,2.28,0.85,0.66,1.36,6.34,1.03,0.0,0.42,0.0,0.16,0.0,0.32,0.0,1.63
2025-03-31 14:00:00+00:00,0.75,0.58,0.3,1.31,0.0,0.0,0.0,0.39,0.0,0.19,0.0,0.32,0.0,1.41
2025-03-31 15:00:00+00:00,0.69,0.5,0.26,1.21,2.8,1.73,0.0,0.43,0.0,0.42,0.0,0.36,0.0,1.21
2025-03-31 16:00:00+00:00,0.07,0.24,0.01,1.23,0.87,1.68,0.0,0.39,0.0,0.58,0.0,0.35,0.0,1.32
2025-03-31 17:00:00+00:00,0.13,0.79,0.0,0.35,0.24,2.95,0.0,0.21,0.0,0.62,0.0,0.35,0.0,1.33
2025-03-31 18:00:00+00:00,0.06,0.84,0.0,0.24,0.0,4.16,0.0,0.21,0.0,0.33,0.0,0.48,0.0,1.31
2025-03-31 19:00:00+00:00,0.0,0.75,0.0,0.25,0.0,3.46,0.0,0.24,0.0,0.4,0.0,0.42,0.0,1.33
2025-03-31 20:00:00+00:00,0.0,0.61,0.0,0.25,0.0,2.24,0.0,0.31,0.0,0.28,0.0,0.42,0.0,1.32
2025-03-31 21:00:00+00:00,0.0,0.6,0.0,0.22,0.0,0.98,0.0,0.35,0.0,0.28,0.0,0.36,0.0,1.31
2025-03-31 22:00:00+00:00,0.0,0.52,0.0,0.24,0.0,0.86,0.0,0.32,0.0,0.24,0.0,0.36,0.0,1.35
2025-03-31 23:00:00+00:00,0.0,0.49,0.0,0.22,0.0,0.86,0.0,0.37,0.0,0.19,0.0,0.35,0.0,1.38
2025-04-01 00:00:00+00:00,0.0,0.46,0.0,0.25,0.0,0.85,0.0,0.38,0.0,0.22,0.0,0.35,0.0,1.34
2025-04-01 01:00:00+00:00,0.0,0.2,0.0,0.25,0.0,0.86,0.0,0.38,0.0,0.17,0.0,0.36,0.0,1.39
2025-04-01 02:00:00+00:00,0.0,0.21,0.0,0.25,0.0,0.85,0.0,0.33,0.0,0.2,0.0,0.36,0.0,1.33
2025-04-01 03:00:00+00:00,0.0,0.37,0.0,0.26,0.0,0.86,0.0,0.29,0.0,0.18,0.0,0.36,0.0,1.37
2025-04-01 04:00:00+00:00,0.01,0.34,0.0,0.3,0.0,0.92,0.0,0.25,0.0,0.23,0.0,0.36,0.0,1.33
2025-04-01 05:00:00+00:00,0.06,0.27,0.0,1.43,0.31,0.97,0.0,0.25,0.0,0.27,0.0,0.42,0.0,1.6
2025-04-01 06:00:00+00:00,0.13,0.2,0.06,1.59,2.46,1.25,0.0,0.27,0.0,0.17,0.0,0.38,0.0,1.38
2025-04-01 07:00:00+00:00,0.57,0.46,0.12,1.64,6.14,4.94,0.0,0.25,0.0,0.2,0.0,1.25,0.0,1.53
2025-04-01 08:00:00+00:00,2.06,0.74,0.24,1.6,0.0,0.0,0.0,0.26,0.0,0.17,0.0,0.37,0.0,1.39
2025-04-01 09:00:00+00:00,3.15,0.89,0.54,1.69,0.0,0.09,0.0,0.25,0.0,0.21,0.0,0.37,0.0,1.37
2025-04-01 10:00:00+00:00,2.9,1.26,0.69,1.69,0.0,0.0,0.0,0.22,0.0,0.17,0.0,0.36,0.0,1.33
2025-04-01 11:00:00+00:00,3.65,1.11,0.91,1.58,0.0,0.0,0.0,0.21,0.0,0.18,0.0,0.35,0.0,1.37
2025-04-01 12:00:00+00:00,3.65,1.09,1.18,1.53,0.0,0.0,0.0,0.21,0.0,0.18,0.0,0.32,0.0,1.48
2025-04-01 13:00:00+00:00,2.88,0.91,1.14,1.56,0.0,0.0,0.0,0.25,0.0,0.17,0.0,0.36,0.0,1.85
2025-04-01 14:00:00+00:00,2.38,0.97,1.09,1.51,0.0,0.0,0.0,0.35,0.0,0.19,0.0,0.34,0.0,1.47
2025-04-01 15:00:00+00:00,1.01,0.67,0.8,1.58,0.0,0.0,0.0,0.31,0.0,0.15,0.0,0.35,0.0,1.21
2025-04-01 16:00:00+00:00,0.26,0.41,0.45,1.44,0.0,0.0,0.0,0.34,0.0,0.46,0.0,0.53,0.0,1.46
2025-04-01 17:00:00+00:00,0.11,0.54,0.01,0.23,0.0,0.0,0.0,0.29,0.0,0.29,0.0,0.32,0.0,1.23
2025-04-01 18:00:00+00:00,0.07,1.31,0.0,0.19,0.0,0.0,0.0,0.37,0.0,0.33,0.0,0.32,0.0,1.26
2025-04-01 19:00:00+00:00,0.0,0.98,0.0,0.2,0.0,0.0,0.0,0.28,0.0,0.18,0.0,0.36,0.0,1.24
2025-04-01 20:00:00+00:00,0.0,0.61,0.0,0.19,0.0,0.0,0.0,0.29,0.0,0.25,0.0,0.36,0.0,1.23
2025-04-01 21:00:00+00:00,0.0,0.35,0.0,0.18,0.0,0.0,0.0,0.33,0.0,0.15,0.0,0.36,0.0,1.25
2025-04-01 22:00:00+00:00,0.0,0.22,0.0,0.19,0.0,0.0,0.0,0.37,0.0,0.21,0.0,0.35,0.0,1.25
2025-04-01 23:00:00+00:00,0.0,0.18,0.0,0.19,0.0,0.0,0.0,0.38,0.0,0.16,0.0,0.35,0.0,1.3
2025-04-02 00:00:00+00:00,0.0,0.19,0.0,0.22,0.0,0.0,0.0,0.35,0.0,0.2,0.0,0.37,0.0,1.33
2025-04-02 01:00:00+00:00,0.0,0.26,0.0,0.21,0.0,0.0,0.0,0.33,0.0,0.16,0.0,0.36,0.0,1.35
2025-04-02 02:00:00+00:00,0.0,0.45,0.0,0.21,0.0,0.0,0.0,0.32,0.0,0.21,0.0,0.36,0.0,1.35
2025-04-02 03:00:00+00:00,0.0,0.51,0.0,0.22,0.0,0.0,0.0,0.26,0.0,0.17,0.0,0.36,0.0,1.36
2025-04-02 04:00:00+00:00,0.01,0.32,0.0,0.21,0.0,0.0,0.0,0.25,0.0,0.25,0.0,0.36,0.0,1.32
2025-04-02 05:00:00+00:00,0.06,0.28,0.0,0.24,0.0,0.0,0.0,0.32,0.0,0.18,0.0,0.35,0.0,1.82
2025-04-02 06:00:00+00:00,0.15,0.38,0.06,0.23,0.0,0.0,0.0,0.33,0.0,0.19,0.0,0.39,0.0,1.41
2025-04-02 07:00:00+00:00,1.02,0.78,0.08,0.27,0.0,0.0,0.0,0.25,0.0,0.17,0.0,0.36,0.0,1.72
2025-04-02 08:00:00+00:00,2.18,1.04,0.15,0.36,0.0,0.0,0.0,0.24,0.0,0.16,0.0,0.37,0.0,1.94
2025-04-02 09:00:00+00:00,2.89,1.1,0.49,0.38,0.0,0.0,0.0,0.28,0.0,0.18,0.0,0.36,0.0,1.63
2025-04-02 10:00:00+00:00,3.22,1.18,0.74,0.44,0.0,0.0,0.0,0.27,0.0,0.13,0.0,0.36,0.0,1.54
2025-04-02 11:00:00+00:00,3.86,1.55,1.09,1.6,0.0,0.0,0.0,0.3,0.0,0.19,0.0,0.36,0.0,1.45
2025-04-02 12:00:00+00:00,3.81,1.28,1.2,1.53,0.0,0.0,0.0,0.39,0.0,0.14,0.0,0.35,0.0,1.42
2025-04-02 13:00:00+00:00,3.3,0.91,1.22,1.46,0.0,0.0,0.0,0.35,0.0,0.14,0.0,0.35,0.0,1.3
2025-04-02 14:00:00+00:00,2.39,0.96,1.09,1.19,0.0,0.0,0.0,0.26,0.0,0.16,0.0,0.35,0.0,0.83
2025-04-02 15:00:00+00:00,1.2,0.74,0.87,0.21,0.0,0.0,0.0,0.28,0.0,0.17,0.0,0.37,0.0,0.67
2025-04-02 16:00:00+00:00,0.25,0.35,0.42,0.21,0.0,0.0,0.0,0.27,0.0,1.01,0.0,0.37,0.0,1.32
2025-04-02 17:00:00+00:00,0.06,0.3,0.0,0.21,0.0,0.0,0.0,0.29,0.0,1.19,0.0,0.37,0.0,1.3
2025-04-02 18:00:00+00:00,0.06,0.96,0.0,0.21,0.0,0.0,0.0,0.26,0.0,0.33,0.0,0.65,0.0,1.32
2025-04-02 19:00:00+00:00,0.0,1.67,0.0,0.21,0.0,0.0,0.0,0.29,0.0,0.28,0.0,0.46,0.0,1.26
2025-04-02 20:00:00+00:00,0.0,0.51,0.0,0.22,0.0,0.0,0.0,0.35,0.0,0.34,0.0,0.4,0.0,1.3
2025-04-02 21:00:00+00:00,0.0,0.68,0.0,0.2,0.0,0.0,0.0,0.36,0.0,0.19,0.0,0.37,0.0,1.25
2025-04-02 22:00:00+00:00,0.0,1.21,0.0,0.21,0.0,0.0,0.0,0.28,0.0,0.17,0.0,0.33,0.0,1.28
2025-04-02 23:00:00+00:00,0.0,0.16,0.0,0.2,0.0,0.0,0.0,0.25,0.0,0.16,0.0,0.32,0.0,1.27
2025-04-03 00:00:00+00:00,0.0,0.16,0.0,0.2,0.0,0.0,0.0,0.33,0.0,0.14,0.0,0.31,0.0,1.33
2025-04-03 01:00:00+00:00,0.0,0.14,0.0,0.21,0.0,0.0,0.0,0.29,0.0,0.17,0.0,0.32,0.0,1.29
2025-04-03 02:00:00+00:00,0.0,0.13,0.0,0.19,0.0,0.0,0.0,0.31,0.0,0.13,0.0,0.31,0.0,1.33
2025-04-03 03:00:00+00:00,0.0,0.27,0.0,0.21,0.0,0.0,0.0,0.32,0.0,0.18,0.0,0.32,0.0,1.33
2025-04-03 04:00:00+00:00,0.01,0.24,0.0,0.22,0.0,0.0,0.0,0.29,0.0,0.14,0.0,0.34,0.0,1.38
2025-04-03 05:00:00+00:00,0.04,0.18,0.01,0.23,0.0,0.0,0.0,0.27,0.0,0.2,0.0,0.35,0.0,1.39
2025-04-03 06:00:00+00:00,0.2,0.31,0.08,0.81,0.0,0.0,0.0,0.33,0.0,0.16,0.0,0.37,0.0,1.45
2025-04-03 07:00:00+00:00,0.88,0.62,0.07,0.95,0.0,0.0,0.0,0.25,0.0,0.17,0.0,0.4,0.0,1.45
2025-04-03 08:00:00+00:00,2.16,0.82,0.16,0.97,0.0,0.0,0.0,0.25,0.0,0.17,0.0,0.37,0.0,1.32
2025-04-03 09:00:00+00:00,2.77,0.91,0.51,1.03,0.0,0.0,0.0,0.36,0.0,0.75,0.0,0.36,0.0,1.44
2025-04-03 10:00:00+00:00,3.43,0.98,0.81,0.52,0.0,0.0,0.0,0.32,0.0,0.22,0.0,0.36,0.0,1.34
2025-04-03 11:00:00+00:00,3.69,0.95,1.0,0.57,0.0,0.0,0.0,0.27,0.0,0.13,0.0,0.34,0.0,1.44
2025-04-03 12:00:00+00:00,3.7,0.96,1.13,0.94,0.0,0.0,0.0,0.31,0.0,0.17,0.0,0.35,0.0,1.52
2025-04-03 13:00:00+00:00,3.22,0.95,1.17,0.51,0.0,0.0,0.0,0.39,0.0,0.14,0.0,0.36,0.0,1.29
2025-04-03 14:00:00+00:00,2.41,0.98,1.08,0.58,0.0,0.0,0.0,0.39,0.0,0.15,0.0,0.37,0.0,0.81
2025-04-03 15:00:00+00:00,1.16,0.71,0.85,0.45,0.0,0.0,0.0,0.44,0.0,0.15,0.0,0.36,0.0,0.63
2025-04-03 16:00:00+00:00,0.26,0.34,0.42,0.3,0.0,0.0,0.0,0.39,0.0,0.16,0.0,0.52,0.0,1.24
2025-04-03 17:00:00+00:00,0.07,0.38,0.0,0.23,0.0,0.0,0.0,0.28,0.0,2.0,0.0,0.34,0.0,1.26
2025-04-03 18:00:00+00:00,0.05,0.58,0.0,0.26,0.0,0.0,0.0,0.29,0.0,0.31,0.0,0.58,0.0,1.25
2025-04-03 19:00:00+00:00,0.0,0.57,0.0,0.25,0.0,0.0,0.0,0.3,0.0,0.27,0.0,0.94,0.0,1.26
2025-04-03 20:00:00+00:00,0.0,0.29,0.0,0.25,0.0,0.0,0.0,0.28,0.0,0.18,0.0,0.84,0.0,1.26
2025-04-03 21:00:00+00:00,0.0,0.56,0.0,0.25,0.0,0.0,0.0,0.29,0.0,0.19,0.0,0.44,0.0,1.27
2025-04-03 22:00:00+00:00,0.0,0.6,0.0,0.24,0.0,0.0,0.0,0.32,0.0,0.18,0.0,0.32,0.0,1.29
2025-04-03 23:00:00+00:00,0.0,0.52,0.0,0.25,0.0,0.0,0.0,0.3,0.0,0.17,0.0,0.32,0.0,1.32
2025-04-04 00:00:00+00:00,0.0,0.55,0.0,0.22,0.0,0.0,0.0,0.35,0.0,0.17,0.0,0.31,0.0,1.32
2025-04-04 01:00:00+00:00,0.0,0.53,0.0,0.24,0.0,0.0,0.0,0.26,0.0,0.12,0.0,0.32,0.0,1.35
2025-04-04 02:00:00+00:00,0.0,0.45,0.0,0.24,0.0,0.0,0.0,0.29,0.0,0.17,0.0,0.31,0.0,1.34
2025-04-04 03:00:00+00:00,0.0,0.4,0.0,0.24,0.0,0.0,0.0,0.3,0.0,0.13,0.0,0.3,0.0,1.32
2025-04-04 04:00:00+00:00,0.01,0.4,0.0,0.25,0.0,0.0,0.0,0.31,0.0,0.2,0.0,0.36,0.0,1.3
2025-04-04 05:00:00+00:00,0.07,0.3,0.0,0.24,0.0,0.0,0.0,0.38,0.0,0.14,0.0,0.41,0.0,1.37
2025-04-04 06:00:00+00:00,0.17,0.25,0.06,0.26,0.0,0.0,0.0,0.29,0.0,0.16,0.0,0.49,0.0,1.46
2025-04-04 07:00:00+00:00,0.87,0.75,0.08,0.3,0.0,0.0,0.0,0.24,0.0,0.14,0.0,0.35,0.0,1.48
2025-04-04 08:00:00+00:00,2.05,0.93,0.11,0.34,0.0,0.0,0.0,0.21,0.0,0.16,0.0,0.13,0.0,2.08
2025-04-04 09:00:00+00:00,2.82,0.96,0.42,0.38,0.0,0.0,0.0,0.2,0.0,0.16,0.0,0.14,0.0,1.4
2025-04-04 10:00:00+00:00,3.44,1.02,0.75,0.4,0.0,0.0,0.0,0.2,0.0,0.16,0.0,0.34,0.0,1.49
2025-04-04 11:00:00+00:00,3.79,0.97,0.99,0.4,0.0,0.0,0.0,0.2,0.0,0.19,0.0,0.35,0.0,1.43
2025-04-04 12:00:00+00:00,3.65,1.52,1.12,0.41,0.0,0.0,0.0,0.2,0.0,0.12,0.0,0.37,0.0,1.45
2025-04-04 13:00:00+00:00,3.22,1.28,1.16,0.28,0.0,0.0,0.0,0.2,0.0,0.18,0.0,0.36,0.0,1.64
2025-04-04 14:00:00+00:00,2.39,0.97,1.06,0.27,0.0,0.0,0.0,0.22,0.0,0.13,0.0,0.36,0.0,1.15
2025-04-04 15:00:00+00:00,1.14,0.73,0.85,0.27,0.0,0.0,0.0,0.22,0.0,0.16,0.0,0.37,0.0,0.51
2025-04-04 16:00:00+00:00,0.23,0.3,0.38,0.29,0.0,0.0,0.0,0.21,0.0,0.14,0.0,0.36,0.0,1.2
2025-04-04 17:00:00+00:00,0.05,0.25,0.0,0.27,0.0,0.0,0.0,0.21,0.0,0.14,0.0,0.35,0.0,1.25
2025-04-04 18:00:00+00:00,0.04,0.31,0.0,0.29,0.0,0.0,0.0,0.21,0.0,0.16,0.0,0.35,0.0,1.25
2025-04-04 19:00:00+00:00,0.0,0.34,0.0,0.27,0.0,0.0,0.0,0.2,0.0,0.12,0.0,0.35,0.0,1.27
2025-04-04 20:00:00+00:00,0.0,0.28,0.0,0.27,0.0,0.0,0.0,0.2,0.0,0.18,0.0,0.37,0.0,1.24
2025-04-04 21:00:00+00:00,0.0,0.3,0.0,0.28,0.0,0.0,0.0,0.2,0.0,0.13,0.0,0.37,0.0,1.28
2025-04-04 22:00:00+00:00,0.0,0.4,0.0,0.26,0.0,0.0,0.0,0.21,0.0,0.16,0.0,0.34,0.0,1.27
2025-04-04 23:00:00+00:00,0.0,0.5,0.0,0.28,0.0,0.0,0.0,0.2,0.0,0.15,0.0,0.34,0.0,1.31
2025-04-05 00:00:00+00:00,0.0,0.52,0.0,0.27,0.0,0.0,0.0,0.23,0.0,0.15,0.0,0.31,0.0,1.3
2025-04-05 01:00:00+00:00,0.0,0.33,0.0,0.26,0.0,0.0,0.0,0.24,0.0,0.16,0.0,0.29,0.0,1.33
2025-04-05 02:00:00+00:00,0.0,0.26,0.0,0.26,0.0,0.0,0.0,0.26,0.0,0.16,0.0,0.31,0.0,1.3
2025-04-05 03:00:00+00:00,0.0,0.37,0.0,0.24,0.0,0.0,0.0,0.25,0.0,0.17,0.0,0.31,0.0,1.37
2025-04-05 04:00:00+00:00,0.01,0.35,0.0,0.28,0.0,0.0,0.0,0.26,0.0,0.13,0.0,0.36,0.0,1.38
2025-04-05 05:00:00+00:00,0.07,0.27,0.0,0.27,0.0,0.0,0.0,0.26,0.0,0.17,0.0,0.36,0.0,1.38
2025-04-05 06:00:00+00:00,0.2,0.24,0.07,0.27,0.0,0.0,0.0,0.25,0.0,0.13,0.0,0.43,0.0,1.33
2025-04-05 07:00:00+00:00,1.04,0.69,0.08,0.34,0.0,0.0,0.0,0.24,0.0,0.16,0.0,0.38,0.0,1.33
2025-04-05 08:00:00+00:00,2.06,0.87,0.11,0.36,0.0,0.0,0.0,0.22,0.0,0.15,0.0,0.37,0.0,1.29
2025-04-05 09:00:00+00:00,2.75,0.98,0.41,0.41,0.0,0.0,0.0,0.2,0.0,0.15,0.0,0.32,0.0,1.27
2025-04-05 10:00:00+00:00,3.35,1.09,0.73,0.41,0.0,0.0,0.0,0.2,0.0,0.16,0.0,0.36,0.0,1.25
2025-04-05 11:00:00+00:00,3.69,1.29,0.97,0.43,0.0,0.0,0.0,0.2,0.0,0.14,0.0,0.37,0.0,1.23
2025-04-05 12:00:00+00:00,3.61,1.27,1.1,0.42,0.0,0.0,0.0,0.25,0.0,0.18,0.0,0.37,0.0,1.2
2025-04-05 13:00:00+00:00,3.19,1.22,1.15,0.31,0.0,0.0,0.0,0.22,0.0,0.12,0.0,0.37,0.0,1.06
2025-04-05 14:00:00+00:00,2.36,1.22,1.07,0.27,0.0,0.0,0.0,0.22,0.0,0.16,0.0,0.36,0.0,0.76
2025-04-05 15:00:00+00:00,1.02,0.8,0.75,0.26,0.0,0.0,0.0,0.2,0.0,0.14,0.0,0.36,0.0,0.59
2025-04-05 16:00:00+00:00,0.25,0.44,0.38,0.27,0.0,0.0,0.0,0.21,0.0,0.15,0.0,0.34,0.0,1.07
2025-04-05 17:00:00+00:00,0.11,0.59,0.01,0.28,0.0,0.0,0.0,0.31,0.0,0.16,0.0,0.33,0.0,1.23
2025-04-05 18:00:00+00:00,0.06,0.54,0.0,0.26,0.0,0.0,0.0,0.27,0.0,0.13,0.0,0.32,0.0,1.25
2025-04-05 19:00:00+00:00,0.0,0.4,0.0,0.28,0.0,0.0,0.0,0.23,0.0,0.17,0.0,0.32,0.0,1.23
2025-04-05 20:00:00+00:00,0.0,0.31,0.0,0.26,0.0,0.0,0.0,0.21,0.0,0.14,0.0,0.36,0.0,1.27
2025-04-05 21:00:00+00:00,0.0,0.26,0.0,0.26,0.0,0.0,0.0,0.24,0.0,0.2,0.0,0.32,0.0,1.22
2025-04-05 22:00:00+00:00,0.0,0.28,0.0,0.26,0.0,0.0,0.0,0.3,0.0,0.14,0.0,0.31,0.0,1.27
2025-04-05 23:00:00+00:00,0.0,0.27,0.0,0.25,0.0,0.0,0.0,0.29,0.0,0.16,0.0,0.31,0.0,1.2
2025-04-06 00:00:00+00:00,0.0,0.29,0.0,0.26,0.0,0.0,0.0,0.26,0.0,0.15,0.0,0.32,0.0,1.26
2025-04-06 01:00:00+00:00,0.0,0.29,0.0,0.25,0.0,0.0,0.0,0.29,0.0,0.14,0.0,0.31,0.0,1.2
2025-04-06 02:00:00+00:00,0.0,0.29,0.0,0.26,0.0,0.0,0.0,0.37,0.0,0.16,0.0,0.31,0.0,1.29
2025-04-06 03:00:00+00:00,0.0,0.42,0.0,0.27,0.0,0.0,0.0,0.36,0.0,0.13,0.0,0.31,0.0,1.27
2025-04-06 04:00:00+00:00,0.01,0.38,0.0,0.27,0.0,0.0,0.0,0.32,0.0,0.18,0.0,0.36,0.0,1.32
2025-04-06 05:00:00+00:00,0.07,0.28,0.0,0.28,0.0,0.0,0.0,0.32,0.0,0.13,0.0,0.36,0.0,1.31
2025-04-06 06:00:00+00:00,0.2,0.27,0.07,0.28,0.0,0.0,0.0,0.25,0.0,0.17,0.0,0.36,0.0,1.35
2025-04-06 07:00:00+00:00,1.11,0.74,0.08,0.32,0.0,0.0,0.0,0.31,0.0,0.15,0.0,0.36,0.0,1.32
2025-04-06 08:00:00+00:00,2.3,0.96,0.1,0.36,0.0,0.0,0.0,0.25,0.0,0.16,0.0,0.36,0.0,1.3
2025-04-06 09:00:00+00:00,3.0,1.16,0.4,0.4,0.0,0.0,0.0,0.2,0.0,0.18,0.0,0.36,0.0,1.27
2025-04-06 10:00:00+00:00,3.83,1.05,0.76,0.41,0.0,0.0,0.0,0.21,0.0,0.15,0.0,0.34,0.0,1.27
2025-04-06 11:00:00+00:00,4.22,1.08,1.02,0.41,0.0,0.0,0.0,0.23,0.0,0.17,0.0,0.36,0.0,1.25
2025-04-06 12:00:00+00:00,4.12,1.1,1.17,0.3,0.0,0.0,0.0,0.29,0.0,0.13,0.0,1.24,0.0,1.24
2025-04-06 13:00:00+00:00,3.56,1.04,1.22,0.23,0.0,0.0,0.0,0.26,0.0,0.17,0.0,1.16,0.0,1.05
2025-04-06 14:00:00+00:00,2.63,1.1,1.13,0.23,0.0,0.0,0.0,0.22,0.0,0.13,0.0,0.91,0.0,0.74
2025-04-06 15:00:00+00:00,1.3,0.83,0.91,0.26,0.0,0.0,0.0,0.28,0.0,0.18,0.0,0.46,0.0,0.45
2025-04-06 16:00:00+00:00,0.35,1.27,0.47,0.24,0.0,0.0,0.0,0.27,0.0,0.18,0.0,0.42,0.0,1.08
2025-04-06 17:00:00+00:00,0.13,0.78,0.01,0.26,0.0,0.0,0.0,0.35,0.0,0.19,0.0,0.38,0.0,1.32
2025-04-06 18:00:00+00:00,0.09,0.91,0.0,0.24,0.0,0.0,0.0,0.35,0.0,0.19,0.0,0.34,0.0,1.28
2025-04-06 19:00:00+00:00,0.0,0.86,0.0,0.23,0.0,0.0,0.0,0.26,0.0,0.18,0.0,0.35,0.0,1.33
2025-04-06 20:00:00+00:00,0.0,0.8,0.0,0.25,0.0,0.0,0.0,0.27,0.0,0.38,0.0,0.37,0.0,1.26
2025-04-06 21:00:00+00:00,0.0,0.57,0.0,0.23,0.0,0.0,0.0,0.25,0.0,0.25,0.0,0.36,0.0,1.3
2025-04-06 22:00:00+00:00,0.0,0.43,0.0,0.23,0.0,0.0,0.0,0.29,0.0,0.2,0.0,0.38,0.0,1.27
2025-04-06 23:00:00+00:00,0.0,0.46,0.0,0.25,0.0,0.0,0.0,0.32,0.0,0.18,0.0,0.37,0.0,1.37
2025-04-07 00:00:00+00:00,0.0,0.46,0.0,0.25,0.0,0.0,0.0,0.31,0.0,0.21,0.0,0.36,0.0,1.33
2025-04-07 01:00:00+00:00,0.0,0.44,0.0,0.26,0.0,0.0,0.0,0.28,0.0,0.19,0.0,0.35,0.0,1.37
2025-04-07 02:00:00+00:00,0.0,0.43,0.0,0.24,0.0,0.0,0.0,0.27,0.0,0.21,0.0,0.35,0.0,1.34
2025-04-07 03:00:00+00:00,0.0,0.63,0.0,0.27,0.0,0.0,0.0,0.26,0.0,0.17,0.0,0.36,0.0,1.36
2025-04-07 04:00:00+00:00,0.02,0.48,0.0,0.29,0.0,0.0,0.0,0.29,0.0,0.22,0.0,0.37,0.0,1.35
2025-04-07 05:00:00+00:00,0.06,0.28,0.01,0.7,0.0,0.0,0.0,0.27,0.0,0.19,0.0,0.36,0.0,1.49
2025-04-07 06:00:00+00:00,0.3,0.36,0.07,1.59,0.0,0.0,0.0,0.38,0.0,0.22,0.0,0.36,0.0,1.88
2025-04-07 07:00:00+00:00,1.28,0.74,0.08,1.75,0.0,0.0,0.0,0.47,0.0,0.19,0.0,0.38,0.0,2.02
2025-04-07 08:00:00+00:00,2.42,0.83,0.1,1.9,0.0,0.0,0.0,0.44,0.0,0.21,0.0,0.25,0.0,1.99
2025-04-07 09:00:00+00:00,3.14,0.9,0.39,1.79,0.0,0.0,0.0,0.38,0.0,0.21,0.0,0.1,0.0,1.96
2025-04-07 10:00:00+00:00,3.74,1.02,0.74,1.82,12.31,3.85,0.0,0.31,0.0,0.26,0.0,0.22,0.0,1.78
2025-04-07 11:00:00+00:00,4.15,1.41,0.99,1.75,12.09,1.56,0.0,0.43,0.0,0.2,0.0,0.36,0.0,1.36
2025-04-07 12:00:00+00:00,3.99,1.27,1.13,1.65,11.23,0.94,0.0,0.37,0.0,0.16,0.0,0.37,0.0,1.49
2025-04-07 13:00:00+00:00,3.49,0.94,1.18,1.6,10.23,1.24,0.0,0.4,0.0,0.18,0.0,0.32,0.0,1.32
2025-04-07 14:00:00+00:00,2.64,0.99,1.09,1.47,8.48,1.08,0.0,0.41,0.0,0.18,0.0,0.31,0.0,0.98
2025-04-07 15:00:00+00:00,1.38,0.76,0.87,1.57,6.11,1.1,0.0,0.27,0.0,0.2,0.0,0.36,0.0,0.49
2025-04-07 16:00:00+00:00,0.33,0.36,0.45,1.22,2.85,1.29,0.0,0.21,0.0,0.21,0.0,0.86,0.0,1.09
2025-04-07 17:00:00+00:00,0.05,0.19,0.0,0.31,0.41,1.16,0.0,0.21,0.0,0.39,0.0,0.36,0.0,1.25
2025-04-07 18:00:00+00:00,0.06,1.38,0.0,0.3,0.0,1.13,0.0,0.2,0.0,0.27,0.0,1.23,0.0,1.27
2025-04-07 19:00:00+00:00,0.0,0.99,0.0,0.3,0.0,0.69,0.0,0.24,0.0,0.3,0.0,0.41,0.0,1.21
2025-04-07 20:00:00+00:00,0.0,0.63,0.0,0.25,0.0,0.83,0.0,0.24,0.0,0.29,0.0,0.48,0.0,1.26
2025-04-07 21:00:00+00:00,0.0,1.5,0.0,0.21,0.0,0.69,0.0,0.25,0.0,0.27,0.0,0.39,0.0,1.22
2025-04-07 22:00:00+00:00,0.0,0.57,0.0,0.21,0.0,4.69,0.0,0.25,0.0,0.15,0.0,0.36,0.0,1.27
2025-04-07 23:00:00+00:00,0.0,0.41,0.0,0.2,0.0,2.91,0.0,0.27,0.0,0.16,0.0,0.37,0.0,1.25
2025-04-08 00:00:00+00:00,0.0,0.17,0.0,0.21,0.0,0.49,0.0,0.27,0.0,0.16,0.0,0.34,0.0,1.25
2025-04-08 01:00:00+00:00,0.0,0.18,0.0,0.2,0.0,0.5,0.0,0.28,0.0,0.12,0.0,0.35,0.0,1.29
2025-04-08 02:00:00+00:00,0.0,0.2,0.0,0.21,0.0,0.5,0.0,0.24,0.0,0.17,0.0,0.36,0.0,1.35
2025-04-08 03:00:00+00:00,0.0,0.32,0.0,0.2,0.0,0.5,0.0,0.25,0.0,0.13,0.0,0.36,0.0,1.34
2025-04-08 04:00:00+00:00,0.02,0.31,0.0,0.24,0.0,0.58,0.0,0.25,0.0,0.15,0.0,0.36,0.0,1.37
2025-04-08 05:00:00+00:00,0.07,0.34,0.01,0.9,0.85,0.7,0.0,0.25,0.0,0.21,0.0,0.36,0.0,1.41
2025-04-08 06:00:00+00:00,0.26,0.45,0.07,1.49,3.92,1.1,0.0,0.34,0.0,0.17,0.0,0.4,0.0,1.37
2025-04-08 07:00:00+00:00,1.27,0.88,0.08,1.65,7.63,1.04,0.0,0.35,0.0,0.2,0.0,0.37,0.0,1.58
2025-04-08 08:00:00+00:00,2.38,1.09,0.1,1.67,9.26,1.06,0.0,0.28,0.0,0.17,0.0,0.31,0.0,1.57
2025-04-08 09:00:00+00:00,3.09,1.09,0.37,1.78,10.84,1.3,0.0,0.22,0.0,0.16,0.0,0.32,0.0,1.39
2025-04-08 10:00:00+00:00,3.74,1.02,0.71,1.7,11.85,1.71,0.0,0.21,0.0,0.22,0.0,0.32,0.0,1.25
2025-04-08 11:00:00+00:00,4.1,0.97,0.96,1.79,11.92,1.61,0.0,0.26,0.0,0.16,0.0,0.34,0.0,1.91
2025-04-08 12:00:00+00:00,3.95,0.94,1.1,1.64,11.55,1.46,0.0,0.29,0.0,0.17,0.0,0.35,0.0,1.87
2025-04-08 13:00:00+00:00,3.37,0.92,1.11,1.58,9.96,3.07,0.0,0.35,0.0,0.19,0.0,0.32,0.0,1.22
2025-04-08 14:00:00+00:00,2.32,0.96,0.93,1.57,7.69,5.18,0.0,0.32,0.0,0.2,0.0,0.32,0.0,0.81
2025-04-08 15:00:00+00:00,1.04,0.67,0.58,0.85,4.76,2.83,0.0,0.31,0.0,0.51,0.0,0.3,0.0,0.75
2025-04-08 16:00:00+00:00,0.5,0.49,0.43,0.2,3.09,2.0,0.0,0.33,0.0,0.46,0.0,0.41,0.0,0.9
2025-04-08 17:00:00+00:00,0.07,0.44,0.02,0.2,0.58,2.06,0.0,0.26,0.0,0.19,0.0,0.32,0.0,1.22
2025-04-08 18:00:00+00:00,0.08,0.81,0.0,0.23,0.0,1.61,0.0,0.31,0.0,0.3,0.0,0.93,0.0,1.24
2025-04-08 19:00:00+00:00,0.0,0.93,0.0,0.2,0.0,1.7,0.0,0.24,0.0,0.27,0.0,0.96,0.0,1.25
2025-04-08 20:00:00+00:00,0.0,1.36,0.0,0.23,0.0,1.45,0.0,0.3,0.0,0.32,0.0,0.88,0.0,1.23
2025-04-08 21:00:00+00:00,0.0,0.64,0.0,0.19,0.0,1.28,0.0,0.36,0.0,0.2,0.0,0.4,0.0,1.25
2025-04-08 22:00:00+00:00,0.0,0.19,0.0,0.21,0.0,1.1,0.0,0.3,0.0,0.15,0.0,0.33,0.0,1.21
2025-04-08 23:00:00+00:00,0.0,0.15,0.0,0.2,0.0,1.08,0.0,0.25,0.0,0.17,0.0,0.3,0.0,1.27
2025-04-09 00:00:00+00:00,0.0,0.13,0.0,0.2,0.0,1.11,0.0,0.25,0.0,0.13,0.0,0.35,0.0,1.25
2025-04-09 01:00:00+00:00,0.0,0.13,0.0,0.2,0.0,1.1,0.0,0.27,0.0,0.16,0.0,0.36,0.0,1.26
2025-04-09 02:00:00+00:00,0.0,0.13,0.0,0.19,0.0,1.06,0.0,0.3,0.0,0.15,0.0,0.36,0.0,1.27
2025-04-09 03:00:00+00:00,0.0,0.26,0.0,0.2,0.0,1.1,0.0,0.31,0.0,0.17,0.0,0.36,0.0,1.3
2025-04-09 04:00:00+00:00,0.02,0.23,0.0,0.2,0.0,1.21,0.0,0.27,0.0,0.21,0.0,0.36,0.0,1.35
2025-04-09 05:00:00+00:00,0.07,0.15,0.02,0.21,1.2,4.56,0.0,0.24,0.0,0.17,0.0,0.39,0.0,1.35
2025-04-09 06:00:00+00:00,0.27,0.44,0.08,0.29,3.82,5.02,0.0,0.25,0.0,0.23,0.0,0.35,0.0,1.4
2025-04-09 07:00:00+00:00,1.27,0.74,0.1,0.46,7.34,2.65,0.0,0.32,0.0,0.2,0.0,0.32,0.0,1.47
2025-04-09 08:00:00+00:00,2.27,0.83,0.12,0.45,9.03,1.84,0.0,0.29,0.0,0.18,0.0,0.32,0.0,1.79
2025-04-09 09:00:00+00:00,2.99,0.9,0.35,0.55,10.54,1.48,0.0,0.17,0.0,0.3,0.0,0.32,0.0,1.63
2025-04-09 10:00:00+00:00,3.66,1.04,0.69,0.49,11.79,1.56,0.0,0.21,0.0,0.16,0.0,0.32,0.0,1.66
2025-04-09 11:00:00+00:00,4.04,0.99,0.93,0.52,11.68,1.56,0.0,0.25,0.0,0.19,0.0,0.32,0.0,1.59
2025-04-09 12:00:00+00:00,3.9,0.99,1.06,0.47,11.03,1.55,0.0,0.28,0.0,0.21,0.0,0.32,0.0,1.45
2025-04-09 13:00:00+00:00,3.01,0.92,1.02,0.33,9.18,1.73,0.0,0.27,0.0,0.17,0.0,0.31,0.0,1.41
2025-04-09 14:00:00+00:00,2.53,1.0,1.03,0.34,8.27,1.75,0.0,0.26,0.0,0.2,0.0,0.3,0.0,0.98
2025-04-09 15:00:00+00:00,1.34,0.77,0.8,0.3,5.81,1.65,0.0,0.24,0.0,0.24,0.0,0.31,0.0,0.54
2025-04-09 16:00:00+00:00,0.3,0.5,0.42,0.29,2.68,2.09,0.0,0.23,0.0,0.2,0.0,0.42,0.0,0.94
2025-04-09 17:00:00+00:00,0.1,0.52,0.01,0.23,0.36,1.81,0.0,0.23,0.0,1.32,0.0,0.43,0.0,1.23
2025-04-09 18:00:00+00:00,0.08,1.03,0.0,0.23,0.0,1.67,0.0,0.22,0.0,0.75,0.0,0.34,0.0,1.27
2025-04-09 19:00:00+00:00,0.0,0.5,0.0,0.23,0.0,1.65,0.0,0.25,0.0,0.38,0.0,0.36,0.0,1.24
2025-04-09 20:00:00+00:00,0.0,0.54,0.0,0.22,0.0,1.28,0.0,0.32,0.0,0.23,0.0,0.36,0.0,1.25
2025-04-09 21:00:00+00:00,0.0,0.88,0.0,0.21,0.0,1.2,0.0,0.29,0.0,0.18,0.0,0.34,0.0,1.24
2025-04-09 22:00:00+00:00,0.0,0.42,0.0,0.2,0.0,1.02,0.0,0.25,0.0,0.22,0.0,0.36,0.0,1.24
2025-04-09 23:00:00+00:00,0.0,0.41,0.0,0.21,0.0,1.1,0.0,0.25,0.0,0.2,0.0,0.36,0.0,1.23
2025-04-10 00:00:00+00:00,0.0,0.49,0.0,0.2,0.0,3.99,0.0,0.29,0.0,0.19,0.0,0.36,0.0,1.26
2025-04-10 01:00:00+00:00,0.0,0.37,0.0,0.21,0.0,3.2,0.0,0.29,0.0,0.21,0.0,0.36,0.0,1.25
2025-04-10 02:00:00+00:00,0.0,0.12,0.0,0.2,0.0,1.03,0.0,0.35,0.0,0.18,0.0,0.36,0.0,1.27
2025-04-10 03:00:00+00:00,0.0,0.14,0.0,0.22,0.0,1.06,0.0,0.28,0.0,0.22,0.0,0.36,0.0,1.25
2025-04-10 04:00:00+00:00,0.01,0.15,0.0,0.23,0.0,1.19,0.0,0.25,0.0,0.18,0.0,0.35,0.0,1.31
2025-04-10 05:00:00+00:00,0.07,0.39,0.01,0.22,0.68,1.32,0.0,0.25,0.0,0.22,0.0,0.39,0.0,1.6
2025-04-10 06:00:00+00:00,0.39,0.35,0.08,0.36,4.32,1.48,0.0,0.27,0.0,0.23,0.0,0.38,0.0,1.4
2025-04-10 07:00:00+00:00,1.27,0.63,0.09,0.46,7.28,1.72,0.0,0.23,0.0,0.2,0.0,0.35,0.0,1.64
2025-04-10 08:00:00+00:00,2.32,0.8,0.14,0.59,9.06,2.08,0.0,0.36,0.0,0.2,0.0,0.32,0.0,1.63
2025-04-10 09:00:00+00:00,2.9,0.88,0.46,0.76,10.3,5.22,0.0,0.32,0.0,0.19,0.0,0.31,0.0,1.57
2025-04-10 10:00:00+00:00,3.45,1.15,0.7,0.57,11.47,3.14,0.0,0.36,0.0,0.4,0.0,0.42,0.0,1.44
2025-04-10 11:00:00+00:00,3.99,0.92,0.87,0.67,11.35,1.56,0.0,0.32,0.0,0.21,0.0,0.31,0.0,1.4
2025-04-10 12:00:00+00:00,3.85,0.95,1.01,0.85,10.61,1.39,0.0,0.31,0.0,0.17,0.0,0.29,0.0,1.41
2025-04-10 13:00:00+00:00,3.37,0.89,1.06,0.69,9.83,1.43,0.0,0.28,0.0,0.17,0.0,0.31,0.0,1.22
2025-04-10 14:00:00+00:00,2.48,0.98,0.97,0.75,7.99,1.53,0.0,0.3,0.0,0.17,0.0,0.32,0.0,0.76
2025-04-10 15:00:00+00:00,1.25,1.09,0.79,0.69,5.75,1.66,0.0,0.27,0.0,0.14,0.0,0.32,0.0,0.53
2025-04-10 16:00:00+00:00,0.33,0.47,0.43,0.28,2.69,1.99,0.0,0.28,0.0,0.19,0.0,0.32,0.0,0.89
2025-04-10 17:00:00+00:00,0.1,0.51,0.01,0.21,0.38,1.71,0.0,0.3,0.0,0.16,0.0,0.74,0.0,1.3
2025-04-10 18:00:00+00:00,0.09,1.0,0.0,0.23,0.0,1.95,0.0,0.29,0.0,0.24,0.0,0.34,0.0,1.26
2025-04-10 19:00:00+00:00,0.0,1.61,0.0,0.21,0.0,1.68,0.0,0.28,0.0,0.41,0.0,0.35,0.0,1.32
2025-04-10 20:00:00+00:00,0.0,1.25,0.0,0.22,0.0,4.03,0.0,0.23,0.0,0.17,0.0,0.31,0.0,1.26
2025-04-10 21:00:00+00:00,0.0,0.4,0.0,0.18,0.0,4.33,0.0,0.23,0.0,0.18,0.0,0.34,0.0,1.25
2025-04-10 22:00:00+00:00,0.0,0.18,0.0,0.2,0.0,1.22,0.0,0.25,0.0,0.16,0.0,0.35,0.0,1.26
2025-04-10 23:00:00+00:00,0.0,0.15,0.0,0.18,0.0,1.1,0.0,0.25,0.0,0.14,0.0,0.38,0.0,1.25
2025-04-11 00:00:00+00:00,0.0,0.14,0.0,0.2,0.0,1.1,0.0,0.25,0.0,0.19,0.0,0.36,0.0,1.23
2025-04-11 01:00:00+00:00,0.0,0.16,0.0,0.19,0.0,1.1,0.0,0.25,0.0,0.14,0.0,0.36,0.0,1.26
2025-04-11 02:00:00+00:00,0.0,0.15,0.0,0.19,0.0,1.08,0.0,0.24,0.0,0.16,0.0,0.36,0.0,1.26
2025-04-11 03:00:00+00:00,0.0,0.25,0.0,0.2,0.0,1.09,0.0,0.25,0.0,0.16,0.0,0.34,0.0,1.26
2025-04-11 04:00:00+00:00,0.03,0.62,0.0,0.2,0.01,1.22,0.0,0.24,0.0,0.14,0.0,0.36,0.0,1.25
2025-04-11 05:00:00+00:00,0.05,0.19,0.01,0.84,1.14,1.42,0.0,0.25,0.0,0.21,0.0,0.36,0.0,1.6
2025-04-11 06:00:00+00:00,0.28,0.41,0.07,1.26,4.54,1.43,0.0,0.25,0.0,0.14,0.0,0.36,0.0,1.94
2025-04-11 07:00:00+00:00,1.26,0.89,0.08,1.36,7.34,4.67,0.0,0.24,0.0,0.17,0.0,0.33,0.0,1.7
2025-04-11 08:00:00+00:00,2.29,1.13,0.09,1.38,8.96,3.59,0.0,0.24,0.0,0.16,0.0,0.32,0.0,1.35
2025-04-11 09:00:00+00:00,2.98,1.22,0.28,1.44,10.43,1.49,0.0,0.21,0.0,0.14,0.0,0.31,0.0,1.27
2025-04-11 10:00:00+00:00,3.56,1.37,0.61,1.45,11.3,1.42,0.0,0.21,0.0,0.16,0.0,0.31,0.0,1.32
2025-04-11 11:00:00+00:00,3.86,1.13,0.85,1.39,11.15,1.49,0.0,0.22,0.0,0.12,0.0,0.3,0.0,1.25
2025-04-11 12:00:00+00:00,3.7,1.11,0.99,1.38,10.43,1.5,0.0,0.21,0.0,0.16,0.0,0.31,0.0,1.28
2025-04-11 13:00:00+00:00,3.26,1.07,1.03,1.24,9.66,1.73,0.0,0.3,0.0,0.15,0.0,0.33,0.0,1.03
2025-04-11 14:00:00+00:00,2.44,0.99,0.96,1.23,8.01,1.59,0.0,0.29,0.0,0.14,0.0,0.32,0.0,0.71
2025-04-11 15:00:00+00:00,1.33,0.76,0.79,1.26,5.82,1.55,0.0,0.28,0.0,0.17,0.0,0.87,0.0,0.48
2025-04-11 16:00:00+00:00,0.33,0.37,0.43,1.26,2.77,2.02,0.0,0.26,0.0,0.13,0.0,0.74,0.0,0.83
2025-04-11 17:00:00+00:00,0.06,0.61,0.01,1.27,0.41,1.7,0.0,0.21,0.0,0.74,0.0,0.32,0.0,1.24
2025-04-11 18:00:00+00:00,0.06,0.43,0.0,1.3,0.0,2.46,0.0,0.27,0.0,0.25,0.0,0.29,0.0,1.27
2025-04-11 19:00:00+00:00,0.0,0.38,0.0,1.3,0.0,4.71,0.0,0.24,0.0,0.14,0.0,0.31,0.0,1.24
2025-04-11 20:00:00+00:00,0.0,0.6,0.0,1.29,0.0,2.48,0.0,0.2,0.0,0.27,0.0,0.34,0.0,1.26
2025-04-11 21:00:00+00:00,0.0,0.55,0.0,1.27,0.0,1.23,0.0,0.2,0.0,0.29,0.0,0.34,0.0,1.25
2025-04-11 22:00:00+00:00,0.0,0.97,0.0,1.25,0.0,1.08,0.0,0.31,0.0,0.2,0.0,0.35,0.0,1.24
2025-04-11 23:00:00+00:00,0.0,0.61,0.0,1.27,0.0,1.11,0.0,0.3,0.0,0.21,0.0,0.33,0.0,1.26
2025-04-12 00:00:00+00:00,0.0,0.16,0.0,1.26,0.0,1.07,0.0,0.32,0.0,0.15,0.0,0.36,0.0,1.23
2025-04-12 01:00:00+00:00,0.0,0.16,0.0,1.25,0.0,1.04,0.0,0.25,0.0,0.18,0.0,0.35,0.0,1.26
2025-04-12 02:00:00+00:00,0.0,0.14,0.0,1.25,0.0,1.01,0.0,0.25,0.0,0.14,0.0,0.35,0.0,1.24
2025-04-12 03:00:00+00:00,0.0,0.3,0.0,1.24,0.0,1.0,0.0,0.27,0.0,0.17,0.0,0.36,0.0,1.25
2025-04-12 04:00:00+00:00,0.02,0.23,0.0,1.29,0.0,1.68,0.0,0.24,0.0,0.16,0.0,0.37,0.0,1.26
2025-04-12 05:00:00+00:00,0.04,0.14,0.02,1.29,1.26,4.82,0.0,0.25,0.0,0.15,0.0,0.35,0.0,1.26
2025-04-12 06:00:00+00:00,0.35,0.39,0.08,1.3,4.61,1.7,0.0,0.25,0.0,0.21,0.0,0.32,0.0,1.23
2025-04-12 07:00:00+00:00,1.26,0.76,0.09,1.36,7.37,1.35,0.0,0.24,0.0,0.19,0.0,0.36,0.0,1.23
2025-04-12 08:00:00+00:00,2.28,1.12,0.09,1.37,9.0,1.42,0.0,0.21,0.0,0.22,0.0,0.32,0.0,1.17
2025-04-12 09:00:00+00:00,2.93,1.19,0.26,1.42,10.49,1.38,0.0,0.2,0.0,0.5,0.0,0.35,0.0,1.21
2025-04-12 10:00:00+00:00,3.54,1.31,0.58,1.42,11.18,1.4,0.0,0.2,0.0,0.47,0.0,0.3,0.0,1.15
2025-04-12 11:00:00+00:00,3.88,1.15,0.86,0.55,11.31,1.48,0.0,0.19,0.0,0.26,0.0,0.32,0.0,1.17
2025-04-12 12:00:00+00:00,2.74,0.91,0.69,0.43,7.86,1.41,0.0,0.2,0.0,0.16,0.0,0.48,0.0,1.1
2025-04-12 13:00:00+00:00,1.04,0.62,0.18,0.41,4.16,1.39,0.0,0.2,0.0,0.48,0.0,0.32,0.0,1.09
2025-04-12 14:00:00+00:00,0.61,0.52,0.12,0.36,3.06,1.57,0.0,0.2,0.0,0.84,0.0,0.32,0.0,1.14
2025-04-12 15:00:00+00:00,0.69,0.55,0.27,0.27,3.71,1.87,0.0,0.2,0.0,0.3,0.0,0.34,0.0,0.99
2025-04-12 16:00:00+00:00,0.35,0.39,0.28,0.27,2.51,1.88,0.0,0.2,0.0,0.19,0.0,0.33,0.0,0.94
2025-04-12 17:00:00+00:00,0.12,1.47,0.01,0.26,0.44,5.03,0.0,0.2,0.0,0.2,0.0,0.3,0.0,1.23
2025-04-12 18:00:00+00:00,0.09,1.0,0.0,0.28,0.01,2.34,0.0,0.2,0.0,0.26,0.0,0.32,0.0,1.23
2025-04-12 19:00:00+00:00,0.0,0.68,0.0,0.26,0.0,1.44,0.0,0.2,0.0,0.22,0.0,0.33,0.0,1.24
2025-04-12 20:00:00+00:00,0.0,0.57,0.0,0.28,0.0,1.45,0.0,0.2,0.0,0.21,0.0,0.4,0.0,1.24
2025-04-12 21:00:00+00:00,0.0,0.82,0.0,0.25,0.0,1.21,0.0,0.2,0.0,0.22,0.0,0.4,0.0,1.23
2025-04-12 22:00:00+00:00,0.0,0.45,0.0,0.25,0.0,1.03,0.0,0.22,0.0,0.21,0.0,0.35,0.0,1.25
2025-04-12 23:00:00+00:00,0.0,0.23,0.0,0.26,0.0,1.06,0.0,0.2,0.0,0.16,0.0,0.33,0.0,1.21
2025-04-13 00:00:00+00:00,0.0,0.29,0.0,0.25,0.0,1.06,0.0,0.23,0.0,0.17,0.0,0.32,0.0,1.24
2025-04-13 01:00:00+00:00,0.0,0.18,0.0,0.25,0.0,1.04,0.0,0.26,0.0,0.17,0.0,0.3,0.0,1.21
2025-04-13 02:00:00+00:00,0.0,0.16,0.0,0.23,0.0,1.03,0.0,0.24,0.0,0.15,0.0,0.31,0.0,1.26
2025-04-13 03:00:00+00:00,0.0,0.28,0.0,0.25,0.0,1.02,0.0,0.26,0.0,0.18,0.0,0.32,0.0,1.24
2025-04-13 04:00:00+00:00,0.01,0.23,0.0,0.26,0.0,1.15,0.0,0.25,0.0,0.14,0.0,0.31,0.0,1.26
2025-04-13 05:00:00+00:00,0.05,0.21,0.0,0.27,0.37,1.28,0.0,0.23,0.0,0.19,0.0,0.31,0.0,1.24
2025-04-13 06:00:00+00:00,0.05,0.2,0.01,0.28,0.85,4.99,0.0,0.23,0.0,0.17,0.0,0.31,0.0,1.28
2025-04-13 07:00:00+00:00,0.12,0.23,0.04,0.25,1.56,3.85,0.0,0.24,0.0,0.19,0.0,0.32,0.0,1.22
2025-04-13 08:00:00+00:00,0.79,0.63,0.08,0.27,3.5,1.75,0.0,0.25,0.0,0.29,0.0,0.49,0.0,1.22
2025-04-13 09:00:00+00:00,0.23,0.25,0.08,0.27,2.26,1.56,0.0,0.26,0.0,0.92,0.0,0.75,0.0,1.18
2025-04-13 10:00:00+00:00,1.26,0.68,0.21,0.25,5.23,1.69,0.0,0.22,0.0,0.26,0.0,0.39,0.0,1.11
2025-04-13 11:00:00+00:00,0.99,0.59,0.16,0.27,4.06,1.34,0.0,0.2,0.0,0.12,0.0,0.33,0.0,1.11
2025-04-13 12:00:00+00:00,2.03,0.83,0.44,0.22,6.97,1.41,0.0,0.19,0.0,0.56,0.0,0.32,0.0,1.02
2025-04-13 13:00:00+00:00,3.28,1.18,0.85,0.27,9.72,1.51,0.0,0.24,0.0,0.51,0.0,1.04,0.0,0.92
2025-04-13 14:00:00+00:00,1.3,1.01,0.35,0.25,5.08,1.42,0.0,0.2,0.0,0.29,0.0,1.72,0.0,0.94
2025-04-13 15:00:00+00:00,0.75,0.64,0.23,0.24,3.66,1.36,0.0,0.24,0.0,0.24,0.0,0.99,0.0,1.0
2025-04-13 16:00:00+00:00,0.18,0.56,0.04,0.27,1.36,1.52,0.0,0.19,0.0,0.43,0.0,1.04,0.0,1.2
2025-04-13 17:00:00+00:00,0.12,1.42,0.0,0.26,0.3,1.56,0.0,0.2,0.0,0.4,0.0,0.64,0.0,1.24
2025-04-13 18:00:00+00:00,0.07,0.48,0.0,0.28,0.0,1.35,0.0,0.2,0.0,0.29,0.0,0.33,0.0,1.22
2025-04-13 19:00:00+00:00,0.0,0.88,0.0,0.24,0.0,1.36,0.0,0.2,0.0,0.29,0.0,0.31,0.0,1.24
2025-04-13 20:00:00+00:00,0.0,0.96,0.0,0.24,0.0,1.41,0.0,0.2,0.0,0.26,0.0,0.32,0.0,1.2
2025-04-13 21:00:00+00:00,0.0,0.72,0.0,0.25,0.0,4.35,0.0,0.19,0.0,0.33,0.0,0.34,0.0,1.26
2025-04-13 22:00:00+00:00,0.0,0.19,0.0,0.22,0.0,3.91,0.0,0.24,0.0,0.3,0.0,0.31,0.0,1.2
2025-04-13 23:00:00+00:00,0.0,0.17,0.0,0.22,0.0,1.42,0.0,0.27,0.0,0.24,0.0,0.33,0.0,1.25
2025-04-14 00:00:00+00:00,0.0,0.18,0.0,0.21,0.0,0.98,0.0,0.23,0.0,0.22,0.0,0.33,0.0,1.19
2025-04-14 01:00:00+00:00,0.0,0.19,0.0,0.28,0.0,0.97,0.0,0.24,0.0,0.13,0.0,0.34,0.0,1.21
2025-04-14 02:00:00+00:00,0.0,0.17,0.0,0.31,0.0,0.97,0.0,0.23,0.0,0.18,0.0,0.34,0.0,1.2
2025-04-14 03:00:00+00:00,0.0,0.28,0.0,0.3,0.0,0.98,0.0,0.26,0.0,0.14,0.0,0.33,0.0,1.25
2025-04-14 04:00:00+00:00,0.01,0.24,0.0,0.33,0.0,1.07,0.0,0.23,0.0,0.15,0.0,0.33,0.0,1.23
2025-04-14 05:00:00+00:00,0.07,0.45,0.0,1.03,0.08,1.21,0.0,0.26,0.0,0.16,0.0,0.33,0.0,1.43
2025-04-14 06:00:00+00:00,0.18,0.73,0.02,1.51,1.13,1.74,0.0,0.5,0.0,0.15,0.0,0.39,0.0,1.4
2025-04-14 07:00:00+00:00,0.85,0.72,0.13,1.68,6.11,1.77,0.0,0.41,0.0,0.19,0.0,0.32,0.0,1.54
2025-04-14 08:00:00+00:00,2.21,0.89,0.13,1.63,8.93,2.06,0.0,0.36,0.0,0.2,0.0,0.33,0.0,1.39
2025-04-14 09:00:00+00:00,2.79,0.92,0.29,1.67,10.26,3.76,0.0,0.31,0.0,0.19,0.0,0.32,0.0,1.37
2025-04-14 10:00:00+00:00,3.01,1.02,0.51,1.66,9.77,3.82,0.0,0.33,0.0,0.16,0.0,0.32,0.0,1.36
2025-04-14 11:00:00+00:00,2.37,0.86,0.52,1.65,7.76,1.54,0.0,0.38,0.0,0.13,0.0,0.32,0.0,1.32
2025-04-14 12:00:00+00:00,3.0,0.95,0.74,1.61,9.01,1.5,0.0,0.41,0.0,0.18,0.0,0.33,0.0,1.47
2025-04-14 13:00:00+00:00,3.11,0.98,0.86,1.84,8.99,1.61,0.0,0.39,0.0,0.14,0.0,0.31,0.0,1.33
2025-04-14 14:00:00+00:00,1.96,0.88,0.69,1.79,6.65,1.8,0.0,0.36,0.0,0.15,0.0,0.29,0.0,0.97
2025-04-14 15:00:00+00:00,1.13,0.67,0.54,1.42,4.99,1.67,0.0,0.27,0.0,0.17,0.0,0.33,0.0,0.83
2025-04-14 16:00:00+00:00,0.39,0.48,0.3,0.96,2.88,1.78,0.0,0.25,0.0,0.41,0.0,0.88,0.0,0.97
2025-04-14 17:00:00+00:00,0.1,0.61,0.04,0.27,0.77,1.85,0.0,0.24,0.0,0.44,0.0,2.16,0.0,1.34
2025-04-14 18:00:00+00:00,0.09,1.14,0.0,0.24,0.0,1.88,0.0,0.22,0.0,0.47,0.0,0.85,0.0,1.9
2025-04-14 19:00:00+00:00,0.0,1.22,0.0,0.26,0.0,1.77,0.0,0.19,0.0,0.41,0.0,0.33,0.0,1.35
2025-04-14 20:00:00+00:00,0.0,1.14,0.0,0.25,0.0,1.51,0.0,0.2,0.0,0.35,0.0,0.34,0.0,1.48
2025-04-14 21:00:00+00:00,0.0,0.89,0.0,0.24,0.0,1.26,0.0,0.2,0.0,0.17,0.0,0.32,0.0,1.28
2025-04-14 22:00:00+00:00,0.0,0.42,0.0,0.24,0.0,2.46,0.0,0.2,0.0,0.22,0.0,0.3,0.0,1.3
2025-04-14 23:00:00+00:00,0.0,0.4,0.0,0.24,0.0,5.31,0.0,0.19,0.0,0.13,0.0,0.32,0.0,1.23
2025-04-15 00:00:00+00:00,0.0,0.44,0.0,0.25,0.0,2.89,0.0,0.2,0.0,0.17,0.0,0.32,0.0,1.27
2025-04-15 01:00:00+00:00,0.0,0.41,0.0,0.23,0.0,0.93,0.0,0.2,0.0,0.14,0.0,0.31,0.0,1.23
2025-04-15 02:00:00+00:00,0.0,0.41,0.0,0.24,0.0,0.96,0.0,0.19,0.0,0.15,0.0,0.32,0.0,1.25
2025-04-15 03:00:00+00:00,0.0,0.29,0.0,0.23,0.0,1.03,0.0,0.2,0.0,0.15,0.0,0.31,0.0,1.27
2025-04-15 04:00:00+00:00,0.02,0.27,0.0,0.26,0.0,1.18,0.0,0.24,0.0,0.14,0.0,0.34,0.0,1.35
2025-04-15 05:00:00+00:00,0.06,0.33,0.0,0.54,0.39,1.27,0.0,0.24,0.0,0.22,0.0,0.14,0.0,1.29
2025-04-15 06:00:00+00:00,0.08,0.38,0.02,1.49,1.16,1.33,0.0,0.26,0.0,0.13,0.0,0.16,0.0,1.38
2025-04-15 07:00:00+00:00,0.35,0.4,0.08,1.54,2.43,1.21,0.0,0.31,0.0,0.18,0.0,0.34,0.0,1.39
2025-04-15 08:00:00+00:00,0.28,0.31,0.05,1.5,1.95,1.73,0.0,0.26,0.0,0.14,0.0,0.32,0.0,1.39
2025-04-15 09:00:00+00:00,1.25,0.6,0.19,1.5,5.02,1.85,0.0,0.23,0.0,0.17,0.0,0.31,0.0,1.29
2025-04-15 10:00:00+00:00,3.15,0.9,0.48,1.55,9.68,1.62,0.0,0.23,0.0,0.19,0.0,0.32,0.0,1.21
2025-04-15 11:00:00+00:00,3.38,0.95,0.65,1.71,9.88,1.48,0.0,0.21,0.0,0.13,0.0,0.32,0.0,1.27
2025-04-15 12:00:00+00:00,2.89,0.89,0.68,1.74,8.81,1.39,0.0,0.23,0.0,0.17,0.0,0.3,0.0,1.27
2025-04-15 13:00:00+00:00,3.2,0.94,0.87,1.76,9.4,1.4,0.0,0.21,0.0,0.16,0.0,0.3,0.0,1.09
2025-04-15 14:00:00+00:00,2.36,0.93,0.78,1.77,7.18,1.59,0.0,0.24,0.0,0.5,0.0,0.31,0.0,0.83
2025-04-15 15:00:00+00:00,1.13,0.69,0.62,1.54,5.36,1.63,0.0,0.28,0.0,0.27,0.0,0.36,0.0,0.59
2025-04-15 16:00:00+00:00,0.43,0.43,0.45,1.47,2.97,1.98,0.0,0.37,0.0,0.24,0.0,0.45,0.0,0.64
2025-04-15 17:00:00+00:00,0.06,0.31,0.02,0.97,0.4,5.15,0.0,0.21,0.0,0.18,0.0,0.32,0.0,1.27
2025-04-15 18:00:00+00:00,0.06,0.4,0.0,0.27,0.0,5.32,0.0,0.22,0.0,0.21,0.0,0.44,0.0,1.24
2025-04-15 19:00:00+00:00,0.0,0.55,0.0,0.39,0.0,3.24,0.0,0.2,0.0,0.3,0.0,0.79,0.0,1.29
2025-04-15 20:00:00+00:00,0.0,0.43,0.0,1.01,0.0,1.64,0.0,0.19,0.0,0.17,0.0,0.27,0.0,1.24
2025-04-15 21:00:00+00:00,0.0,0.32,0.0,0.34,0.0,1.18,0.0,0.2,0.0,0.19,0.0,0.15,0.0,1.28
2025-04-15 22:00:00+00:00,0.0,0.37,0.0,0.33,0.0,0.98,0.0,0.19,0.0,0.16,0.0,0.2,0.0,1.25
2025-04-15 23:00:00+00:00,0.0,0.43,0.0,0.31,0.0,0.93,0.0,0.2,0.0,0.13,0.0,0.31,0.0,1.27
2025-04-16 00:00:00+00:00,0.0,0.58,0.0,0.23,0.0,0.91,0.0,0.19,0.0,0.17,0.0,0.32,0.0,1.23
2025-04-16 01:00:00+00:00,0.0,0.23,0.0,0.22,0.0,0.9,0.0,0.2,0.0,0.13,0.0,0.32,0.0,1.25
2025-04-16 02:00:00+00:00,0.0,0.36,0.0,0.23,0.0,0.91,0.0,0.2,0.0,0.15,0.0,0.32,0.0,1.2
2025-04-16 03:00:00+00:00,0.0,0.73,0.0,0.23,0.0,0.94,0.0,0.24,0.0,0.16,0.0,0.3,0.0,1.24
2025-04-16 04:00:00+00:00,0.05,0.55,0.0,0.24,0.02,1.09,0.0,0.24,0.0,0.13,0.0,0.34,0.0,1.24
2025-04-16 05:00:00+00:00,0.05,0.21,0.01,0.25,1.05,1.49,0.0,0.23,0.0,0.21,0.0,0.35,0.0,1.29
2025-04-16 06:00:00+00:00,0.28,0.35,0.08,0.26,4.21,1.75,0.0,0.24,0.0,0.14,0.0,0.32,0.0,1.61
2025-04-16 07:00:00+00:00,1.23,1.01,0.14,0.52,7.15,1.42,0.0,0.24,0.0,0.18,0.0,0.32,0.0,1.55
2025-04-16 08:00:00+00:00,1.83,1.02,0.25,0.53,6.91,1.56,0.0,0.39,0.0,0.14,0.0,0.33,0.0,1.45
2025-04-16 09:00:00+00:00,2.05,0.99,0.33,0.46,6.86,1.37,0.0,0.34,0.0,0.17,0.0,0.32,0.0,1.51
2025-04-16 10:00:00+00:00,2.99,1.11,0.51,0.55,9.07,1.6,0.0,0.23,0.0,0.14,0.0,0.32,0.0,1.35
2025-04-16 11:00:00+00:00,2.03,0.89,0.43,0.59,6.59,1.77,0.0,0.26,0.0,0.14,0.0,0.3,0.0,1.48
2025-04-16 12:00:00+00:00,0.64,0.63,0.14,0.51,3.14,4.89,0.0,0.38,0.0,0.16,0.0,0.31,0.0,1.46
2025-04-16 13:00:00+00:00,1.05,0.76,0.2,0.71,4.05,3.72,0.0,0.31,0.0,0.24,0.0,0.32,0.0,1.37
2025-04-16 14:00:00+00:00,0.22,0.35,0.07,0.5,2.0,1.39,0.0,0.25,0.0,0.25,0.0,0.46,0.0,1.33
2025-04-16 15:00:00+00:00,0.04,0.17,0.01,0.47,0.69,1.71,0.0,0.21,0.0,0.48,0.0,0.99,0.0,1.25
2025-04-16 16:00:00+00:00,0.08,0.77,0.0,0.38,0.28,1.61,0.0,0.27,0.0,0.34,0.0,0.61,0.0,1.26
2025-04-16 17:00:00+00:00,0.09,0.7,0.0,0.36,0.01,1.32,0.0,0.2,0.0,0.3,0.0,0.57,0.0,1.19
2025-04-16 18:00:00+00:00,0.04,0.31,0.0,0.33,0.0,1.52,0.0,0.2,0.0,0.37,0.0,0.19,0.0,1.25
2025-04-16 19:00:00+00:00,0.0,0.32,0.0,0.34,0.0,1.45,0.0,0.2,0.0,0.31,0.0,0.26,0.0,1.24
2025-04-16 20:00:00+00:00,0.0,0.18,0.0,0.32,0.0,1.13,0.0,0.24,0.0,0.23,0.0,0.37,0.0,1.26
2025-04-16 21:00:00+00:00,0.0,0.17,0.0,0.32,0.0,0.93,0.0,0.24,0.0,0.2,0.0,0.17,0.0,1.26
2025-04-16 22:00:00+00:00,0.0,0.15,0.0,0.31,0.0,0.9,0.0,0.24,0.0,0.15,0.0,0.13,0.0,1.31
2025-04-16 23:00:00+00:00,0.0,0.16,0.0,0.32,0.0,0.91,0.0,0.24,0.0,0.2,0.0,0.33,0.0,1.29
2025-04-17 00:00:00+00:00,0.0,0.17,0.0,0.32,0.0,0.9,0.0,0.24,0.0,0.18,0.0,0.36,0.0,1.31
2025-04-17 01:00:00+00:00,0.0,0.14,0.0,0.3,0.0,0.9,0.0,0.24,0.0,0.18,0.0,0.36,0.0,1.32
2025-04-17 02:00:00+00:00,0.0,0.16,0.0,0.32,0.0,3.96,0.0,0.24,0.0,0.19,0.0,0.36,0.0,1.38
2025-04-17 03:00:00+00:00,0.0,0.47,0.0,0.31,0.0,2.73,0.0,0.24,0.0,0.15,0.0,0.36,0.0,1.32
2025-04-17 04:00:00+00:00,0.02,0.25,0.0,0.33,0.0,0.96,0.0,0.31,0.0,0.2,0.0,0.36,0.0,1.41
2025-04-17 05:00:00+00:00,0.04,0.18,0.0,0.38,0.17,1.02,0.0,0.32,0.0,0.17,0.0,0.36,0.0,2.06
2025-04-17 06:00:00+00:00,0.04,0.15,0.01,0.5,0.58,1.12,0.0,0.24,0.0,0.22,0.0,0.33,0.0,2.54
2025-04-17 07:00:00+00:00,0.21,0.27,0.06,0.76,1.83,1.29,0.0,0.24,0.0,0.19,0.0,0.25,0.0,1.52
2025-04-17 08:00:00+00:00,0.31,0.31,0.08,0.8,2.07,1.55,0.0,0.24,0.0,0.17,0.0,0.23,0.0,1.78
2025-04-17 09:00:00+00:00,0.28,0.27,0.08,0.92,1.97,1.43,0.0,0.24,0.0,0.2,0.0,0.36,0.0,2.58
2025-04-17 10:00:00+00:00,0.32,0.31,0.07,0.69,2.01,1.05,0.0,0.25,0.0,0.15,0.0,0.35,0.0,1.8
2025-04-17 11:00:00+00:00,0.24,0.24,0.07,0.95,1.78,1.35,0.0,0.38,0.0,0.18,0.0,0.37,0.0,1.56
2025-04-17 12:00:00+00:00,0.09,0.13,0.03,0.89,1.06,4.11,0.0,0.39,0.0,0.17,0.0,0.3,0.0,1.47
2025-04-17 13:00:00+00:00,0.14,0.18,0.06,0.82,1.45,2.77,0.0,0.28,0.0,0.15,0.0,0.2,0.0,1.39
2025-04-17 14:00:00+00:00,0.27,0.45,0.08,0.83,1.91,1.73,0.0,0.29,0.0,0.19,0.0,1.12,0.0,1.33
2025-04-17 15:00:00+00:00,0.18,0.48,0.05,0.78,1.24,1.73,0.0,0.25,0.0,0.14,0.0,0.36,0.0,1.29
2025-04-17 16:00:00+00:00,0.1,0.48,0.0,0.57,0.47,1.66,0.0,0.29,0.0,0.18,0.0,0.36,0.0,1.33
2025-04-17 17:00:00+00:00,0.06,0.27,0.0,0.28,0.05,1.23,0.0,0.33,0.0,0.16,0.0,0.36,0.0,1.35
2025-04-17 18:00:00+00:00,0.05,0.25,0.0,0.41,0.0,1.77,0.0,0.24,0.0,0.16,0.0,0.36,0.0,1.31
2025-04-17 19:00:00+00:00,0.0,0.27,0.0,0.41,0.0,1.9,0.0,0.24,0.0,0.17,0.0,0.38,0.0,1.36
2025-04-17 20:00:00+00:00,0.0,0.14,0.0,0.33,0.0,3.9,0.0,0.25,0.0,0.15,0.0,0.47,0.0,1.31
2025-04-17 21:00:00+00:00,0.0,0.14,0.0,0.22,0.0,3.7,0.0,0.25,0.0,0.24,0.0,0.42,0.0,1.37
2025-04-17 22:00:00+00:00,0.0,0.15,0.0,0.25,0.0,0.93,0.0,0.27,0.0,0.17,0.0,0.38,0.0,1.32
2025-04-17 23:00:00+00:00,0.0,0.14,0.0,0.22,0.0,0.93,0.0,0.32,0.0,0.19,0.0,0.36,0.0,1.36
2025-04-18 00:00:00+00:00,0.0,0.14,0.0,0.23,0.0,0.91,0.0,0.34,0.0,0.19,0.0,0.36,0.0,1.32
2025-04-18 01:00:00+00:00,0.0,0.14,0.0,0.22,0.0,0.93,0.0,0.31,0.0,0.17,0.0,0.36,0.0,1.35
2025-04-18 02:00:00+00:00,0.0,0.14,0.0,0.22,0.0,0.92,0.0,0.28,0.0,0.21,0.0,0.36,0.0,1.33
2025-04-18 03:00:00+00:00,0.0,0.25,0.0,0.23,0.0,0.91,0.0,0.32,0.0,0.16,0.0,0.36,0.0,1.34
2025-04-18 04:00:00+00:00,0.02,0.22,0.0,0.23,0.0,0.98,0.0,0.28,0.0,0.19,0.0,0.35,0.0,1.32
2025-04-18 05:00:00+00:00,0.04,0.12,0.0,0.25,0.43,1.04,0.0,0.34,0.0,0.16,0.0,0.35,0.0,1.35
2025-04-18 06:00:00+00:00,0.08,0.15,0.03,0.23,1.04,1.77,0.0,0.32,0.0,0.16,0.0,0.37,0.0,1.31
2025-04-18 07:00:00+00:00,0.32,0.32,0.08,0.23,2.11,4.45,0.0,0.25,0.0,0.19,0.0,0.36,0.0,1.3
2025-04-18 08:00:00+00:00,0.82,0.51,0.13,0.23,3.33,1.21,0.0,0.24,0.0,0.15,0.0,0.36,0.0,1.23
2025-04-18 09:00:00+00:00,0.26,0.24,0.07,0.21,1.97,1.46,0.0,0.24,0.0,0.19,0.0,0.36,0.0,1.31
2025-04-18 10:00:00+00:00,0.41,0.31,0.08,0.23,2.17,1.56,0.0,0.24,0.0,0.19,0.0,0.36,0.0,1.27
2025-04-18 11:00:00+00:00,0.98,0.55,0.17,0.22,3.96,1.3,0.0,0.24,0.0,0.16,0.0,0.33,0.0,1.18
2025-04-18 12:00:00+00:00,3.03,0.83,0.69,0.28,8.23,1.52,0.0,0.24,0.0,0.18,0.0,0.31,0.0,1.09
2025-04-18 13:00:00+00:00,1.5,0.7,0.29,0.19,5.53,1.07,0.0,0.24,0.0,0.14,0.0,0.31,0.0,1.11
2025-04-18 14:00:00+00:00,1.1,0.7,0.24,0.28,4.4,1.06,0.0,0.24,0.0,0.18,0.0,0.32,0.0,1.16
2025-04-18 15:00:00+00:00,0.79,0.58,0.26,0.33,3.79,1.01,0.0,0.23,0.0,0.15,0.0,0.31,0.0,1.06
2025-04-18 16:00:00+00:00,0.37,0.48,0.29,0.32,2.87,3.17,0.0,0.21,0.0,0.18,0.0,0.31,0.0,0.88
2025-04-18 17:00:00+00:00,0.12,0.44,0.07,0.31,0.83,3.14,0.0,0.2,0.0,0.18,0.0,0.32,0.0,1.21
2025-04-18 18:00:00+00:00,0.08,0.49,0.0,0.22,0.0,1.09,0.0,0.24,0.0,0.14,0.0,0.33,0.0,1.29
2025-04-18 19:00:00+00:00,0.0,0.26,0.0,0.2,0.0,1.17,0.0,0.27,0.0,0.18,0.0,0.34,0.0,1.27
2025-04-18 20:00:00+00:00,0.0,0.14,0.0,0.19,0.0,1.28,0.0,0.29,0.0,0.16,0.0,0.35,0.0,1.29
2025-04-18 21:00:00+00:00,0.0,0.13,0.0,0.2,0.0,1.17,0.0,0.28,0.0,0.19,0.0,0.37,0.0,1.27
2025-04-18 22:00:00+00:00,0.0,0.13,0.0,0.21,0.0,0.98,0.0,0.25,0.0,0.18,0.0,0.36,0.0,1.36
2025-04-18 23:00:00+00:00,0.0,0.13,0.0,0.19,0.0,1.0,0.0,0.36,0.0,0.16,0.0,0.36,0.0,1.33
2025-04-19 00:00:00+00:00,0.0,0.13,0.0,0.23,0.0,1.02,0.0,0.32,0.0,0.21,0.0,0.36,0.0,1.36
2025-04-19 01:00:00+00:00,0.0,0.13,0.0,0.22,0.0,1.36,0.0,0.3,0.0,0.17,0.0,0.36,0.0,1.33
2025-04-19 02:00:00+00:00,0.0,0.13,0.0,0.23,0.0,4.33,0.0,0.35,0.0,0.21,0.0,0.35,0.0,1.36
2025-04-19 03:00:00+00:00,0.0,0.25,0.0,0.23,0.0,1.18,0.0,0.27,0.0,0.2,0.0,0.35,0.0,1.34
2025-04-19 04:00:00+00:00,0.03,0.19,0.0,0.22,0.23,1.15,0.0,0.31,0.0,0.18,0.0,0.35,0.0,1.33
2025-04-19 05:00:00+00:00,0.1,0.16,0.04,0.23,1.66,1.26,0.0,0.25,0.0,0.2,0.0,0.37,0.0,1.33
2025-04-19 06:00:00+00:00,0.65,0.51,0.11,0.23,4.85,1.14,0.0,0.32,0.0,0.16,0.0,0.35,0.0,1.27
2025-04-19 07:00:00+00:00,1.73,0.84,0.14,0.34,7.84,1.21,0.0,0.25,0.0,0.2,0.0,0.32,0.0,1.26
2025-04-19 08:00:00+00:00,2.53,0.85,0.15,0.34,9.11,1.8,0.0,0.25,0.0,0.19,0.0,0.32,0.0,1.23
2025-04-19 09:00:00+00:00,3.27,0.92,0.45,0.37,10.64,1.45,0.0,0.24,0.0,0.17,0.0,0.3,0.0,1.23
2025-04-19 10:00:00+00:00,3.59,0.94,0.68,0.36,10.78,2.13,0.0,0.22,0.0,0.2,0.0,0.3,0.0,1.22
2025-04-19 11:00:00+00:00,4.2,0.97,0.97,0.35,11.52,4.49,0.0,0.24,0.0,0.16,0.0,0.3,0.0,1.25
2025-04-19 12:00:00+00:00,3.99,0.99,1.08,0.29,10.75,1.57,0.0,0.25,0.0,0.17,0.0,0.32,0.0,1.17
2025-04-19 13:00:00+00:00,3.49,0.96,1.05,0.19,9.91,1.42,0.0,0.22,0.0,0.19,0.0,0.31,0.0,1.01
2025-04-19 14:00:00+00:00,2.72,1.02,0.97,0.18,8.44,1.37,0.0,0.2,0.0,0.14,0.0,0.31,0.0,0.71
2025-04-19 15:00:00+00:00,1.47,0.8,0.74,0.2,6.14,1.36,0.0,0.28,0.0,0.18,0.0,0.31,0.0,0.49
2025-04-19 16:00:00+00:00,0.41,0.42,0.4,0.19,3.08,1.46,0.0,0.28,0.0,0.17,0.0,0.32,0.0,0.53
2025-04-19 17:00:00+00:00,0.06,0.23,0.07,0.21,0.65,1.65,0.0,0.23,0.0,0.17,0.0,0.3,0.0,1.22
2025-04-19 18:00:00+00:00,0.08,0.6,0.0,0.22,0.03,1.74,0.0,0.25,0.0,0.19,0.0,0.3,0.0,1.23
2025-04-19 19:00:00+00:00,0.0,0.58,0.0,0.19,0.0,1.46,0.0,0.2,0.0,0.14,0.0,0.31,0.0,1.25
2025-04-19 20:00:00+00:00,0.0,0.28,0.0,0.21,0.0,4.31,0.0,0.2,0.0,0.17,0.0,0.32,0.0,1.24
2025-04-19 21:00:00+00:00,0.0,0.15,0.0,0.2,0.0,2.18,0.0,0.25,0.0,0.2,0.0,0.31,0.0,1.24
2025-04-19 22:00:00+00:00,0.0,0.14,0.0,0.2,0.0,0.97,0.0,0.23,0.0,0.13,0.0,0.31,0.0,1.24
2025-04-19 23:00:00+00:00,0.0,0.16,0.0,0.2,0.0,1.01,0.0,0.25,0.0,0.17,0.0,0.33,0.0,1.23
2025-04-20 00:00:00+00:00,0.0,0.15,0.0,0.19,0.0,1.02,0.0,0.33,0.0,0.14,0.0,0.36,0.0,1.24
2025-04-20 01:00:00+00:00,0.0,0.14,0.0,0.21,0.0,1.02,0.0,0.25,0.0,0.15,0.0,0.34,0.0,1.22
2025-04-20 02:00:00+00:00,0.0,0.15,0.0,0.2,0.0,1.03,0.0,0.26,0.0,0.17,0.0,0.36,0.0,1.23
2025-04-20 03:00:00+00:00,0.0,0.25,0.0,0.23,0.0,1.03,0.0,0.27,0.0,0.13,0.0,0.37,0.0,1.25
2025-04-20 04:00:00+00:00,0.03,0.24,0.0,0.24,0.02,1.09,0.0,0.24,0.0,0.16,0.0,0.36,0.0,1.25
2025-04-20 05:00:00+00:00,0.06,0.15,0.02,0.24,1.15,3.55,0.0,0.25,0.0,0.16,0.0,0.36,0.0,1.25
2025-04-20 06:00:00+00:00,0.45,0.42,0.11,0.27,4.5,2.91,0.0,0.27,0.0,0.13,0.0,0.32,0.0,1.23
2025-04-20 07:00:00+00:00,0.59,0.49,0.09,0.23,3.43,1.03,0.0,0.32,0.0,0.18,0.0,0.31,0.0,1.21
2025-04-20 08:00:00+00:00,2.4,0.81,0.12,0.36,8.83,1.38,0.0,0.24,0.0,0.16,0.0,0.3,0.0,1.19
2025-04-20 09:00:00+00:00,1.58,0.71,0.26,0.29,5.82,1.32,0.0,0.23,0.0,0.14,0.0,0.31,0.0,1.08
2025-04-20 10:00:00+00:00,0.5,0.41,0.12,0.24,2.67,0.99,0.0,0.22,0.0,0.18,0.0,0.31,0.0,1.19
2025-04-20 11:00:00+00:00,0.34,0.33,0.08,0.24,2.13,1.06,0.0,0.32,0.0,0.21,0.0,0.34,0.0,1.15
2025-04-20 12:00:00+00:00,0.69,0.44,0.13,0.24,3.02,1.02,0.0,0.25,0.0,0.17,0.0,0.35,0.0,1.17
2025-04-20 13:00:00+00:00,2.26,0.82,0.5,0.23,7.03,1.07,0.0,0.2,0.0,0.12,0.0,0.31,0.0,0.95
2025-04-20 14:00:00+00:00,2.0,0.83,0.6,0.2,6.77,1.2,0.0,0.19,0.0,0.16,0.0,0.31,0.0,0.85
2025-04-20 15:00:00+00:00,1.73,0.84,0.73,0.19,6.72,3.73,0.0,0.2,0.0,0.17,0.0,0.31,0.0,0.55
2025-04-20 16:00:00+00:00,0.53,0.47,0.3,0.19,3.29,1.87,0.0,0.24,0.0,0.18,0.0,0.3,0.0,0.86
2025-04-20 17:00:00+00:00,0.06,0.17,0.05,0.2,0.81,1.23,0.0,0.2,0.0,0.17,0.0,0.31,0.0,1.2
2025-04-20 18:00:00+00:00,0.05,0.27,0.0,0.22,0.04,1.31,0.0,0.22,0.0,0.18,0.0,0.33,0.0,1.29
2025-04-20 19:00:00+00:00,0.0,0.41,0.0,0.2,0.0,1.14,0.0,0.24,0.0,0.21,0.0,0.36,0.0,1.26
2025-04-20 20:00:00+00:00,0.0,0.61,0.0,0.2,0.0,1.19,0.0,0.24,0.0,0.19,0.0,0.36,0.0,1.27
2025-04-20 21:00:00+00:00,0.0,0.52,0.0,0.19,0.0,1.16,0.0,0.25,0.0,0.17,0.0,0.36,0.0,1.25
2025-04-20 22:00:00+00:00,0.0,0.45,0.0,0.2,0.0,1.05,0.0,0.24,0.0,0.21,0.0,0.36,0.0,1.3
2025-04-20 23:00:00+00:00,0.0,0.46,0.0,0.2,0.0,1.07,0.0,0.24,0.0,0.16,0.0,0.35,0.0,1.3
2025-04-21 00:00:00+00:00,0.0,0.45,0.0,0.2,0.0,1.16,0.0,0.25,0.0,0.17,0.0,0.35,0.0,1.34
2025-04-21 01:00:00+00:00,0.0,0.48,0.0,0.2,0.0,4.29,0.0,0.27,0.0,0.21,0.0,0.36,0.0,1.36
2025-04-21 02:00:00+00:00,0.0,0.46,0.0,0.19,0.0,1.52,0.0,0.24,0.0,0.16,0.0,0.37,0.0,1.33
2025-04-21 03:00:00+00:00,0.0,0.35,0.0,0.28,0.0,1.04,0.0,0.25,0.0,0.19,0.0,0.36,0.0,1.36
2025-04-21 04:00:00+00:00,0.03,0.31,0.0,0.3,0.02,1.14,0.0,0.25,0.0,0.22,0.0,0.37,0.0,1.34
2025-04-21 05:00:00+00:00,0.06,0.22,0.01,0.31,0.79,1.24,0.0,0.26,0.0,0.17,0.0,0.36,0.0,1.36
2025-04-21 06:00:00+00:00,0.47,0.42,0.07,0.29,4.91,1.2,0.0,0.3,0.0,0.19,0.0,0.34,0.0,1.31
2025-04-21 07:00:00+00:00,1.87,0.91,0.12,0.31,8.23,1.52,0.0,0.3,0.0,0.17,0.0,0.29,0.0,1.29
2025-04-21 08:00:00+00:00,2.38,1.02,0.22,0.35,8.34,2.28,0.0,0.24,0.0,0.16,0.0,0.32,0.0,1.2
2025-04-21 09:00:00+00:00,1.75,0.82,0.27,0.23,5.99,4.05,0.0,0.28,0.0,0.19,0.0,0.32,0.0,1.18
2025-04-21 10:00:00+00:00,1.62,0.76,0.28,0.24,5.64,2.72,0.0,0.26,0.0,0.16,0.0,0.31,0.0,1.14
2025-04-21 11:00:00+00:00,3.08,0.95,0.65,0.22,9.01,1.39,0.0,0.21,0.0,0.18,0.0,0.32,0.0,1.12
2025-04-21 12:00:00+00:00,2.92,0.91,0.75,0.19,8.36,1.37,0.0,0.22,0.0,0.18,0.0,0.31,0.0,1.09
2025-04-21 13:00:00+00:00,1.79,0.75,0.46,0.22,6.21,1.39,0.0,0.2,0.0,0.15,0.0,0.31,0.0,1.08
2025-04-21 14:00:00+00:00,1.46,0.74,0.47,0.2,5.46,1.39,0.0,0.2,0.0,0.19,0.0,0.3,0.0,1.0
2025-04-21 15:00:00+00:00,0.73,0.51,0.34,0.21,3.83,1.35,0.0,0.21,0.0,0.16,0.0,0.31,0.0,0.99
2025-04-21 16:00:00+00:00,0.17,0.3,0.11,0.2,1.72,1.42,0.0,0.21,0.0,0.2,0.0,0.31,0.0,1.16
2025-04-21 17:00:00+00:00,0.06,0.24,0.05,0.2,0.61,1.48,0.0,0.2,0.0,0.2,0.0,0.32,0.0,1.21
2025-04-21 18:00:00+00:00,0.06,0.35,0.0,0.22,0.0,1.51,0.0,0.2,0.0,0.18,0.0,0.31,0.0,1.29
2025-04-21 19:00:00+00:00,0.0,0.42,0.0,0.2,0.0,1.54,0.0,0.2,0.0,0.22,0.0,0.31,0.0,1.27
2025-04-21 20:00:00+00:00,0.0,0.31,0.0,0.2,0.0,3.63,0.0,0.22,0.0,0.3,0.0,0.31,0.0,1.28
2025-04-21 21:00:00+00:00,0.0,0.25,0.0,0.2,0.0,2.79,0.0,0.23,0.0,0.23,0.0,0.31,0.0,1.27
2025-04-21 22:00:00+00:00,0.0,0.21,0.0,0.2,0.0,0.91,0.0,0.24,0.0,0.19,0.0,0.29,0.0,1.26
2025-04-21 23:00:00+00:00,0.0,0.21,0.0,0.2,0.0,0.93,0.0,0.25,0.0,0.2,0.0,0.31,0.0,1.3
2025-04-22 00:00:00+00:00,0.0,0.2,0.0,0.19,0.0,0.94,0.0,0.25,0.0,0.21,0.0,0.36,0.0,1.3
2025-04-22 01:00:00+00:00,0.0,0.36,0.0,0.21,0.0,0.95,0.0,0.25,0.0,0.21,0.0,0.36,0.0,1.29
2025-04-22 02:00:00+00:00,0.0,0.44,0.0,0.19,0.0,0.97,0.0,0.25,0.0,0.18,0.0,0.36,0.0,1.31
2025-04-22 03:00:00+00:00,0.0,0.65,0.0,0.21,0.0,0.99,0.0,0.24,0.0,0.17,0.0,0.36,0.0,1.28
2025-04-22 04:00:00+00:00,0.04,0.4,0.0,0.21,0.25,1.13,0.0,0.25,0.0,0.21,0.0,0.36,0.0,1.32
2025-04-22 05:00:00+00:00,0.18,0.53,0.04,0.97,1.45,1.78,0.0,0.25,0.0,0.15,0.0,0.33,0.0,2.03
2025-04-22 06:00:00+00:00,0.48,1.09,0.12,1.22,3.97,4.26,0.0,0.25,0.0,0.17,0.0,0.31,0.0,1.42
2025-04-22 07:00:00+00:00,1.37,1.17,0.14,1.5,6.63,1.36,0.0,0.24,0.0,0.17,0.0,0.32,0.0,1.39
2025-04-22 08:00:00+00:00,2.71,0.93,0.12,1.45,9.81,1.58,0.0,0.24,0.0,0.14,0.0,0.36,0.0,1.39
2025-04-22 09:00:00+00:00,3.61,1.01,0.44,1.46,11.32,1.42,0.0,0.21,0.0,0.18,0.0,0.34,0.0,1.9
2025-04-22 10:00:00+00:00,3.84,1.03,0.74,1.38,11.32,1.51,0.0,0.2,0.0,0.18,0.0,0.34,0.0,1.59
2025-04-22 11:00:00+00:00,3.27,0.95,0.5,1.48,9.72,1.5,0.0,0.2,0.0,0.16,0.0,0.34,0.0,1.34
2025-04-22 12:00:00+00:00,3.8,1.01,0.7,1.44,10.45,1.38,0.0,0.21,0.0,0.17,0.0,0.34,0.0,1.27
2025-04-22 13:00:00+00:00,3.68,1.29,0.8,1.28,10.58,1.53,0.0,0.21,0.0,0.17,0.0,0.33,0.0,0.94
2025-04-22 14:00:00+00:00,1.66,0.99,0.41,1.25,6.12,1.49,0.0,0.23,0.0,0.13,0.0,0.33,0.0,0.95
2025-04-22 15:00:00+00:00,1.02,0.94,0.33,1.2,4.78,3.76,0.0,0.24,0.0,0.15,0.0,0.35,0.0,0.81
2025-04-22 16:00:00+00:00,0.17,0.29,0.14,0.24,2.21,3.35,0.0,0.2,0.0,1.06,0.0,0.59,0.0,0.99
2025-04-22 17:00:00+00:00,0.09,1.2,0.03,0.25,0.74,1.81,0.0,0.2,0.0,0.69,0.0,0.39,0.0,1.21
2025-04-22 18:00:00+00:00,0.1,0.95,0.0,0.27,0.03,1.84,0.0,0.22,0.0,0.27,0.0,0.34,0.0,1.24
2025-04-22 19:00:00+00:00,0.0,1.02,0.0,0.25,0.0,1.71,0.0,0.2,0.0,0.29,0.0,0.34,0.0,1.26
2025-04-22 20:00:00+00:00,0.0,0.82,0.0,0.24,0.0,1.32,0.0,0.23,0.0,0.23,0.0,0.36,0.0,1.23
2025-04-22 21:00:00+00:00,0.0,0.5,0.0,0.24,0.0,1.11,0.0,0.2,0.0,0.15,0.0,0.35,0.0,1.24
2025-04-22 22:00:00+00:00,0.0,0.54,0.0,0.22,0.0,0.99,0.0,0.2,0.0,0.15,0.0,0.34,0.0,1.23
2025-04-22 23:00:00+00:00,0.0,0.25,0.0,0.24,0.0,0.96,0.0,0.24,0.0,0.17,0.0,0.35,0.0,1.23
2025-04-23 00:00:00+00:00,0.0,0.16,0.0,0.22,0.0,2.88,0.0,0.28,0.0,0.13,0.0,0.36,0.0,1.24
2025-04-23 01:00:00+00:00,0.0,0.19,0.0,0.32,0.0,2.67,0.0,0.27,0.0,0.17,0.0,0.38,0.0,1.27
2025-04-23 02:00:00+00:00,0.0,0.15,0.0,0.34,0.0,1.02,0.0,0.31,0.0,0.15,0.0,0.39,0.0,1.24
2025-04-23 03:00:00+00:00,0.0,0.29,0.0,0.32,0.0,1.05,0.0,0.24,0.0,0.16,0.0,0.39,0.0,1.27
2025-04-23 04:00:00+00:00,0.04,0.22,0.0,0.37,0.27,1.4,0.0,0.21,0.0,0.19,0.0,0.37,0.0,1.23
2025-04-23 05:00:00+00:00,0.1,0.25,0.04,0.32,2.18,1.77,0.0,0.21,0.0,0.13,0.0,0.35,0.0,1.51
2025-04-23 06:00:00+00:00,0.81,0.61,0.14,0.42,5.95,1.44,0.0,0.31,0.0,0.18,0.0,0.36,0.0,1.32
2025-04-23 07:00:00+00:00,1.61,0.81,0.09,0.41,7.47,1.4,0.0,0.3,0.0,0.15,0.0,0.35,0.0,1.24
2025-04-23 08:00:00+00:00,2.69,0.88,0.09,0.43,9.53,1.85,0.0,0.32,0.0,0.17,0.0,0.35,0.0,1.72
2025-04-23 09:00:00+00:00,3.3,0.94,0.39,0.54,10.72,3.05,0.0,0.33,0.0,0.17,0.0,0.34,0.0,1.29
2025-04-23 10:00:00+00:00,3.24,0.96,0.56,0.47,9.81,3.81,0.0,0.31,0.0,0.13,0.0,0.34,0.0,1.19
2025-04-23 11:00:00+00:00,4.13,0.99,0.95,0.43,11.62,1.51,0.0,0.23,0.0,0.15,0.0,0.33,0.0,1.24
2025-04-23 12:00:00+00:00,3.13,0.82,0.83,0.44,8.87,1.48,0.0,0.37,0.0,0.17,0.0,0.33,0.0,1.14
2025-04-23 13:00:00+00:00,1.36,0.64,0.4,0.46,4.73,1.53,0.0,0.25,0.0,0.12,0.0,0.33,0.0,1.11
2025-04-23 14:00:00+00:00,0.72,0.59,0.16,0.44,3.49,1.6,0.0,0.27,0.0,0.15,0.0,0.35,0.0,1.2
2025-04-23 15:00:00+00:00,0.19,0.32,0.04,0.32,1.32,1.52,0.0,0.27,0.0,0.64,0.0,0.34,0.0,1.35
2025-04-23 16:00:00+00:00,0.06,0.29,0.0,0.27,0.07,1.5,0.0,0.23,0.0,0.19,0.0,0.41,0.0,1.3
2025-04-23 17:00:00+00:00,0.07,0.5,0.0,0.27,0.03,1.4,0.0,0.12,0.0,0.35,0.0,0.39,0.0,1.26
2025-04-23 18:00:00+00:00,0.05,0.32,0.0,0.27,0.0,3.47,0.0,0.13,0.0,0.32,0.0,0.39,0.0,1.29
2025-04-23 19:00:00+00:00,0.0,0.48,0.0,0.26,0.0,4.53,0.0,0.22,0.0,0.23,0.0,0.37,0.0,1.27
2025-04-23 20:00:00+00:00,0.0,0.54,0.0,0.24,0.0,1.36,0.0,0.21,0.0,0.2,0.0,0.43,0.0,1.28
2025-04-23 21:00:00+00:00,0.0,0.43,0.0,0.24,0.0,1.14,0.0,0.25,0.0,0.15,0.0,0.39,0.0,1.29
2025-04-23 22:00:00+00:00,0.0,0.89,0.0,0.22,0.0,0.96,0.0,0.26,0.0,0.18,0.0,0.39,0.0,1.31
2025-04-23 23:00:00+00:00,0.0,0.42,0.0,0.21,0.0,0.98,0.0,0.27,0.0,0.12,0.0,0.39,0.0,1.27
2025-04-24 00:00:00+00:00,0.0,0.48,0.0,0.2,0.0,0.93,0.0,0.31,0.0,0.15,0.0,0.39,0.0,1.33
2025-04-24 01:00:00+00:00,0.0,0.16,0.0,0.21,0.0,0.92,0.0,0.29,0.0,0.16,0.0,0.39,0.0,1.27
2025-04-24 02:00:00+00:00,0.0,0.15,0.0,0.21,0.0,0.9,0.0,0.26,0.0,0.13,0.0,0.38,0.0,1.32
2025-04-24 03:00:00+00:00,0.0,0.26,0.0,0.19,0.0,0.9,0.0,0.2,0.0,0.16,0.0,0.38,0.0,1.35
2025-04-24 04:00:00+00:00,0.03,0.24,0.0,0.23,0.07,1.16,0.0,0.2,0.0,0.16,0.0,0.38,0.0,1.36
2025-04-24 05:00:00+00:00,0.04,0.12,0.01,0.22,0.72,4.6,0.0,0.18,0.0,0.13,0.0,0.4,0.0,1.44
2025-04-24 06:00:00+00:00,0.12,0.27,0.05,0.23,1.41,1.57,0.0,0.22,0.0,0.22,0.0,0.4,0.0,1.38
2025-04-24 07:00:00+00:00,0.41,0.41,0.09,0.23,2.47,1.12,0.0,0.32,0.0,0.14,0.0,0.4,0.0,1.5
2025-04-24 08:00:00+00:00,1.32,0.8,0.21,0.22,4.89,1.21,0.0,0.31,0.0,0.14,0.0,0.36,0.0,1.44
2025-04-24 09:00:00+00:00,2.22,0.84,0.33,0.29,7.72,1.17,0.0,0.28,0.0,0.17,0.0,0.34,0.0,1.35
2025-04-24 10:00:00+00:00,1.43,0.72,0.25,0.3,5.37,1.48,0.0,0.25,0.0,0.17,0.0,0.32,0.0,1.32
2025-04-24 11:00:00+00:00,1.79,0.77,0.3,0.29,5.82,1.32,0.0,0.22,0.0,0.19,0.0,0.34,0.0,1.27
2025-04-24 12:00:00+00:00,0.56,0.43,0.13,0.3,2.87,1.11,0.0,0.31,0.0,0.17,0.0,0.35,0.0,1.3
2025-04-24 13:00:00+00:00,0.83,0.54,0.16,0.29,3.55,1.06,0.0,0.31,0.0,0.14,0.0,0.34,0.0,1.22
2025-04-24 14:00:00+00:00,0.62,0.52,0.13,0.35,3.22,3.1,0.0,0.13,0.0,0.2,0.0,0.38,0.0,1.2
2025-04-24 15:00:00+00:00,0.05,0.13,0.03,0.44,1.15,4.07,0.0,0.1,0.0,0.75,0.0,0.54,0.0,1.3
2025-04-24 16:00:00+00:00,0.04,0.15,0.01,0.42,0.63,1.55,0.0,0.1,0.0,0.91,0.0,0.37,0.0,1.28
2025-04-24 17:00:00+00:00,0.09,0.9,0.0,0.38,0.33,1.63,0.0,0.09,0.0,0.4,0.0,0.33,0.0,1.31
2025-04-24 18:00:00+00:00,0.09,0.7,0.0,0.22,0.0,1.55,0.0,0.09,0.0,0.31,0.0,0.36,0.0,1.31
2025-04-24 19:00:00+00:00,0.0,0.79,0.0,0.23,0.0,1.71,0.0,0.11,0.0,0.36,0.0,0.37,0.0,1.37
2025-04-24 20:00:00+00:00,0.0,0.64,0.0,0.22,0.0,2.91,0.0,0.14,0.0,0.23,0.0,0.42,0.0,1.32
2025-04-24 21:00:00+00:00,0.0,0.63,0.0,0.19,0.0,4.05,0.0,0.14,0.0,0.17,0.0,0.39,0.0,1.36
2025-04-24 22:00:00+00:00,0.0,0.65,0.0,0.2,0.0,1.65,0.0,0.14,0.0,0.21,0.0,0.39,0.0,1.33
2025-04-24 23:00:00+00:00,0.0,0.59,0.0,0.19,0.0,0.91,0.0,0.14,0.0,0.18,0.0,0.39,0.0,1.35
2025-04-25 00:00:00+00:00,0.0,0.34,0.0,0.2,0.0,0.9,0.0,0.14,0.0,0.19,0.0,0.39,0.0,1.34
2025-04-25 01:00:00+00:00,0.0,0.34,0.0,0.19,0.0,0.9,0.0,0.14,0.0,0.2,0.0,0.37,0.0,1.35
2025-04-25 02:00:00+00:00,0.0,0.34,0.0,0.19,0.0,0.9,0.0,0.14,0.0,0.18,0.0,0.38,0.0,1.33
2025-04-25 03:00:00+00:00,0.0,0.49,0.0,0.24,0.0,0.9,0.0,0.15,0.0,0.23,0.0,0.39,0.0,1.35
2025-04-25 04:00:00+00:00,0.04,0.46,0.0,0.29,0.0,0.98,0.0,0.15,0.0,0.16,0.0,0.39,0.0,1.33
2025-04-25 05:00:00+00:00,0.09,0.43,0.0,0.76,0.12,1.06,0.0,0.19,0.0,0.2,0.0,0.39,0.0,1.45
2025-04-25 06:00:00+00:00,0.1,0.46,0.01,0.95,0.45,1.12,0.0,0.41,0.0,0.19,0.0,0.43,0.0,1.56
2025-04-25 07:00:00+00:00,0.07,0.26,0.03,1.02,0.92,1.5,0.0,0.34,0.0,0.2,0.0,0.39,0.0,1.51
2025-04-25 08:00:00+00:00,0.33,0.48,0.06,1.02,2.07,4.87,0.0,0.33,0.0,0.2,0.0,0.38,0.0,1.49
2025-04-25 09:00:00+00:00,0.29,0.31,0.06,1.08,2.04,1.71,0.0,0.38,0.0,0.17,0.0,0.36,0.0,1.45
2025-04-25 10:00:00+00:00,2.23,0.75,0.38,0.8,7.09,1.26,0.0,0.24,0.0,0.22,0.0,0.34,0.0,1.38
2025-04-25 11:00:00+00:00,2.85,0.9,0.5,1.04,8.42,1.27,0.0,0.23,0.0,0.17,0.0,0.35,0.0,1.25
2025-04-25 12:00:00+00:00,2.75,1.09,0.59,1.01,8.31,1.23,0.0,0.32,0.0,0.2,0.0,0.34,0.0,1.42
2025-04-25 13:00:00+00:00,1.11,0.55,0.32,0.88,4.68,1.67,0.0,0.27,0.0,0.19,0.0,0.34,0.0,1.46
2025-04-25 14:00:00+00:00,0.44,0.62,0.11,0.89,2.68,1.55,0.0,0.23,0.0,0.25,0.0,0.34,0.0,1.37
2025-04-25 15:00:00+00:00,1.28,0.88,0.61,0.33,5.58,1.58,0.0,0.23,0.0,0.72,0.0,0.36,0.0,0.71
2025-04-25 16:00:00+00:00,0.61,0.61,0.26,0.18,3.39,1.6,0.0,0.23,0.0,0.18,0.0,0.37,0.0,0.89
2025-04-25 17:00:00+00:00,0.08,0.41,0.1,0.2,0.94,3.04,0.0,0.22,0.0,0.17,0.0,0.36,0.0,1.12
2025-04-25 18:00:00+00:00,0.09,1.57,0.0,0.21,0.02,3.51,0.0,0.22,0.0,0.22,0.0,0.37,0.0,1.3
2025-04-25 19:00:00+00:00,0.0,0.41,0.0,0.2,0.0,1.17,0.0,0.22,0.0,0.31,0.0,0.36,0.0,1.28
2025-04-25 20:00:00+00:00,0.0,0.57,0.0,0.2,0.0,1.11,0.0,0.23,0.0,0.2,0.0,0.36,0.0,1.3
2025-04-25 21:00:00+00:00,0.0,0.23,0.0,0.19,0.0,1.19,0.0,0.26,0.0,0.17,0.0,0.35,0.0,1.29
2025-04-25 22:00:00+00:00,0.0,0.39,0.0,0.2,0.0,0.94,0.0,0.26,0.0,0.16,0.0,0.32,0.0,1.25
2025-04-25 23:00:00+00:00,0.0,0.16,0.0,0.19,0.0,0.94,0.0,0.27,0.0,0.2,0.0,0.33,0.0,1.29
2025-04-26 00:00:00+00:00,0.0,0.16,0.0,0.21,0.0,0.93,0.0,0.27,0.0,0.17,0.0,0.3,0.0,1.27
2025-04-26 01:00:00+00:00,0.0,0.17,0.0,0.2,0.0,1.05,0.0,0.27,0.0,0.2,0.0,0.31,0.0,1.31
2025-04-26 02:00:00+00:00,0.0,0.16,0.0,0.19,0.0,4.2,0.0,0.27,0.0,0.18,0.0,0.33,0.0,1.28
2025-04-26 03:00:00+00:00,0.0,0.14,0.0,0.2,0.0,0.94,0.0,0.27,0.0,0.19,0.0,0.31,0.0,1.31
2025-04-26 04:00:00+00:00,0.02,0.16,0.0,0.19,0.01,1.05,0.0,0.27,0.0,0.2,0.0,0.31,0.0,1.33
2025-04-26 05:00:00+00:00,0.02,0.11,0.0,0.21,0.3,1.26,0.0,0.27,0.0,0.18,0.0,0.31,0.0,1.37
2025-04-26 06:00:00+00:00,0.1,0.15,0.03,0.2,1.12,1.04,0.0,0.27,0.0,0.19,0.0,0.31,0.0,1.32
2025-04-26 07:00:00+00:00,0.08,0.17,0.04,0.19,1.2,1.04,0.0,0.27,0.0,0.16,0.0,0.29,0.0,1.37
2025-04-26 08:00:00+00:00,0.36,0.36,0.09,0.21,2.33,1.07,0.0,0.27,0.0,0.42,0.0,0.34,0.0,1.26
2025-04-26 09:00:00+00:00,0.73,0.47,0.14,0.18,3.28,1.02,0.0,0.27,0.0,0.31,0.0,0.37,0.0,1.28
2025-04-26 10:00:00+00:00,1.53,0.66,0.23,0.2,5.17,2.63,0.0,0.26,0.0,0.28,0.0,0.32,0.0,1.18
2025-04-26 11:00:00+00:00,1.9,0.82,0.27,0.19,6.22,3.02,0.0,0.26,0.0,0.21,0.0,0.45,0.0,1.16
2025-04-26 12:00:00+00:00,1.73,0.71,0.28,0.19,5.67,1.3,0.0,0.22,0.0,0.15,0.0,0.32,0.0,1.14
2025-04-26 13:00:00+00:00,2.18,0.72,0.53,0.23,6.67,1.39,0.0,0.22,0.0,0.19,0.0,0.32,0.0,1.05
2025-04-26 14:00:00+00:00,1.79,0.62,0.49,0.17,6.08,1.86,0.0,0.22,0.0,0.14,0.0,0.31,0.0,0.99
2025-04-26 15:00:00+00:00,1.62,0.81,0.61,0.2,5.93,1.43,0.0,0.22,0.0,0.19,0.0,0.3,0.0,0.6
2025-04-26 16:00:00+00:00,0.44,0.5,0.23,0.19,2.93,1.42,0.0,0.22,0.0,0.98,0.0,0.99,0.0,0.94
2025-04-26 17:00:00+00:00,0.11,0.73,0.06,0.27,0.79,1.8,0.0,0.22,0.0,0.56,0.0,0.78,0.0,1.16
2025-04-26 18:00:00+00:00,0.05,0.28,0.0,0.31,0.05,1.64,0.0,0.22,0.0,0.31,0.0,0.32,0.0,1.29
2025-04-26 19:00:00+00:00,0.0,0.32,0.0,0.3,0.0,2.89,0.0,0.22,0.0,0.31,0.0,0.31,0.0,1.27
2025-04-26 20:00:00+00:00,0.0,0.71,0.0,0.3,0.0,3.65,0.0,0.24,0.0,0.19,0.0,0.31,0.0,1.29
2025-04-26 21:00:00+00:00,0.0,0.33,0.0,0.28,0.0,1.16,0.0,0.26,0.0,0.25,0.0,0.31,0.0,1.26
2025-04-26 22:00:00+00:00,0.0,0.37,0.0,0.29,0.0,0.95,0.0,0.27,0.0,0.13,0.0,0.3,0.0,1.3
2025-04-26 23:00:00+00:00,0.0,0.23,0.0,0.18,0.0,0.97,0.0,0.27,0.0,0.16,0.0,0.32,0.0,1.25
2025-04-27 00:00:00+00:00,0.0,0.2,0.0,0.21,0.0,0.97,0.0,0.27,0.0,0.14,0.0,0.32,0.0,1.31
2025-04-27 01:00:00+00:00,0.0,0.17,0.0,0.19,0.0,0.98,0.0,0.27,0.0,0.14,0.0,0.32,0.0,1.27
2025-04-27 02:00:00+00:00,0.0,0.14,0.0,0.2,0.0,0.99,0.0,0.27,0.0,0.18,0.0,0.31,0.0,1.32
2025-04-27 03:00:00+00:00,0.0,0.17,0.0,0.2,0.0,1.01,0.0,0.27,0.0,0.17,0.0,0.31,0.0,1.28
2025-04-27 04:00:00+00:00,0.03,0.13,0.0,0.2,0.08,3.99,0.0,0.27,0.0,0.22,0.0,0.31,0.0,1.34
2025-04-27 05:00:00+00:00,0.03,0.11,0.0,0.2,0.5,1.94,0.0,0.27,0.0,0.17,0.0,0.3,0.0,1.35
2025-04-27 06:00:00+00:00,0.21,0.23,0.06,0.19,1.63,1.25,0.0,0.27,0.0,0.2,0.0,0.3,0.0,1.34
2025-04-27 07:00:00+00:00,0.61,0.46,0.11,0.2,2.94,1.31,0.0,0.26,0.0,0.19,0.0,0.31,0.0,1.27
2025-04-27 08:00:00+00:00,1.28,0.64,0.2,0.2,4.65,1.38,0.0,0.26,0.0,0.17,0.0,0.34,0.0,1.22
2025-04-27 09:00:00+00:00,2.23,0.83,0.35,0.19,7.08,1.38,0.0,0.23,0.0,0.67,0.0,0.32,0.0,1.16
2025-04-27 10:00:00+00:00,2.64,0.93,0.47,0.32,8.68,1.49,0.0,0.22,0.0,0.29,0.0,0.31,0.0,1.13
2025-04-27 11:00:00+00:00,1.76,1.78,0.42,0.33,7.53,1.38,0.0,0.22,0.0,0.28,0.0,0.82,0.0,1.11
2025-04-27 12:00:00+00:00,1.6,1.4,0.34,0.35,5.95,2.11,0.0,0.22,0.0,0.23,0.0,0.33,0.0,1.09
2025-04-27 13:00:00+00:00,3.09,1.7,0.84,0.36,9.11,4.12,0.0,0.22,0.0,0.15,0.0,0.31,0.0,0.97
2025-04-27 14:00:00+00:00,3.1,1.26,0.93,0.32,9.15,1.37,0.0,0.22,0.0,0.15,0.0,0.31,0.0,0.66
2025-04-27 15:00:00+00:00,1.72,0.96,0.64,0.36,6.42,1.49,0.0,0.22,0.0,0.52,0.0,0.37,0.0,0.63
2025-04-27 16:00:00+00:00,0.7,0.67,0.38,0.19,3.95,1.83,0.0,0.22,0.0,0.28,0.0,0.32,0.0,0.57
2025-04-27 17:00:00+00:00,0.09,0.3,0.08,0.2,0.79,1.51,0.0,0.23,0.0,0.25,0.0,0.32,0.0,1.1
2025-04-27 18:00:00+00:00,0.13,2.79,0.0,0.2,0.06,1.48,0.0,0.2,0.0,0.26,0.0,0.31,0.0,1.29
2025-04-27 19:00:00+00:00,0.0,0.81,0.0,0.19,0.0,1.47,0.0,0.15,0.0,0.17,0.0,0.32,0.0,1.32
2025-04-27 20:00:00+00:00,0.0,0.35,0.0,0.2,0.0,1.06,0.0,0.09,0.0,0.24,0.0,0.3,0.0,1.3
2025-04-27 21:00:00+00:00,0.0,0.3,0.0,0.2,0.0,1.79,0.0,0.09,0.0,0.2,0.0,0.3,0.0,1.31
2025-04-27 22:00:00+00:00,0.0,0.58,0.0,0.2,0.0,3.78,0.0,0.09,0.0,0.17,0.0,0.32,0.0,1.29
2025-04-27 23:00:00+00:00,0.0,0.2,0.0,0.2,0.0,1.01,0.0,0.1,0.0,0.14,0.0,0.33,0.0,1.3
2025-04-28 00:00:00+00:00,0.0,0.29,0.0,0.2,0.0,1.04,0.0,0.13,0.0,0.16,0.0,0.36,0.0,1.27
2025-04-28 01:00:00+00:00,0.0,0.19,0.0,0.21,0.0,1.08,0.0,0.14,0.0,0.14,0.0,0.36,0.0,1.29
2025-04-28 02:00:00+00:00,0.0,0.18,0.0,0.22,0.0,1.06,0.0,0.14,0.0,0.17,0.0,0.36,0.0,1.28
2025-04-28 03:00:00+00:00,0.0,0.16,0.0,0.3,0.0,1.08,0.0,0.14,0.0,0.13,0.0,0.35,0.0,1.31
2025-04-28 04:00:00+00:00,0.02,0.1,0.0,0.29,0.33,1.2,0.0,0.14,0.0,0.2,0.0,0.36,0.0,1.31
2025-04-28 05:00:00+00:00,0.14,0.2,0.04,0.98,2.16,1.55,0.0,0.17,0.0,0.15,0.0,0.31,0.0,1.43
2025-04-28 06:00:00+00:00,0.77,0.49,0.1,1.52,5.52,3.56,0.0,0.26,0.0,0.18,0.0,0.32,0.0,1.67
2025-04-28 07:00:00+00:00,1.77,0.79,0.11,1.55,7.66,3.26,0.0,0.21,0.0,0.15,0.0,0.31,0.0,1.8
2025-04-28 08:00:00+00:00,2.73,0.84,0.12,1.16,9.53,2.38,0.0,0.21,0.0,0.17,0.0,0.36,0.0,1.69
2025-04-28 09:00:00+00:00,3.49,0.92,0.36,1.17,10.99,2.03,0.0,0.18,0.0,0.21,0.0,1.03,0.0,1.59
2025-04-28 10:00:00+00:00,4.04,1.0,0.68,1.18,11.7,1.44,0.0,0.14,0.0,0.17,0.0,0.39,0.0,1.58
2025-04-28 11:00:00+00:00,4.04,0.98,0.86,0.4,11.15,1.62,0.0,0.21,0.0,0.18,0.0,0.39,0.0,1.48
2025-04-28 12:00:00+00:00,3.68,0.99,0.91,0.41,10.12,2.05,0.0,0.26,0.0,0.14,0.0,0.35,0.0,1.43
2025-04-28 13:00:00+00:00,3.3,0.96,0.9,0.4,9.45,1.61,0.0,0.31,0.0,0.18,0.0,0.34,0.0,1.06
2025-04-28 14:00:00+00:00,2.41,1.13,0.76,0.39,7.81,1.51,0.0,0.3,0.0,0.14,0.0,0.37,0.0,0.96
2025-04-28 15:00:00+00:00,1.78,0.99,0.66,0.41,6.72,1.38,0.0,0.22,0.0,0.18,0.0,0.35,0.0,1.05
2025-04-28 16:00:00+00:00,0.67,0.61,0.35,0.38,3.91,1.49,0.0,0.22,0.0,0.15,0.0,0.35,0.0,1.14
2025-04-28 17:00:00+00:00,0.12,0.26,0.11,0.27,1.1,4.63,0.0,0.22,0.0,0.24,0.0,1.18,0.0,1.08
2025-04-28 18:00:00+00:00,0.07,0.4,0.0,0.26,0.12,2.65,0.0,0.19,0.0,0.2,0.0,0.37,0.0,1.31
2025-04-28 19:00:00+00:00,0.0,0.36,0.0,0.24,0.0,1.61,0.0,0.13,0.0,0.37,0.0,0.38,0.0,1.34
2025-04-28 20:00:00+00:00,0.0,0.67,0.0,0.26,0.0,1.42,0.0,0.09,0.0,0.27,0.0,0.38,0.0,1.28
2025-04-28 21:00:00+00:00,0.0,0.25,0.0,0.23,0.0,1.43,0.0,0.09,0.0,0.21,0.0,0.37,0.0,1.32
2025-04-28 22:00:00+00:00,0.0,0.32,0.0,0.23,0.0,1.09,0.0,0.09,0.0,0.18,0.0,0.36,0.0,1.27
2025-04-28 23:00:00+00:00,0.0,0.18,0.0,0.23,0.0,1.1,0.0,0.11,0.0,0.13,0.0,0.36,0.0,1.31
2025-04-29 00:00:00+00:00,0.0,0.17,0.0,0.22,0.0,1.09,0.0,0.09,0.0,0.18,0.0,0.35,0.0,1.26
2025-04-29 01:00:00+00:00,0.0,0.25,0.0,0.24,0.0,1.14,0.0,0.09,0.0,0.15,0.0,0.35,0.0,1.27
2025-04-29 02:00:00+00:00,0.0,0.25,0.0,0.22,0.0,1.19,0.0,0.09,0.0,0.19,0.0,0.35,0.0,1.23
2025-04-29 03:00:00+00:00,0.0,0.38,0.0,0.23,0.0,1.24,0.0,0.09,0.0,0.16,0.0,0.34,0.0,1.25
2025-04-29 04:00:00+00:00,0.06,0.33,0.0,0.24,0.47,3.85,0.0,0.1,0.0,0.18,0.0,0.34,0.0,1.21
2025-04-29 05:00:00+00:00,0.08,0.19,0.05,0.24,2.7,2.8,0.0,0.1,0.0,0.19,0.0,0.38,0.0,1.71
2025-04-29 06:00:00+00:00,0.68,0.54,0.09,0.71,5.94,1.23,0.0,0.1,0.0,0.2,0.0,0.44,0.0,1.31
2025-04-29 07:00:00+00:00,1.74,0.92,0.09,0.77,7.83,1.36,0.0,0.1,0.0,0.23,0.0,0.36,0.0,2.27
2025-04-29 08:00:00+00:00,2.67,0.99,0.09,0.77,9.47,1.57,0.0,0.1,0.0,0.18,0.0,0.37,0.0,1.91
2025-04-29 09:00:00+00:00,3.41,1.1,0.33,0.85,10.71,1.59,0.0,0.12,0.0,0.2,0.0,0.23,0.0,1.34
2025-04-29 10:00:00+00:00,4.03,1.13,0.66,0.83,11.63,1.55,0.0,0.12,0.0,0.18,0.0,0.15,0.0,1.4
2025-04-29 11:00:00+00:00,4.22,1.15,0.88,0.87,11.55,1.51,0.0,0.13,0.0,0.18,0.0,0.37,0.0,1.47
2025-04-29 12:00:00+00:00,4.06,1.16,1.0,0.9,10.96,1.4,0.0,0.16,0.0,0.25,0.0,0.59,0.0,1.37
2025-04-29 13:00:00+00:00,3.52,1.11,0.98,0.88,10.01,3.18,0.0,0.17,0.0,0.18,0.0,0.42,0.0,1.14
2025-04-29 14:00:00+00:00,2.55,1.04,0.79,0.86,8.1,3.33,0.0,0.15,0.0,0.19,0.0,0.37,0.0,0.93
2025-04-29 15:00:00+00:00,1.47,0.86,0.65,0.87,6.45,1.64,0.0,0.15,0.0,0.18,0.0,0.36,0.0,0.65
2025-04-29 16:00:00+00:00,0.5,0.52,0.37,0.51,3.79,1.85,0.0,0.14,0.0,0.16,0.0,0.36,0.0,0.51
2025-04-29 17:00:00+00:00,0.1,0.45,0.09,0.28,0.75,1.73,0.0,0.17,0.0,0.23,0.0,0.37,0.0,0.97
2025-04-29 18:00:00+00:00,0.09,0.7,0.0,0.25,0.08,1.9,0.0,0.17,0.0,0.25,0.0,0.33,0.0,1.3
2025-04-29 19:00:00+00:00,0.0,0.61,0.0,0.24,0.0,1.86,0.0,0.2,0.0,0.28,0.0,0.28,0.0,1.23
2025-04-29 20:00:00+00:00,0.0,0.67,0.0,0.25,0.0,3.86,0.0,0.17,0.0,0.23,0.0,0.29,0.0,1.29
2025-04-29 21:00:00+00:00,0.0,0.72,0.0,0.22,0.0,4.02,0.0,0.17,0.0,0.16,0.0,0.84,0.0,1.22
2025-04-29 22:00:00+00:00,0.0,0.72,0.0,0.23,0.0,1.21,0.0,0.17,0.0,0.21,0.0,0.67,0.0,1.29
2025-04-29 23:00:00+00:00,0.0,0.3,0.0,0.23,0.0,0.96,0.0,0.16,0.0,0.17,0.0,0.37,0.0,1.23
2025-04-30 00:00:00+00:00,0.0,0.41,0.0,0.24,0.0,0.99,0.0,0.16,0.0,0.17,0.0,0.35,0.0,1.28
2025-04-30 01:00:00+00:00,0.0,0.25,0.0,0.24,0.0,1.02,0.0,0.16,0.0,0.19,0.0,0.34,0.0,1.22
2025-04-30 02:00:00+00:00,0.0,0.27,0.0,0.24,0.0,1.07,0.0,0.15,0.0,0.16,0.0,0.35,0.0,1.26
2025-04-30 03:00:00+00:00,0.0,0.36,0.0,0.24,0.0,1.1,0.0,0.13,0.0,0.2,0.0,0.35,0.0,1.21
2025-04-30 04:00:00+00:00,0.05,0.34,0.0,0.25,0.59,1.26,0.0,0.1,0.0,0.17,0.0,0.36,0.0,1.26
2025-04-30 05:00:00+00:00,0.1,0.22,0.05,0.25,2.92,1.36,0.0,0.1,0.0,0.18,0.0,0.36,0.0,1.57
2025-04-30 06:00:00+00:00,0.74,0.59,0.09,0.33,6.15,1.39,0.0,0.11,0.0,0.29,0.0,0.41,0.0,1.73
2025-04-30 07:00:00+00:00,1.83,0.93,0.08,0.34,7.98,1.37,0.0,0.11,0.0,0.17,0.0,0.4,0.0,1.48
2025-04-30 08:00:00+00:00,2.71,1.0,0.08,0.39,9.53,3.57,0.0,0.2,0.0,0.2,0.0,0.39,0.0,1.46
2025-04-30 09:00:00+00:00,3.39,1.09,0.32,0.5,10.67,3.26,0.0,0.2,0.0,0.18,0.0,0.39,0.0,1.5
2025-04-30 10:00:00+00:00,3.96,1.13,0.66,0.55,11.51,1.57,0.0,0.14,0.0,0.18,0.0,0.39,0.0,1.97
2025-04-30 11:00:00+00:00,4.19,1.17,0.88,0.54,11.48,1.43,0.0,0.16,0.0,0.19,0.0,0.42,0.0,1.31
2025-04-30 12:00:00+00:00,3.97,1.17,0.99,0.55,10.81,1.47,0.0,0.2,0.0,0.16,0.0,0.38,0.0,1.35
2025-04-30 13:00:00+00:00,3.49,1.11,0.97,0.58,9.98,1.6,0.0,0.16,0.0,0.19,0.0,0.43,0.0,1.1
2025-04-30 14:00:00+00:00,2.74,1.15,0.86,0.54,8.57,1.68,0.0,0.22,0.0,0.19,0.0,0.25,0.0,0.7
2025-04-30 15:00:00+00:00,1.56,0.91,0.66,0.48,6.4,1.57,0.0,0.17,0.0,0.33,0.0,0.24,0.0,0.5
2025-04-30 16:00:00+00:00,0.51,0.52,0.38,0.41,3.89,1.98,0.0,0.19,0.0,0.22,0.0,0.25,0.0,0.41
2025-04-30 17:00:00+00:00,0.09,0.83,0.09,0.34,0.74,1.54,0.0,0.16,0.0,0.17,0.0,0.19,0.0,0.94
2025-04-30 18:00:00+00:00,0.11,1.4,0.0,0.29,0.08,1.46,0.0,0.16,0.0,0.3,0.0,0.38,0.0,1.26
2025-04-30 19:00:00+00:00,0.0,0.48,0.0,0.27,0.0,2.47,0.0,0.16,0.0,0.22,0.0,0.4,0.0,1.29
2025-04-30 20:00:00+00:00,0.0,0.68,0.0,0.28,0.0,4.54,0.0,0.17,0.0,0.2,0.0,0.19,0.0,1.25
2025-04-30 21:00:00+00:00,0.0,0.39,0.0,0.26,0.0,2.25,0.0,0.23,0.0,0.18,0.0,0.13,0.0,1.29
2025-04-30 22:00:00+00:00,0.0,0.72,0.0,0.26,0.0,1.22,0.0,0.16,0.0,0.17,0.0,0.13,0.0,1.25
2025-04-30 23:00:00+00:00,0.0,0.51,0.0,0.26,0.0,1.16,0.0,0.16,0.0,0.2,0.0,0.35,0.0,1.27
2025-05-01 00:00:00+00:00,0.0,0.42,0.0,0.25,0.0,1.17,0.0,0.16,0.0,0.16,0.0,0.34,0.0,1.24
2025-05-01 01:00:00+00:00,0.0,0.25,0.0,0.25,0.0,1.16,0.0,0.15,0.0,0.2,0.0,0.35,0.0,1.27
2025-05-01 02:00:00+00:00,0.0,0.25,0.0,0.25,0.0,1.15,0.0,0.17,0.0,0.17,0.0,0.36,0.0,1.23
2025-05-01 03:00:00+00:00,0.0,0.37,0.0,0.25,0.0,1.13,0.0,0.17,0.0,0.16,0.0,0.36,0.0,1.25
2025-05-01 04:00:00+00:00,0.06,0.29,0.0,0.27,0.63,1.24,0.0,0.12,0.0,0.19,0.0,0.39,0.0,1.22
2025-05-01 05:00:00+00:00,0.08,0.16,0.05,0.28,3.01,1.34,0.0,0.11,0.0,0.16,0.0,0.36,0.0,1.23
2025-05-01 06:00:00+00:00,0.72,0.59,0.09,0.33,6.13,1.38,0.0,0.16,0.0,0.21,0.0,0.5,0.0,1.18
2025-05-01 07:00:00+00:00,1.74,1.01,0.08,0.35,7.93,1.38,0.0,0.16,0.0,0.16,0.0,0.65,0.0,1.19
2025-05-01 08:00:00+00:00,2.64,1.17,0.08,0.36,9.46,4.29,0.0,0.12,0.0,0.22,0.0,0.81,0.0,1.13
2025-05-01 09:00:00+00:00,3.34,1.11,0.31,0.41,10.58,2.39,0.0,0.13,0.0,0.86,0.0,0.8,0.0,1.15
2025-05-01 10:00:00+00:00,3.92,1.13,0.65,0.43,11.34,1.42,0.0,0.16,0.0,0.22,0.0,0.37,0.0,1.12
2025-05-01 11:00:00+00:00,4.14,1.63,0.86,0.41,11.27,1.47,0.0,0.13,0.0,0.19,0.0,0.36,0.0,1.14
2025-05-01 12:00:00+00:00,3.98,1.18,0.98,0.42,10.73,1.41,0.0,0.17,0.0,0.16,0.0,0.36,0.0,1.1
2025-05-01 13:00:00+00:00,3.51,1.14,0.97,0.42,9.95,1.29,0.0,0.18,0.0,0.16,0.0,0.36,0.0,0.93
2025-05-01 14:00:00+00:00,2.66,1.16,0.84,0.42,8.44,1.19,0.0,0.12,0.0,0.18,0.0,0.35,0.0,0.64
2025-05-01 15:00:00+00:00,1.48,0.88,0.64,0.42,6.32,1.0,0.0,0.14,0.0,0.14,0.0,0.35,0.0,0.47
2025-05-01 16:00:00+00:00,0.48,0.49,0.36,0.41,3.82,1.27,0.0,0.16,0.0,0.3,0.0,0.36,0.0,0.42
2025-05-01 17:00:00+00:00,0.1,1.32,0.08,0.37,0.72,1.12,0.0,0.18,0.0,0.66,0.0,0.36,0.0,0.91
2025-05-01 18:00:00+00:00,0.13,2.43,0.0,0.92,0.08,1.41,0.0,0.17,0.0,0.19,0.0,1.08,0.0,1.27
2025-05-01 19:00:00+00:00,0.0,0.69,0.0,1.52,0.0,3.32,0.0,0.17,0.0,0.24,0.0,0.57,0.0,1.26
2025-05-01 20:00:00+00:00,0.0,0.62,0.0,1.5,0.0,3.47,0.0,0.16,0.0,0.17,0.0,0.43,0.0,1.29
2025-05-01 21:00:00+00:00,0.0,0.32,0.0,0.69,0.0,1.28,0.0,0.16,0.0,0.2,0.0,0.13,0.0,1.25
2025-05-01 22:00:00+00:00,0.0,0.31,0.0,0.24,0.0,1.26,0.0,0.16,0.0,0.16,0.0,0.18,0.0,1.28
2025-05-01 23:00:00+00:00,0.0,0.41,0.0,0.24,0.0,1.19,0.0,0.16,0.0,0.17,0.0,0.36,0.0,1.25
2025-05-02 00:00:00+00:00,0.0,0.26,0.0,0.24,0.0,1.17,0.0,0.16,0.0,0.18,0.0,0.36,0.0,1.28
2025-05-02 01:00:00+00:00,0.0,0.48,0.0,0.24,0.0,1.22,0.0,0.15,0.0,0.15,0.0,0.36,0.0,1.23
2025-05-02 02:00:00+00:00,0.0,0.5,0.0,0.24,0.0,1.24,0.0,0.15,0.0,0.2,0.0,0.36,0.0,1.27
2025-05-02 03:00:00+00:00,0.0,0.59,0.0,0.23,0.0,1.24,0.0,0.13,0.0,0.16,0.0,0.36,0.0,1.22
2025-05-02 04:00:00+00:00,0.06,0.31,0.0,0.26,0.64,1.39,0.0,0.1,0.0,0.18,0.0,0.36,0.0,1.26
2025-05-02 05:00:00+00:00,0.09,0.2,0.06,0.26,3.05,1.39,0.0,0.11,0.0,0.21,0.0,0.44,0.0,1.21
2025-05-02 06:00:00+00:00,0.73,0.58,0.09,0.32,6.06,3.6,0.0,0.12,0.0,0.17,0.0,0.48,0.0,1.35
2025-05-02 07:00:00+00:00,1.69,0.96,0.08,0.32,7.98,2.95,0.0,0.12,0.0,0.19,0.0,0.36,0.0,1.26
2025-05-02 08:00:00+00:00,2.57,1.31,0.08,0.34,9.37,1.45,0.0,0.13,0.0,0.15,0.0,0.35,0.0,1.27
2025-05-02 09:00:00+00:00,3.27,1.5,0.3,0.39,10.44,1.53,0.0,0.15,0.0,0.19,0.0,0.36,0.0,1.26
2025-05-02 10:00:00+00:00,3.5,1.55,0.63,0.4,11.18,1.5,0.0,0.17,0.0,0.17,0.0,0.35,0.0,1.23
2025-05-02 11:00:00+00:00,3.93,1.47,0.84,0.4,10.92,1.57,0.0,0.17,0.0,0.16,0.0,0.37,0.0,1.12
2025-05-02 12:00:00+00:00,3.78,1.44,0.94,0.4,10.39,1.4,0.0,0.16,0.0,0.2,0.0,0.38,0.0,1.12
2025-05-02 13:00:00+00:00,3.3,1.33,0.92,0.28,9.61,1.35,0.0,0.16,0.0,0.16,0.0,0.44,0.0,0.88
2025-05-02 14:00:00+00:00,2.47,1.16,0.79,0.24,8.11,1.16,0.0,0.16,0.0,0.66,0.0,0.38,0.0,0.7
2025-05-02 15:00:00+00:00,1.37,0.83,0.58,0.24,5.98,1.39,0.0,0.16,0.0,0.37,0.0,0.36,0.0,0.55
2025-05-02 16:00:00+00:00,0.4,0.45,0.27,0.24,3.19,1.81,0.0,0.18,0.0,0.15,0.0,0.41,0.0,0.82
2025-05-02 17:00:00+00:00,0.06,0.26,0.04,0.25,0.93,1.41,0.0,0.18,0.0,0.2,0.0,0.39,0.0,1.2
2025-05-02 18:00:00+00:00,0.08,0.43,0.0,0.26,0.05,5.01,0.0,0.16,0.0,0.17,0.0,0.4,0.0,1.32
2025-05-02 19:00:00+00:00,0.0,1.13,0.0,0.25,0.0,2.45,0.0,0.16,0.0,0.16,0.0,0.4,0.0,1.32
2025-05-02 20:00:00+00:00,0.0,0.41,0.0,0.24,0.0,1.43,0.0,0.16,0.0,0.22,0.0,0.4,0.0,1.32
2025-05-02 21:00:00+00:00,0.0,0.6,0.0,0.24,0.0,1.28,0.0,0.16,0.0,0.2,0.0,0.4,0.0,1.32
2025-05-02 22:00:00+00:00,0.0,0.34,0.0,0.23,0.0,1.28,0.0,0.16,0.0,0.19,0.0,0.4,0.0,1.31
2025-05-02 23:00:00+00:00,0.0,0.33,0.0,0.23,0.0,1.27,0.0,0.16,0.0,0.18,0.0,0.36,0.0,1.32
2025-05-03 00:00:00+00:00,0.0,0.42,0.0,0.23,0.0,1.27,0.0,0.16,0.0,0.15,0.0,0.34,0.0,1.3
2025-05-03 01:00:00+00:00,0.0,0.26,0.0,0.23,0.0,1.29,0.0,0.16,0.0,0.2,0.0,0.35,0.0,1.35
2025-05-03 02:00:00+00:00,0.0,0.28,0.0,0.23,0.0,1.28,0.0,0.16,0.0,0.16,0.0,0.37,0.0,1.29
2025-05-03 03:00:00+00:00,0.0,0.39,0.0,0.23,0.0,1.28,0.0,0.16,0.0,0.18,0.0,0.36,0.0,1.33
2025-05-03 04:00:00+00:00,0.03,0.39,0.0,0.25,0.0,1.34,0.0,0.15,0.0,0.19,0.0,0.36,0.0,1.25
2025-05-03 05:00:00+00:00,0.06,0.3,0.0,0.26,0.16,3.88,0.0,0.15,0.0,0.16,0.0,0.52,0.0,1.35
2025-05-03 06:00:00+00:00,0.06,0.29,0.0,0.26,0.34,2.85,0.0,0.15,0.0,0.21,0.0,0.2,0.0,1.29
2025-05-03 07:00:00+00:00,0.57,0.43,0.1,0.25,3.07,1.4,0.0,0.15,0.0,0.18,0.0,0.34,0.0,1.27
2025-05-03 08:00:00+00:00,0.61,0.44,0.12,0.25,3.21,1.38,0.0,0.15,0.0,0.21,0.0,0.64,0.0,1.19
2025-05-03 09:00:00+00:00,1.7,0.68,0.25,0.25,5.78,1.36,0.0,0.15,0.0,0.19,0.0,0.48,0.0,1.2
2025-05-03 10:00:00+00:00,2.81,0.98,0.5,0.38,8.75,1.37,0.0,0.15,0.0,0.16,0.0,0.46,0.0,1.13
2025-05-03 11:00:00+00:00,2.52,0.92,0.52,0.42,8.02,1.36,0.0,0.16,0.0,0.2,0.0,0.47,0.0,1.18
2025-05-03 12:00:00+00:00,3.65,1.16,0.88,0.4,10.48,1.4,0.0,0.16,0.0,0.15,0.0,0.55,0.0,1.11
2025-05-03 13:00:00+00:00,2.67,1.06,0.72,0.33,8.26,1.43,0.0,0.16,0.0,0.18,0.0,0.43,0.0,1.09
2025-05-03 14:00:00+00:00,1.47,0.94,0.42,0.24,5.3,1.44,0.0,0.16,0.0,1.03,0.0,0.47,0.0,0.96
2025-05-03 15:00:00+00:00,1.07,0.69,0.38,0.25,4.57,1.44,0.0,0.16,0.0,1.64,0.0,0.44,0.0,0.92
2025-05-03 16:00:00+00:00,0.23,0.46,0.17,0.25,2.45,2.13,0.0,0.16,0.0,0.29,0.0,0.35,0.0,1.02
2025-05-03 17:00:00+00:00,0.21,2.76,0.08,0.25,0.92,4.39,0.0,0.16,0.0,0.35,0.0,0.37,0.0,0.97
2025-05-03 18:00:00+00:00,0.11,0.78,0.0,0.26,0.17,1.43,0.0,0.16,0.0,0.35,0.0,0.36,0.0,1.32
2025-05-03 19:00:00+00:00,0.0,1.13,0.0,0.25,0.0,1.35,0.0,0.16,0.0,0.25,0.0,0.36,0.0,1.34
2025-05-03 20:00:00+00:00,0.0,0.44,0.0,0.25,0.0,1.33,0.0,0.16,0.0,0.22,0.0,0.36,0.0,1.35
2025-05-03 21:00:00+00:00,0.0,0.31,0.0,0.22,0.0,1.31,0.0,0.16,0.0,0.2,0.0,0.44,0.0,1.29
2025-05-03 22:00:00+00:00,0.0,0.39,0.0,0.25,0.0,1.27,0.0,0.18,0.0,0.19,0.0,0.11,0.0,1.31
2025-05-03 23:00:00+00:00,0.0,0.28,0.0,0.23,0.0,1.27,0.0,0.18,0.0,0.16,0.0,0.19,0.0,1.28
2025-05-04 00:00:00+00:00,0.0,0.26,0.0,0.23,0.0,1.29,0.0,0.15,0.0,0.2,0.0,0.37,0.0,1.32
2025-05-04 01:00:00+00:00,0.0,0.27,0.0,0.23,0.0,1.29,0.0,0.15,0.0,0.16,0.0,0.36,0.0,1.28
2025-05-04 02:00:00+00:00,0.0,0.28,0.0,0.25,0.0,1.27,0.0,0.15,0.0,0.2,0.0,0.36,0.0,1.32
2025-05-04 03:00:00+00:00,0.0,0.38,0.0,0.33,0.0,1.23,0.0,0.15,0.0,0.17,0.0,0.36,0.0,1.27
2025-05-04 04:00:00+00:00,0.05,0.34,0.0,0.34,0.04,3.52,0.0,0.15,0.0,0.17,0.0,0.36,0.0,1.32
2025-05-04 05:00:00+00:00,0.1,0.2,0.04,0.34,1.69,3.37,0.0,0.15,0.0,0.21,0.0,0.36,0.0,1.25
2025-05-04 06:00:00+00:00,0.48,0.43,0.08,0.35,3.36,1.35,0.0,0.15,0.0,0.14,0.0,0.43,0.0,1.26
2025-05-04 07:00:00+00:00,0.67,0.49,0.11,0.36,3.64,1.46,0.0,0.15,0.0,0.18,0.0,0.39,0.0,1.19
2025-05-04 08:00:00+00:00,2.39,0.92,0.2,0.38,8.55,1.54,0.0,0.16,0.0,0.18,0.0,0.41,0.0,1.17
2025-05-04 09:00:00+00:00,1.07,0.59,0.19,0.37,4.44,1.47,0.0,0.16,0.0,0.25,0.0,0.4,0.0,1.12
2025-05-04 10:00:00+00:00,0.38,0.33,0.06,0.26,2.2,1.35,0.0,0.16,0.0,0.79,0.0,0.4,0.0,1.23
2025-05-04 11:00:00+00:00,0.98,0.54,0.13,0.25,3.83,1.31,0.0,0.16,0.0,0.82,0.0,0.4,0.0,1.15
2025-05-04 12:00:00+00:00,0.32,0.39,0.05,0.25,1.82,1.3,0.0,0.16,0.0,0.29,0.0,0.4,0.0,1.26
2025-05-04 13:00:00+00:00,0.07,0.24,0.02,0.24,1.11,1.04,0.0,0.09,0.0,0.3,0.0,0.38,0.0,1.25
2025-05-04 14:00:00+00:00,0.11,0.62,0.0,0.23,0.54,1.09,0.0,0.09,0.0,0.35,0.0,0.7,0.0,1.29
2025-05-04 15:00:00+00:00,0.09,0.6,0.01,0.24,0.58,1.14,0.0,0.09,0.0,0.57,0.0,1.45,0.0,1.26
2025-05-04 16:00:00+00:00,0.11,1.15,0.0,0.24,0.28,3.83,0.0,0.09,0.0,1.49,0.0,0.63,0.0,1.28
2025-05-04 17:00:00+00:00,0.1,0.77,0.0,0.24,0.07,2.54,0.0,0.09,0.0,0.34,0.0,0.56,0.0,1.3
2025-05-04 18:00:00+00:00,0.08,0.47,0.0,0.21,0.0,1.06,0.0,0.09,0.0,0.31,0.0,0.4,0.0,1.31
2025-05-04 19:00:00+00:00,0.0,0.66,0.0,0.21,0.0,1.03,0.0,0.09,0.0,0.27,0.0,0.47,0.0,1.3
2025-05-04 20:00:00+00:00,0.0,0.23,0.0,0.21,0.0,0.99,0.0,0.09,0.0,0.26,0.0,0.29,0.0,1.31
2025-05-04 21:00:00+00:00,0.0,0.21,0.0,0.2,0.0,1.02,0.0,0.12,0.0,0.15,0.0,0.34,0.0,1.3
2025-05-04 22:00:00+00:00,0.0,0.35,0.0,0.21,0.0,0.98,0.0,0.14,0.0,0.18,0.0,0.32,0.0,1.3
2025-05-04 23:00:00+00:00,0.0,0.19,0.0,0.2,0.0,0.97,0.0,0.14,0.0,0.14,0.0,0.36,0.0,1.3
2025-05-05 00:00:00+00:00,0.0,0.18,0.0,0.2,0.0,0.97,0.0,0.14,0.0,0.17,0.0,0.36,0.0,1.29
2025-05-05 01:00:00+00:00,0.0,0.17,0.0,0.2,0.0,0.97,0.0,0.14,0.0,0.18,0.0,0.41,0.0,1.34
2025-05-05 02:00:00+00:00,0.0,0.18,0.0,0.2,0.0,1.0,0.0,0.14,0.0,0.16,0.0,0.49,0.0,1.36
2025-05-05 03:00:00+00:00,0.0,0.28,0.0,0.2,0.0,3.09,0.0,0.14,0.0,0.16,0.0,0.46,0.0,1.35
2025-05-05 04:00:00+00:00,0.02,0.28,0.0,0.21,0.0,2.9,0.0,0.14,0.0,0.21,0.0,0.38,0.0,1.36
2025-05-05 05:00:00+00:00,0.05,0.23,0.0,0.93,0.11,1.09,0.0,0.29,0.0,0.17,0.0,0.39,0.0,1.61
2025-05-05 06:00:00+00:00,0.04,0.16,0.0,1.35,0.54,1.65,0.0,0.35,0.0,0.19,0.0,0.59,0.0,1.74
2025-05-05 07:00:00+00:00,0.11,0.51,0.02,1.26,0.89,1.33,0.0,0.29,0.0,0.19,0.0,0.38,0.0,1.66
2025-05-05 08:00:00+00:00,0.07,0.19,0.03,1.27,1.24,1.69,0.0,0.34,0.0,0.2,0.0,0.36,0.0,1.77
2025-05-05 09:00:00+00:00,0.41,0.47,0.09,1.26,2.54,3.56,0.0,0.38,0.0,0.18,0.0,0.35,0.0,1.68
2025-05-05 10:00:00+00:00,0.55,0.41,0.09,1.26,2.82,2.77,0.0,0.26,0.0,0.21,0.0,0.29,0.0,1.41
2025-05-05 11:00:00+00:00,0.24,0.24,0.05,1.32,1.9,1.6,0.0,0.3,0.0,0.17,0.0,0.11,0.0,1.66
2025-05-05 12:00:00+00:00,0.46,0.37,0.08,1.36,2.54,1.5,0.0,0.3,0.0,0.22,0.0,0.27,0.0,1.66
2025-05-05 13:00:00+00:00,0.6,0.43,0.1,1.38,2.93,1.76,0.0,0.26,0.0,0.18,0.0,0.3,0.0,1.6
2025-05-05 14:00:00+00:00,0.35,0.36,0.09,1.31,2.71,1.89,0.0,0.33,0.0,0.18,0.0,0.32,0.0,1.5
2025-05-05 15:00:00+00:00,0.28,1.31,0.06,1.27,2.08,1.79,0.0,0.24,0.0,0.22,0.0,0.31,0.0,1.46
2025-05-05 16:00:00+00:00,0.22,0.52,0.06,0.85,1.88,1.85,0.0,0.09,0.0,0.17,0.0,0.88,0.0,1.35
2025-05-05 17:00:00+00:00,0.07,0.27,0.01,0.21,0.68,1.44,0.0,0.09,0.0,0.87,0.0,0.52,0.0,1.39
2025-05-05 18:00:00+00:00,0.07,0.28,0.0,0.21,0.01,1.6,0.0,0.09,0.0,0.35,0.0,0.58,0.0,1.38
2025-05-05 19:00:00+00:00,0.0,0.29,0.0,0.2,0.0,1.44,0.0,0.12,0.0,0.4,0.0,0.35,0.0,1.4
2025-05-05 20:00:00+00:00,0.0,0.18,0.0,0.21,0.0,1.24,0.0,0.1,0.0,0.35,0.0,0.33,0.0,1.4
2025-05-05 21:00:00+00:00,0.0,0.18,0.0,0.22,0.0,0.95,0.0,0.1,0.0,0.28,0.0,0.34,0.0,1.41
2025-05-05 22:00:00+00:00,0.0,0.18,0.0,0.23,0.0,3.02,0.0,0.1,0.0,0.28,0.0,0.34,0.0,1.4
2025-05-05 23:00:00+00:00,0.0,0.18,0.0,0.27,0.0,2.97,0.0,0.1,0.0,0.31,0.0,0.33,0.0,1.42
2025-05-06 00:00:00+00:00,0.0,0.17,0.0,0.32,0.0,0.93,0.0,0.1,0.0,0.21,0.0,0.33,0.0,1.41
2025-05-06 01:00:00+00:00,0.0,0.2,0.0,0.32,0.0,0.92,0.0,0.1,0.0,0.21,0.0,0.33,0.0,1.42
2025-05-06 02:00:00+00:00,0.0,0.15,0.0,0.32,0.0,0.92,0.0,0.12,0.0,0.18,0.0,0.33,0.0,1.41
2025-05-06 03:00:00+00:00,0.0,0.31,0.0,0.32,0.0,0.93,0.0,0.1,0.0,0.22,0.0,0.31,0.0,1.41
2025-05-06 04:00:00+00:00,0.04,0.28,0.0,0.34,0.0,1.1,0.0,0.1,0.0,0.23,0.0,0.3,0.0,1.49
2025-05-06 05:00:00+00:00,0.05,0.18,0.0,0.91,0.31,1.07,0.0,0.12,0.0,0.21,0.0,0.32,0.0,1.5
2025-05-06 06:00:00+00:00,0.11,0.18,0.03,1.57,1.19,1.13,0.0,0.26,0.0,0.21,0.0,0.32,0.0,1.79
2025-05-06 07:00:00+00:00,0.6,0.5,0.1,1.62,3.19,1.07,0.0,0.26,0.0,0.2,0.0,0.1,0.0,1.56
2025-05-06 08:00:00+00:00,0.39,0.34,0.07,1.7,2.39,3.91,0.0,0.28,0.0,0.23,0.0,0.08,0.0,1.81
2025-05-06 09:00:00+00:00,0.66,0.46,0.1,1.7,3.05,3.09,0.0,0.32,0.0,0.23,0.0,0.3,0.0,1.62
2025-05-06 10:00:00+00:00,0.77,0.51,0.14,0.53,3.48,1.32,0.0,0.4,0.0,0.18,0.0,0.27,0.0,1.6
2025-05-06 11:00:00+00:00,1.17,0.64,0.15,0.55,4.32,1.21,0.0,0.28,0.0,0.22,0.0,0.14,0.0,1.3
2025-05-06 12:00:00+00:00,1.48,0.71,0.16,0.8,5.1,1.3,0.0,0.22,0.0,0.2,0.0,0.19,0.0,1.37
2025-05-06 13:00:00+00:00,1.11,0.72,0.16,0.84,4.25,1.43,0.0,0.24,0.0,0.19,0.0,0.31,0.0,1.25
2025-05-06 14:00:00+00:00,0.35,0.53,0.07,0.7,2.19,2.27,0.0,0.24,0.0,0.21,0.0,0.32,0.0,1.36
2025-05-06 15:00:00+00:00,0.13,0.45,0.02,0.78,1.09,4.42,0.0,0.17,0.0,1.08,0.0,0.32,0.0,1.4
2025-05-06 16:00:00+00:00,0.09,0.43,0.0,0.66,0.46,4.1,0.0,0.06,0.0,0.25,0.0,0.42,0.0,1.4
2025-05-06 17:00:00+00:00,0.07,0.33,0.0,0.59,0.08,1.59,0.0,0.11,0.0,0.99,0.0,0.82,0.0,1.41
2025-05-06 18:00:00+00:00,0.09,0.37,0.0,0.27,0.0,1.56,0.0,0.11,0.0,0.41,0.0,1.0,0.0,1.39
2025-05-06 19:00:00+00:00,0.0,0.34,0.0,0.22,0.0,1.74,0.0,0.11,0.0,0.24,0.0,0.29,0.0,1.41
2025-05-06 20:00:00+00:00,0.0,0.25,0.0,0.2,0.0,1.27,0.0,0.11,0.0,0.19,0.0,0.18,0.0,1.39
2025-05-06 21:00:00+00:00,0.0,0.25,0.0,0.19,0.0,0.97,0.0,0.11,0.0,0.17,0.0,0.2,0.0,1.42
2025-05-06 22:00:00+00:00,0.0,0.24,0.0,0.18,0.0,0.94,0.0,0.06,0.0,0.25,0.0,0.3,0.0,1.37
2025-05-06 23:00:00+00:00,0.0,0.25,0.0,0.2,0.0,0.94,0.0,0.05,0.0,0.14,0.0,0.34,0.0,1.44
2025-05-07 00:00:00+00:00,0.0,0.24,0.0,0.19,0.0,0.94,0.0,0.05,0.0,0.17,0.0,0.33,0.0,1.37
2025-05-07 01:00:00+00:00,0.0,0.23,0.0,0.19,0.0,1.0,0.0,0.05,0.0,0.14,0.0,0.33,0.0,1.44
2025-05-07 02:00:00+00:00,0.0,0.25,0.0,0.19,0.0,1.0,0.0,0.05,0.0,0.17,0.0,0.32,0.0,1.37
2025-05-07 03:00:00+00:00,0.0,0.36,0.0,0.19,0.0,4.25,0.0,0.05,0.0,0.14,0.0,0.33,0.0,1.43
2025-05-07 04:00:00+00:00,0.06,0.25,0.0,0.2,0.48,1.76,0.0,0.06,0.0,0.19,0.0,0.33,0.0,1.38
2025-05-07 05:00:00+00:00,0.06,0.12,0.03,0.2,1.27,1.1,0.0,0.06,0.0,0.14,0.0,0.31,0.0,1.78
2025-05-07 06:00:00+00:00,0.22,0.27,0.08,0.3,2.23,1.07,0.0,0.15,0.0,0.17,0.0,0.08,0.0,1.81
2025-05-07 07:00:00+00:00,1.15,1.47,0.18,0.82,4.85,1.06,0.0,0.12,0.0,0.12,0.0,0.14,0.0,1.78
2025-05-07 08:00:00+00:00,1.8,1.07,0.23,0.85,6.44,1.08,0.0,0.08,0.0,0.17,0.0,0.32,0.0,1.62
2025-05-07 09:00:00+00:00,1.33,1.29,0.2,0.82,4.95,1.03,0.0,0.14,0.0,0.13,0.0,0.31,0.0,1.45
2025-05-07 10:00:00+00:00,0.47,0.89,0.1,0.63,2.75,1.03,0.0,0.1,0.0,0.16,0.0,0.5,0.0,1.38
2025-05-07 11:00:00+00:00,0.46,0.43,0.1,0.78,2.83,1.22,0.0,0.08,0.0,0.14,0.0,0.16,0.0,1.35
2025-05-07 12:00:00+00:00,0.29,0.27,0.07,0.74,2.29,2.41,0.0,0.09,0.0,0.14,0.0,0.2,0.0,1.49
2025-05-07 13:00:00+00:00,0.2,0.22,0.06,0.69,1.96,4.11,0.0,0.12,0.0,0.15,0.0,0.31,0.0,1.48
2025-05-07 14:00:00+00:00,0.13,0.22,0.05,0.59,1.88,1.73,0.0,0.13,0.0,0.8,0.0,0.31,0.0,1.41
2025-05-07 15:00:00+00:00,0.03,0.08,0.02,0.59,1.04,1.84,0.0,0.06,0.0,0.27,0.0,0.33,0.0,1.36
2025-05-07 16:00:00+00:00,0.03,0.08,0.02,0.55,1.01,1.79,0.0,0.11,0.0,0.21,0.0,0.14,0.0,1.35
2025-05-07 17:00:00+00:00,0.06,0.25,0.0,0.63,0.24,1.69,0.0,0.15,0.0,0.42,0.0,0.18,0.0,1.36
2025-05-07 18:00:00+00:00,0.07,0.31,0.0,0.24,0.0,1.62,0.0,0.1,0.0,0.23,0.0,0.55,0.0,1.34
2025-05-07 19:00:00+00:00,0.0,0.3,0.0,0.22,0.0,1.53,0.0,0.1,0.0,0.25,0.0,0.19,0.0,1.31
2025-05-07 20:00:00+00:00,0.0,0.18,0.0,0.88,0.0,1.24,0.0,0.1,0.0,0.23,0.0,0.19,0.0,1.35
2025-05-07 21:00:00+00:00,0.0,0.2,0.0,0.2,0.0,3.4,0.0,0.1,0.0,0.21,0.0,0.26,0.0,1.3
2025-05-07 22:00:00+00:00,0.0,0.18,0.0,0.2,0.0,2.0,0.0,0.1,0.0,0.17,0.0,0.35,0.0,1.36
2025-05-07 23:00:00+00:00,0.0,0.18,0.0,0.21,0.0,0.96,0.0,0.1,0.0,0.16,0.0,0.34,0.0,1.3
2025-05-08 00:00:00+00:00,0.0,0.21,0.0,0.25,0.0,1.0,0.0,0.1,0.0,0.19,0.0,0.32,0.0,1.37
2025-05-08 01:00:00+00:00,0.0,0.18,0.0,0.24,0.0,0.99,0.0,0.1,0.0,0.13,0.0,0.33,0.0,1.31
2025-05-08 02:00:00+00:00,0.0,0.2,0.0,0.24,0.0,1.0,0.0,0.1,0.0,0.17,0.0,0.34,0.0,1.36
2025-05-08 03:00:00+00:00,0.0,0.32,0.0,0.23,0.0,1.03,0.0,0.1,0.0,0.14,0.0,0.34,0.0,1.32
2025-05-08 04:00:00+00:00,0.05,0.28,0.0,0.25,0.04,1.19,0.0,0.1,0.0,0.14,0.0,0.32,0.0,1.34
2025-05-08 05:00:00+00:00,0.05,0.2,0.0,0.25,0.31,2.36,0.0,0.1,0.0,0.18,0.0,0.32,0.0,1.37
2025-05-08 06:00:00+00:00,0.07,0.14,0.03,1.0,1.12,3.44,0.0,0.09,0.0,0.13,0.0,0.33,0.0,1.64
2025-05-08 07:00:00+00:00,0.48,0.44,0.11,1.21,2.85,1.13,0.0,0.12,0.0,0.17,0.0,0.23,0.0,1.82
2025-05-08 08:00:00+00:00,1.31,0.68,0.21,1.18,4.82,1.22,0.0,0.09,0.0,0.13,0.0,0.28,0.0,1.83
2025-05-08 09:00:00+00:00,2.38,1.05,0.36,1.24,7.36,1.29,0.0,0.07,0.0,0.17,0.0,0.31,0.0,1.67
2025-05-08 10:00:00+00:00,4.08,1.23,0.62,0.67,11.51,1.32,0.0,0.05,0.0,0.14,0.0,0.37,0.0,1.16
2025-05-08 11:00:00+00:00,4.3,1.51,0.79,0.52,11.76,1.35,0.0,0.06,0.0,0.14,0.0,0.15,0.0,1.07
2025-05-08 12:00:00+00:00,3.39,0.99,0.67,0.59,9.71,1.21,0.0,0.06,0.0,0.15,0.0,0.24,0.0,1.4
2025-05-08 13:00:00+00:00,3.3,0.98,0.72,0.65,9.52,1.39,0.0,0.07,0.0,0.13,0.0,0.32,0.0,1.17
2025-05-08 14:00:00+00:00,1.61,0.92,0.36,0.6,5.61,2.45,0.0,0.1,0.0,0.17,0.0,0.38,0.0,1.01
2025-05-08 15:00:00+00:00,0.59,0.49,0.14,0.52,3.16,4.06,0.0,0.13,0.0,0.13,0.0,0.23,0.0,1.15
2025-05-08 16:00:00+00:00,0.23,0.32,0.09,0.35,2.09,1.46,0.0,0.1,0.0,0.82,0.0,0.24,0.0,1.21
2025-05-08 17:00:00+00:00,0.05,0.16,0.02,0.3,0.91,1.61,0.0,0.05,0.0,0.19,0.0,0.63,0.0,1.27
2025-05-08 18:00:00+00:00,0.07,0.31,0.0,0.34,0.05,1.59,0.0,0.05,0.0,0.13,0.0,0.53,0.0,1.28
2025-05-08 19:00:00+00:00,0.0,0.31,0.0,0.29,0.0,1.19,0.0,0.05,0.0,0.16,0.0,0.15,0.0,1.29
2025-05-08 20:00:00+00:00,0.0,0.18,0.0,0.23,0.0,1.07,0.0,0.05,0.0,0.21,0.0,0.15,0.0,1.27
2025-05-08 21:00:00+00:00,0.0,0.19,0.0,0.22,0.0,0.98,0.0,0.07,0.0,0.24,0.0,0.15,0.0,1.29
2025-05-08 22:00:00+00:00,0.0,0.19,0.0,0.22,0.0,0.92,0.0,0.09,0.0,0.19,0.0,0.15,0.0,1.32
2025-05-08 23:00:00+00:00,0.0,0.19,0.0,0.22,0.0,0.93,0.0,0.09,0.0,0.18,0.0,0.29,0.0,1.29
2025-05-09 00:00:00+00:00,0.0,0.18,0.0,0.22,0.0,2.47,0.0,0.1,0.0,0.14,0.0,0.31,0.0,1.32
2025-05-09 01:00:00+00:00,0.0,0.18,0.0,0.22,0.0,3.14,0.0,0.12,0.0,0.16,0.0,0.34,0.0,1.31
2025-05-09 02:00:00+00:00,0.0,0.18,0.0,0.22,0.0,1.02,0.0,0.1,0.0,0.17,0.0,0.33,0.0,1.37
2025-05-09 03:00:00+00:00,0.0,0.29,0.0,0.22,0.0,0.96,0.0,0.1,0.0,0.15,0.0,0.33,0.0,1.35
2025-05-09 04:00:00+00:00,0.05,0.2,0.0,0.24,0.2,1.06,0.0,0.1,0.0,0.19,0.0,0.32,0.0,1.35
2025-05-09 05:00:00+00:00,0.15,0.22,0.05,0.86,1.6,1.09,0.0,0.1,0.0,0.18,0.0,0.31,0.0,1.52
2025-05-09 06:00:00+00:00,0.52,0.46,0.12,1.18,3.25,1.08,0.0,0.1,0.0,0.21,0.0,0.26,0.0,1.31
2025-05-09 07:00:00+00:00,1.04,0.67,0.16,1.22,4.43,1.04,0.0,0.09,0.0,0.21,0.0,0.13,0.0,1.98
2025-05-09 08:00:00+00:00,1.24,0.63,0.18,1.31,4.86,1.25,0.0,0.07,0.0,0.17,0.0,0.25,0.0,1.39
2025-05-09 09:00:00+00:00,1.77,0.73,0.28,1.25,6.03,2.86,0.0,0.07,0.0,0.23,0.0,0.31,0.0,1.29
2025-05-09 10:00:00+00:00,2.26,0.85,0.35,1.3,7.24,2.82,0.0,0.07,0.0,0.18,0.0,0.32,0.0,1.23
2025-05-09 11:00:00+00:00,3.02,1.08,0.5,1.22,8.59,1.17,0.0,0.08,0.0,0.21,0.0,0.32,0.0,1.35
2025-05-09 12:00:00+00:00,3.4,1.14,0.68,1.19,9.84,1.31,0.0,0.05,0.0,0.18,0.0,0.33,0.0,1.38
2025-05-09 13:00:00+00:00,1.13,0.62,0.22,1.2,4.43,1.31,0.0,0.11,0.0,0.16,0.0,0.3,0.0,1.63
2025-05-09 14:00:00+00:00,1.22,0.71,0.25,1.29,4.62,1.53,0.0,0.16,0.0,0.21,0.0,0.32,0.0,1.04
2025-05-09 15:00:00+00:00,1.45,0.74,0.42,1.29,5.6,1.51,0.0,0.09,0.0,0.7,0.0,0.19,0.0,0.82
2025-05-09 16:00:00+00:00,0.53,0.47,0.27,0.86,3.65,1.47,0.0,0.05,0.0,0.34,0.0,0.17,0.0,0.64
2025-05-09 17:00:00+00:00,0.09,0.17,0.06,0.2,1.07,2.42,0.0,0.05,0.0,0.26,0.0,0.27,0.0,0.8
2025-05-09 18:00:00+00:00,0.06,0.27,0.0,0.22,0.15,4.58,0.0,0.05,0.0,0.18,0.0,0.31,0.0,1.25
2025-05-09 19:00:00+00:00,0.0,0.31,0.0,0.21,0.0,2.17,0.0,0.05,0.0,0.19,0.0,0.32,0.0,1.29
2025-05-09 20:00:00+00:00,0.0,0.19,0.0,0.2,0.0,1.15,0.0,0.05,0.0,0.18,0.0,0.32,0.0,1.26
2025-05-09 21:00:00+00:00,0.0,0.18,0.0,0.2,0.0,1.02,0.0,0.05,0.0,0.22,0.0,0.3,0.0,1.29
2025-05-09 22:00:00+00:00,0.0,0.19,0.0,0.24,0.0,0.96,0.0,0.09,0.0,0.17,0.0,0.19,0.0,1.24
2025-05-09 23:00:00+00:00,0.0,0.18,0.0,0.29,0.0,1.07,0.0,0.09,0.0,0.2,0.0,0.25,0.0,1.28
2025-05-10 00:00:00+00:00,0.0,0.18,0.0,0.29,0.0,1.01,0.0,0.1,0.0,0.18,0.0,0.33,0.0,1.26
2025-05-10 01:00:00+00:00,0.0,0.19,0.0,0.29,0.0,1.09,0.0,0.1,0.0,0.18,0.0,0.32,0.0,1.35
2025-05-10 02:00:00+00:00,0.0,0.18,0.0,0.29,0.0,1.07,0.0,0.1,0.0,0.18,0.0,0.33,0.0,1.34
2025-05-10 03:00:00+00:00,0.0,0.29,0.0,0.29,0.0,1.07,0.0,0.1,0.0,0.17,0.0,0.33,0.0,1.37
2025-05-10 04:00:00+00:00,0.05,0.17,0.0,0.3,0.81,3.95,0.0,0.1,0.0,0.21,0.0,0.31,0.0,1.36
2025-05-10 05:00:00+00:00,0.18,0.26,0.07,0.3,3.53,2.22,0.0,0.09,0.0,0.2,0.0,0.31,0.0,1.32
2025-05-10 06:00:00+00:00,0.99,0.64,0.1,0.32,6.3,1.08,0.0,0.07,0.0,0.21,0.0,0.31,0.0,1.32
2025-05-10 07:00:00+00:00,2.09,0.9,0.1,0.3,8.32,1.05,0.0,0.05,0.0,0.17,0.0,0.2,0.0,1.26
2025-05-10 08:00:00+00:00,3.0,0.93,0.09,0.31,9.96,1.08,0.0,0.05,0.0,0.16,0.0,0.14,0.0,1.28
2025-05-10 09:00:00+00:00,3.79,0.96,0.23,0.35,11.06,1.02,0.0,0.05,0.0,0.18,0.0,0.28,0.0,1.23
2025-05-10 10:00:00+00:00,4.21,1.17,0.61,0.36,11.68,1.02,0.0,0.05,0.0,0.14,0.0,0.31,0.0,1.25
2025-05-10 11:00:00+00:00,4.39,1.27,0.83,0.35,11.57,1.1,0.0,0.05,0.0,0.18,0.0,0.12,0.0,1.21
2025-05-10 12:00:00+00:00,4.18,1.26,0.94,0.33,11.01,1.03,0.0,0.05,0.0,0.13,0.0,0.07,0.0,1.18
2025-05-10 13:00:00+00:00,3.65,1.02,0.92,0.2,10.19,2.6,0.0,0.05,0.0,0.15,0.0,0.28,0.0,0.95
2025-05-10 14:00:00+00:00,2.92,1.05,0.79,0.19,8.81,3.29,0.0,0.05,0.0,0.16,0.0,0.7,0.0,0.7
2025-05-10 15:00:00+00:00,1.74,0.88,0.58,0.19,6.64,1.18,0.0,0.05,0.0,0.23,0.0,0.12,0.0,0.47
2025-05-10 16:00:00+00:00,0.67,0.54,0.32,0.2,4.31,1.24,0.0,0.05,0.0,0.23,0.0,0.08,0.0,0.42
2025-05-10 17:00:00+00:00,0.09,0.21,0.05,0.23,1.09,1.59,0.0,0.05,0.0,0.22,0.0,0.29,0.0,0.69
2025-05-10 18:00:00+00:00,0.07,0.3,0.0,0.25,0.17,1.46,0.0,0.05,0.0,0.32,0.0,0.31,0.0,1.28
2025-05-10 19:00:00+00:00,0.0,0.34,0.0,0.24,0.0,1.2,0.0,0.05,0.0,0.32,0.0,0.32,0.0,1.23
2025-05-10 20:00:00+00:00,0.0,0.21,0.0,0.23,0.0,1.3,0.0,0.05,0.0,0.46,0.0,0.3,0.0,1.3
2025-05-10 21:00:00+00:00,0.0,0.23,0.0,0.23,0.0,1.12,0.0,0.05,0.0,0.21,0.0,0.36,0.0,1.23
2025-05-10 22:00:00+00:00,0.0,0.2,0.0,0.23,0.0,1.12,0.0,0.05,0.0,0.13,0.0,0.13,0.0,1.27
2025-05-10 23:00:00+00:00,0.0,0.21,0.0,0.23,0.0,0.98,0.0,0.05,0.0,0.18,0.0,0.1,0.0,1.22
2025-05-11 00:00:00+00:00,0.0,0.19,0.0,0.22,0.0,4.25,0.0,0.05,0.0,0.13,0.0,0.31,0.0,1.26
2025-05-11 01:00:00+00:00,0.0,0.2,0.0,0.24,0.0,1.54,0.0,0.05,0.0,0.16,0.0,0.31,0.0,1.23
2025-05-11 02:00:00+00:00,0.0,0.21,0.0,0.23,0.0,1.02,0.0,0.05,0.0,0.15,0.0,0.32,0.0,1.23
2025-05-11 03:00:00+00:00,0.0,0.29,0.0,0.23,0.0,1.13,0.0,0.05,0.0,0.14,0.0,0.31,0.0,1.22
2025-05-11 04:00:00+00:00,0.05,0.18,0.0,0.25,1.03,1.18,0.0,0.05,0.0,0.17,0.0,0.31,0.0,1.24
2025-05-11 05:00:00+00:00,0.19,0.26,0.08,0.25,3.8,1.27,0.0,0.05,0.0,0.14,0.0,0.32,0.0,1.23
2025-05-11 06:00:00+00:00,1.0,0.64,0.09,0.31,6.35,1.21,0.0,0.05,0.0,0.33,0.0,0.32,0.0,1.22
2025-05-11 07:00:00+00:00,2.12,0.95,0.09,0.34,8.36,1.1,0.0,0.05,0.0,0.24,0.0,0.32,0.0,1.2
2025-05-11 08:00:00+00:00,3.03,0.93,0.08,0.34,9.96,1.09,0.0,0.05,0.0,0.16,0.0,0.36,0.0,1.19
2025-05-11 09:00:00+00:00,3.78,1.04,0.21,0.39,10.94,1.28,0.0,0.05,0.0,0.18,0.0,0.35,0.0,1.17
2025-05-11 10:00:00+00:00,4.24,1.06,0.59,0.41,11.72,4.07,0.0,0.05,0.0,0.15,0.0,0.17,0.0,1.17
2025-05-11 11:00:00+00:00,4.43,1.08,0.82,0.39,11.57,1.95,0.0,0.05,0.0,0.18,0.0,0.17,0.0,1.15
2025-05-11 12:00:00+00:00,4.26,1.08,0.94,0.4,11.15,1.05,0.0,0.05,0.0,0.14,0.0,0.07,0.0,1.13
2025-05-11 13:00:00+00:00,3.75,1.27,0.92,0.4,10.4,1.25,0.0,0.05,0.0,0.17,0.0,0.17,0.0,0.91
2025-05-11 14:00:00+00:00,2.89,1.36,0.78,0.39,8.85,1.26,0.0,0.05,0.0,0.32,0.0,0.15,0.0,0.65
2025-05-11 15:00:00+00:00,1.53,1.0,0.55,0.39,6.33,1.47,0.0,0.05,0.0,0.26,0.0,0.27,0.0,0.5
2025-05-11 16:00:00+00:00,0.61,0.53,0.31,0.38,4.39,1.07,0.0,0.05,0.0,0.16,0.0,0.32,0.0,0.36
2025-05-11 17:00:00+00:00,0.09,0.25,0.04,0.25,1.07,1.06,0.0,0.05,0.0,1.57,0.0,0.32,0.0,0.69
2025-05-11 18:00:00+00:00,0.07,0.4,0.0,0.25,0.17,1.02,0.0,0.05,0.0,0.46,0.0,0.3,0.0,1.21
2025-05-11 19:00:00+00:00,0.0,0.47,0.0,0.24,0.0,1.11,0.0,0.05,0.0,0.46,0.0,0.31,0.0,1.29
2025-05-11 20:00:00+00:00,0.0,0.33,0.0,0.24,0.0,1.27,0.0,0.05,0.0,0.3,0.0,0.31,0.0,1.21
2025-05-11 21:00:00+00:00,0.0,0.32,0.0,0.23,0.0,4.29,0.0,0.05,0.0,0.16,0.0,0.24,0.0,1.29
2025-05-11 22:00:00+00:00,0.0,0.33,0.0,0.23,0.0,2.3,0.0,0.05,0.0,0.15,0.0,0.21,0.0,1.22
2025-05-11 23:00:00+00:00,0.0,0.32,0.0,0.23,0.0,1.17,0.0,0.05,0.0,0.15,0.0,0.29,0.0,1.27
2025-05-12 00:00:00+00:00,0.0,0.32,0.0,0.23,0.0,1.03,0.0,0.05,0.0,0.13,0.0,0.31,0.0,1.22
2025-05-12 01:00:00+00:00,0.0,0.3,0.0,0.22,0.0,0.98,0.0,0.07,0.0,0.16,0.0,0.32,0.0,1.25
2025-05-12 02:00:00+00:00,0.0,0.31,0.0,0.24,0.0,0.97,0.0,0.06,0.0,0.12,0.0,0.3,0.0,1.23
2025-05-12 03:00:00+00:00,0.0,0.42,0.0,0.23,0.0,0.96,0.0,0.06,0.0,0.17,0.0,0.3,0.0,1.23
2025-05-12 04:00:00+00:00,0.06,0.26,0.01,0.26,1.02,1.18,0.0,0.06,0.0,0.13,0.0,0.32,0.0,1.28
2025-05-12 05:00:00+00:00,0.09,0.17,0.05,0.91,2.0,1.14,0.0,0.11,0.0,0.17,0.0,0.31,0.0,1.3
2025-05-12 06:00:00+00:00,0.49,0.54,0.11,1.46,3.18,1.34,0.0,0.25,0.0,0.16,0.0,0.31,0.0,1.37
2025-05-12 07:00:00+00:00,1.99,1.15,0.14,1.63,8.64,1.11,0.0,0.24,0.0,0.18,0.0,0.75,0.0,1.26
2025-05-12 08:00:00+00:00,2.37,1.07,0.13,1.66,8.16,2.79,0.0,0.27,0.0,0.14,0.0,0.94,0.0,1.37
2025-05-12 09:00:00+00:00,2.88,1.27,0.35,1.63,9.46,3.48,0.0,0.28,0.0,0.14,0.0,0.22,0.0,1.94
2025-05-12 10:00:00+00:00,3.95,1.17,0.68,1.63,11.46,1.08,0.0,0.18,0.0,0.16,0.0,0.31,0.0,1.24
2025-05-12 11:00:00+00:00,3.43,0.99,0.73,1.64,10.12,1.27,0.0,0.31,0.0,0.12,0.0,0.31,0.0,1.24
2025-05-12 12:00:00+00:00,4.23,1.17,0.95,1.62,11.39,1.23,0.0,0.21,0.0,0.17,0.0,0.32,0.0,1.23
2025-05-12 13:00:00+00:00,3.74,1.1,0.93,1.48,10.51,1.38,0.0,0.29,0.0,0.13,0.0,0.31,0.0,1.0
2025-05-12 14:00:00+00:00,2.4,1.04,0.66,1.44,8.01,1.52,0.0,0.29,0.0,0.16,0.0,0.31,0.0,0.77
2025-05-12 15:00:00+00:00,0.17,0.29,0.05,1.46,1.97,1.54,0.0,0.17,0.0,0.16,0.0,0.33,0.0,1.62
2025-05-12 16:00:00+00:00,0.07,0.35,0.0,0.59,0.47,1.82,0.0,0.12,0.0,1.16,0.0,0.31,0.0,1.7
2025-05-12 17:00:00+00:00,0.09,0.46,0.0,0.29,0.0,1.74,0.0,0.12,0.0,0.72,0.0,0.3,0.0,1.24
2025-05-12 18:00:00+00:00,0.08,0.45,0.0,0.31,0.0,1.63,0.0,0.12,0.0,0.41,0.0,0.3,0.0,1.25
2025-05-12 19:00:00+00:00,0.0,0.43,0.0,0.29,0.0,2.91,0.0,0.1,0.0,0.34,0.0,0.33,0.0,1.23
2025-05-12 20:00:00+00:00,0.0,0.32,0.0,0.29,0.0,4.2,0.0,0.05,0.0,0.17,0.0,0.31,0.0,1.27
2025-05-12 21:00:00+00:00,0.0,0.3,0.0,0.26,0.0,1.63,0.0,0.05,0.0,0.17,0.0,0.31,0.0,1.21
2025-05-12 22:00:00+00:00,0.0,0.31,0.0,0.26,0.0,1.04,0.0,0.05,0.0,0.15,0.0,0.31,0.0,1.27
2025-05-12 23:00:00+00:00,0.0,0.34,0.0,0.26,0.0,1.03,0.0,0.05,0.0,0.15,0.0,0.32,0.0,1.2
2025-05-13 00:00:00+00:00,0.0,0.31,0.0,0.26,0.0,0.97,0.0,0.05,0.0,0.16,0.0,0.29,0.0,1.26
2025-05-13 01:00:00+00:00,0.0,0.2,0.0,0.26,0.0,0.99,0.0,0.05,0.0,0.13,0.0,0.32,0.0,1.2
2025-05-13 02:00:00+00:00,0.0,0.21,0.0,0.26,0.0,1.01,0.0,0.05,0.0,0.17,0.0,0.33,0.0,1.28
2025-05-13 03:00:00+00:00,0.0,0.35,0.0,0.28,0.0,1.09,0.0,0.05,0.0,0.12,0.0,0.33,0.0,1.24
2025-05-13 04:00:00+00:00,0.04,0.14,0.01,0.29,0.85,1.23,0.0,0.05,0.0,0.18,0.0,0.31,0.0,1.39
2025-05-13 05:00:00+00:00,0.11,0.2,0.05,0.85,1.56,1.21,0.0,0.05,0.0,0.15,0.0,0.35,0.0,1.26
2025-05-13 06:00:00+00:00,0.85,0.57,0.16,1.59,5.3,1.27,0.0,0.09,0.0,0.16,0.0,0.32,0.0,1.39
2025-05-13 07:00:00+00:00,2.13,1.03,0.15,1.63,8.22,1.29,0.0,0.12,0.0,0.17,0.0,0.31,0.0,1.4
2025-05-13 08:00:00+00:00,2.42,1.02,0.22,1.67,8.42,4.49,0.0,0.15,0.0,0.17,0.0,0.31,0.0,1.37
2025-05-13 09:00:00+00:00,1.35,0.81,0.22,1.71,5.3,1.95,0.0,0.1,0.0,0.19,0.0,0.3,0.0,1.51
2025-05-13 10:00:00+00:00,2.99,1.01,0.43,1.56,9.01,1.59,0.0,0.11,0.0,0.13,0.0,0.33,0.0,1.38
2025-05-13 11:00:00+00:00,2.22,0.86,0.43,1.28,6.99,1.21,0.0,0.24,0.0,0.16,0.0,0.32,0.0,1.45
2025-05-13 12:00:00+00:00,1.85,0.66,0.38,1.1,6.1,1.08,0.0,0.21,0.0,0.15,0.0,0.32,0.0,1.39
2025-05-13 13:00:00+00:00,0.34,0.33,0.07,1.09,2.33,1.43,0.0,0.2,0.0,0.12,0.0,0.32,0.0,1.53
2025-05-13 14:00:00+00:00,0.46,0.48,0.14,1.11,2.83,1.49,0.0,0.16,0.0,0.19,0.0,0.32,0.0,1.26
2025-05-13 15:00:00+00:00,0.72,0.57,0.19,0.62,3.6,1.53,0.0,0.16,0.0,0.14,0.0,0.3,0.0,1.15
2025-05-13 16:00:00+00:00,0.34,0.4,0.11,0.24,2.56,1.61,0.0,0.05,0.0,0.15,0.0,0.31,0.0,1.09
2025-05-13 17:00:00+00:00,0.07,0.19,0.04,0.25,1.18,1.19,0.0,0.05,0.0,0.17,0.0,0.31,0.0,1.19
2025-05-13 18:00:00+00:00,0.06,0.27,0.0,0.26,0.29,1.95,0.0,0.05,0.0,0.25,0.0,0.32,0.0,1.22
2025-05-13 19:00:00+00:00,0.0,0.35,0.0,0.25,0.0,4.82,0.0,0.05,0.0,0.5,0.0,0.31,0.0,1.28
2025-05-13 20:00:00+00:00,0.0,0.23,0.0,0.25,0.0,2.83,0.0,0.05,0.0,0.44,0.0,0.32,0.0,1.23
2025-05-13 21:00:00+00:00,0.0,0.21,0.0,0.22,0.0,1.19,0.0,0.05,0.0,0.24,0.0,0.33,0.0,1.26
2025-05-13 22:00:00+00:00,0.0,0.22,0.0,0.22,0.0,1.16,0.0,0.05,0.0,0.19,0.0,0.32,0.0,1.22
2025-05-13 23:00:00+00:00,0.0,0.21,0.0,0.24,0.0,1.1,0.0,0.05,0.0,0.13,0.0,0.29,0.0,1.25
2025-05-14 00:00:00+00:00,0.0,0.18,0.0,0.23,0.0,1.18,0.0,0.07,0.0,0.15,0.0,0.31,0.0,1.22
2025-05-14 01:00:00+00:00,0.0,0.19,0.0,0.22,0.0,1.16,0.0,0.15,0.0,0.16,0.0,0.32,0.0,1.22
2025-05-14 02:00:00+00:00,0.0,0.19,0.0,0.22,0.0,1.16,0.0,0.05,0.0,0.13,0.0,0.32,0.0,1.24
2025-05-14 03:00:00+00:00,0.0,0.19,0.0,0.22,0.0,1.14,0.0,0.11,0.0,0.17,0.0,0.33,0.0,1.26
2025-05-14 04:00:00+00:00,0.03,0.11,0.01,0.25,1.15,1.37,0.0,0.08,0.0,0.15,0.0,0.33,0.0,1.29
2025-05-14 05:00:00+00:00,0.25,0.26,0.08,0.25,3.94,1.3,0.0,0.07,0.0,0.16,0.0,0.34,0.0,1.29
2025-05-14 06:00:00+00:00,1.12,0.64,0.09,0.33,6.43,1.24,0.0,0.05,0.0,0.19,0.0,0.29,0.0,1.37
2025-05-14 07:00:00+00:00,2.15,0.85,0.09,0.33,8.33,3.52,0.0,0.05,0.0,0.18,0.0,0.31,0.0,1.58
2025-05-14 08:00:00+00:00,3.01,0.94,0.08,0.34,9.81,2.81,0.0,0.05,0.0,0.18,0.0,0.32,0.0,1.45
2025-05-14 09:00:00+00:00,3.87,1.05,0.18,0.38,10.93,1.15,0.0,0.05,0.0,0.14,0.0,0.33,0.0,1.47
2025-05-14 10:00:00+00:00,4.36,1.09,0.55,0.41,11.83,1.26,0.0,0.1,0.0,0.15,0.0,0.32,0.0,1.28
2025-05-14 11:00:00+00:00,4.46,1.29,0.81,0.43,11.58,1.16,0.0,0.13,0.0,0.18,0.0,0.31,0.0,1.3
2025-05-14 12:00:00+00:00,4.26,1.29,0.92,0.43,11.13,1.25,0.0,0.13,0.0,0.13,0.0,0.32,0.0,1.19
2025-05-14 13:00:00+00:00,3.72,1.19,0.9,0.43,10.28,1.46,0.0,0.05,0.0,0.16,0.0,0.31,0.0,0.96
2025-05-14 14:00:00+00:00,2.97,1.08,0.76,0.41,8.86,1.34,0.0,0.14,0.0,0.16,0.0,0.29,0.0,0.7
2025-05-14 15:00:00+00:00,1.86,0.89,0.56,0.41,6.76,1.31,0.0,0.12,0.0,0.17,0.0,0.31,0.0,0.49
2025-05-14 16:00:00+00:00,0.66,0.55,0.29,0.4,4.5,1.64,0.0,0.12,0.0,0.24,0.0,0.33,0.0,0.44
2025-05-14 17:00:00+00:00,0.09,0.23,0.04,0.29,1.15,1.7,0.0,0.13,0.0,1.69,0.0,0.32,0.0,0.66
2025-05-14 18:00:00+00:00,0.07,0.38,0.0,0.27,0.22,3.43,0.0,0.12,0.0,0.59,0.0,0.31,0.0,1.25
2025-05-14 19:00:00+00:00,0.0,0.45,0.0,0.27,0.0,4.28,0.0,0.11,0.0,0.29,0.0,0.31,0.0,1.23
2025-05-14 20:00:00+00:00,0.0,0.33,0.0,0.27,0.0,1.58,0.0,0.15,0.0,0.27,0.0,0.32,0.0,1.26
2025-05-14 21:00:00+00:00,0.0,0.32,0.0,0.26,0.0,1.33,0.0,0.15,0.0,0.3,0.0,0.31,0.0,1.24
2025-05-14 22:00:00+00:00,0.0,0.31,0.0,0.26,0.0,1.19,0.0,0.15,0.0,0.14,0.0,0.32,0.0,1.25
2025-05-14 23:00:00+00:00,0.0,0.29,0.0,0.26,0.0,1.15,0.0,0.15,0.0,0.17,0.0,0.34,0.0,1.23
2025-05-15 00:00:00+00:00,0.0,0.28,0.0,0.26,0.0,1.2,0.0,0.07,0.0,0.14,0.0,0.33,0.0,1.25
2025-05-15 01:00:00+00:00,0.0,0.29,0.0,0.25,0.0,1.23,0.0,0.13,0.0,0.15,0.0,0.33,0.0,1.21
2025-05-15 02:00:00+00:00,0.0,0.27,0.0,0.26,0.0,1.22,0.0,0.15,0.0,0.15,0.0,0.32,0.0,1.26
2025-05-15 03:00:00+00:00,0.0,0.39,0.0,0.24,0.0,1.22,0.0,0.16,0.0,0.13,0.0,0.33,0.0,1.2
2025-05-15 04:00:00+00:00,0.06,0.26,0.01,0.28,0.55,1.28,0.0,0.19,0.0,0.17,0.0,0.32,0.0,1.6
2025-05-15 05:00:00+00:00,0.15,0.21,0.07,0.26,3.64,2.67,0.0,0.13,0.0,0.13,0.0,0.3,0.0,1.22
2025-05-15 06:00:00+00:00,0.92,0.65,0.1,0.32,5.96,4.23,0.0,0.05,0.0,0.18,0.0,0.31,0.0,1.41
2025-05-15 07:00:00+00:00,1.74,0.95,0.13,0.37,7.26,1.33,0.0,0.11,0.0,0.14,0.0,0.33,0.0,1.5
2025-05-15 08:00:00+00:00,2.36,1.11,0.2,0.39,7.96,1.13,0.0,0.08,0.0,0.18,0.0,0.32,0.0,1.45
2025-05-15 09:00:00+00:00,3.53,1.26,0.25,0.4,10.37,1.08,0.0,0.16,0.0,0.15,0.0,0.31,0.0,1.31
2025-05-15 10:00:00+00:00,3.88,1.31,0.58,0.41,11.58,1.36,0.0,0.07,0.0,0.12,0.0,0.31,0.0,1.29
2025-05-15 11:00:00+00:00,3.63,0.96,0.6,0.26,9.24,1.4,0.0,0.11,0.0,0.17,0.0,0.31,0.0,1.33
2025-05-15 12:00:00+00:00,3.38,0.9,0.69,0.25,9.3,1.24,0.0,0.14,0.0,0.14,0.0,0.3,0.0,1.16
2025-05-15 13:00:00+00:00,2.25,0.87,0.46,0.27,6.95,1.08,0.0,0.07,0.0,0.17,0.0,0.3,0.0,1.05
2025-05-15 14:00:00+00:00,2.69,1.03,0.64,0.25,9.02,1.15,0.0,0.16,0.0,0.14,0.0,0.3,0.0,0.81
2025-05-15 15:00:00+00:00,0.46,0.45,0.16,0.26,3.16,1.13,0.0,0.07,0.0,0.13,0.0,0.32,0.0,1.15
2025-05-15 16:00:00+00:00,0.08,0.26,0.03,0.26,1.07,4.54,0.0,0.09,0.0,0.17,0.0,0.31,0.0,1.27
2025-05-15 17:00:00+00:00,0.06,0.29,0.0,0.26,0.38,3.58,0.0,0.07,0.0,0.3,0.0,0.32,0.0,1.25
2025-05-15 18:00:00+00:00,0.08,0.42,0.0,0.27,0.16,1.49,0.0,0.05,0.0,0.58,0.0,0.32,0.0,1.29
2025-05-15 19:00:00+00:00,0.0,0.42,0.0,0.26,0.0,1.52,0.0,0.09,0.0,0.45,0.0,0.31,0.0,1.28
2025-05-15 20:00:00+00:00,0.0,0.31,0.0,0.25,0.0,1.29,0.0,0.08,0.0,0.45,0.0,0.29,0.0,1.28
2025-05-15 21:00:00+00:00,0.0,0.28,0.0,0.24,0.0,1.08,0.0,0.14,0.0,0.44,0.0,0.31,0.0,1.28
2025-05-15 22:00:00+00:00,0.0,0.26,0.0,0.24,0.0,0.92,0.0,0.12,0.0,0.18,0.0,0.32,0.0,1.25
2025-05-15 23:00:00+00:00,0.0,0.28,0.0,0.24,0.0,0.93,0.0,0.16,0.0,0.18,0.0,0.32,0.0,1.24
2025-05-16 00:00:00+00:00,0.0,0.27,0.0,0.24,0.0,0.93,0.0,0.18,0.0,0.14,0.0,0.31,0.0,1.2
2025-05-16 01:00:00+00:00,0.0,0.26,0.0,0.24,0.0,0.97,0.0,0.16,0.0,0.16,0.0,0.32,0.0,1.26
2025-05-16 02:00:00+00:00,0.0,0.23,0.0,0.24,0.0,1.41,0.0,0.16,0.0,0.16,0.0,0.32,0.0,1.24
2025-05-16 03:00:00+00:00,0.0,0.36,0.0,0.23,0.0,4.39,0.0,0.13,0.0,0.14,0.0,0.3,0.0,1.27
2025-05-16 04:00:00+00:00,0.06,0.23,0.01,0.26,1.29,1.51,0.0,0.06,0.0,0.19,0.0,0.31,0.0,1.32
2025-05-16 05:00:00+00:00,0.21,0.24,0.08,0.91,4.36,1.1,0.0,0.05,0.0,0.3,0.0,0.3,0.0,1.38
2025-05-16 06:00:00+00:00,1.21,0.7,0.09,1.32,6.8,1.12,0.0,0.1,0.0,0.63,0.0,0.32,0.0,1.67
2025-05-16 07:00:00+00:00,2.32,0.95,0.08,1.35,8.81,1.08,0.0,0.12,0.0,0.16,0.0,0.31,0.0,1.56
2025-05-16 08:00:00+00:00,3.33,1.11,0.07,1.31,10.45,1.18,0.0,0.05,0.0,0.16,0.0,0.33,0.0,1.38
2025-05-16 09:00:00+00:00,3.76,1.13,0.13,1.35,11.43,1.23,0.0,0.05,0.0,0.21,0.0,0.32,0.0,1.4
2025-05-16 10:00:00+00:00,4.38,1.14,0.53,0.82,11.32,1.22,0.0,0.05,0.0,0.79,0.0,0.31,0.0,1.31
2025-05-16 11:00:00+00:00,3.41,0.88,0.57,0.44,9.81,1.22,0.0,0.05,0.0,0.27,0.0,0.3,0.0,1.34
2025-05-16 12:00:00+00:00,3.77,0.88,0.75,0.43,9.97,1.38,0.0,0.23,0.0,0.22,0.0,0.31,0.0,1.15
2025-05-16 13:00:00+00:00,2.81,0.78,0.65,0.39,8.95,2.73,0.0,0.16,0.0,0.26,0.0,0.32,0.0,1.02
2025-05-16 14:00:00+00:00,1.34,0.71,0.28,0.32,4.78,4.18,0.0,0.12,0.0,0.37,0.0,0.32,0.0,0.99
2025-05-16 15:00:00+00:00,1.41,0.66,0.38,0.25,5.17,1.27,0.0,0.13,0.0,0.29,0.0,0.31,0.0,0.81
2025-05-16 16:00:00+00:00,0.24,0.31,0.08,0.24,2.06,1.16,0.0,0.09,0.0,0.19,0.0,0.31,0.0,1.13
2025-05-16 17:00:00+00:00,0.04,0.15,0.01,0.26,0.61,1.31,0.0,0.05,0.0,0.14,0.0,0.32,0.0,1.26
2025-05-16 18:00:00+00:00,0.07,0.31,0.0,0.26,0.06,1.41,0.0,0.12,0.0,0.18,0.0,0.31,0.0,1.23
2025-05-16 19:00:00+00:00,0.0,0.31,0.0,0.25,0.0,1.41,0.0,0.16,0.0,0.14,0.0,0.3,0.0,1.25
2025-05-16 20:00:00+00:00,0.0,0.18,0.0,0.25,0.0,1.08,0.0,0.08,0.0,0.2,0.0,0.31,0.0,1.26
2025-05-16 21:00:00+00:00,0.0,0.18,0.0,0.23,0.0,1.07,0.0,0.08,0.0,0.22,0.0,0.34,0.0,1.27
2025-05-16 22:00:00+00:00,0.0,0.21,0.0,0.23,0.0,1.0,0.0,0.1,0.0,0.17,0.0,0.34,0.0,1.27
2025-05-16 23:00:00+00:00,0.0,0.18,0.0,0.23,0.0,1.13,0.0,0.16,0.0,0.19,0.0,0.33,0.0,1.26
2025-05-17 00:00:00+00:00,0.0,0.18,0.0,0.22,0.0,2.52,0.0,0.16,0.0,0.13,0.0,0.31,0.0,1.28
2025-05-17 01:00:00+00:00,0.0,0.18,0.0,0.22,0.0,3.64,0.0,0.1,0.0,0.17,0.0,0.32,0.0,1.3
2025-05-17 02:00:00+00:00,0.0,0.19,0.0,0.22,0.0,1.04,0.0,0.11,0.0,0.15,0.0,0.31,0.0,1.3
2025-05-17 03:00:00+00:00,0.0,0.29,0.0,0.22,0.0,1.09,0.0,0.09,0.0,0.15,0.0,0.32,0.0,1.31
2025-05-17 04:00:00+00:00,0.05,0.19,0.0,0.25,0.4,1.17,0.0,0.17,0.0,0.17,0.0,0.33,0.0,1.28
2025-05-17 05:00:00+00:00,0.16,0.2,0.06,0.24,2.78,1.24,0.0,0.12,0.0,0.14,0.0,0.32,0.0,1.29
2025-05-17 06:00:00+00:00,1.16,0.82,0.1,0.34,6.48,1.26,0.0,0.07,0.0,0.61,0.0,0.31,0.0,1.24
2025-05-17 07:00:00+00:00,2.19,1.11,0.09,0.34,8.39,1.34,0.0,0.05,0.0,0.19,0.0,0.32,0.0,1.24
2025-05-17 08:00:00+00:00,3.17,1.13,0.1,0.35,10.06,1.39,0.0,0.05,0.0,0.21,0.0,0.32,0.0,1.19
2025-05-17 09:00:00+00:00,4.19,1.16,0.23,0.39,11.69,1.13,0.0,0.05,0.0,0.33,0.0,0.31,0.0,1.14
2025-05-17 10:00:00+00:00,3.93,0.93,0.54,0.39,11.86,1.07,0.0,0.11,0.0,0.16,0.0,0.3,0.0,1.13
2025-05-17 11:00:00+00:00,1.56,0.64,0.3,0.4,4.87,3.75,0.0,0.09,0.0,0.17,0.0,0.31,0.0,1.14
2025-05-17 12:00:00+00:00,1.77,0.62,0.44,0.38,6.34,3.28,0.0,0.09,0.0,0.25,0.0,0.32,0.0,1.15
2025-05-17 13:00:00+00:00,0.45,0.36,0.11,0.33,2.52,1.04,0.0,0.16,0.0,0.25,0.0,0.32,0.0,1.15
2025-05-17 14:00:00+00:00,1.29,0.73,0.28,0.25,4.79,1.06,0.0,0.14,0.0,0.19,0.0,0.32,0.0,1.08
2025-05-17 15:00:00+00:00,1.83,0.83,0.44,0.24,6.59,1.09,0.0,0.12,0.0,0.16,0.0,0.31,0.0,0.66
2025-05-17 16:00:00+00:00,0.33,0.28,0.14,0.23,2.48,1.18,0.0,0.13,0.0,0.16,0.0,0.31,0.0,1.05
2025-05-17 17:00:00+00:00,0.04,0.15,0.02,0.24,0.87,1.03,0.0,0.14,0.0,0.17,0.0,0.76,0.0,1.23
2025-05-17 18:00:00+00:00,0.06,0.26,0.0,0.26,0.23,1.05,0.0,0.13,0.0,0.13,0.0,0.43,0.0,1.3
2025-05-17 19:00:00+00:00,0.0,0.3,0.0,0.25,0.0,1.31,0.0,0.12,0.0,0.18,0.0,0.59,0.0,1.26
2025-05-17 20:00:00+00:00,0.0,0.19,0.0,0.25,0.0,1.16,0.0,0.15,0.0,0.23,0.0,0.45,0.0,1.29
2025-05-17 21:00:00+00:00,0.0,0.18,0.0,0.23,0.0,1.07,0.0,0.12,0.0,0.31,0.0,0.24,0.0,1.26
2025-05-17 22:00:00+00:00,0.0,0.21,0.0,0.23,0.0,1.05,0.0,0.07,0.0,0.39,0.0,0.17,0.0,1.28
2025-05-17 23:00:00+00:00,0.0,0.18,0.0,0.23,0.0,1.11,0.0,0.12,0.0,0.22,0.0,0.32,0.0,1.26
2025-05-18 00:00:00+00:00,0.0,0.17,0.0,0.23,0.0,4.25,0.0,0.13,0.0,0.19,0.0,0.32,0.0,1.27
2025-05-18 01:00:00+00:00,0.0,0.18,0.0,0.22,0.0,2.66,0.0,0.15,0.0,0.14,0.0,0.32,0.0,1.24
2025-05-18 02:00:00+00:00,0.0,0.19,0.0,0.22,0.0,1.18,0.0,0.14,0.0,0.16,0.0,0.31,0.0,1.25
2025-05-18 03:00:00+00:00,0.0,0.29,0.0,0.22,0.0,1.13,0.0,0.08,0.0,0.16,0.0,0.31,0.0,1.22
2025-05-18 04:00:00+00:00,0.05,0.16,0.0,0.24,0.43,1.23,0.0,0.16,0.0,0.14,0.0,0.33,0.0,1.27
2025-05-18 05:00:00+00:00,0.26,0.31,0.08,0.22,3.7,1.32,0.0,0.12,0.0,0.18,0.0,0.32,0.0,1.21
2025-05-18 06:00:00+00:00,1.03,0.77,0.1,0.31,5.93,1.2,0.0,0.07,0.0,0.14,0.0,0.38,0.0,1.29
2025-05-18 07:00:00+00:00,2.03,1.09,0.13,0.35,7.94,1.14,0.0,0.09,0.0,0.29,0.0,0.31,0.0,1.21
2025-05-18 08:00:00+00:00,2.98,1.1,0.16,0.36,9.52,1.1,0.0,0.08,0.0,0.33,0.0,0.33,0.0,1.23
2025-05-18 09:00:00+00:00,2.37,0.84,0.24,0.39,6.49,1.04,0.0,0.12,0.0,0.3,0.0,0.38,0.0,1.13
2025-05-18 10:00:00+00:00,3.19,0.81,0.47,0.39,9.42,1.03,0.0,0.07,0.0,0.19,0.0,0.35,0.0,1.18
2025-05-18 11:00:00+00:00,3.51,0.81,0.64,0.36,9.92,3.48,0.0,0.05,0.0,0.18,0.0,0.35,0.0,1.12
2025-05-18 12:00:00+00:00,4.17,0.95,0.86,0.4,10.67,3.7,0.0,0.07,0.0,0.18,0.0,0.36,0.0,1.12
2025-05-18 13:00:00+00:00,3.1,0.83,0.74,0.39,9.11,1.09,0.0,0.07,0.0,0.23,0.0,0.36,0.0,0.97
2025-05-18 14:00:00+00:00,2.63,0.94,0.65,0.38,8.42,1.62,0.0,0.05,0.0,0.34,0.0,0.41,0.0,0.73
2025-05-18 15:00:00+00:00,1.56,0.73,0.44,0.33,5.55,1.17,0.0,0.14,0.0,0.33,0.0,0.66,0.0,0.69
2025-05-18 16:00:00+00:00,0.85,0.6,0.28,0.24,4.75,1.08,0.0,0.09,0.0,0.32,0.0,0.68,0.0,0.39
2025-05-18 17:00:00+00:00,0.12,0.19,0.04,0.25,1.36,1.53,0.0,0.07,0.0,0.32,0.0,0.97,0.0,0.61
2025-05-18 18:00:00+00:00,0.06,0.29,0.0,0.25,0.3,1.23,0.0,0.09,0.0,0.32,0.0,1.0,0.0,1.25
2025-05-18 19:00:00+00:00,0.0,0.32,0.0,0.24,0.0,1.24,0.0,0.07,0.0,0.43,0.0,0.56,0.0,1.29
2025-05-18 20:00:00+00:00,0.0,0.2,0.0,0.24,0.0,1.12,0.0,0.05,0.0,0.22,0.0,0.57,0.0,1.28
2025-05-18 21:00:00+00:00,0.0,0.21,0.0,0.23,0.0,1.17,0.0,0.09,0.0,0.18,0.0,0.14,0.0,1.28
2025-05-18 22:00:00+00:00,0.0,0.18,0.0,0.22,0.0,1.18,0.0,0.11,0.0,0.14,0.0,0.11,0.0,1.29
2025-05-18 23:00:00+00:00,0.0,0.19,0.0,0.22,0.0,1.19,0.0,0.12,0.0,0.15,0.0,0.33,0.0,1.28
2025-05-19 00:00:00+00:00,0.0,0.18,0.0,0.22,0.0,3.45,0.0,0.16,0.0,0.13,0.0,0.31,0.0,1.28
2025-05-19 01:00:00+00:00,0.0,0.18,0.0,0.23,0.0,3.31,0.0,0.17,0.0,0.15,0.0,0.3,0.0,1.28
2025-05-19 02:00:00+00:00,0.0,0.19,0.0,0.23,0.0,1.15,0.0,0.11,0.0,0.13,0.0,0.32,0.0,1.26
2025-05-19 03:00:00+00:00,0.0,0.29,0.0,0.22,0.0,1.15,0.0,0.14,0.0,0.16,0.0,0.34,0.0,1.28
2025-05-19 04:00:00+00:00,0.04,0.14,0.01,0.23,0.48,1.3,0.0,0.08,0.0,0.13,0.0,0.33,0.0,1.23
2025-05-19 05:00:00+00:00,0.22,0.26,0.08,0.22,3.28,1.35,0.0,0.09,0.0,0.17,0.0,0.38,0.0,1.71
2025-05-19 06:00:00+00:00,1.14,0.84,0.09,0.46,6.54,1.55,0.0,0.18,0.0,0.15,0.0,0.58,0.0,1.41
2025-05-19 07:00:00+00:00,2.17,1.12,0.09,0.53,8.36,1.44,0.0,0.2,0.0,0.19,0.0,0.33,0.0,1.4
2025-05-19 08:00:00+00:00,3.08,1.15,0.08,0.57,9.78,1.76,0.0,0.22,0.0,0.16,0.0,0.31,0.0,1.43
2025-05-19 09:00:00+00:00,3.74,1.06,0.16,0.57,10.45,3.86,0.0,0.26,0.0,0.13,0.0,0.31,0.0,1.48
2025-05-19 10:00:00+00:00,3.79,1.0,0.49,0.63,10.9,2.77,0.0,0.16,0.0,0.18,0.0,0.48,0.0,1.23
2025-05-19 11:00:00+00:00,2.78,0.99,0.51,0.68,8.24,1.38,0.0,0.27,0.0,0.13,0.0,0.26,0.0,1.38
2025-05-19 12:00:00+00:00,3.21,1.03,0.61,0.64,8.98,1.29,0.0,0.22,0.0,0.15,0.0,0.29,0.0,1.26
2025-05-19 13:00:00+00:00,3.39,1.09,0.78,0.68,9.69,1.41,0.0,0.16,0.0,0.14,0.0,0.32,0.0,1.2
2025-05-19 14:00:00+00:00,2.79,1.15,0.7,0.61,8.77,1.4,0.0,0.27,0.0,0.37,0.0,0.32,0.0,0.88
2025-05-19 15:00:00+00:00,1.54,0.8,0.44,0.61,5.87,1.31,0.0,0.19,0.0,0.44,0.0,0.3,0.0,0.77
2025-05-19 16:00:00+00:00,0.36,0.36,0.17,0.39,2.92,1.59,0.0,0.2,0.0,0.13,0.0,0.35,0.0,1.05
2025-05-19 17:00:00+00:00,0.1,0.2,0.06,0.23,1.53,1.65,0.0,0.13,0.0,0.92,0.0,0.5,0.0,1.14
2025-05-19 18:00:00+00:00,0.07,0.38,0.0,0.24,0.3,1.28,0.0,0.17,0.0,1.3,0.0,0.66,0.0,1.31
2025-05-19 19:00:00+00:00,0.0,0.44,0.0,0.25,0.0,1.23,0.0,0.15,0.0,0.32,0.0,0.94,0.0,1.31
2025-05-19 20:00:00+00:00,0.0,0.31,0.0,0.24,0.0,1.3,0.0,0.24,0.0,0.28,0.0,0.68,0.0,1.29
2025-05-19 21:00:00+00:00,0.0,0.32,0.0,0.23,0.0,1.22,0.0,0.17,0.0,0.16,0.0,0.3,0.0,1.3
2025-05-19 22:00:00+00:00,0.0,0.33,0.0,0.23,0.0,3.03,0.0,0.19,0.0,0.17,0.0,0.32,0.0,1.28
2025-05-19 23:00:00+00:00,0.0,0.31,0.0,0.22,0.0,3.45,0.0,0.19,0.0,0.14,0.0,0.3,0.0,1.3
2025-05-20 00:00:00+00:00,0.0,0.31,0.0,0.22,0.0,0.97,0.0,0.12,0.0,0.17,0.0,0.31,0.0,1.28
2025-05-20 01:00:00+00:00,0.0,0.31,0.0,0.22,0.0,1.13,0.0,0.12,0.0,0.13,0.0,0.34,0.0,1.3
2025-05-20 02:00:00+00:00,0.0,0.31,0.0,0.23,0.0,0.97,0.0,0.19,0.0,0.17,0.0,0.32,0.0,1.26
2025-05-20 03:00:00+00:00,0.0,0.41,0.0,0.23,0.0,0.94,0.0,0.15,0.0,0.15,0.0,0.32,0.0,1.28
2025-05-20 04:00:00+00:00,0.06,0.33,0.0,0.65,0.02,1.0,0.0,0.2,0.0,0.17,0.0,0.32,0.0,1.25
2025-05-20 05:00:00+00:00,0.06,0.25,0.01,0.75,0.54,1.2,0.0,0.18,0.0,0.17,0.0,0.38,0.0,1.73
2025-05-20 06:00:00+00:00,0.79,0.53,0.08,0.34,4.8,1.25,0.0,0.21,0.0,0.15,0.0,0.55,0.0,1.42
2025-05-20 07:00:00+00:00,2.1,1.15,0.13,0.51,8.46,1.06,0.0,0.24,0.0,0.21,0.0,0.32,0.0,1.25
2025-05-20 08:00:00+00:00,2.011304347826087,1.1052173913043477,0.12695652173913044,0.5017391304347826,8.15521739130435,1.0656521739130436,0.0,0.23478260869565218,0.0,0.2082608695652174,0.0,0.3230434782608696,0.0,1.3004347826086957
2025-05-20 09:00:00+00:00,1.922608695652174,1.0604347826086955,0.12391304347826088,0.4934782608695652,7.850434782608697,1.071304347826087,0.0,0.22956521739130434,0.0,0.20652173913043478,0.0,0.32608695652173914,0.0,1.3508695652173912
2025-05-20 10:00:00+00:00,1.833913043478261,1.0156521739130435,0.12086956521739131,0.4852173913043478,7.545652173913044,1.0769565217391304,0.0,0.22434782608695653,0.0,0.20478260869565218,0.0,0.3291304347826087,0.0,1.401304347826087
2025-05-20 11:00:00+00:00,1.7452173913043478,0.9708695652173912,0.11782608695652175,0.47695652173913045,7.240869565217392,1.0826086956521739,0.0,0.21913043478260869,0.0,0.20304347826086955,0.0,0.33217391304347826,0.0,1.4517391304347826
2025-05-20 12:00:00+00:00,1.656521739130435,0.9260869565217391,0.11478260869565218,0.46869565217391307,6.93608695652174,1.0882608695652174,0.0,0.21391304347826087,0.0,0.20130434782608694,0.0,0.33521739130434786,0.0,1.5021739130434784
2025-05-20 13:00:00+00:00,1.567826086956522,0.8813043478260869,0.1117391304347826,0.46043478260869564,6.631304347826088,1.093913043478261,0.0,0.20869565217391303,0.0,0.19956521739130434,0.0,0.3382608695652174,0.0,1.5526086956521739
2025-05-20 14:00:00+00:00,1.34,0.71,0.28,0.59,4.78,1.52,0.0,0.14,0.0,0.18,0.0,0.32,0.0,1.01
2025-05-20 15:00:00+00:00,0.72,0.6,0.19,0.53,3.53,1.52,0.0,0.13,0.0,0.21,0.0,0.32,0.0,1.15
2025-05-20 16:00:00+00:00,0.35,0.42,0.13,0.38,2.64,1.64,0.0,0.09,0.0,0.21,0.0,0.35,0.0,1.12
2025-05-20 17:00:00+00:00,0.09,0.25,0.04,0.27,0.98,1.59,0.0,0.09,0.0,0.34,0.0,0.38,0.0,1.23
2025-05-20 18:00:00+00:00,0.07,0.32,0.0,0.26,0.16,1.6,0.0,0.1,0.0,0.25,0.0,0.45,0.0,1.27
2025-05-20 19:00:00+00:00,0.0,0.37,0.0,0.26,0.0,1.63,0.0,0.1,0.0,0.24,0.0,0.37,0.0,1.29
2025-05-20 20:00:00+00:00,0.0,0.25,0.0,0.25,0.0,1.34,0.0,0.09,0.0,0.23,0.0,0.33,0.0,1.28
2025-05-20 21:00:00+00:00,0.0,0.25,0.0,0.24,0.0,1.19,0.0,0.1,0.0,0.22,0.0,0.31,0.0,1.29
2025-05-20 22:00:00+00:00,0.0,0.24,0.0,0.23,0.0,1.06,0.0,0.1,0.0,0.18,0.0,0.32,0.0,1.27
2025-05-20 23:00:00+00:00,0.0,0.23,0.0,0.24,0.0,1.09,0.0,0.1,0.0,0.16,0.0,0.33,0.0,1.28
2025-05-21 00:00:00+00:00,0.0,0.3886956521739131,0.0,0.3695652173913044,0.0,1.156086956521739,0.0,0.15130434782608695,0.0,0.18043478260869567,0.0,0.3717391304347826,0.0,2.1073913043478263
2025-05-21 01:00:00+00:00,0.0,0.34391304347826096,0.0,0.36130434782608695,0.0,1.1617391304347826,0.0,0.14608695652173914,0.0,0.17869565217391306,0.0,0.37478260869565216,0.0,2.157826086956522
2025-05-21 02:00:00+00:00,0.0,0.29913043478260876,0.0,0.35304347826086957,0.0,1.1673913043478261,0.0,0.1408695652173913,0.0,0.17695652173913046,0.0,0.37782608695652176,0.0,2.2082608695652173
2025-05-21 03:00:00+00:00,0.0,0.2543478260869566,0.0,0.3447826086956522,0.0,1.1730434782608694,0.0,0.1356521739130435,0.0,0.17521739130434782,0.0,0.3808695652173913,0.0,2.258695652173913
2025-05-21 04:00:00+00:00,0.23739130434782627,0.20956521739130446,0.06608695652173913,0.33652173913043476,2.0595652173913046,1.178695652173913,0.0,0.13043478260869565,0.0,0.17347826086956522,0.0,0.3839130434782609,0.0,2.3091304347826087
2025-05-21 05:00:00+00:00,0.1486956521739132,0.16478260869565228,0.06304347826086956,0.3282608695652174,1.7547826086956522,1.1843478260869564,0.0,0.12521739130434784,0.0,0.17173913043478262,0.0,0.3869565217391304,0.0,2.3595652173913044
2025-05-21 06:00:00+00:00,0.06,0.12,0.06,0.32,1.45,1.19,0.0,0.12,0.0,0.17,0.0,0.39,0.0,2.41
2025-05-21 07:00:00+00:00,0.29,0.31,0.11,0.41,2.57,1.25,0.0,0.15,0.0,0.18,0.0,0.36,0.0,1.54
2025-05-21 08:00:00+00:00,1.47,0.76,0.21,0.43,4.9,1.09,0.0,0.15,0.0,0.18,0.0,0.32,0.0,1.31
2025-05-21 09:00:00+00:00,2.73,1.18,0.36,0.48,8.26,1.17,0.0,0.14,0.0,0.21,0.0,0.31,0.0,1.19
2025-05-21 10:00:00+00:00,3.36,1.18,0.48,0.47,9.76,1.33,0.0,0.18,0.0,0.13,0.0,0.32,0.0,1.19
2025-05-21 11:00:00+00:00,0.47,0.44,0.13,0.37,2.91,1.21,0.0,0.18,0.0,0.15,0.0,0.32,0.0,1.32
2025-05-21 12:00:00+00:00,1.54,0.7,0.26,0.43,5.21,1.16,0.0,0.15,0.0,0.15,0.0,0.31,0.0,1.24
2025-05-21 13:00:00+00:00,1.66,0.8,0.27,0.4,5.46,1.18,0.0,0.12,0.0,0.14,0.0,0.31,0.0,1.12
2025-05-21 14:00:00+00:00,0.36,0.38,0.11,0.5,2.88,2.18,0.0,0.14,0.0,0.16,0.0,0.31,0.0,1.24
2025-05-21 15:00:00+00:00,0.09,0.21,0.06,0.67,1.33,4.84,0.0,0.19,0.0,0.19,0.0,0.95,0.0,1.31
2025-05-21 16:00:00+00:00,0.07,0.3,0.0,0.37,0.45,2.5,0.0,0.12,0.0,0.23,0.0,1.97,0.0,1.29
2025-05-21 17:00:00+00:00,0.07,0.38,0.0,0.27,0.09,1.61,0.0,0.12,0.0,0.56,0.0,1.23,0.0,1.3
2025-05-21 18:00:00+00:00,0.09,0.4,0.0,0.26,0.02,1.72,0.0,0.14,0.0,0.34,0.0,0.63,0.0,1.27
2025-05-21 19:00:00+00:00,0.0,0.4,0.0,0.25,0.0,1.64,0.0,0.16,0.0,0.29,0.0,0.5,0.0,1.29
2025-05-21 20:00:00+00:00,0.0,0.25,0.0,0.25,0.0,1.5,0.0,0.12,0.0,0.27,0.0,0.43,0.0,1.25
2025-05-21 21:00:00+00:00,0.0,0.23,0.0,0.23,0.0,0.96,0.0,0.21,0.0,0.19,0.0,0.34,0.0,1.28
2025-05-21 22:00:00+00:00,0.0,0.17,0.0,0.23,0.0,0.91,0.0,0.17,0.0,0.18,0.0,0.11,0.0,1.24
2025-05-21 23:00:00+00:00,0.0,0.16,0.0,0.23,0.0,0.91,0.0,0.2,0.0,0.13,0.0,0.22,0.0,1.29
2025-05-22 00:00:00+00:00,0.0,0.16,0.0,0.22,0.0,0.91,0.0,0.15,0.0,0.17,0.0,0.33,0.0,1.28
2025-05-22 01:00:00+00:00,0.0,0.17,0.0,0.22,0.0,0.91,0.0,0.2,0.0,0.13,0.0,0.33,0.0,1.29
2025-05-22 02:00:00+00:00,0.0,0.16,0.0,0.22,0.0,0.9,0.0,0.22,0.0,0.16,0.0,0.33,0.0,1.34
2025-05-22 03:00:00+00:00,0.0,0.29,0.0,0.31,0.0,2.33,0.0,0.23,0.0,0.14,0.0,0.32,0.0,1.33
2025-05-22 04:00:00+00:00,0.06,0.26,0.0,0.35,0.04,4.22,0.0,0.21,0.0,0.16,0.0,0.3,0.0,1.33
2025-05-22 05:00:00+00:00,0.08,0.42,0.0,0.37,0.27,1.78,0.0,0.23,0.0,0.17,0.0,0.46,0.0,1.52
2025-05-22 06:00:00+00:00,0.11,0.45,0.01,0.8,0.59,1.09,0.0,0.24,0.0,0.2,0.0,0.29,0.0,2.32
2025-05-22 07:00:00+00:00,0.24,0.48,0.05,0.77,1.87,1.03,0.0,0.22,0.0,0.16,0.0,0.3,0.0,2.38
2025-05-22 08:00:00+00:00,0.08,0.13,0.03,0.79,1.11,1.4,0.0,0.25,0.0,0.22,0.0,0.32,0.0,2.36
2025-05-22 09:00:00+00:00,0.31,0.32,0.08,0.72,2.11,1.44,0.0,0.3,0.0,0.17,0.0,0.39,0.0,2.34
2025-05-22 10:00:00+00:00,0.75,0.51,0.14,0.62,3.38,1.07,0.0,0.21,0.0,0.13,0.0,0.4,0.0,1.92
2025-05-22 11:00:00+00:00,0.98,0.56,0.19,0.77,4.02,1.06,0.0,0.14,0.0,0.18,0.0,0.35,0.0,1.58
2025-05-22 12:00:00+00:00,0.45,0.38,0.09,0.8,2.41,1.09,0.0,0.29,0.0,0.16,0.0,0.43,0.0,2.04
2025-05-22 13:00:00+00:00,0.51,0.36,0.1,0.81,2.61,1.27,0.0,0.38,0.0,0.18,0.0,0.49,0.0,1.94
2025-05-22 14:00:00+00:00,0.06,0.21,0.01,0.88,0.61,3.92,0.0,0.35,0.0,0.36,0.0,0.44,0.0,1.38
2025-05-22 15:00:00+00:00,0.06,0.17,0.02,0.77,0.96,3.68,0.0,0.34,0.0,0.24,0.0,0.46,0.0,1.37
2025-05-22 16:00:00+00:00,0.63,0.44,0.14,0.38,2.95,1.92,0.0,0.3,0.0,0.21,0.0,0.56,0.0,1.0
2025-05-22 17:00:00+00:00,0.1,0.18,0.07,0.22,1.56,1.39,0.0,0.2,0.0,0.17,0.0,1.08,0.0,1.16
2025-05-22 18:00:00+00:00,0.06,0.24,0.02,0.31,0.73,1.19,0.0,0.25,0.0,0.2,0.0,1.19,0.0,1.21
2025-05-22 19:00:00+00:00,0.0,0.29,0.0,0.23,0.0,1.34,0.0,0.19,0.0,0.24,0.0,0.51,0.0,1.32
2025-05-22 20:00:00+00:00,0.0,0.18,0.0,0.22,0.0,1.22,0.0,0.24,0.0,0.3,0.0,0.65,0.0,1.28
2025-05-22 21:00:00+00:00,0.0,0.19,0.0,0.2,0.0,1.24,0.0,0.24,0.0,0.22,0.0,0.46,0.0,1.31
2025-05-22 22:00:00+00:00,0.0,0.17,0.0,0.19,0.0,1.06,0.0,0.23,0.0,0.18,0.0,1.25,0.0,1.27
2025-05-22 23:00:00+00:00,0.0,0.17,0.0,0.19,0.0,1.03,0.0,0.24,0.0,0.19,0.0,0.31,0.0,1.28
2025-05-23 00:00:00+00:00,0.0,0.2,0.0,0.19,0.0,3.22,0.0,0.21,0.0,0.21,0.0,0.34,0.0,1.28
2025-05-23 01:00:00+00:00,0.0,0.17,0.0,0.19,0.0,2.6,0.0,0.24,0.0,0.17,0.0,0.32,0.0,1.26
2025-05-23 02:00:00+00:00,0.0,0.19,0.0,0.19,0.0,1.0,0.0,0.24,0.0,0.2,0.0,0.33,0.0,1.31
2025-05-23 03:00:00+00:00,0.0,0.31,0.0,0.19,0.0,1.04,0.0,0.26,0.0,0.17,0.0,0.33,0.0,1.32
2025-05-23 04:00:00+00:00,0.06,0.2,0.01,0.23,0.43,1.16,0.0,0.21,0.0,0.2,0.0,0.31,0.0,2.12
2025-05-23 05:00:00+00:00,0.22,0.44,0.05,0.22,2.1,1.09,0.0,0.28,0.0,0.19,0.0,0.38,0.0,1.41
2025-05-23 06:00:00+00:00,0.51,0.55,0.11,0.23,3.21,1.06,0.0,0.32,0.0,0.2,0.0,0.34,0.0,1.49
2025-05-23 07:00:00+00:00,1.58,0.99,0.2,0.58,6.09,1.03,0.0,0.32,0.0,0.16,0.0,0.36,0.0,1.26
2025-05-23 08:00:00+00:00,2.87,1.05,0.21,0.34,8.59,1.07,0.0,0.24,0.0,0.18,0.0,0.34,0.0,1.29
2025-05-23 09:00:00+00:00,2.59,0.92,0.29,0.68,6.96,1.09,0.0,0.22,0.0,0.2,0.0,0.32,0.0,1.32
2025-05-23 10:00:00+00:00,2.5,0.74,0.37,0.71,7.82,4.49,0.0,0.2,0.0,0.16,0.0,0.32,0.0,1.42
2025-05-23 11:00:00+00:00,4.12,0.9,0.68,0.41,11.01,1.78,0.0,0.19,0.0,0.2,0.0,0.31,0.0,1.35
2025-05-23 12:00:00+00:00,2.49,0.75,0.49,0.37,7.27,1.27,0.0,0.13,0.0,0.17,0.0,0.31,0.0,1.33
2025-05-23 13:00:00+00:00,3.99,0.94,0.84,0.36,11.07,1.45,0.0,0.14,0.0,0.17,0.0,0.31,0.0,0.96
2025-05-23 14:00:00+00:00,3.11,1.0,0.7,0.37,9.53,1.24,0.0,0.15,0.0,0.19,0.0,0.32,0.0,0.82
2025-05-23 15:00:00+00:00,0.95,0.61,0.22,0.41,4.2,1.4,0.0,0.15,0.0,0.15,0.0,0.32,0.0,1.04
2025-05-23 16:00:00+00:00,0.41,0.42,0.13,0.29,2.64,1.31,0.0,0.13,0.0,0.17,0.0,0.3,0.0,1.04
2025-05-23 17:00:00+00:00,0.18,0.26,0.07,0.26,1.7,1.24,0.0,0.11,0.0,0.17,0.0,0.32,0.0,0.82
2025-05-23 18:00:00+00:00,0.06,0.25,0.01,0.27,0.61,1.5,0.0,0.15,0.0,0.12,0.0,0.41,0.0,1.19
2025-05-23 19:00:00+00:00,0.0,0.28,0.0,0.38,0.0,1.48,0.0,0.13,0.0,0.17,0.0,0.46,0.0,1.28
2025-05-23 20:00:00+00:00,0.0,0.17,0.0,0.38,0.0,3.6,0.0,0.11,0.0,0.15,0.0,0.5,0.0,1.29
2025-05-23 21:00:00+00:00,0.0,0.18,0.0,0.35,0.0,3.33,0.0,0.18,0.0,0.14,0.0,0.34,0.0,1.27
2025-05-23 22:00:00+00:00,0.0,0.18,0.0,0.35,0.0,0.95,0.0,0.11,0.0,0.17,0.0,0.29,0.0,1.28
2025-05-23 23:00:00+00:00,0.0,0.15,0.0,0.35,0.0,0.93,0.0,0.13,0.0,0.14,0.0,0.15,0.0,1.26
2025-05-24 00:00:00+00:00,0.0,0.17,0.0,0.35,0.0,0.93,0.0,0.18,0.0,0.16,0.0,0.19,0.0,1.27
2025-05-24 01:00:00+00:00,0.0,0.17,0.0,0.26,0.0,0.95,0.0,0.17,0.0,0.16,0.0,0.32,0.0,1.29
2025-05-24 02:00:00+00:00,0.0,0.15,0.0,0.19,0.0,0.96,0.0,0.18,0.0,0.13,0.0,0.31,0.0,1.3
2025-05-24 03:00:00+00:00,0.0,0.29,0.0,0.19,0.0,0.98,0.0,0.21,0.0,0.18,0.0,0.32,0.0,1.33
2025-05-24 04:00:00+00:00,0.06,0.17,0.02,0.22,1.21,1.04,0.0,0.25,0.0,0.14,0.0,0.29,0.0,1.35
2025-05-24 05:00:00+00:00,0.3,0.44,0.08,0.22,3.54,1.06,0.0,0.15,0.0,0.17,0.0,0.31,0.0,1.32
2025-05-24 06:00:00+00:00,1.32,0.87,0.12,0.33,6.85,1.06,0.0,0.12,0.0,0.19,0.0,0.33,0.0,1.29
2025-05-24 07:00:00+00:00,2.22,1.12,0.16,0.36,8.37,3.91,0.0,0.11,0.0,0.12,0.0,0.43,0.0,1.25
2025-05-24 08:00:00+00:00,3.23,1.06,0.2,0.36,10.05,2.4,0.0,0.11,0.0,0.17,0.0,0.43,0.0,1.21
2025-05-24 09:00:00+00:00,3.32,0.92,0.28,0.38,9.17,1.24,0.0,0.14,0.0,0.16,0.0,0.52,0.0,1.23
2025-05-24 10:00:00+00:00,3.36,0.9,0.38,0.39,9.55,1.24,0.0,0.17,0.0,0.17,0.0,0.34,0.0,1.18
2025-05-24 11:00:00+00:00,3.1,0.81,0.53,0.39,8.86,1.03,0.0,0.18,0.0,0.18,0.0,0.48,0.0,1.22
2025-05-24 12:00:00+00:00,4.0,0.95,0.81,0.39,11.06,1.03,0.0,0.16,0.0,0.13,0.0,0.33,0.0,1.09
2025-05-24 13:00:00+00:00,3.39,0.96,0.73,0.39,9.76,1.17,0.0,0.15,0.0,0.17,0.0,0.33,0.0,0.94
2025-05-24 14:00:00+00:00,2.41,0.98,0.52,0.4,7.39,1.23,0.0,0.11,0.0,0.15,0.0,0.31,0.0,0.8
2025-05-24 15:00:00+00:00,1.51,0.78,0.38,0.4,5.86,1.03,0.0,0.14,0.0,0.15,0.0,0.31,0.0,0.86
2025-05-24 16:00:00+00:00,0.76,0.57,0.2,0.33,3.86,1.01,0.0,0.13,0.0,0.17,0.0,0.31,0.0,0.88
2025-05-24 17:00:00+00:00,0.08,0.2,0.04,0.25,1.2,1.01,0.0,0.17,0.0,0.13,0.0,0.37,0.0,1.24
2025-05-24 18:00:00+00:00,0.06,0.3,0.0,0.26,0.17,1.75,0.0,0.13,0.0,0.17,0.0,0.35,0.0,1.2
2025-05-24 19:00:00+00:00,0.0,0.31,0.0,0.34,0.0,4.94,0.0,0.11,0.0,0.14,0.0,0.34,0.0,1.27
2025-05-24 20:00:00+00:00,0.0,0.19,0.0,0.34,0.0,1.77,0.0,0.13,0.0,0.17,0.0,0.35,0.0,1.2
2025-05-24 21:00:00+00:00,0.0,0.18,0.0,0.33,0.0,1.0,0.0,0.15,0.0,0.18,0.0,0.36,0.0,1.29
2025-05-24 22:00:00+00:00,0.0,0.18,0.0,0.29,0.0,0.98,0.0,0.15,0.0,0.21,0.0,0.42,0.0,1.19
2025-05-24 23:00:00+00:00,0.0,0.15,0.0,0.22,0.0,0.94,0.0,0.13,0.0,0.17,0.0,0.37,0.0,1.26
2025-05-25 00:00:00+00:00,0.0,0.18,0.0,0.22,0.0,0.93,0.0,0.14,0.0,0.15,0.0,0.36,0.0,1.21
2025-05-25 01:00:00+00:00,0.0,0.18,0.0,0.22,0.0,0.95,0.0,0.14,0.0,0.14,0.0,0.32,0.0,1.29
2025-05-25 02:00:00+00:00,0.0,0.17,0.0,0.23,0.0,0.93,0.0,0.15,0.0,0.17,0.0,0.3,0.0,1.22
2025-05-25 03:00:00+00:00,0.0,0.31,0.0,0.23,0.0,0.93,0.0,0.14,0.0,0.16,0.0,0.31,0.0,1.29
2025-05-25 04:00:00+00:00,0.06,0.23,0.0,0.25,0.1,0.99,0.0,0.17,0.0,0.12,0.0,0.32,0.0,1.22
2025-05-25 05:00:00+00:00,0.13,0.33,0.03,0.25,1.09,1.08,0.0,0.27,0.0,0.18,0.0,0.31,0.0,1.28
2025-05-25 06:00:00+00:00,0.26,0.47,0.06,0.24,1.89,3.85,0.0,0.28,0.0,0.17,0.0,0.31,0.0,1.23
2025-05-25 07:00:00+00:00,0.39,0.55,0.1,0.25,2.28,2.19,0.0,0.28,0.0,0.13,0.0,0.33,0.0,1.26
2025-05-25 08:00:00+00:00,0.88,0.61,0.16,0.24,3.82,1.3,0.0,0.25,0.0,0.18,0.0,0.6,0.0,1.16
2025-05-25 09:00:00+00:00,0.69,0.51,0.14,0.25,3.33,1.43,0.0,0.22,0.0,0.18,0.0,1.02,0.0,1.22
2025-05-25 10:00:00+00:00,1.64,0.73,0.24,0.26,5.37,1.13,0.0,0.22,0.0,0.14,0.0,0.82,0.0,1.1
2025-05-25 11:00:00+00:00,2.05,0.8,0.35,0.25,6.5,1.21,0.0,0.14,0.0,0.16,0.0,0.45,0.0,1.09
2025-05-25 12:00:00+00:00,3.37,0.94,0.61,0.25,9.21,1.16,0.0,0.11,0.0,0.2,0.0,0.4,0.0,1.01
2025-05-25 13:00:00+00:00,2.49,0.85,0.54,0.23,8.2,1.05,0.0,0.2,0.0,0.15,0.0,0.33,0.0,0.98
2025-05-25 14:00:00+00:00,0.5,0.5,0.13,0.24,3.06,1.37,0.0,0.15,0.0,0.13,0.0,0.64,0.0,1.19
2025-05-25 15:00:00+00:00,0.27,0.38,0.09,0.25,2.21,1.08,0.0,0.15,0.0,0.17,0.0,1.73,0.0,1.22
2025-05-25 16:00:00+00:00,0.22,0.32,0.08,0.25,2.04,2.84,0.0,0.15,0.0,0.17,0.0,1.54,0.0,1.22
2025-05-25 17:00:00+00:00,0.05,0.19,0.02,0.25,0.79,3.89,0.0,0.19,0.0,0.14,0.0,0.82,0.0,1.28
2025-05-25 18:00:00+00:00,0.06,0.29,0.0,0.25,0.24,1.34,0.0,0.11,0.0,0.3,0.0,1.08,0.0,1.28
2025-05-25 19:00:00+00:00,0.0,0.31,0.0,0.26,0.0,1.15,0.0,0.14,0.0,0.24,0.0,1.09,0.0,1.27
2025-05-25 20:00:00+00:00,0.0,0.19,0.0,0.25,0.0,1.23,0.0,0.11,0.0,0.27,0.0,0.5,0.0,1.27
2025-05-25 21:00:00+00:00,0.0,0.19,0.0,0.23,0.0,1.14,0.0,0.11,0.0,0.16,0.0,0.48,0.0,1.27
2025-05-25 22:00:00+00:00,0.0,0.19,0.0,0.24,0.0,1.03,0.0,0.11,0.0,0.14,0.0,0.43,0.0,1.27
2025-05-25 23:00:00+00:00,0.0,0.19,0.0,0.24,0.0,1.02,0.0,0.11,0.0,0.16,0.0,0.33,0.0,1.26
2025-05-26 00:00:00+00:00,0.0,0.18,0.0,0.32,0.0,1.08,0.0,0.13,0.0,0.14,0.0,0.32,0.0,1.26
2025-05-26 01:00:00+00:00,0.0,0.17,0.0,0.32,0.0,1.17,0.0,0.13,0.0,0.16,0.0,0.3,0.0,1.24
2025-05-26 02:00:00+00:00,0.0,0.19,0.0,0.32,0.0,1.06,0.0,0.12,0.0,0.17,0.0,0.32,0.0,1.25
2025-05-26 03:00:00+00:00,0.0,0.38,0.0,0.32,0.0,1.01,0.0,0.11,0.0,0.16,0.0,0.32,0.0,1.23
2025-05-26 04:00:00+00:00,0.08,0.37,0.0,0.34,0.04,4.46,0.0,0.11,0.0,0.13,0.0,0.32,0.0,1.32
2025-05-26 05:00:00+00:00,0.06,0.14,0.04,0.33,1.34,2.09,0.0,0.11,0.0,0.22,0.0,0.64,0.0,1.52
2025-05-26 06:00:00+00:00,0.05,0.17,0.03,0.78,1.02,1.56,0.0,0.3,0.0,0.13,0.0,0.43,0.0,1.6
2025-05-26 07:00:00+00:00,0.38,0.56,0.1,0.86,2.33,1.38,0.0,0.37,0.0,0.27,0.0,0.43,0.0,1.54
2025-05-26 08:00:00+00:00,1.25,0.87,0.21,0.82,4.9,1.52,0.0,0.33,0.0,0.17,0.0,0.24,0.0,1.98
2025-05-26 09:00:00+00:00,0.41,0.46,0.1,0.72,2.49,2.9,0.0,0.27,0.0,0.18,0.0,0.19,0.0,1.47
2025-05-26 10:00:00+00:00,1.05,0.65,0.17,0.74,4.12,1.09,0.0,0.19,0.0,0.2,0.0,0.49,0.0,1.4
2025-05-26 11:00:00+00:00,0.65,0.45,0.13,0.85,2.91,1.23,0.0,0.22,0.0,0.16,0.0,0.16,0.0,2.1
2025-05-26 12:00:00+00:00,3.22,0.97,0.57,0.82,9.19,1.24,0.0,0.2,0.0,0.21,0.0,0.24,0.0,1.45
2025-05-26 13:00:00+00:00,0.88,0.54,0.16,0.76,3.88,1.33,0.0,0.28,0.0,0.16,0.0,1.49,0.0,1.17
2025-05-26 14:00:00+00:00,0.19,0.28,0.08,0.7,2.09,1.26,0.0,0.12,0.0,0.18,0.0,0.42,0.0,1.31
2025-05-26 15:00:00+00:00,0.47,0.48,0.16,0.87,3.01,1.52,0.0,0.06,0.0,0.21,0.0,0.15,0.0,1.17
2025-05-26 16:00:00+00:00,0.35,0.33,0.14,0.48,2.65,1.56,0.0,0.08,0.0,0.17,0.0,0.55,0.0,1.12
2025-05-26 17:00:00+00:00,0.05,0.18,0.03,0.3,0.98,4.67,0.0,0.04,0.0,0.21,0.0,0.59,0.0,1.23
2025-05-26 18:00:00+00:00,0.08,0.34,0.0,0.3,0.25,2.72,0.0,0.04,0.0,0.18,0.0,0.45,0.0,1.31
2025-05-26 19:00:00+00:00,0.0,0.41,0.0,0.29,0.0,1.63,0.0,0.04,0.0,0.24,0.0,0.45,0.0,1.25
2025-05-26 20:00:00+00:00,0.0,0.26,0.0,0.29,0.0,1.34,0.0,0.04,0.0,0.29,0.0,0.54,0.0,1.3
2025-05-26 21:00:00+00:00,0.0,0.26,0.0,0.44,0.0,1.17,0.0,0.04,0.0,0.18,0.0,0.48,0.0,1.24
2025-05-26 22:00:00+00:00,0.0,0.26,0.0,0.27,0.0,1.02,0.0,0.04,0.0,0.22,0.0,0.46,0.0,1.28
2025-05-26 23:00:00+00:00,0.0,0.26,0.0,0.26,0.0,1.09,0.0,0.04,0.0,0.2,0.0,0.55,0.0,1.22
2025-05-27 00:00:00+00:00,0.0,0.26,0.0,0.26,0.0,1.17,0.0,0.04,0.0,0.16,0.0,0.1,0.0,1.26
2025-05-27 01:00:00+00:00,0.0,0.24,0.0,0.26,0.0,1.11,0.0,0.04,0.0,0.21,0.0,0.15,0.0,1.22
2025-05-27 02:00:00+00:00,0.0,0.23,0.0,0.26,0.0,1.25,0.0,0.04,0.0,0.17,0.0,0.33,0.0,1.27
2025-05-27 03:00:00+00:00,0.0,0.29,0.0,0.25,0.0,1.26,0.0,0.08,0.0,0.19,0.0,0.37,0.0,1.25
2025-05-27 04:00:00+00:00,0.05,0.25,0.0,0.25,0.11,1.34,0.0,0.09,0.0,0.2,0.0,0.37,0.0,1.32
2025-05-27 05:00:00+00:00,0.07,0.18,0.03,0.3,0.97,4.2,0.0,0.15,0.0,0.19,0.0,0.36,0.0,1.42
2025-05-27 06:00:00+00:00,0.11,0.19,0.04,0.37,1.34,2.37,0.0,0.18,0.0,0.18,0.0,0.77,0.0,1.53
2025-05-27 07:00:00+00:00,0.42,0.44,0.1,0.51,2.6,1.04,0.0,0.29,0.0,0.16,0.0,1.01,0.0,1.72
2025-05-27 08:00:00+00:00,2.27,0.93,0.21,0.62,6.8,1.23,0.0,0.2,0.0,0.19,0.0,1.04,0.0,1.97
2025-05-27 09:00:00+00:00,1.67,0.87,0.21,0.64,5.35,1.17,0.0,0.19,0.0,0.21,0.0,0.33,0.0,1.57
2025-05-27 10:00:00+00:00,1.59,0.94,0.26,0.55,5.79,1.38,0.0,0.12,0.0,0.21,0.0,0.32,0.0,1.44
2025-05-27 11:00:00+00:00,1.72,0.82,0.3,0.64,5.65,1.15,0.0,0.05,0.0,0.18,0.0,0.32,0.0,1.61
2025-05-27 12:00:00+00:00,1.57,0.69,0.27,0.73,4.85,1.18,0.0,0.04,0.0,0.13,0.0,0.31,0.0,1.58
2025-05-27 13:00:00+00:00,1.34,0.68,0.24,0.63,4.85,1.49,0.0,0.04,0.0,0.15,0.0,0.31,0.0,1.24
2025-05-27 14:00:00+00:00,0.92,0.65,0.21,0.64,3.97,1.55,0.0,0.08,0.0,0.18,0.0,0.59,0.0,1.19
2025-05-27 15:00:00+00:00,0.76,0.6,0.19,0.53,3.53,4.51,0.0,0.02,0.0,0.3,0.0,0.49,0.0,1.13
2025-05-27 16:00:00+00:00,0.52,0.47,0.18,0.42,3.11,4.1,0.0,0.06,0.0,0.35,0.0,0.35,0.0,1.8
2025-05-27 17:00:00+00:00,0.17,0.28,0.08,0.37,1.54,1.57,0.0,0.02,0.0,0.36,0.0,1.17,0.0,1.5
2025-05-27 18:00:00+00:00,0.05,0.22,0.0,0.28,0.32,1.6,0.0,0.02,0.0,0.38,0.0,0.45,0.0,1.26
2025-05-27 19:00:00+00:00,0.0,0.3,0.0,0.28,0.0,1.11,0.0,0.02,0.0,0.42,0.0,0.54,0.0,1.29
2025-05-27 20:00:00+00:00,0.0,0.17,0.0,0.27,0.0,1.23,0.0,0.02,0.0,0.35,0.0,0.42,0.0,1.27
2025-05-27 21:00:00+00:00,0.0,0.17,0.0,0.27,0.0,1.12,0.0,0.02,0.0,0.23,0.0,0.31,0.0,1.29
2025-05-27 22:00:00+00:00,0.0,0.17,0.0,0.27,0.0,1.02,0.0,0.02,0.0,0.17,0.0,0.34,0.0,1.26
2025-05-27 23:00:00+00:00,0.0,0.17,0.0,0.27,0.0,1.16,0.0,0.04,0.0,0.16,0.0,0.33,0.0,1.29
2025-05-28 00:00:00+00:00,0.0,0.14,0.0,0.27,0.0,0.92,0.0,0.03,0.0,0.12,0.0,0.31,0.0,1.24
2025-05-28 01:00:00+00:00,0.0,0.16,0.0,0.27,0.0,1.04,0.0,0.02,0.0,0.17,0.0,0.31,0.0,1.28
2025-05-28 02:00:00+00:00,0.0,0.18,0.0,0.25,0.0,0.95,0.0,0.04,0.0,0.13,0.0,0.32,0.0,1.26
2025-05-28 03:00:00+00:00,0.0,0.39,0.0,0.25,0.0,1.7,0.0,0.02,0.0,0.15,0.0,0.32,0.0,1.33
2025-05-28 04:00:00+00:00,0.05,0.22,0.0,0.25,0.39,4.26,0.0,0.02,0.0,0.16,0.0,0.32,0.0,1.29
2025-05-28 05:00:00+00:00,0.13,0.22,0.06,0.26,2.02,1.66,0.0,0.02,0.0,0.18,0.0,0.5,0.0,1.3
2025-05-28 06:00:00+00:00,0.39,0.39,0.1,0.33,2.77,1.1,0.0,0.06,0.0,0.34,0.0,0.64,0.0,1.29
2025-05-28 07:00:00+00:00,0.78,0.6,0.14,0.38,4.1,1.04,0.0,0.02,0.0,0.13,0.0,0.52,0.0,1.48
2025-05-28 08:00:00+00:00,1.24,0.7,0.2,0.47,4.62,1.07,0.0,0.02,0.0,0.17,0.0,0.36,0.0,1.25
2025-05-28 09:00:00+00:00,0.22,0.25,0.08,0.39,2.18,1.14,0.0,0.02,0.0,0.27,0.0,0.69,0.0,1.37
2025-05-28 10:00:00+00:00,0.17,0.31,0.06,0.41,1.94,1.42,0.0,0.02,0.0,0.32,0.0,0.81,0.0,1.49
2025-05-28 11:00:00+00:00,0.2,0.32,0.06,0.5,1.89,1.14,0.0,0.02,0.0,0.28,0.0,0.93,0.0,1.45
2025-05-28 12:00:00+00:00,0.08,0.19,0.04,0.49,1.27,1.14,0.0,0.02,0.0,0.14,0.0,0.37,0.0,1.36
2025-05-28 13:00:00+00:00,0.13,0.18,0.04,0.45,1.35,1.41,0.0,0.02,0.0,0.16,0.0,0.36,0.0,1.36
2025-05-28 14:00:00+00:00,0.07,0.13,0.05,0.24,1.44,1.41,0.0,0.02,0.0,0.12,0.0,0.66,0.0,1.28
2025-05-28 15:00:00+00:00,0.12,0.2,0.06,0.23,1.74,2.45,0.0,0.04,0.0,0.17,0.0,0.42,0.0,1.3
2025-05-28 16:00:00+00:00,0.05,0.14,0.04,0.23,1.19,4.9,0.0,0.04,0.0,0.27,0.0,0.35,0.0,1.26
2025-05-28 17:00:00+00:00,0.1,0.22,0.04,0.28,1.26,1.82,0.0,0.02,0.0,0.34,0.0,0.58,0.0,1.26
2025-05-28 18:00:00+00:00,0.07,0.31,0.0,0.25,0.23,1.6,0.0,0.02,0.0,0.33,0.0,0.44,0.0,1.27
2025-05-28 19:00:00+00:00,0.0,0.37,0.0,0.26,0.0,1.64,0.0,0.02,0.0,0.23,0.0,0.49,0.0,1.32
2025-05-28 20:00:00+00:00,0.0,0.24,0.0,0.34,0.0,1.4,0.0,0.02,0.0,0.2,0.0,0.44,0.0,1.27
2025-05-28 21:00:00+00:00,0.0,0.25,0.0,0.34,0.0,1.03,0.0,0.02,0.0,0.17,0.0,0.45,0.0,1.31
2025-05-28 22:00:00+00:00,0.0,0.23,0.0,0.34,0.0,0.94,0.0,0.02,0.0,0.3,0.0,0.33,0.0,1.26
2025-05-28 23:00:00+00:00,0.0,0.23,0.0,0.34,0.0,0.93,0.0,0.02,0.0,0.43,0.0,0.31,0.0,1.3
2025-05-29 00:00:00+00:00,0.0,0.23,0.0,0.34,0.0,0.93,0.0,0.02,0.0,0.37,0.0,0.3,0.0,1.28
2025-05-29 01:00:00+00:00,0.0,0.23,0.0,0.33,0.0,1.0,0.0,0.02,0.0,0.29,0.0,0.33,0.0,1.35
2025-05-29 02:00:00+00:00,0.0,0.24,0.0,0.31,0.0,1.8,0.0,0.02,0.0,0.3,0.0,0.32,0.0,1.31
2025-05-29 03:00:00+00:00,0.0,0.34,0.0,0.31,0.0,4.44,0.0,0.02,0.0,0.3,0.0,0.34,0.0,1.34
2025-05-29 04:00:00+00:00,0.07,0.2,0.02,0.32,0.71,1.27,0.0,0.06,0.0,0.29,0.0,0.34,0.0,1.3
2025-05-29 05:00:00+00:00,0.21,0.26,0.06,0.33,2.28,1.2,0.0,0.07,0.0,0.32,0.0,0.32,0.0,1.3
2025-05-29 06:00:00+00:00,0.36,0.38,0.08,0.34,2.18,1.17,0.0,0.11,0.0,0.28,0.0,0.32,0.0,1.27
2025-05-29 07:00:00+00:00,1.78,0.83,0.18,0.37,6.24,1.16,0.0,0.06,0.0,0.33,0.0,0.42,0.0,1.24
2025-05-29 08:00:00+00:00,1.54,0.69,0.18,0.37,5.35,1.39,0.0,0.04,0.0,0.27,0.0,0.53,0.0,1.21
2025-05-29 09:00:00+00:00,3.95,1.02,0.32,0.39,10.52,1.42,0.0,0.02,0.0,0.27,0.0,0.17,0.0,1.14
2025-05-29 10:00:00+00:00,3.07,1.03,0.44,0.39,8.26,1.24,0.0,0.03,0.0,0.66,0.0,0.2,0.0,1.17
2025-05-29 11:00:00+00:00,3.9,1.12,0.64,0.36,10.9,1.17,0.0,0.05,0.0,0.15,0.0,0.42,0.0,1.11
2025-05-29 12:00:00+00:00,2.83,1.12,0.55,0.43,7.62,1.04,0.0,0.03,0.0,0.18,0.0,0.35,0.0,1.07
2025-05-29 13:00:00+00:00,2.4,0.99,0.52,0.4,7.75,3.61,0.0,0.03,0.0,0.12,0.0,0.4,0.0,0.97
2025-05-29 14:00:00+00:00,2.21,1.0,0.49,0.4,7.12,2.9,0.0,0.04,0.0,0.17,0.0,0.44,0.0,0.9
2025-05-29 15:00:00+00:00,0.94,0.67,0.25,0.39,4.21,1.29,0.0,0.04,0.0,0.16,0.0,0.69,0.0,1.04
2025-05-29 16:00:00+00:00,0.54,0.51,0.19,0.38,3.58,1.45,0.0,0.04,0.0,0.15,0.0,0.26,0.0,0.86
2025-05-29 17:00:00+00:00,0.11,0.21,0.05,0.29,1.52,1.19,0.0,0.02,0.0,0.17,0.0,0.2,0.0,0.66
2025-05-29 18:00:00+00:00,0.07,0.32,0.0,0.26,0.41,1.15,0.0,0.07,0.0,0.24,0.0,0.34,0.0,1.16
2025-05-29 19:00:00+00:00,0.0,0.38,0.0,0.26,0.0,1.45,0.0,0.02,0.0,0.31,0.0,0.37,0.0,1.3
2025-05-29 20:00:00+00:00,0.0,0.28,0.0,0.25,0.0,1.38,0.0,0.04,0.0,0.29,0.0,0.51,0.0,1.33
2025-05-29 21:00:00+00:00,0.0,0.25,0.0,0.24,0.0,1.41,0.0,0.04,0.0,0.34,0.0,0.36,0.0,1.3
2025-05-29 22:00:00+00:00,0.0,0.25,0.0,0.24,0.0,1.23,0.0,0.06,0.0,0.23,0.0,0.33,0.0,1.32
2025-05-29 23:00:00+00:00,0.0,0.25,0.0,0.24,0.0,1.19,0.0,0.05,0.0,0.25,0.0,0.34,0.0,1.3
2025-05-30 00:00:00+00:00,0.0,0.27,0.0,0.24,0.0,1.22,0.0,0.02,0.0,0.21,0.0,0.35,0.0,1.32
2025-05-30 01:00:00+00:00,0.0,0.27,0.0,0.24,0.0,4.43,0.0,0.02,0.0,0.22,0.0,0.37,0.0,1.3
2025-05-30 02:00:00+00:00,0.0,0.24,0.0,0.24,0.0,2.16,0.0,0.02,0.0,0.23,0.0,0.35,0.0,1.31
2025-05-30 03:00:00+00:00,0.0,0.36,0.0,0.24,0.0,1.26,0.0,0.02,0.0,0.31,0.0,0.34,0.0,1.29
2025-05-30 04:00:00+00:00,0.06,0.21,0.02,0.26,1.6,1.34,0.0,0.02,0.0,0.34,0.0,0.33,0.0,1.28
2025-05-30 05:00:00+00:00,0.31,0.33,0.09,0.26,4.64,1.38,0.0,0.02,0.0,0.3,0.0,0.31,0.0,1.25
2025-05-30 06:00:00+00:00,1.18,0.76,0.09,0.34,6.55,1.38,0.0,0.02,0.0,0.35,0.0,0.31,0.0,1.29
2025-05-30 07:00:00+00:00,2.21,1.02,0.08,0.33,8.42,1.07,0.0,0.05,0.0,0.33,0.0,0.37,0.0,1.27
2025-05-30 08:00:00+00:00,3.17,1.03,0.06,0.32,9.91,1.15,0.0,0.1,0.0,0.32,0.0,0.6,0.0,1.26
2025-05-30 09:00:00+00:00,3.87,1.12,0.15,0.37,10.61,1.19,0.0,0.1,0.0,0.33,0.0,0.55,0.0,1.25
2025-05-30 10:00:00+00:00,4.26,1.16,0.5,0.41,11.15,1.1,0.0,0.1,0.0,0.32,0.0,0.3,0.0,1.23
2025-05-30 11:00:00+00:00,4.37,1.19,0.72,0.4,11.1,1.1,0.0,0.1,0.0,0.67,0.0,0.36,0.0,1.23
2025-05-30 12:00:00+00:00,4.17,1.37,0.82,0.41,10.67,3.64,0.0,0.1,0.0,0.63,0.0,0.34,0.0,1.18
2025-05-30 13:00:00+00:00,3.76,1.36,0.8,0.4,10.13,3.29,0.0,0.09,0.0,0.43,0.0,0.35,0.0,0.98
2025-05-30 14:00:00+00:00,2.97,1.36,0.66,0.39,8.71,1.26,0.0,0.09,0.0,0.37,0.0,0.36,0.0,0.71
2025-05-30 15:00:00+00:00,1.95,0.99,0.49,0.41,6.83,1.02,0.0,0.09,0.0,0.46,0.0,0.36,0.0,0.56
2025-05-30 16:00:00+00:00,0.83,0.65,0.25,0.25,4.67,1.08,0.0,0.09,0.0,0.44,0.0,0.36,0.0,0.41
2025-05-30 17:00:00+00:00,0.16,0.31,0.04,0.26,1.65,1.12,0.0,0.09,0.0,0.44,0.0,0.38,0.0,0.48
2025-05-30 18:00:00+00:00,0.08,0.38,0.0,0.26,0.46,1.88,0.0,0.09,0.0,0.29,0.0,1.1,0.0,1.09
2025-05-30 19:00:00+00:00,0.0,0.43,0.0,0.26,0.0,1.74,0.0,0.09,0.0,0.23,0.0,0.87,0.0,1.28
2025-05-30 20:00:00+00:00,0.0,0.28,0.0,0.25,0.0,1.73,0.0,0.09,0.0,0.17,0.0,0.29,0.0,1.28
2025-05-30 21:00:00+00:00,0.0,0.29,0.0,0.24,0.0,1.32,0.0,0.09,0.0,0.33,0.0,0.31,0.0,1.28
2025-05-30 22:00:00+00:00,0.0,0.28,0.0,0.24,0.0,1.27,0.0,0.09,0.0,0.39,0.0,0.33,0.0,1.29
2025-05-30 23:00:00+00:00,0.0,0.27,0.0,0.24,0.0,1.21,0.0,0.19,0.0,0.29,0.0,0.34,0.0,1.27
2025-05-31 00:00:00+00:00,0.0,0.28,0.0,0.24,0.0,1.28,0.0,0.19,0.0,0.17,0.0,0.34,0.0,1.3
2025-05-31 01:00:00+00:00,0.0,0.25,0.0,0.24,0.0,1.28,0.0,0.18,0.0,0.2,0.0,0.32,0.0,1.28
2025-05-31 02:00:00+00:00,0.0,0.27,0.0,0.24,0.0,4.18,0.0,0.16,0.0,0.17,0.0,0.33,0.0,1.3
2025-05-31 03:00:00+00:00,0.0,0.37,0.0,0.24,0.0,2.39,0.0,0.13,0.0,0.18,0.0,0.31,0.0,1.26
2025-05-31 04:00:00+00:00,0.06,0.22,0.02,0.26,1.62,1.37,0.0,0.09,0.0,0.18,0.0,0.34,0.0,1.29
2025-05-31 05:00:00+00:00,0.3,0.34,0.08,0.25,4.45,1.42,0.0,0.1,0.0,0.16,0.0,0.32,0.0,1.2
2025-05-31 06:00:00+00:00,1.16,0.72,0.1,0.36,6.48,1.47,0.0,0.14,0.0,0.21,0.0,0.42,0.0,1.25
2025-05-31 07:00:00+00:00,2.14,1.02,0.09,0.35,8.24,1.25,0.0,0.09,0.0,0.23,0.0,0.36,0.0,1.18
2025-05-31 08:00:00+00:00,2.92,1.05,0.09,0.34,9.41,1.24,0.0,0.09,0.0,0.22,0.0,0.41,0.0,1.22
2025-05-31 09:00:00+00:00,3.71,1.14,0.17,0.39,10.31,1.22,0.0,0.09,0.0,0.23,0.0,0.33,0.0,1.15
2025-05-31 10:00:00+00:00,4.08,1.19,0.5,0.41,10.83,1.23,0.0,0.09,0.0,0.19,0.0,0.45,0.0,1.2
2025-05-31 11:00:00+00:00,3.1,1.12,0.55,0.4,9.09,1.13,0.0,0.11,0.0,0.29,0.0,0.43,0.0,1.06
2025-05-31 12:00:00+00:00,3.83,1.19,0.78,0.43,10.18,1.09,0.0,0.09,0.0,0.32,0.0,0.41,0.0,1.07
2025-05-31 13:00:00+00:00,3.17,1.11,0.7,0.41,9.1,3.09,0.0,0.1,0.0,0.32,0.0,0.38,0.0,0.9
2025-05-31 14:00:00+00:00,2.82,1.21,0.65,0.41,8.5,3.86,0.0,0.09,0.0,0.28,0.0,0.52,0.0,0.73
2025-05-31 15:00:00+00:00,1.78,1.02,0.47,0.4,6.73,1.26,0.0,0.12,0.0,0.29,0.0,0.63,0.0,0.51
2025-05-31 16:00:00+00:00,0.76,0.81,0.23,0.38,4.23,1.02,0.0,0.13,0.0,0.28,0.0,0.48,0.0,0.58
2025-05-31 17:00:00+00:00,0.19,0.55,0.06,0.34,1.69,1.06,0.0,0.13,0.0,0.27,0.0,0.42,0.0,0.72
2025-05-31 18:00:00+00:00,0.07,0.33,0.01,0.3,0.62,1.0,0.0,0.09,0.0,0.61,0.0,0.43,0.0,1.15
2025-05-31 19:00:00+00:00,0.0,0.47,0.0,0.26,0.0,1.15,0.0,0.15,0.0,0.88,0.0,0.37,0.0,1.26
2025-05-31 20:00:00+00:00,0.0,0.33,0.0,0.25,0.0,1.29,0.0,0.11,0.0,0.5,0.0,0.36,0.0,1.3
2025-05-31 21:00:00+00:00,0.0,0.31,0.0,0.25,0.0,1.02,0.0,0.09,0.0,0.53,0.0,0.36,0.0,1.26
2025-05-31 22:00:00+00:00,0.0,0.28,0.0,0.25,0.0,0.98,0.0,0.09,0.0,0.36,0.0,0.43,0.0,1.3
2025-05-31 23:00:00+00:00,0.0,0.28,0.0,0.24,0.0,0.93,0.0,0.09,0.0,0.35,0.0,0.3,0.0,1.28
2025-06-01 00:00:00+00:00,0.0,0.28,0.0,0.25,0.0,1.0,0.0,0.09,0.0,0.32,0.0,0.34,0.0,1.31
2025-06-01 01:00:00+00:00,0.0,0.28,0.0,0.25,0.0,0.94,0.0,0.09,0.0,0.32,0.0,0.32,0.0,1.29
2025-06-01 02:00:00+00:00,0.0,0.28,0.0,0.25,0.0,0.93,0.0,0.09,0.0,0.33,0.0,0.3,0.0,1.31
2025-06-01 03:00:00+00:00,0.0,0.42,0.0,0.25,0.0,1.06,0.0,0.09,0.0,0.3,0.0,0.33,0.0,1.31
2025-06-01 04:00:00+00:00,0.04,0.36,0.0,0.26,0.08,1.07,0.0,0.09,0.0,0.35,0.0,0.35,0.0,1.32
2025-06-01 05:00:00+00:00,0.08,0.21,0.02,0.26,0.97,3.9,0.0,0.09,0.0,0.3,0.0,0.32,0.0,1.34
2025-06-01 06:00:00+00:00,0.33,0.37,0.09,0.26,2.46,3.91,0.0,0.12,0.0,0.33,0.0,0.32,0.0,1.3
2025-06-01 07:00:00+00:00,1.73,0.84,0.11,0.31,6.96,1.38,0.0,0.09,0.0,0.24,0.0,0.48,0.0,1.31
2025-06-01 08:00:00+00:00,2.97,1.05,0.16,0.38,9.65,1.27,0.0,0.09,0.0,0.15,0.0,0.41,0.0,1.17
2025-06-01 09:00:00+00:00,3.05,1.01,0.23,0.39,8.94,1.15,0.0,0.09,0.0,0.2,0.0,0.37,0.0,1.17
2025-06-01 10:00:00+00:00,3.88,1.17,0.51,0.42,10.75,1.11,0.0,0.09,0.0,0.15,0.0,0.34,0.0,1.09
2025-06-01 11:00:00+00:00,3.35,1.13,0.55,0.43,9.11,1.03,0.0,0.09,0.0,0.18,0.0,0.37,0.0,1.08
2025-06-01 12:00:00+00:00,4.06,1.22,0.81,0.41,10.87,1.03,0.0,0.09,0.0,0.18,0.0,0.43,0.0,1.03
2025-06-01 13:00:00+00:00,2.75,1.09,0.6,0.43,8.34,1.02,0.0,0.09,0.0,0.16,0.0,0.33,0.0,0.96
2025-06-01 14:00:00+00:00,2.03,1.0,0.48,0.4,7.21,1.04,0.0,0.09,0.0,0.23,0.0,0.32,0.0,0.84
2025-06-01 15:00:00+00:00,1.04,0.61,0.26,0.39,4.38,1.01,0.0,0.09,0.0,0.23,0.0,0.33,0.0,0.99
2025-06-01 16:00:00+00:00,0.09,0.32,0.04,0.34,1.15,1.08,0.0,0.09,0.0,0.29,0.0,0.91,0.0,1.22
2025-06-01 17:00:00+00:00,0.08,0.44,0.0,0.27,0.04,1.44,0.0,0.12,0.0,0.29,0.0,0.44,0.0,1.3
2025-06-01 18:00:00+00:00,0.07,0.35,0.0,0.27,0.26,1.42,0.0,0.11,0.0,0.25,0.0,0.4,0.0,1.36
2025-06-01 19:00:00+00:00,0.0,0.67,0.0,0.27,0.0,1.34,0.0,0.11,0.0,0.34,0.0,0.39,0.0,1.44
2025-06-01 20:00:00+00:00,0.0,0.53,0.0,0.26,0.0,1.12,0.0,0.11,0.0,0.27,0.0,0.37,0.0,1.39
2025-06-01 21:00:00+00:00,0.0,0.44,0.0,0.25,0.0,1.21,0.0,0.09,0.0,0.21,0.0,0.34,0.0,1.44
2025-06-01 22:00:00+00:00,0.0,0.29,0.0,0.25,0.0,4.85,0.0,0.09,0.0,0.24,0.0,0.32,0.0,1.4
2025-06-01 23:00:00+00:00,0.0,0.29,0.0,0.25,0.0,2.81,0.0,0.09,0.0,0.2,0.0,0.33,0.0,1.45
2025-06-02 00:00:00+00:00,0.0,0.25,0.0,0.25,0.0,1.06,0.0,0.09,0.0,0.23,0.0,0.32,0.0,1.41
2025-06-02 01:00:00+00:00,0.0,0.28,0.0,0.25,0.0,1.17,0.0,0.09,0.0,0.3,0.0,0.31,0.0,1.48
2025-06-02 02:00:00+00:00,0.0,0.27,0.0,0.25,0.0,1.11,0.0,0.1,0.0,0.31,0.0,0.31,0.0,1.44
2025-06-02 03:00:00+00:00,0.0,0.4,0.0,0.25,0.0,1.14,0.0,0.08,0.0,0.35,0.0,0.34,0.0,1.49
2025-06-02 04:00:00+00:00,0.06,0.26,0.0,0.26,0.36,1.22,0.0,0.11,0.0,0.31,0.0,0.33,0.0,1.46
2025-06-02 05:00:00+00:00,0.05,0.2,0.01,0.26,0.73,1.15,0.0,0.11,0.0,0.35,0.0,0.38,0.0,1.58
2025-06-02 06:00:00+00:00,0.06,0.17,0.02,0.34,1.19,1.42,0.0,0.09,0.0,0.32,0.0,0.5,0.0,1.81
2025-06-02 07:00:00+00:00,0.67,0.5,0.12,0.43,3.15,1.5,0.0,0.09,0.0,0.34,0.0,1.18,0.0,1.69
2025-06-02 08:00:00+00:00,1.01,0.65,0.17,0.4,4.37,1.67,0.0,0.09,0.0,0.33,0.0,0.34,0.0,1.59
2025-06-02 09:00:00+00:00,1.59,0.96,0.24,0.4,5.63,3.4,0.0,0.09,0.0,0.32,0.0,0.3,0.0,1.46
2025-06-02 10:00:00+00:00,1.53,0.92,0.23,0.36,5.59,1.34,0.0,0.09,0.0,0.36,0.0,0.32,0.0,1.45
2025-06-02 11:00:00+00:00,2.46,1.1,0.37,0.43,7.17,1.35,0.0,0.11,0.0,0.31,0.0,0.33,0.0,1.41
2025-06-02 12:00:00+00:00,1.15,0.78,0.2,0.48,4.6,2.06,0.0,0.09,0.0,0.34,0.0,0.32,0.0,1.4
2025-06-02 13:00:00+00:00,1.93,0.96,0.39,0.39,6.29,2.77,0.0,0.12,0.0,0.33,0.0,0.32,0.0,1.36
2025-06-02 14:00:00+00:00,0.12,0.4,0.03,0.7,0.86,1.78,0.0,0.12,0.0,0.44,0.0,0.32,0.0,1.5
2025-06-02 15:00:00+00:00,0.12,0.31,0.03,0.37,0.91,1.77,0.0,0.12,0.0,0.55,0.0,0.42,0.0,1.41
2025-06-02 16:00:00+00:00,0.05,0.22,0.02,0.37,0.87,2.12,0.0,0.13,0.0,0.49,0.0,0.35,0.0,1.45
2025-06-02 17:00:00+00:00,0.07,0.32,0.0,0.5,0.16,1.58,0.0,0.11,0.0,0.42,0.0,1.28,0.0,1.46
2025-06-02 18:00:00+00:00,0.07,0.4,0.0,0.33,0.07,1.5,0.0,0.13,0.0,0.48,0.0,0.44,0.0,1.48
2025-06-02 19:00:00+00:00,0.0,0.39,0.0,0.3,0.0,1.59,0.0,0.14,0.0,0.32,0.0,0.37,0.0,1.46
2025-06-02 20:00:00+00:00,0.0,0.26,0.0,0.3,0.0,1.53,0.0,0.09,0.0,0.38,0.0,0.34,0.0,1.49
2025-06-02 21:00:00+00:00,0.0,0.27,0.0,0.29,0.0,1.0,0.0,0.09,0.0,0.33,0.0,0.32,0.0,1.47
2025-06-02 22:00:00+00:00,0.0,0.29,0.0,0.29,0.0,1.09,0.0,0.09,0.0,0.31,0.0,0.34,0.0,1.5
2025-06-02 23:00:00+00:00,0.0,0.26,0.0,0.29,0.0,1.0,0.0,0.08,0.0,0.18,0.0,0.32,0.0,1.48
2025-06-03 00:00:00+00:00,0.0,0.27,0.0,0.29,0.0,3.3,0.0,0.11,0.0,0.19,0.0,0.32,0.0,1.52
2025-06-03 01:00:00+00:00,0.0,0.26,0.0,0.28,0.0,3.56,0.0,0.09,0.0,0.22,0.0,0.32,0.0,1.51
2025-06-03 02:00:00+00:00,0.0,0.26,0.0,0.29,0.0,1.13,0.0,0.08,0.0,0.19,0.0,0.32,0.0,1.54
2025-06-03 03:00:00+00:00,0.0,0.38,0.0,0.38,0.0,0.98,0.0,0.09,0.0,0.2,0.0,0.33,0.0,1.51
2025-06-03 04:00:00+00:00,0.07,0.34,0.0,0.39,0.09,1.09,0.0,0.09,0.0,0.16,0.0,0.33,0.0,1.54
2025-06-03 05:00:00+00:00,0.05,0.16,0.02,0.39,0.88,1.1,0.0,0.09,0.0,0.18,0.0,0.59,0.0,1.93
2025-06-03 06:00:00+00:00,0.56,0.43,0.1,0.76,3.14,1.25,0.0,0.06,0.0,0.19,0.0,0.4,0.0,1.63
2025-06-03 07:00:00+00:00,1.08,0.87,0.18,0.96,4.87,1.14,0.0,0.1,0.0,0.18,0.0,0.36,0.0,1.51
2025-06-03 08:00:00+00:00,2.45,1.15,0.24,0.99,7.77,1.46,0.0,0.09,0.0,0.2,0.0,0.36,0.0,1.49
2025-06-03 09:00:00+00:00,3.16,1.25,0.29,0.93,8.69,1.42,0.0,0.09,0.0,0.18,0.0,0.36,0.0,1.38
2025-06-03 10:00:00+00:00,3.97,1.25,0.54,0.95,10.96,1.56,0.0,0.09,0.0,0.23,0.0,0.37,0.0,1.31
2025-06-03 11:00:00+00:00,4.29,1.16,0.73,0.9,11.12,1.34,0.0,0.09,0.0,0.29,0.0,0.36,0.0,1.26
2025-06-03 12:00:00+00:00,3.8,1.09,0.73,0.87,10.46,1.09,0.0,0.11,0.0,0.31,0.0,0.37,0.0,1.17
2025-06-03 13:00:00+00:00,1.57,0.77,0.34,0.83,5.32,3.49,0.0,0.13,0.0,0.37,0.0,0.36,0.0,1.13
2025-06-03 14:00:00+00:00,1.32,0.78,0.33,0.78,4.85,1.11,0.0,0.11,0.0,0.47,0.0,0.97,0.0,1.06
2025-06-03 15:00:00+00:00,0.82,0.63,0.23,0.71,3.98,1.18,0.0,0.11,0.0,0.37,0.0,0.57,0.0,1.01
2025-06-03 16:00:00+00:00,0.19,0.28,0.07,0.47,2.0,1.39,0.0,0.11,0.0,0.33,0.0,0.26,0.0,1.27
2025-06-03 17:00:00+00:00,0.05,0.21,0.02,0.41,0.79,1.66,0.0,0.09,0.0,0.57,0.0,1.04,0.0,1.31
2025-06-03 18:00:00+00:00,0.07,0.37,0.0,0.42,0.35,1.36,0.0,0.09,0.0,0.44,0.0,0.43,0.0,1.3
2025-06-03 19:00:00+00:00,0.0,0.63,0.0,0.43,0.0,1.6,0.0,0.09,0.0,0.32,0.0,0.45,0.0,1.32
2025-06-03 20:00:00+00:00,0.0,0.34,0.0,0.41,0.0,1.46,0.0,0.09,0.0,0.36,0.0,0.57,0.0,1.33
2025-06-03 21:00:00+00:00,0.0,0.28,0.0,0.4,0.0,3.08,0.0,0.09,0.0,0.32,0.0,0.38,0.0,1.34
2025-06-03 22:00:00+00:00,0.0,0.27,0.0,0.4,0.0,3.75,0.0,0.09,0.0,0.33,0.0,0.32,0.0,1.35
2025-06-03 23:00:00+00:00,0.0,0.28,0.0,0.4,0.0,1.05,0.0,0.11,0.0,0.24,0.0,0.33,0.0,1.36
2025-06-04 00:00:00+00:00,0.0,0.26,0.0,0.39,0.0,1.08,0.0,0.11,0.0,0.16,0.0,0.32,0.0,1.36
2025-06-04 01:00:00+00:00,0.0,0.26,0.0,0.39,0.0,1.0,0.0,0.09,0.0,0.2,0.0,0.31,0.0,1.37
2025-06-04 02:00:00+00:00,0.0,0.27,0.0,0.4,0.0,0.99,0.0,0.08,0.0,0.16,0.0,0.31,0.0,1.37
2025-06-04 03:00:00+00:00,0.0,0.37,0.0,0.4,0.0,1.02,0.0,0.1,0.0,0.18,0.0,0.33,0.0,1.36
2025-06-04 04:00:00+00:00,0.11,0.59,0.0,0.41,0.61,1.2,0.0,0.08,0.0,0.2,0.0,0.33,0.0,1.43
2025-06-04 05:00:00+00:00,0.11,0.55,0.01,0.42,0.55,1.19,0.0,0.06,0.0,0.16,0.0,0.5,0.0,2.06
2025-06-04 06:00:00+00:00,0.21,0.41,0.07,0.43,1.99,1.25,0.0,0.1,0.0,0.19,0.0,0.46,0.0,1.83
2025-06-04 07:00:00+00:00,0.75,0.59,0.15,0.63,3.47,1.18,0.0,0.14,0.0,0.2,0.0,0.32,0.0,1.79
2025-06-04 08:00:00+00:00,2.18,0.91,0.24,0.61,7.27,1.13,0.0,0.11,0.0,0.25,0.0,0.13,0.0,1.44
2025-06-04 09:00:00+00:00,1.96,0.87,0.27,0.73,6.64,2.04,0.0,0.11,0.0,0.27,0.0,0.15,0.0,1.3
2025-06-04 10:00:00+00:00,1.88,0.89,0.3,0.68,6.23,2.99,0.0,0.1,0.0,0.27,0.0,0.67,0.0,1.31
2025-06-04 11:00:00+00:00,2.03,0.9,0.33,0.8,6.42,1.02,0.0,0.09,0.0,0.29,0.0,0.37,0.0,1.32
2025-06-04 12:00:00+00:00,2.48,0.96,0.43,0.8,7.58,1.07,0.0,0.09,0.0,0.2,0.0,0.37,0.0,1.14
2025-06-04 13:00:00+00:00,1.99,0.9,0.38,0.77,6.67,1.34,0.0,0.22,0.0,0.2,0.0,0.36,0.0,1.25
2025-06-04 14:00:00+00:00,0.83,0.65,0.19,0.64,4.08,1.46,0.0,0.11,0.0,0.22,0.0,0.36,0.0,1.21
2025-06-04 15:00:00+00:00,0.17,0.39,0.03,1.17,1.06,1.57,0.0,0.09,0.0,0.2,0.0,0.37,0.0,1.39
2025-06-04 16:00:00+00:00,0.04,0.15,0.03,1.03,0.98,1.58,0.0,0.08,0.0,0.32,0.0,0.35,0.0,1.37
2025-06-04 17:00:00+00:00,0.05,0.23,0.01,0.32,0.7,1.74,0.0,0.09,0.0,0.3,0.0,0.41,0.0,1.43
2025-06-04 18:00:00+00:00,0.07,0.39,0.0,0.26,0.26,3.97,0.0,0.09,0.0,0.28,0.0,0.53,0.0,1.39
2025-06-04 19:00:00+00:00,0.0,0.39,0.0,0.25,0.0,3.81,0.0,0.09,0.0,0.63,0.0,0.48,0.0,1.42
2025-06-04 20:00:00+00:00,0.0,0.27,0.0,0.24,0.0,1.48,0.0,0.09,0.0,0.4,0.0,0.34,0.0,1.35
2025-06-04 21:00:00+00:00,0.0,0.26,0.0,0.31,0.0,0.93,0.0,0.11,0.0,0.33,0.0,0.19,0.0,1.39
2025-06-04 22:00:00+00:00,0.0,0.24,0.0,0.33,0.0,0.85,0.0,0.2,0.0,0.32,0.0,0.15,0.0,1.36
2025-06-04 23:00:00+00:00,0.0,0.25,0.0,0.33,0.0,0.85,0.0,0.13,0.0,0.32,0.0,0.27,0.0,1.37
2025-06-05 00:00:00+00:00,0.0,0.25,0.0,0.33,0.0,0.86,0.0,0.13,0.0,0.37,0.0,0.3,0.0,1.35
2025-06-05 01:00:00+00:00,0.0,0.27,0.0,0.33,0.0,0.98,0.0,0.19,0.0,0.32,0.0,0.32,0.0,1.37
2025-06-05 02:00:00+00:00,0.0,0.27,0.0,0.33,0.0,0.93,0.0,0.13,0.0,0.37,0.0,0.32,0.0,1.34
2025-06-05 03:00:00+00:00,0.0,0.54,0.0,0.31,0.0,0.89,0.0,0.17,0.0,0.35,0.0,0.32,0.0,1.36
2025-06-05 04:00:00+00:00,0.1,0.56,0.0,0.34,0.25,0.96,0.0,0.07,0.0,0.43,0.0,0.32,0.0,1.33
2025-06-05 05:00:00+00:00,0.13,0.5,0.02,0.34,0.85,0.99,0.0,0.11,0.0,0.26,0.0,0.41,0.0,1.57
2025-06-05 06:00:00+00:00,0.21,0.5,0.04,0.39,1.28,3.16,0.0,0.19,0.0,0.16,0.0,0.33,0.0,1.6
2025-06-05 07:00:00+00:00,0.93,0.66,0.15,0.92,4.17,2.02,0.0,0.15,0.0,0.19,0.0,0.32,0.0,1.48
2025-06-05 08:00:00+00:00,0.83,0.48,0.13,0.82,3.72,1.13,0.0,0.16,0.0,0.15,0.0,0.31,0.0,1.56
2025-06-05 09:00:00+00:00,2.13,0.81,0.25,0.96,6.04,1.25,0.0,0.09,0.0,0.19,0.0,0.31,0.0,1.48
2025-06-05 10:00:00+00:00,2.28,0.9,0.36,0.74,7.66,1.23,0.0,0.12,0.0,0.16,0.0,0.33,0.0,1.26
2025-06-05 11:00:00+00:00,1.52,0.77,0.24,0.59,5.21,1.02,0.0,0.14,0.0,0.18,0.0,0.32,0.0,1.23
2025-06-05 12:00:00+00:00,1.52,0.73,0.26,0.61,5.25,1.12,0.0,0.06,0.0,0.19,0.0,0.32,0.0,1.17
2025-06-05 13:00:00+00:00,0.67,0.45,0.16,0.59,3.54,1.18,0.0,0.11,0.0,0.12,0.0,0.31,0.0,1.39
2025-06-05 14:00:00+00:00,0.36,0.4,0.09,0.84,2.05,1.27,0.0,0.04,0.0,0.17,0.0,0.31,0.0,1.27
2025-06-05 15:00:00+00:00,0.61,0.54,0.17,0.87,3.56,4.2,0.0,0.09,0.0,0.16,0.0,0.31,0.0,1.22
2025-06-05 16:00:00+00:00,0.62,0.54,0.18,0.63,3.53,4.21,0.0,0.06,0.0,0.22,0.0,0.31,0.0,1.04
2025-06-05 17:00:00+00:00,0.15,0.26,0.08,0.35,1.82,1.05,0.0,0.06,0.0,0.29,0.0,0.31,0.0,1.0
2025-06-05 18:00:00+00:00,0.06,0.29,0.0,0.36,0.41,1.19,0.0,0.02,0.0,0.24,0.0,0.32,0.0,1.35
2025-06-05 19:00:00+00:00,0.0,0.46,0.0,0.36,0.0,1.38,0.0,0.08,0.0,0.22,0.0,0.31,0.0,1.36
2025-06-05 20:00:00+00:00,0.0,0.27,0.0,0.34,0.0,1.28,0.0,0.05,0.0,0.32,0.0,0.31,0.0,1.39
2025-06-05 21:00:00+00:00,0.0,0.26,0.0,0.33,0.0,0.9,0.0,0.05,0.0,0.31,0.0,0.32,0.0,1.38
2025-06-05 22:00:00+00:00,0.0,0.26,0.0,0.33,0.0,0.92,0.0,0.08,0.0,0.31,0.0,0.35,0.0,1.38
2025-06-05 23:00:00+00:00,0.0,0.29,0.0,0.33,0.0,1.04,0.0,0.09,0.0,0.27,0.0,0.67,0.0,1.38
2025-06-06 00:00:00+00:00,0.0,0.26,0.0,0.33,0.0,0.98,0.0,0.1,0.0,0.32,0.0,0.34,0.0,1.39
2025-06-06 01:00:00+00:00,0.0,0.25,0.0,0.33,0.0,0.97,0.0,0.13,0.0,0.27,0.0,0.33,0.0,1.38
2025-06-06 02:00:00+00:00,0.0,0.29,0.0,0.33,0.0,1.01,0.0,0.12,0.0,0.3,0.0,0.32,0.0,1.39
2025-06-06 03:00:00+00:00,0.0,0.68,0.0,0.31,0.0,0.88,0.0,0.07,0.0,0.29,0.0,0.32,0.0,1.39
2025-06-06 04:00:00+00:00,0.1,0.62,0.0,0.34,0.39,1.03,0.0,0.06,0.0,0.29,0.0,0.32,0.0,1.37
2025-06-06 05:00:00+00:00,0.16,0.44,0.03,0.32,1.41,3.88,0.0,0.07,0.0,0.35,0.0,0.32,0.0,1.39
2025-06-06 06:00:00+00:00,0.94,0.76,0.09,0.33,5.46,1.0,0.0,0.04,0.0,0.28,0.0,0.36,0.0,1.69
2025-06-06 07:00:00+00:00,2.18,0.99,0.11,0.32,8.18,0.99,0.0,0.07,0.0,0.32,0.0,0.48,0.0,1.54
2025-06-06 08:00:00+00:00,1.38,0.62,0.18,0.4,5.74,1.16,0.0,0.2,0.0,0.29,0.0,0.33,0.0,1.53
2025-06-06 09:00:00+00:00,0.44,0.38,0.12,0.26,2.54,1.11,0.0,0.24,0.0,0.29,0.0,0.32,0.0,1.44
2025-06-06 10:00:00+00:00,0.44,0.39,0.13,0.39,2.84,1.14,0.0,0.16,0.0,0.29,0.0,0.32,0.0,1.42
2025-06-06 11:00:00+00:00,0.23,0.25,0.1,0.38,2.1,1.13,0.0,0.17,0.0,0.14,0.0,0.31,0.0,1.27
2025-06-06 12:00:00+00:00,0.37,0.33,0.13,0.34,2.4,1.29,0.0,0.15,0.0,0.16,0.0,0.32,0.0,1.25
2025-06-06 13:00:00+00:00,3.34,0.98,0.67,0.34,8.6,1.73,0.0,0.21,0.0,0.14,0.0,0.32,0.0,0.96
2025-06-06 14:00:00+00:00,2.83,1.08,0.6,0.33,9.19,4.32,0.0,0.12,0.0,0.13,0.0,0.31,0.0,0.8
2025-06-06 15:00:00+00:00,1.62,0.87,0.36,0.43,5.63,3.22,0.0,0.12,0.0,0.16,0.0,0.33,0.0,0.88
2025-06-06 16:00:00+00:00,0.93,0.67,0.25,0.39,4.91,1.42,0.0,0.18,0.0,0.12,0.0,0.35,0.0,0.55
2025-06-06 17:00:00+00:00,0.16,0.31,0.06,0.39,1.84,1.59,0.0,0.21,0.0,0.15,0.0,0.31,0.0,1.04
2025-06-06 18:00:00+00:00,0.08,0.38,0.0,0.39,0.15,1.33,0.0,0.17,0.0,0.15,0.0,0.31,0.0,1.33
2025-06-06 19:00:00+00:00,0.0,0.39,0.0,0.35,0.0,1.66,0.0,0.14,0.0,0.12,0.0,0.32,0.0,1.33
2025-06-06 20:00:00+00:00,0.0,0.28,0.0,0.34,0.0,1.64,0.0,0.1,0.0,0.17,0.0,0.31,0.0,1.39
2025-06-06 21:00:00+00:00,0.0,0.25,0.0,0.32,0.0,1.11,0.0,0.12,0.0,0.14,0.0,0.32,0.0,1.4
2025-06-06 22:00:00+00:00,0.0,0.25,0.0,0.32,0.0,1.05,0.0,0.14,0.0,0.14,0.0,0.31,0.0,1.48
2025-06-06 23:00:00+00:00,0.0,0.27,0.0,0.32,0.0,1.0,0.0,0.12,0.0,0.17,0.0,0.32,0.0,1.46
2025-06-07 00:00:00+00:00,0.0,0.26,0.0,0.32,0.0,1.07,0.0,0.15,0.0,0.13,0.0,0.31,0.0,1.54
2025-06-07 01:00:00+00:00,0.0,0.25,0.0,0.32,0.0,0.95,0.0,0.14,0.0,0.16,0.0,0.3,0.0,1.5
2025-06-07 02:00:00+00:00,0.0,0.26,0.0,0.32,0.0,1.0,0.0,0.11,0.0,0.15,0.0,0.31,0.0,1.59
2025-06-07 03:00:00+00:00,0.0,0.39,0.0,0.32,0.0,0.86,0.0,0.14,0.0,0.16,0.0,0.32,0.0,1.54
2025-06-07 04:00:00+00:00,0.06,0.33,0.0,0.33,0.06,3.91,0.0,0.19,0.0,0.22,0.0,0.32,0.0,1.59
2025-06-07 05:00:00+00:00,0.1,0.44,0.01,0.32,0.68,0.99,0.0,0.15,0.0,0.17,0.0,0.32,0.0,1.53
2025-06-07 06:00:00+00:00,0.26,0.42,0.07,0.32,2.09,0.94,0.0,0.18,0.0,0.2,0.0,0.31,0.0,1.48
2025-06-07 07:00:00+00:00,0.58,0.61,0.13,0.31,3.41,1.05,0.0,0.19,0.0,0.2,0.0,0.31,0.0,1.43
2025-06-07 08:00:00+00:00,1.37,0.65,0.17,0.31,4.91,0.96,0.0,0.2,0.0,0.23,0.0,0.3,0.0,1.38
2025-06-07 09:00:00+00:00,1.94,0.82,0.25,0.35,6.39,0.97,0.0,0.15,0.0,0.32,0.0,0.3,0.0,1.34
2025-06-07 10:00:00+00:00,1.36,0.62,0.2,0.31,4.79,0.98,0.0,0.12,0.0,0.28,0.0,0.32,0.0,1.36
2025-06-07 11:00:00+00:00,0.1,0.21,0.03,0.32,1.19,0.96,0.0,0.11,0.0,0.29,0.0,0.32,0.0,1.47
2025-06-07 12:00:00+00:00,0.19,0.21,0.05,0.31,1.71,0.95,0.0,0.14,0.0,0.31,0.0,0.32,0.0,1.43
2025-06-07 13:00:00+00:00,0.59,0.44,0.12,0.31,2.76,0.96,0.0,0.09,0.0,0.27,0.0,0.31,0.0,1.37
2025-06-07 14:00:00+00:00,0.12,0.31,0.03,0.31,1.07,3.96,0.0,0.17,0.0,0.31,0.0,0.32,0.0,1.47
2025-06-07 15:00:00+00:00,0.06,0.22,0.01,0.31,0.76,0.99,0.0,0.15,0.0,0.29,0.0,0.3,0.0,1.47
2025-06-07 16:00:00+00:00,0.05,0.15,0.03,0.31,1.18,1.0,0.0,0.1,0.0,0.29,0.0,0.31,0.0,1.46
2025-06-07 17:00:00+00:00,0.04,0.17,0.01,0.32,0.78,0.96,0.0,0.02,0.0,0.31,0.0,0.31,0.0,1.45
2025-06-07 18:00:00+00:00,0.06,0.31,0.0,0.33,0.32,1.14,0.0,0.02,0.0,0.27,0.0,0.32,0.0,1.5
2025-06-07 19:00:00+00:00,0.0,0.37,0.0,0.32,0.0,1.45,0.0,0.06,0.0,0.31,0.0,0.32,0.0,1.47
2025-06-07 20:00:00+00:00,0.0,0.25,0.0,0.31,0.0,1.17,0.0,0.08,0.0,0.29,0.0,0.31,0.0,1.51
2025-06-07 21:00:00+00:00,0.0,0.24,0.0,0.29,0.0,1.08,0.0,0.04,0.0,0.28,0.0,0.32,0.0,1.48
2025-06-07 22:00:00+00:00,0.0,0.26,0.0,0.29,0.0,2.22,0.0,0.02,0.0,0.32,0.0,0.31,0.0,1.47
2025-06-07 23:00:00+00:00,0.0,0.26,0.0,0.35,0.0,3.94,0.0,0.02,0.0,0.27,0.0,0.3,0.0,1.47
2025-06-08 00:00:00+00:00,0.0,0.23,0.0,0.4,0.0,1.61,0.0,0.04,0.0,0.28,0.0,0.3,0.0,1.47
2025-06-08 01:00:00+00:00,0.0,0.27,0.0,0.39,0.0,0.88,0.0,0.13,0.0,0.16,0.0,0.32,0.0,1.51
2025-06-08 02:00:00+00:00,0.0,0.24,0.0,0.37,0.0,0.89,0.0,0.14,0.0,0.13,0.0,0.32,0.0,1.46
2025-06-08 03:00:00+00:00,0.0,0.35,0.0,0.36,0.0,0.84,0.0,0.14,0.0,0.17,0.0,0.31,0.0,1.43
2025-06-08 04:00:00+00:00,0.06,0.27,0.0,0.37,0.24,1.0,0.0,0.14,0.0,0.12,0.0,0.32,0.0,1.37
2025-06-08 05:00:00+00:00,0.27,0.3,0.06,0.36,2.59,0.97,0.0,0.08,0.0,0.15,0.0,0.32,0.0,1.33
2025-06-08 06:00:00+00:00,0.73,0.64,0.11,0.39,4.55,0.96,0.0,0.1,0.0,0.14,0.0,0.3,0.0,1.28
2025-06-08 07:00:00+00:00,2.3,1.18,0.19,0.42,8.09,1.12,0.0,0.14,0.0,0.13,0.0,0.31,0.0,1.19
2025-06-08 08:00:00+00:00,2.35,1.04,0.22,0.44,7.91,1.32,0.0,0.14,0.0,0.17,0.0,0.31,0.0,1.18
2025-06-08 09:00:00+00:00,3.5,1.03,0.3,0.46,10.08,1.26,0.0,0.09,0.0,0.13,0.0,0.32,0.0,1.11
2025-06-08 10:00:00+00:00,3.4,0.96,0.44,0.46,9.03,1.94,0.0,0.09,0.0,0.16,0.0,0.32,0.0,1.1
2025-06-08 11:00:00+00:00,1.36,0.65,0.24,0.38,5.38,3.26,0.0,0.1,0.0,0.16,0.0,0.31,0.0,1.16
2025-06-08 12:00:00+00:00,2.32,0.8,0.42,0.32,6.84,1.06,0.0,0.11,0.0,0.13,0.0,0.32,0.0,1.1
2025-06-08 13:00:00+00:00,3.39,0.94,0.65,0.32,9.11,1.02,0.0,0.05,0.0,0.17,0.0,0.31,0.0,0.97
2025-06-08 14:00:00+00:00,2.67,1.04,0.55,0.3,7.9,1.14,0.0,0.04,0.0,0.12,0.0,0.3,0.0,0.77
2025-06-08 15:00:00+00:00,1.77,0.9,0.43,0.32,6.38,1.19,0.0,0.02,0.0,0.15,0.0,0.31,0.0,0.7
2025-06-08 16:00:00+00:00,0.91,0.66,0.25,0.3,4.63,0.97,0.0,0.02,0.0,0.19,0.0,0.32,0.0,0.59
2025-06-08 17:00:00+00:00,0.17,0.24,0.08,0.31,1.91,0.97,0.0,0.08,0.0,0.17,0.0,0.32,0.0,0.93
2025-06-08 18:00:00+00:00,0.06,0.25,0.01,0.32,0.54,1.02,0.0,0.05,0.0,0.2,0.0,0.31,0.0,1.19
2025-06-08 19:00:00+00:00,0.0,0.39,0.0,0.33,0.0,1.76,0.0,0.04,0.0,0.17,0.0,0.32,0.0,1.32
2025-06-08 20:00:00+00:00,0.0,0.26,0.0,0.31,0.0,4.32,0.0,0.04,0.0,0.39,0.0,0.32,0.0,1.27
2025-06-08 21:00:00+00:00,0.0,0.24,0.0,0.31,0.0,2.35,0.0,0.05,0.0,0.52,0.0,0.32,0.0,1.31
2025-06-08 22:00:00+00:00,0.0,0.25,0.0,0.31,0.0,1.12,0.0,0.04,0.0,0.32,0.0,0.33,0.0,1.27
2025-06-08 23:00:00+00:00,0.0,0.26,0.0,0.31,0.0,1.08,0.0,0.04,0.0,0.33,0.0,0.33,0.0,1.29
2025-06-09 00:00:00+00:00,0.0,0.24,0.0,0.31,0.0,1.03,0.0,0.02,0.0,0.29,0.0,0.34,0.0,1.27
2025-06-09 01:00:00+00:00,0.0,0.23,0.0,0.3,0.0,0.95,0.0,0.04,0.0,0.29,0.0,0.32,0.0,1.28
2025-06-09 02:00:00+00:00,0.0,0.26,0.0,0.29,0.0,0.98,0.0,0.05,0.0,0.31,0.0,0.32,0.0,1.28
2025-06-09 03:00:00+00:00,0.0,0.35,0.0,0.29,0.0,0.96,0.0,0.02,0.0,0.27,0.0,0.31,0.0,1.26
2025-06-09 04:00:00+00:00,0.04,0.17,0.02,0.32,0.92,1.02,0.0,0.02,0.0,0.32,0.0,0.31,0.0,1.3
2025-06-09 05:00:00+00:00,0.31,0.34,0.08,0.3,3.54,1.11,0.0,0.02,0.0,0.28,0.0,0.29,0.0,1.28
2025-06-09 06:00:00+00:00,1.11,0.8,0.12,0.39,6.02,1.02,0.0,0.02,0.0,0.29,0.0,0.31,0.0,1.24
2025-06-09 07:00:00+00:00,2.16,1.18,0.14,0.43,8.11,1.15,0.0,0.02,0.0,0.31,0.0,0.32,0.0,1.24
2025-06-09 08:00:00+00:00,3.17,1.25,0.15,0.43,9.69,4.51,0.0,0.02,0.0,0.31,0.0,0.33,0.0,1.19
2025-06-09 09:00:00+00:00,3.85,1.17,0.24,0.46,10.59,1.16,0.0,0.02,0.0,0.36,0.0,0.32,0.0,1.22
2025-06-09 10:00:00+00:00,4.17,1.16,0.52,0.46,11.27,1.18,0.0,0.04,0.0,0.23,0.0,0.34,0.0,1.13
2025-06-09 11:00:00+00:00,4.32,1.12,0.7,0.47,11.21,1.15,0.0,0.04,0.0,0.34,0.0,0.32,0.0,1.17
2025-06-09 12:00:00+00:00,4.16,1.14,0.8,0.48,10.86,1.03,0.0,0.04,0.0,0.31,0.0,0.3,0.0,1.06
2025-06-09 13:00:00+00:00,3.65,1.12,0.76,0.46,10.05,1.26,0.0,0.09,0.0,0.17,0.0,0.3,0.0,0.94
2025-06-09 14:00:00+00:00,2.9,1.15,0.62,0.46,8.6,1.47,0.0,0.09,0.0,0.17,0.0,0.31,0.0,0.71
2025-06-09 15:00:00+00:00,1.96,0.97,0.45,0.46,6.78,1.23,0.0,0.11,0.0,0.12,0.0,0.28,0.0,0.64
2025-06-09 16:00:00+00:00,0.8,0.63,0.23,0.45,4.38,1.15,0.0,0.09,0.0,0.82,0.0,0.18,0.0,0.66
2025-06-09 17:00:00+00:00,0.15,0.24,0.07,0.36,1.83,1.32,0.0,0.17,0.0,0.28,0.0,0.13,0.0,0.92
2025-06-09 18:00:00+00:00,0.05,0.28,0.01,0.32,0.52,4.55,0.0,0.14,0.0,0.2,0.0,0.14,0.0,1.23
2025-06-09 19:00:00+00:00,0.0,0.41,0.0,0.32,0.0,3.19,0.0,0.18,0.0,0.26,0.0,0.1,0.0,1.31
2025-06-09 20:00:00+00:00,0.0,0.29,0.0,0.31,0.0,1.29,0.0,0.18,0.0,0.24,0.0,0.16,0.0,1.29
2025-06-09 21:00:00+00:00,0.0,0.25,0.0,0.31,0.0,0.95,0.0,0.16,0.0,0.21,0.0,0.14,0.0,1.33
2025-06-09 22:00:00+00:00,0.0,0.25,0.0,0.31,0.0,1.02,0.0,0.11,0.0,0.22,0.0,0.25,0.0,1.28
2025-06-09 23:00:00+00:00,0.0,0.25,0.0,0.31,0.0,1.08,0.0,0.12,0.0,0.17,0.0,0.27,0.0,1.33
2025-06-10 00:00:00+00:00,0.0,0.25,0.0,0.31,0.0,1.07,0.0,0.12,0.0,0.21,0.0,0.27,0.0,1.28
2025-06-10 01:00:00+00:00,0.0,0.24,0.0,0.31,0.0,1.08,0.0,0.09,0.0,0.19,0.0,0.26,0.0,1.34
2025-06-10 02:00:00+00:00,0.0,0.25,0.0,0.31,0.0,1.17,0.0,0.16,0.0,0.19,0.0,0.26,0.0,1.27
2025-06-10 03:00:00+00:00,0.0,0.34,0.0,0.31,0.0,1.18,0.0,0.1,0.0,0.22,0.0,0.25,0.0,1.33
2025-06-10 04:00:00+00:00,0.05,0.17,0.02,0.32,0.96,1.23,0.0,0.16,0.0,0.19,0.0,0.27,0.0,1.26
2025-06-10 05:00:00+00:00,0.27,0.35,0.08,0.31,3.46,1.3,0.0,0.12,0.0,0.21,0.0,0.25,0.0,1.32
2025-06-10 06:00:00+00:00,1.09,0.87,0.12,0.8,5.86,1.31,0.0,0.09,0.0,0.21,0.0,0.58,0.0,1.84
2025-06-10 07:00:00+00:00,1.96,1.1,0.14,0.86,7.56,1.25,0.0,0.09,0.0,0.28,0.0,0.57,0.0,2.12
2025-06-10 08:00:00+00:00,2.96,1.28,0.18,0.82,9.2,1.28,0.0,0.1,0.0,0.3,0.0,0.23,0.0,2.44
2025-06-10 09:00:00+00:00,3.71,1.36,0.26,0.92,10.31,1.04,0.0,0.08,0.0,0.33,0.0,0.26,0.0,2.06
2025-06-10 10:00:00+00:00,3.98,1.36,0.51,0.81,10.79,1.06,0.0,0.08,0.0,0.31,0.0,0.25,0.0,1.31
2025-06-10 11:00:00+00:00,3.85,1.52,0.64,0.97,10.44,1.02,0.0,0.09,0.0,0.32,0.0,0.24,0.0,1.25
2025-06-10 12:00:00+00:00,3.47,1.5,0.69,0.85,9.84,1.05,0.0,0.16,0.0,0.33,0.0,0.24,0.0,1.26
2025-06-10 13:00:00+00:00,2.96,1.47,0.63,0.63,8.8,1.15,0.0,0.25,0.0,0.3,0.0,0.27,0.0,1.08
2025-06-10 14:00:00+00:00,2.15,1.21,0.47,0.58,7.11,1.03,0.0,0.21,0.0,0.34,0.0,0.27,0.0,0.92
2025-06-10 15:00:00+00:00,1.51,0.99,0.37,0.43,5.86,0.98,0.0,0.19,0.0,0.31,0.0,0.26,0.0,0.97
2025-06-10 16:00:00+00:00,0.63,0.7,0.19,0.28,3.59,1.0,0.0,0.14,0.0,0.8,0.0,1.14,0.0,1.0
2025-06-10 17:00:00+00:00,0.13,0.44,0.06,0.26,1.48,1.02,0.0,0.16,0.0,0.42,0.0,0.1,0.0,1.18
2025-06-10 18:00:00+00:00,0.1,0.59,0.01,0.27,0.52,1.08,0.0,0.21,0.0,0.33,0.0,0.22,0.0,1.23
2025-06-10 19:00:00+00:00,0.0,0.68,0.0,0.27,0.0,1.08,0.0,0.17,0.0,0.35,0.0,0.24,0.0,1.34
2025-06-10 20:00:00+00:00,0.0,0.51,0.0,0.26,0.0,1.14,0.0,0.11,0.0,0.33,0.0,0.12,0.0,1.26
2025-06-10 21:00:00+00:00,0.0,0.5,0.0,0.24,0.0,1.23,0.0,0.16,0.0,0.36,0.0,0.26,0.0,1.33
2025-06-10 22:00:00+00:00,0.0,0.49,0.0,0.24,0.0,0.98,0.0,0.15,0.0,0.21,0.0,0.13,0.0,1.27
2025-06-10 23:00:00+00:00,0.0,0.5,0.0,0.24,0.0,0.95,0.0,0.18,0.0,0.21,0.0,0.13,0.0,1.31
2025-06-11 00:00:00+00:00,0.0,0.48,0.0,0.24,0.0,0.98,0.0,0.2,0.0,0.21,0.0,0.29,0.0,1.27
2025-06-11 01:00:00+00:00,0.0,0.48,0.0,0.24,0.0,0.98,0.0,0.2,0.0,0.19,0.0,0.31,0.0,1.31
2025-06-11 02:00:00+00:00,0.0,0.49,0.0,0.24,0.0,1.02,0.0,0.18,0.0,0.23,0.0,0.26,0.0,1.27
2025-06-11 03:00:00+00:00,0.0,0.64,0.0,0.24,0.0,1.04,0.0,0.12,0.0,0.18,0.0,0.28,0.0,1.25
2025-06-11 04:00:00+00:00,0.12,0.43,0.03,0.26,1.36,1.14,0.0,0.11,0.0,0.22,0.0,0.27,0.0,1.2
2025-06-11 05:00:00+00:00,0.41,0.47,0.09,0.26,3.45,1.15,0.0,0.07,0.0,0.18,0.0,0.26,0.0,1.61
2025-06-11 06:00:00+00:00,0.82,0.75,0.11,0.36,5.06,1.09,0.0,0.08,0.0,0.17,0.0,0.27,0.0,2.64
2025-06-11 07:00:00+00:00,1.95,1.08,0.12,0.44,7.54,1.07,0.0,0.08,0.0,0.21,0.0,0.09,0.0,2.02
2025-06-11 08:00:00+00:00,3.05,1.09,0.12,0.42,9.51,1.2,0.0,0.1,0.0,0.21,0.0,0.26,0.0,1.69
2025-06-11 09:00:00+00:00,3.8,1.12,0.17,0.45,10.47,1.08,0.0,0.11,0.0,0.24,0.0,0.25,0.0,1.44
2025-06-11 10:00:00+00:00,4.11,1.16,0.48,0.51,11.02,1.12,0.0,0.08,0.0,0.22,0.0,0.25,0.0,1.23
2025-06-11 11:00:00+00:00,4.22,1.2,0.67,0.51,10.86,1.39,0.0,0.25,0.0,0.22,0.0,0.25,0.0,1.33
2025-06-11 12:00:00+00:00,4.09,1.18,0.78,0.53,10.57,1.27,0.0,0.33,0.0,0.24,0.0,0.27,0.0,1.29
2025-06-11 13:00:00+00:00,3.69,1.15,0.76,0.53,9.99,1.07,0.0,0.36,0.0,0.19,0.0,0.26,0.0,1.07
2025-06-11 14:00:00+00:00,2.99,1.18,0.63,0.38,8.76,1.03,0.0,0.34,0.0,0.23,0.0,0.26,0.0,0.72
2025-06-11 15:00:00+00:00,1.95,0.99,0.46,0.37,6.96,1.0,0.0,0.31,0.0,0.21,0.0,0.26,0.0,0.64
2025-06-11 16:00:00+00:00,0.9,0.67,0.24,0.32,4.86,1.02,0.0,0.24,0.0,0.25,0.0,0.27,0.0,0.47
2025-06-11 17:00:00+00:00,0.18,0.32,0.05,0.33,2.03,1.01,0.0,0.1,0.0,0.43,0.0,0.5,0.0,0.61
2025-06-11 18:00:00+00:00,0.06,0.31,0.01,0.34,0.53,1.08,0.0,0.08,0.0,0.25,0.0,0.94,0.0,1.06
2025-06-11 19:00:00+00:00,0.0,0.42,0.0,0.34,0.0,1.07,0.0,0.14,0.0,0.34,0.0,0.24,0.0,1.33
2025-06-11 20:00:00+00:00,0.0,0.3,0.0,0.34,0.0,1.29,0.0,0.16,0.0,0.36,0.0,0.16,0.0,1.27
2025-06-11 21:00:00+00:00,0.0,0.25,0.0,0.3,0.0,1.17,0.0,0.08,0.0,0.35,0.0,0.14,0.0,1.32
2025-06-11 22:00:00+00:00,0.0,0.31,0.0,0.3,0.0,1.1,0.0,0.16,0.0,0.37,0.0,0.18,0.0,1.27
2025-06-11 23:00:00+00:00,0.0,0.53,0.0,0.3,0.0,0.87,0.0,0.14,0.0,0.34,0.0,0.9,0.0,1.31
2025-06-12 00:00:00+00:00,0.0,0.5,0.0,0.3,0.0,0.87,0.0,0.19,0.0,0.38,0.0,0.23,0.0,1.28
2025-06-12 01:00:00+00:00,0.0,0.41,0.0,0.29,0.0,0.87,0.0,0.19,0.0,0.34,0.0,0.26,0.0,1.26
2025-06-12 02:00:00+00:00,0.0,0.27,0.0,0.29,0.0,0.9,0.0,0.19,0.0,0.36,0.0,0.26,0.0,1.22
2025-06-12 03:00:00+00:00,0.0,0.26,0.0,0.29,0.0,0.88,0.0,0.13,0.0,0.35,0.0,0.26,0.0,1.23
2025-06-12 04:00:00+00:00,0.05,0.14,0.02,0.29,1.12,0.96,0.0,0.1,0.0,0.32,0.0,0.25,0.0,1.21
2025-06-12 05:00:00+00:00,0.35,0.31,0.08,0.3,3.81,1.1,0.0,0.08,0.0,0.38,0.0,0.26,0.0,1.35
2025-06-12 06:00:00+00:00,1.15,0.67,0.11,0.42,6.03,1.02,0.0,0.1,0.0,0.31,0.0,0.23,0.0,1.81
2025-06-12 07:00:00+00:00,2.15,0.89,0.12,0.48,8.02,1.03,0.0,0.17,0.0,0.34,0.0,0.09,0.0,1.65
2025-06-12 08:00:00+00:00,3.03,1.01,0.11,0.43,9.45,1.11,0.0,0.33,0.0,0.33,0.0,0.17,0.0,1.6
2025-06-12 09:00:00+00:00,3.79,1.1,0.17,0.46,10.44,1.21,0.0,0.28,0.0,0.32,0.0,0.26,0.0,1.32
2025-06-12 10:00:00+00:00,4.12,1.15,0.48,0.48,10.96,1.24,0.0,0.1,0.0,0.23,0.0,0.34,0.0,1.21
2025-06-12 11:00:00+00:00,4.22,1.14,0.68,0.48,10.9,1.15,0.0,0.23,0.0,0.16,0.0,0.09,0.0,1.31
2025-06-12 12:00:00+00:00,4.09,1.19,0.78,0.47,10.6,1.01,0.0,0.21,0.0,0.2,0.0,0.17,0.0,1.16
2025-06-12 13:00:00+00:00,3.62,1.14,0.76,0.47,9.98,1.06,0.0,0.2,0.0,0.17,0.0,0.26,0.0,1.15
2025-06-12 14:00:00+00:00,2.85,1.17,0.63,0.41,8.6,1.16,0.0,0.37,0.0,0.17,0.0,0.25,0.0,0.84
2025-06-12 15:00:00+00:00,1.7,0.91,0.44,0.32,6.52,1.09,0.0,0.45,0.0,0.19,0.0,0.11,0.0,0.62
2025-06-12 16:00:00+00:00,0.67,0.59,0.21,0.31,4.05,1.02,0.0,0.25,0.0,0.63,0.0,0.09,0.0,0.6
2025-06-12 17:00:00+00:00,0.22,0.37,0.07,0.32,2.05,1.02,0.0,0.18,0.0,0.4,0.0,0.21,0.0,0.81
2025-06-12 18:00:00+00:00,0.06,0.31,0.02,0.33,0.56,1.12,0.0,0.13,0.0,0.21,0.0,0.58,0.0,1.16
2025-06-12 19:00:00+00:00,0.0,0.41,0.0,0.33,0.0,1.11,0.0,0.16,0.0,0.2,0.0,0.1,0.0,1.34
2025-06-12 20:00:00+00:00,0.0,0.32,0.0,0.32,0.0,1.07,0.0,0.12,0.0,0.18,0.0,0.12,0.0,1.28
2025-06-12 21:00:00+00:00,0.0,0.28,0.0,0.31,0.0,1.05,0.0,0.09,0.0,0.2,0.0,0.17,0.0,1.31
2025-06-12 22:00:00+00:00,0.0,0.28,0.0,0.29,0.0,1.0,0.0,0.11,0.0,0.24,0.0,0.27,0.0,1.3
2025-06-12 23:00:00+00:00,0.0,0.37,0.0,0.3,0.0,1.13,0.0,0.09,0.0,0.16,0.0,0.28,0.0,1.33
2025-06-13 00:00:00+00:00,0.0,0.53,0.0,0.29,0.0,1.13,0.0,0.13,0.0,0.2,0.0,0.28,0.0,1.29
2025-06-13 01:00:00+00:00,0.0,0.53,0.0,0.29,0.0,1.17,0.0,0.11,0.0,0.16,0.0,0.27,0.0,1.29
2025-06-13 02:00:00+00:00,0.0,0.37,0.0,0.3,0.0,1.2,0.0,0.09,0.0,0.18,0.0,0.26,0.0,1.32
2025-06-13 03:00:00+00:00,0.0,0.36,0.0,0.3,0.0,1.24,0.0,0.11,0.0,0.19,0.0,0.29,0.0,1.3
2025-06-13 04:00:00+00:00,0.05,0.22,0.02,0.32,1.06,1.31,0.0,0.1,0.0,0.24,0.0,0.28,0.0,1.3
2025-06-13 05:00:00+00:00,0.29,0.34,0.08,0.33,3.61,1.35,0.0,0.09,0.0,0.23,0.0,0.28,0.0,1.33
2025-06-13 06:00:00+00:00,0.99,0.69,0.1,0.43,5.85,1.97,0.0,0.11,0.0,0.17,0.0,0.38,0.0,1.32
2025-06-13 07:00:00+00:00,2.03,0.99,0.11,0.4,7.81,7.33,0.0,0.17,0.0,0.23,0.0,0.1,0.0,1.31
2025-06-13 08:00:00+00:00,2.99,1.09,0.12,0.43,9.31,7.55,0.0,0.18,0.0,0.24,0.0,0.23,0.0,1.55
2025-06-13 09:00:00+00:00,3.76,1.18,0.17,0.44,10.33,5.63,0.0,0.19,0.0,0.23,0.0,0.25,0.0,1.27
2025-06-13 10:00:00+00:00,4.07,1.24,0.47,0.46,10.94,4.21,0.0,0.12,0.0,0.35,0.0,0.25,0.0,1.19
2025-06-13 11:00:00+00:00,3.34,1.17,0.53,0.47,9.3,3.97,0.0,0.36,0.0,0.34,0.0,0.24,0.0,1.64
2025-06-13 12:00:00+00:00,4.11,1.26,0.75,0.48,10.36,1.52,0.0,0.36,0.0,0.49,0.0,0.27,0.0,1.56
2025-06-13 13:00:00+00:00,3.55,1.2,0.73,0.32,9.81,1.2,0.0,0.29,0.0,0.39,0.0,0.21,0.0,1.07
2025-06-13 14:00:00+00:00,2.76,1.23,0.6,0.3,8.51,1.23,0.0,0.3,0.0,0.33,0.0,0.1,0.0,0.76
2025-06-13 15:00:00+00:00,1.74,0.95,0.44,0.31,6.64,1.17,0.0,0.31,0.0,0.4,0.0,0.26,0.0,0.69
2025-06-13 16:00:00+00:00,0.75,0.64,0.23,0.31,4.5,1.28,0.0,0.2,0.0,0.5,0.0,0.32,0.0,0.6
2025-06-13 17:00:00+00:00,0.17,0.38,0.07,0.32,1.91,1.52,0.0,0.22,0.0,0.51,0.0,0.31,0.0,0.8
2025-06-13 18:00:00+00:00,0.07,0.41,0.01,0.32,0.41,1.25,0.0,0.23,0.0,1.17,0.0,0.31,0.0,1.25
2025-06-13 19:00:00+00:00,0.0,0.49,0.0,0.32,0.0,1.55,0.0,0.23,0.0,0.39,0.0,0.33,0.0,1.32
2025-06-13 20:00:00+00:00,0.0,0.36,0.0,0.31,0.0,1.42,0.0,0.23,0.0,0.43,0.0,0.32,0.0,1.31
2025-06-13 21:00:00+00:00,0.0,0.33,0.0,0.29,0.0,1.06,0.0,0.23,0.0,0.35,0.0,0.32,0.0,1.3
2025-06-13 22:00:00+00:00,0.0,0.32,0.0,0.29,0.0,0.93,0.0,0.18,0.0,0.39,0.0,0.32,0.0,1.34
2025-06-13 23:00:00+00:00,0.0,0.31,0.0,0.29,0.0,1.03,0.0,0.13,0.0,0.37,0.0,0.34,0.0,1.25
2025-06-14 00:00:00+00:00,0.0,0.3,0.0,0.29,0.0,0.96,0.0,0.22,0.0,0.33,0.0,0.31,0.0,1.29
2025-06-14 01:00:00+00:00,0.0,0.45,0.0,0.29,0.0,1.0,0.0,0.19,0.0,0.27,0.0,0.31,0.0,1.27
2025-06-14 02:00:00+00:00,0.0,0.54,0.0,0.29,0.0,1.12,0.0,0.15,0.0,0.2,0.0,0.33,0.0,1.37
2025-06-14 03:00:00+00:00,0.0,0.71,0.0,0.3,0.0,1.17,0.0,0.1,0.0,0.22,0.0,0.36,0.0,1.37
2025-06-14 04:00:00+00:00,0.07,0.34,0.0,0.33,0.17,1.24,0.0,0.1,0.0,0.24,0.0,0.32,0.0,1.44
2025-06-14 05:00:00+00:00,0.25,0.34,0.07,0.34,3.11,1.34,0.0,0.1,0.0,0.23,0.0,0.32,0.0,1.4
2025-06-14 06:00:00+00:00,0.95,0.66,0.1,0.43,5.68,1.22,0.0,0.1,0.0,0.31,0.0,0.32,0.0,1.24
2025-06-14 07:00:00+00:00,1.9,0.97,0.11,0.42,7.61,1.33,0.0,0.1,0.0,0.17,0.0,0.32,0.0,1.19
2025-06-14 08:00:00+00:00,2.8,1.08,0.12,0.41,8.96,1.36,0.0,0.1,0.0,0.21,0.0,0.3,0.0,1.19
2025-06-14 09:00:00+00:00,3.62,1.18,0.18,0.48,10.02,1.06,0.0,0.1,0.0,0.18,0.0,0.31,0.0,1.18
2025-06-14 10:00:00+00:00,4.04,1.24,0.5,0.49,10.77,1.2,0.0,0.1,0.0,0.22,0.0,0.31,0.0,1.13
2025-06-14 11:00:00+00:00,3.93,1.25,0.65,0.48,10.51,1.23,0.0,0.1,0.0,0.19,0.0,0.15,0.0,1.11
2025-06-14 12:00:00+00:00,3.87,1.21,0.75,0.48,10.3,1.06,0.0,0.1,0.0,0.22,0.0,0.08,0.0,1.11
2025-06-14 13:00:00+00:00,3.32,1.18,0.7,0.47,9.5,1.02,0.0,0.1,0.0,0.23,0.0,0.28,0.0,0.92
2025-06-14 14:00:00+00:00,0.96,0.61,0.31,0.47,4.25,1.02,0.0,0.1,0.0,0.21,0.0,0.23,0.0,1.05
2025-06-14 15:00:00+00:00,1.94,1.04,0.51,0.47,7.09,1.02,0.0,0.1,0.0,0.83,0.0,0.3,0.0,0.59
2025-06-14 16:00:00+00:00,0.85,0.68,0.25,0.46,4.59,1.03,0.0,0.1,0.0,0.49,0.0,0.16,0.0,0.7
2025-06-14 17:00:00+00:00,0.34,0.46,0.1,0.41,2.65,1.07,0.0,0.1,0.0,0.4,0.0,0.32,0.0,0.86
2025-06-14 18:00:00+00:00,0.06,0.31,0.02,0.4,0.79,1.21,0.0,0.1,0.0,0.35,0.0,0.33,0.0,1.16
2025-06-14 19:00:00+00:00,0.0,0.46,0.0,0.33,0.0,1.39,0.0,0.1,0.0,0.26,0.0,0.32,0.0,1.25
2025-06-14 20:00:00+00:00,0.0,0.35,0.0,0.31,0.0,1.31,0.0,0.1,0.0,0.32,0.0,0.32,0.0,1.27
2025-06-14 21:00:00+00:00,0.0,0.33,0.0,0.29,0.0,1.06,0.0,0.1,0.0,0.35,0.0,0.32,0.0,1.23
2025-06-14 22:00:00+00:00,0.0,0.32,0.0,0.29,0.0,0.91,0.0,0.1,0.0,0.39,0.0,0.28,0.0,1.24
2025-06-14 23:00:00+00:00,0.0,0.32,0.0,0.29,0.0,1.07,0.0,0.1,0.0,0.36,0.0,0.21,0.0,1.23
2025-06-15 00:00:00+00:00,0.0,0.31,0.0,0.29,0.0,0.97,0.0,0.1,0.0,0.36,0.0,0.13,0.0,1.24
2025-06-15 01:00:00+00:00,0.0,0.29,0.0,0.29,0.0,1.02,0.0,0.1,0.0,0.38,0.0,0.12,0.0,1.24
2025-06-15 02:00:00+00:00,0.0,0.3,0.0,0.29,0.0,1.01,0.0,0.1,0.0,0.34,0.0,0.16,0.0,1.27
2025-06-15 03:00:00+00:00,0.0,0.57,0.0,0.29,0.0,1.16,0.0,0.1,0.0,0.38,0.0,0.34,0.0,1.25
2025-06-15 04:00:00+00:00,0.1,0.54,0.01,0.32,0.78,1.19,0.0,0.1,0.0,0.35,0.0,0.33,0.0,1.3
2025-06-15 05:00:00+00:00,0.21,0.48,0.06,0.31,2.08,1.24,0.0,0.1,0.0,0.36,0.0,0.35,0.0,1.22
2025-06-15 06:00:00+00:00,0.97,0.67,0.14,0.41,5.22,1.22,0.0,0.1,0.0,0.35,0.0,0.32,0.0,1.18
2025-06-15 07:00:00+00:00,0.43,0.46,0.09,0.33,3.2,1.19,0.0,0.1,0.0,0.31,0.0,0.32,0.0,1.16
2025-06-15 08:00:00+00:00,0.25,0.31,0.05,0.32,1.19,1.7,0.0,0.1,0.0,0.36,0.0,0.14,0.0,1.24
2025-06-15 09:00:00+00:00,2.51,0.92,0.26,0.37,7.28,1.58,0.0,0.1,0.0,0.32,0.0,0.1,0.0,1.07
2025-06-15 10:00:00+00:00,3.81,1.17,0.45,0.43,10.25,1.25,0.0,0.1,0.0,0.63,0.0,0.34,0.0,1.16
2025-06-15 11:00:00+00:00,4.14,1.2,0.66,0.47,10.77,1.33,0.0,0.1,0.0,0.41,0.0,0.63,0.0,1.15
2025-06-15 12:00:00+00:00,3.66,1.17,0.7,0.48,9.67,1.15,0.0,0.1,0.0,0.31,0.0,0.54,0.0,1.11
2025-06-15 13:00:00+00:00,3.54,1.18,0.73,0.46,9.79,1.1,0.0,0.1,0.0,0.22,0.0,0.94,0.0,0.94
2025-06-15 14:00:00+00:00,0.87,0.65,0.2,0.4,3.37,1.13,0.0,0.1,0.0,0.17,0.0,0.12,0.0,1.82
2025-06-15 15:00:00+00:00,0.06,0.34,0.01,0.32,0.28,1.4,0.0,0.1,0.0,0.24,0.0,0.09,0.0,2.41
2025-06-15 16:00:00+00:00,0.74,0.57,0.13,0.32,3.77,1.4,0.0,0.1,0.0,1.1,0.0,0.16,0.0,1.88
2025-06-15 17:00:00+00:00,0.32,0.38,0.1,0.31,2.93,1.2,0.0,0.1,0.0,0.9,0.0,0.22,0.0,0.97
2025-06-15 18:00:00+00:00,0.06,0.31,0.01,0.31,0.64,1.08,0.0,0.1,0.0,0.23,0.0,0.24,0.0,1.44
2025-06-15 19:00:00+00:00,0.0,0.43,0.0,0.32,0.0,1.07,0.0,0.1,0.0,0.17,0.0,0.28,0.0,1.57
2025-06-15 20:00:00+00:00,0.0,0.28,0.0,0.3,0.0,1.01,0.0,0.1,0.0,0.23,0.0,0.35,0.0,1.58
2025-06-15 21:00:00+00:00,0.0,0.29,0.0,0.29,0.0,1.04,0.0,0.1,0.0,0.19,0.0,0.62,0.0,1.58
2025-06-15 22:00:00+00:00,0.0,0.3,0.0,0.29,0.0,1.0,0.0,0.1,0.0,0.21,0.0,0.32,0.0,1.54
2025-06-15 23:00:00+00:00,0.0,0.28,0.0,0.29,0.0,1.0,0.0,0.1,0.0,0.24,0.0,0.32,0.0,1.54
2025-06-16 00:00:00+00:00,0.0,0.29,0.0,0.29,0.0,1.0,0.0,0.1,0.0,0.16,0.0,0.33,0.0,1.5
2025-06-16 01:00:00+00:00,0.0,0.27,0.0,0.29,0.0,0.98,0.0,0.1,0.0,0.2,0.0,0.31,0.0,1.56
2025-06-16 02:00:00+00:00,0.0,0.29,0.0,0.29,0.0,0.97,0.0,0.1,0.0,0.17,0.0,0.32,0.0,1.53
2025-06-16 03:00:00+00:00,0.0,0.37,0.0,0.29,0.0,0.99,0.0,0.1,0.0,0.18,0.0,0.32,0.0,1.56
2025-06-16 04:00:00+00:00,0.1,0.45,0.01,0.41,0.73,1.03,0.0,0.1,0.0,0.37,0.0,0.31,0.0,1.48
2025-06-16 05:00:00+00:00,0.28,0.38,0.08,0.4,3.22,1.07,0.0,0.14,0.0,0.17,0.0,0.31,0.0,1.45
2025-06-16 06:00:00+00:00,0.5,0.62,0.1,0.42,3.37,1.18,0.0,0.24,0.0,0.21,0.0,0.32,0.0,1.36
2025-06-16 07:00:00+00:00,2.05,1.15,0.15,0.43,7.87,1.21,0.0,0.13,0.0,0.18,0.0,0.24,0.0,1.38
2025-06-16 08:00:00+00:00,2.78,1.49,0.16,0.43,9.59,1.81,0.0,0.13,0.0,0.17,0.0,0.35,0.0,1.38
2025-06-16 09:00:00+00:00,2.58,1.23,0.23,0.42,8.3,6.69,0.0,0.15,0.0,0.23,0.0,0.36,0.0,1.32
2025-06-16 10:00:00+00:00,2.47,1.17,0.36,0.33,7.33,3.71,0.0,0.23,0.0,0.23,0.0,0.36,0.0,1.23
2025-06-16 11:00:00+00:00,2.99,1.33,0.53,0.43,9.68,3.09,0.0,0.27,0.0,0.31,0.0,0.48,0.0,1.23
2025-06-16 12:00:00+00:00,4.18,1.61,0.76,0.48,10.55,1.11,0.0,0.3,0.0,0.36,0.0,0.33,0.0,1.13
2025-06-16 13:00:00+00:00,2.65,1.33,0.57,0.45,8.51,1.33,0.0,0.27,0.0,0.33,0.0,0.32,0.0,0.99
2025-06-16 14:00:00+00:00,2.11,1.36,0.51,0.44,7.3,1.35,0.0,0.43,0.0,0.31,0.0,0.32,0.0,0.82
2025-06-16 15:00:00+00:00,1.6,0.98,0.46,0.44,7.04,1.47,0.0,0.32,0.0,0.36,0.0,0.34,0.0,0.6
2025-06-16 16:00:00+00:00,0.96,1.17,0.24,0.43,4.95,1.21,0.0,0.12,0.0,0.32,0.0,0.83,0.0,0.52
2025-06-16 17:00:00+00:00,0.29,0.79,0.07,0.36,2.15,1.13,0.0,0.1,0.0,0.3,0.0,0.9,0.0,0.67
2025-06-16 18:00:00+00:00,0.05,0.25,0.01,0.3,0.59,1.56,0.0,0.1,0.0,0.36,0.0,0.91,0.0,1.09
2025-06-16 19:00:00+00:00,0.0,0.41,0.0,0.3,0.0,2.22,0.0,0.1,0.0,0.54,0.0,1.04,0.0,1.29
2025-06-16 20:00:00+00:00,0.0,0.28,0.0,0.29,0.0,3.51,0.0,0.1,0.0,0.32,0.0,1.0,0.0,1.28
2025-06-16 21:00:00+00:00,0.0,0.29,0.0,0.29,0.0,1.07,0.0,0.1,0.0,0.32,0.0,0.43,0.0,1.29
2025-06-16 22:00:00+00:00,0.0,0.26,0.0,0.29,0.0,0.91,0.0,0.1,0.0,0.2,0.0,0.29,0.0,1.29
2025-06-16 23:00:00+00:00,0.0,0.29,0.0,0.29,0.0,0.97,0.0,0.1,0.0,0.17,0.0,0.33,0.0,1.31
2025-06-17 00:00:00+00:00,0.0,0.26,0.0,0.29,0.0,1.19,0.0,0.1,0.0,0.21,0.0,0.35,0.0,1.28
2025-06-17 01:00:00+00:00,0.0,0.25,0.0,0.29,0.0,0.99,0.0,0.1,0.0,0.2,0.0,0.34,0.0,1.31
2025-06-17 02:00:00+00:00,0.0,0.28,0.0,0.29,0.0,0.92,0.0,0.1,0.0,0.18,0.0,0.33,0.0,1.27
2025-06-17 03:00:00+00:00,0.0,0.35,0.0,0.28,0.0,1.0,0.0,0.09,0.0,0.2,0.0,0.33,0.0,1.3
2025-06-17 04:00:00+00:00,0.05,0.17,0.02,0.28,1.27,1.17,0.0,0.08,0.0,0.24,0.0,0.34,0.0,1.26
2025-06-17 05:00:00+00:00,0.34,0.37,0.09,0.29,4.29,4.05,0.0,0.1,0.0,0.37,0.0,0.35,0.0,1.26
2025-06-17 06:00:00+00:00,1.14,0.77,0.1,0.38,6.45,3.68,0.0,0.19,0.0,0.2,0.0,0.35,0.0,1.22
2025-06-17 07:00:00+00:00,2.14,0.98,0.1,0.39,8.23,1.32,0.0,0.4,0.0,0.2,0.0,0.17,0.0,1.22
2025-06-17 08:00:00+00:00,3.25,1.07,0.09,0.4,10.17,1.1,0.0,0.37,0.0,0.19,0.0,0.36,0.0,1.21
2025-06-17 09:00:00+00:00,4.09,1.12,0.14,0.42,11.14,1.08,0.0,0.45,0.0,0.23,0.0,0.35,0.0,1.2
2025-06-17 10:00:00+00:00,4.45,1.16,0.47,0.4,11.66,1.25,0.0,0.46,0.0,0.22,0.0,0.31,0.0,1.16
2025-06-17 11:00:00+00:00,4.6,1.2,0.68,0.4,11.68,1.08,0.0,0.65,0.0,0.2,0.0,0.32,0.0,1.2
2025-06-17 12:00:00+00:00,4.35,1.18,0.79,0.38,11.19,1.04,0.0,0.64,0.0,0.28,0.0,0.36,0.0,1.24
2025-06-17 13:00:00+00:00,3.88,1.17,0.76,0.37,10.44,1.22,0.0,0.58,0.0,0.35,0.0,0.36,0.0,1.06
2025-06-17 14:00:00+00:00,3.12,1.22,0.63,0.39,9.11,1.21,0.0,0.47,0.0,0.23,0.0,0.25,0.0,0.86
2025-06-17 15:00:00+00:00,2.06,1.01,0.47,0.37,7.25,3.81,0.0,0.54,0.0,0.22,0.0,0.17,0.0,0.71
2025-06-17 16:00:00+00:00,0.96,0.8,0.24,0.35,5.02,1.3,0.0,0.35,0.0,0.63,0.0,0.31,0.0,0.65
2025-06-17 17:00:00+00:00,0.23,0.52,0.05,0.3,2.19,1.12,0.0,0.16,0.0,0.35,0.0,0.53,0.0,0.58
2025-06-17 18:00:00+00:00,0.1,0.6,0.01,0.25,0.59,1.37,0.0,0.16,0.0,0.44,0.0,0.4,0.0,1.09
2025-06-17 19:00:00+00:00,0.0,0.43,0.0,0.23,0.0,1.4,0.0,0.16,0.0,0.39,0.0,0.44,0.0,1.33
2025-06-17 20:00:00+00:00,0.0,0.3,0.0,0.21,0.0,1.69,0.0,0.16,0.0,0.34,0.0,0.39,0.0,1.33
2025-06-17 21:00:00+00:00,0.0,0.3,0.0,0.21,0.0,1.28,0.0,0.16,0.0,0.38,0.0,0.4,0.0,1.3
2025-06-17 22:00:00+00:00,0.0,0.3,0.0,0.21,0.0,1.1,0.0,0.16,0.0,0.38,0.0,0.33,0.0,1.27
2025-06-17 23:00:00+00:00,0.0,0.3,0.0,0.21,0.0,0.96,0.0,0.16,0.0,0.33,0.0,0.3,0.0,1.25
2025-06-18 00:00:00+00:00,0.0,0.29,0.0,0.21,0.0,1.41,0.0,0.16,0.0,0.37,0.0,0.32,0.0,1.23
2025-06-18 01:00:00+00:00,0.0,0.27,0.0,0.21,0.0,4.83,0.0,0.16,0.0,0.36,0.0,0.34,0.0,1.24
2025-06-18 02:00:00+00:00,0.0,0.28,0.0,0.21,0.0,1.94,0.0,0.16,0.0,0.33,0.0,0.33,0.0,1.24
2025-06-18 03:00:00+00:00,0.0,0.36,0.0,0.21,0.0,1.07,0.0,0.16,0.0,0.38,0.0,0.36,0.0,1.25
2025-06-18 04:00:00+00:00,0.06,0.2,0.02,0.22,0.99,1.16,0.0,0.15,0.0,0.31,0.0,0.32,0.0,1.28
2025-06-18 05:00:00+00:00,0.36,0.38,0.09,0.22,3.71,1.3,0.0,0.16,0.0,0.19,0.0,0.32,0.0,1.65
2025-06-18 06:00:00+00:00,0.98,0.68,0.13,0.34,5.56,1.36,0.0,0.19,0.0,0.21,0.0,0.65,0.0,1.28
2025-06-18 07:00:00+00:00,2.1,1.02,0.12,0.34,8.01,1.21,0.0,0.2,0.0,0.16,0.0,0.27,0.0,1.29
2025-06-18 08:00:00+00:00,3.13,1.07,0.12,0.32,9.71,3.16,0.0,0.22,0.0,0.17,0.0,0.26,0.0,1.28
2025-06-18 09:00:00+00:00,3.66,1.14,0.22,0.36,10.2,1.08,0.0,0.27,0.0,0.2,0.0,0.32,0.0,1.2
2025-06-18 10:00:00+00:00,3.78,1.14,0.47,0.38,10.29,1.32,0.0,0.24,0.0,0.17,0.0,0.27,0.0,1.2
2025-06-18 11:00:00+00:00,3.81,1.15,0.6,0.36,10.14,1.35,0.0,0.23,0.0,0.21,0.0,0.09,0.0,1.18
2025-06-18 12:00:00+00:00,4.18,1.23,0.6,0.42,10.89,1.21,0.0,0.33,0.0,0.19,0.0,0.28,0.0,1.23
2025-06-18 13:00:00+00:00,3.71,1.16,0.54,0.78,10.09,1.29,0.0,0.46,0.0,1.19,0.0,0.31,0.0,0.97
2025-06-18 14:00:00+00:00,2.98,1.23,0.28,0.29,8.81,2.25,0.0,0.29,0.0,0.22,0.0,0.31,0.0,0.71
2025-06-18 15:00:00+00:00,1.89,1.0,0.12,0.34,7.1,4.36,0.0,0.26,0.0,0.2,0.0,0.33,0.0,0.61
2025-06-18 16:00:00+00:00,0.91,0.67,0.08,0.82,4.96,2.3,0.0,0.17,0.0,0.28,0.0,0.33,0.0,0.51
2025-06-18 17:00:00+00:00,0.22,0.36,0.04,0.24,2.2,1.4,0.0,0.17,0.0,0.22,0.0,0.32,0.0,0.51
2025-06-18 18:00:00+00:00,0.07,0.36,0.0,0.22,0.6,1.75,0.0,0.17,0.0,0.31,0.0,0.37,0.0,1.04
2025-06-18 19:00:00+00:00,0.0,0.73,0.0,0.23,0.0,1.94,0.0,0.17,0.0,0.37,0.0,0.37,0.0,1.25
2025-06-18 20:00:00+00:00,0.0,0.58,0.0,0.21,0.0,1.72,0.0,0.17,0.0,0.33,0.0,0.37,0.0,1.31
2025-06-18 21:00:00+00:00,0.0,0.41,0.0,0.2,0.0,1.36,0.0,0.17,0.0,0.36,0.0,0.34,0.0,1.24
2025-06-18 22:00:00+00:00,0.0,0.29,0.0,0.2,0.0,1.12,0.0,0.17,0.0,0.31,0.0,0.35,0.0,1.29
2025-06-18 23:00:00+00:00,0.0,0.3,0.0,0.21,0.0,3.6,0.0,0.17,0.0,0.35,0.0,0.35,0.0,1.22
2025-06-19 00:00:00+00:00,0.0,0.28,0.0,0.2,0.0,1.15,0.0,0.17,0.0,0.36,0.0,0.34,0.0,1.24
2025-06-19 01:00:00+00:00,0.0,0.28,0.0,0.2,0.0,1.2,0.0,0.17,0.0,0.36,0.0,0.33,0.0,1.23
2025-06-19 02:00:00+00:00,0.0,0.29,0.0,0.2,0.0,1.31,0.0,0.17,0.0,0.38,0.0,0.34,0.0,1.27
2025-06-19 03:00:00+00:00,0.0,0.39,0.0,0.2,0.0,1.28,0.0,0.17,0.0,0.34,0.0,0.34,0.0,1.23
2025-06-19 04:00:00+00:00,0.05,0.18,0.02,0.21,1.4,1.34,0.0,0.16,0.0,0.39,0.0,0.35,0.0,1.27
2025-06-19 05:00:00+00:00,0.31,0.36,0.08,0.23,4.1,1.35,0.0,0.17,0.0,0.42,0.0,0.32,0.0,1.2
2025-06-19 06:00:00+00:00,1.08,0.74,0.09,0.4,6.17,4.0,0.0,0.19,0.0,0.44,0.0,0.46,0.0,1.25
2025-06-19 07:00:00+00:00,2.09,1.02,0.09,0.39,8.06,1.15,0.0,0.24,0.0,0.49,0.0,0.32,0.0,1.18
2025-06-19 08:00:00+00:00,2.77,1.48,0.08,0.38,9.61,1.18,0.0,0.26,0.0,0.45,0.0,0.2,0.0,1.18
2025-06-19 09:00:00+00:00,3.66,1.85,0.11,0.42,10.68,1.16,0.0,0.39,0.0,0.47,0.0,0.26,0.0,1.17
2025-06-19 10:00:00+00:00,4.08,1.81,0.13,0.42,11.27,1.23,0.0,0.31,0.0,0.36,0.0,0.22,0.0,1.18
2025-06-19 11:00:00+00:00,4.21,1.82,0.13,0.4,11.18,1.1,0.0,0.35,0.0,0.31,0.0,0.14,0.0,1.15
2025-06-19 12:00:00+00:00,3.96,1.8,0.16,0.43,10.7,1.06,0.0,0.42,0.0,0.36,0.0,0.25,0.0,1.13
2025-06-19 13:00:00+00:00,3.48,1.67,0.21,0.36,10.2,3.69,0.0,0.37,0.0,0.28,0.0,0.35,0.0,0.89
2025-06-19 14:00:00+00:00,2.34,1.18,0.2,0.29,8.76,1.39,0.0,0.39,0.0,0.21,0.0,0.36,0.0,0.78
2025-06-19 15:00:00+00:00,1.56,1.01,0.12,0.29,7.06,1.37,0.0,0.41,0.0,0.39,0.0,0.15,0.0,0.6
2025-06-19 16:00:00+00:00,0.99,1.34,0.08,0.29,4.9,1.5,0.0,0.34,0.0,1.76,0.0,0.42,0.0,0.51
2025-06-19 17:00:00+00:00,0.32,1.15,0.04,0.3,2.15,1.48,0.0,0.24,0.0,0.33,0.0,0.35,0.0,0.53
2025-06-19 18:00:00+00:00,0.11,1.16,0.0,0.29,0.54,1.51,0.0,0.26,0.0,0.25,0.0,0.75,0.0,1.03
2025-06-19 19:00:00+00:00,0.0,1.17,0.0,0.3,0.0,1.42,0.0,0.17,0.0,0.23,0.0,0.43,0.0,1.29
2025-06-19 20:00:00+00:00,0.0,0.97,0.0,0.29,0.0,2.99,0.0,0.1,0.0,0.25,0.0,0.5,0.0,1.28
2025-06-19 21:00:00+00:00,0.0,0.96,0.0,0.27,0.0,2.57,0.0,0.11,0.0,0.22,0.0,0.46,0.0,1.27
2025-06-19 22:00:00+00:00,0.0,0.93,0.0,0.27,0.0,1.21,0.0,0.11,0.0,0.18,0.0,0.37,0.0,1.29
2025-06-19 23:00:00+00:00,0.0,0.86,0.0,0.27,0.0,1.16,0.0,0.11,0.0,0.28,0.0,0.34,0.0,1.22
2025-06-20 00:00:00+00:00,0.0,0.77,0.0,0.27,0.0,0.96,0.0,0.11,0.0,0.26,0.0,0.33,0.0,1.25
2025-06-20 01:00:00+00:00,0.0,0.75,0.0,0.27,0.0,0.97,0.0,0.14,0.0,0.27,0.0,0.32,0.0,1.27
2025-06-20 02:00:00+00:00,0.0,0.66,0.0,0.27,0.0,0.95,0.0,0.18,0.0,0.21,0.0,0.32,0.0,1.25
2025-06-20 03:00:00+00:00,0.0,0.81,0.0,0.27,0.0,3.17,0.0,0.2,0.0,0.23,0.0,0.33,0.0,1.3
2025-06-20 04:00:00+00:00,0.11,0.66,0.02,0.3,1.33,1.45,0.0,0.15,0.0,0.22,0.0,0.32,0.0,1.26
2025-06-20 05:00:00+00:00,0.32,0.61,0.08,0.34,3.97,1.13,0.0,0.11,0.0,0.25,0.0,0.32,0.0,1.31
2025-06-20 06:00:00+00:00,0.97,0.8,0.09,0.42,6.15,1.29,0.0,0.17,0.0,0.22,0.0,0.42,0.0,1.22
2025-06-20 07:00:00+00:00,2.15,1.07,0.1,0.41,8.12,1.03,0.0,0.25,0.0,0.21,0.0,0.39,0.0,1.2
2025-06-20 08:00:00+00:00,3.1,1.08,0.09,0.39,9.65,1.06,0.0,0.29,0.0,0.22,0.0,0.37,0.0,1.17
2025-06-20 09:00:00+00:00,3.88,1.15,0.12,0.42,10.63,1.12,0.0,0.35,0.0,0.17,0.0,0.36,0.0,1.17
2025-06-20 10:00:00+00:00,4.3,1.19,0.13,0.43,11.31,3.7,0.0,0.34,0.0,0.22,0.0,0.36,0.0,1.15
2025-06-20 11:00:00+00:00,4.44,1.18,0.13,0.41,11.28,1.08,0.0,0.36,0.0,0.18,0.0,0.37,0.0,1.19
2025-06-20 12:00:00+00:00,4.25,1.2,0.16,0.41,10.93,1.06,0.0,0.39,0.0,1.31,0.0,0.36,0.0,1.09
2025-06-20 13:00:00+00:00,3.79,1.18,0.22,0.44,10.25,1.19,0.0,0.45,0.0,0.6,0.0,0.36,0.0,0.96
2025-06-20 14:00:00+00:00,3.08,1.24,0.2,0.29,8.99,1.15,0.0,0.41,0.0,0.2,0.0,0.36,0.0,0.65
2025-06-20 15:00:00+00:00,2.07,1.09,0.13,0.29,7.11,0.99,0.0,0.45,0.0,0.24,0.0,0.37,0.0,0.53
2025-06-20 16:00:00+00:00,0.93,0.74,0.09,0.3,4.95,1.04,0.0,0.26,0.0,0.21,0.0,0.36,0.0,0.42
2025-06-20 17:00:00+00:00,0.13,0.21,0.04,0.29,2.08,3.87,0.0,0.17,0.0,0.29,0.0,0.36,0.0,0.6
2025-06-20 18:00:00+00:00,0.07,0.35,0.0,0.3,0.42,1.61,0.0,0.17,0.0,0.4,0.0,0.36,0.0,1.14
2025-06-20 19:00:00+00:00,0.0,0.44,0.0,0.31,0.0,1.67,0.0,0.19,0.0,0.34,0.0,0.36,0.0,1.3
2025-06-20 20:00:00+00:00,0.0,0.3,0.0,0.3,0.0,1.82,0.0,0.15,0.0,0.37,0.0,0.36,0.0,1.26
2025-06-20 21:00:00+00:00,0.0,0.3,0.0,0.28,0.0,1.37,0.0,0.18,0.0,0.33,0.0,0.33,0.0,1.28
2025-06-20 22:00:00+00:00,0.0,0.29,0.0,0.28,0.0,1.26,0.0,0.14,0.0,0.34,0.0,0.14,0.0,1.22
2025-06-20 23:00:00+00:00,0.0,0.43,0.0,0.28,0.0,2.0,0.0,0.1,0.0,0.34,0.0,0.24,0.0,1.27
2025-06-21 00:00:00+00:00,0.0,1.05,0.0,0.28,0.0,4.95,0.0,0.1,0.0,0.32,0.0,0.33,0.0,1.23
2025-06-21 01:00:00+00:00,0.0,0.98,0.0,0.28,0.0,2.12,0.0,0.11,0.0,0.37,0.0,0.32,0.0,1.28
2025-06-21 02:00:00+00:00,0.0,0.83,0.0,0.28,0.0,1.27,0.0,0.11,0.0,0.37,0.0,0.32,0.0,1.24
2025-06-21 03:00:00+00:00,0.0,0.96,0.0,0.27,0.0,1.29,0.0,0.11,0.0,0.39,0.0,0.32,0.0,1.26
2025-06-21 04:00:00+00:00,0.12,0.82,0.02,0.3,1.13,1.4,0.0,0.1,0.0,0.24,0.0,0.32,0.0,1.25
2025-06-21 05:00:00+00:00,0.31,0.57,0.08,0.32,3.85,1.39,0.0,0.1,0.0,0.23,0.0,0.31,0.0,1.21
2025-06-21 06:00:00+00:00,0.84,0.79,0.09,0.41,5.95,3.44,0.0,0.11,0.0,0.28,0.0,0.31,0.0,1.2
2025-06-21 07:00:00+00:00,1.66,0.98,0.1,0.4,8.04,1.37,0.0,0.11,0.0,0.21,0.0,0.4,0.0,1.16
2025-06-21 08:00:00+00:00,2.94,1.47,0.11,0.41,9.68,1.46,0.0,0.11,0.0,0.25,0.0,0.34,0.0,1.17
2025-06-21 09:00:00+00:00,3.58,1.44,0.15,0.43,10.1,1.45,0.0,0.15,0.0,0.25,0.0,0.37,0.0,1.12
2025-06-21 10:00:00+00:00,3.51,1.41,0.2,0.44,10.63,1.49,0.0,0.29,0.0,0.23,0.0,0.42,0.0,1.1
2025-06-21 11:00:00+00:00,3.6,1.39,0.19,0.43,9.49,1.48,0.0,0.28,0.0,0.23,0.0,0.38,0.0,1.09
2025-06-21 12:00:00+00:00,4.04,1.53,0.18,0.43,10.93,1.17,0.0,0.15,0.0,0.17,0.0,0.37,0.0,1.07
2025-06-21 13:00:00+00:00,3.46,1.5,0.23,0.44,10.04,3.58,0.0,0.2,0.0,0.22,0.0,0.35,0.0,0.91
2025-06-21 14:00:00+00:00,2.51,1.27,0.22,0.44,8.81,0.98,0.0,0.25,0.0,0.2,0.0,0.46,0.0,0.66
2025-06-21 15:00:00+00:00,1.5,0.95,0.15,0.43,6.88,1.04,0.0,0.17,0.0,0.19,0.0,0.4,0.0,0.54
2025-06-21 16:00:00+00:00,0.87,1.2,0.09,0.4,4.62,1.16,0.0,0.15,0.0,0.21,0.0,0.38,0.0,0.51
2025-06-21 17:00:00+00:00,0.29,1.15,0.05,0.37,2.06,1.04,0.0,0.15,0.0,0.18,0.0,0.38,0.0,0.59
2025-06-21 18:00:00+00:00,0.11,1.16,0.01,0.37,0.58,1.22,0.0,0.15,0.0,0.24,0.0,0.37,0.0,1.08
2025-06-21 19:00:00+00:00,0.0,1.19,0.0,0.3,0.0,1.34,0.0,0.15,0.0,0.32,0.0,0.38,0.0,1.25
2025-06-21 20:00:00+00:00,0.0,0.91,0.0,0.29,0.0,3.81,0.0,0.15,0.0,0.41,0.0,0.38,0.0,1.29
2025-06-21 21:00:00+00:00,0.0,0.83,0.0,0.28,0.0,1.27,0.0,0.15,0.0,0.31,0.0,0.37,0.0,1.23
2025-06-21 22:00:00+00:00,0.0,0.81,0.0,0.28,0.0,1.23,0.0,0.15,0.0,0.29,0.0,0.37,0.0,1.24
2025-06-21 23:00:00+00:00,0.0,0.75,0.0,0.27,0.0,1.24,0.0,0.15,0.0,0.36,0.0,0.37,0.0,1.25
2025-06-22 00:00:00+00:00,0.0,0.77,0.0,0.27,0.0,1.23,0.0,0.16,0.0,0.32,0.0,0.37,0.0,1.28
2025-06-22 01:00:00+00:00,0.0,0.92,0.0,0.27,0.0,1.24,0.0,0.16,0.0,0.36,0.0,0.35,0.0,1.29
2025-06-22 02:00:00+00:00,0.0,0.73,0.0,0.28,0.0,1.86,0.0,0.15,0.0,0.32,0.0,0.35,0.0,1.33
2025-06-22 03:00:00+00:00,0.0,0.83,0.0,0.28,0.0,3.12,0.0,0.16,0.0,0.35,0.0,0.37,0.0,1.29
2025-06-22 04:00:00+00:00,0.11,0.67,0.02,0.3,1.28,1.33,0.0,0.15,0.0,0.35,0.0,0.37,0.0,1.34
2025-06-22 05:00:00+00:00,0.33,0.62,0.08,0.32,4.03,1.37,0.0,0.16,0.0,0.35,0.0,0.38,0.0,1.25
2025-06-22 06:00:00+00:00,0.83,0.64,0.09,0.4,6.24,1.36,0.0,0.16,0.0,0.35,0.0,0.37,0.0,1.31
2025-06-22 07:00:00+00:00,1.63,0.98,0.09,0.38,8.07,1.37,0.0,0.15,0.0,0.32,0.0,0.37,0.0,1.16
2025-06-22 08:00:00+00:00,2.83,1.48,0.08,0.39,9.49,1.54,0.0,0.16,0.0,0.36,0.0,0.38,0.0,1.18
2025-06-22 09:00:00+00:00,3.51,1.63,0.1,0.4,10.27,4.12,0.0,0.15,0.0,0.33,0.0,0.54,0.0,1.14
2025-06-22 10:00:00+00:00,3.91,1.53,0.12,0.42,10.78,1.45,0.0,0.16,0.0,0.33,0.0,0.46,0.0,1.15
2025-06-22 11:00:00+00:00,4.14,1.59,0.12,0.42,10.9,1.32,0.0,0.24,0.0,0.36,0.0,0.43,0.0,1.13
2025-06-22 12:00:00+00:00,3.98,1.59,0.15,0.42,10.64,1.24,0.0,0.3,0.0,0.32,0.0,0.42,0.0,1.12
2025-06-22 13:00:00+00:00,3.58,1.52,0.21,0.43,10.13,1.19,0.0,0.26,0.0,0.35,0.0,0.42,0.0,0.89
2025-06-22 14:00:00+00:00,2.58,1.3,0.2,0.46,8.84,0.95,0.0,0.21,0.0,0.34,0.0,0.41,0.0,0.7
2025-06-22 15:00:00+00:00,1.52,0.96,0.12,0.41,6.94,0.97,0.0,0.32,0.0,0.32,0.0,0.4,0.0,0.47
2025-06-22 16:00:00+00:00,0.98,1.3,0.07,0.38,4.9,3.49,0.0,0.29,0.0,0.28,0.0,0.42,0.0,0.44
2025-06-22 17:00:00+00:00,0.32,1.18,0.03,0.36,2.17,1.02,0.0,0.26,0.0,0.17,0.0,0.43,0.0,0.44
2025-06-22 18:00:00+00:00,0.11,1.18,0.0,0.39,0.52,1.23,0.0,0.23,0.0,0.23,0.0,0.42,0.0,1.0
2025-06-22 19:00:00+00:00,0.0,1.28,0.0,0.31,0.0,1.55,0.0,0.33,0.0,0.25,0.0,0.43,0.0,1.24
2025-06-22 20:00:00+00:00,0.0,1.04,0.0,0.3,0.0,1.32,0.0,0.36,0.0,0.17,0.0,0.49,0.0,1.25
2025-06-22 21:00:00+00:00,0.0,0.96,0.0,0.29,0.0,1.37,0.0,0.33,0.0,0.29,0.0,0.53,0.0,1.23
2025-06-22 22:00:00+00:00,0.0,0.81,0.0,0.29,0.0,1.32,0.0,0.13,0.0,0.22,0.0,0.33,0.0,1.26
2025-06-22 23:00:00+00:00,0.0,0.77,0.0,0.29,0.0,3.86,0.0,0.14,0.0,0.2,0.0,0.29,0.0,1.21
2025-06-23 00:00:00+00:00,0.0,0.75,0.0,0.29,0.0,1.3,0.0,0.2,0.0,0.24,0.0,0.39,0.0,1.26
2025-06-23 01:00:00+00:00,0.0,0.7,0.0,0.29,0.0,1.32,0.0,0.13,0.0,0.21,0.0,0.38,0.0,1.22
2025-06-23 02:00:00+00:00,0.0,0.68,0.0,0.29,0.0,1.3,0.0,0.13,0.0,0.26,0.0,0.38,0.0,1.25
2025-06-23 03:00:00+00:00,0.0,0.82,0.0,0.28,0.0,1.31,0.0,0.15,0.0,0.24,0.0,0.39,0.0,1.24
2025-06-23 04:00:00+00:00,0.11,0.67,0.02,0.29,0.84,1.43,0.0,0.16,0.0,0.2,0.0,0.38,0.0,1.23
2025-06-23 05:00:00+00:00,0.32,0.61,0.08,0.31,3.88,2.59,0.0,0.16,0.0,0.24,0.0,0.36,0.0,1.21
2025-06-23 06:00:00+00:00,0.97,0.69,0.1,0.39,5.49,2.72,0.0,0.36,0.0,0.2,0.0,1.04,0.0,1.29
2025-06-23 07:00:00+00:00,1.84,1.07,0.11,0.4,7.74,1.39,0.0,0.34,0.0,0.37,0.0,0.39,0.0,1.55
2025-06-23 08:00:00+00:00,2.98,1.27,0.12,0.4,9.37,1.54,0.0,0.45,0.0,0.22,0.0,0.44,0.0,1.62
2025-06-23 09:00:00+00:00,3.4,1.3,0.16,0.43,10.22,1.45,0.0,0.41,0.0,0.17,0.0,0.25,0.0,1.46
2025-06-23 10:00:00+00:00,0.79,0.53,0.12,0.4,2.73,1.42,0.0,0.49,0.0,0.22,0.0,0.21,0.0,1.75
2025-06-23 11:00:00+00:00,3.91,1.03,0.27,0.31,10.3,1.6,0.0,0.68,0.0,0.2,0.0,0.34,0.0,1.84
2025-06-23 12:00:00+00:00,1.69,0.73,0.21,0.35,6.79,1.57,0.0,0.7,0.0,0.21,0.0,0.38,0.0,1.84
2025-06-23 13:00:00+00:00,1.99,0.65,0.24,0.35,5.45,2.04,0.0,0.66,0.0,0.28,0.0,0.38,0.0,1.69
2025-06-23 14:00:00+00:00,2.12,0.88,0.31,0.37,7.26,1.87,0.0,0.55,0.0,0.18,0.0,0.38,0.0,1.87
2025-06-23 15:00:00+00:00,1.17,0.65,0.18,0.33,4.97,2.0,0.0,0.46,0.0,0.25,0.0,0.38,0.0,1.43
2025-06-23 16:00:00+00:00,0.79,0.6,0.13,0.33,4.49,1.94,0.0,0.24,0.0,0.37,0.0,0.4,0.0,0.73
2025-06-23 17:00:00+00:00,0.22,0.34,0.06,0.3,2.25,1.53,0.0,0.16,0.0,0.81,0.0,1.08,0.0,0.56
2025-06-23 18:00:00+00:00,0.06,0.32,0.01,0.26,0.59,1.71,0.0,0.19,0.0,0.89,0.0,0.61,0.0,1.47
2025-06-23 19:00:00+00:00,0.0,1.63,0.0,0.54,0.0,2.0,0.0,0.65,0.0,0.71,0.0,0.51,0.0,3.78
2025-06-23 20:00:00+00:00,0.0,0.75,0.0,0.34,0.0,1.86,0.0,0.35,0.0,0.58,0.0,0.5,0.0,2.13
2025-06-23 21:00:00+00:00,0.0,0.32,0.0,0.2,0.0,1.48,0.0,0.17,0.0,0.37,0.0,0.18,0.0,1.36
2025-06-23 22:00:00+00:00,0.0,0.31,0.0,0.2,0.0,1.25,0.0,0.19,0.0,0.41,0.0,0.32,0.0,1.36
2025-06-23 23:00:00+00:00,0.0,0.28,0.0,0.2,0.0,1.25,0.0,0.17,0.0,0.37,0.0,0.4,0.0,1.32
2025-06-24 00:00:00+00:00,0.0,0.28,0.0,0.2,0.0,1.25,0.0,0.16,0.0,0.37,0.0,0.4,0.0,1.28
2025-06-24 01:00:00+00:00,0.0,0.3,0.0,0.2,0.0,1.26,0.0,0.16,0.0,0.38,0.0,0.4,0.0,1.33
2025-06-24 02:00:00+00:00,0.0,0.31,0.0,0.2,0.0,1.25,0.0,0.16,0.0,0.35,0.0,0.4,0.0,1.31
2025-06-24 03:00:00+00:00,0.0,0.38,0.0,0.2,0.0,1.25,0.0,0.17,0.0,0.4,0.0,0.39,0.0,1.31
2025-06-24 04:00:00+00:00,0.05,0.22,0.02,0.21,1.5,1.37,0.0,0.17,0.0,0.24,0.0,0.39,0.0,1.54
2025-06-24 05:00:00+00:00,0.31,0.34,0.08,0.22,4.23,1.37,0.0,0.22,0.0,0.23,0.0,0.45,0.0,1.56
2025-06-24 06:00:00+00:00,1.09,0.71,0.09,0.31,6.26,1.42,0.0,0.3,0.0,0.24,0.0,0.47,0.0,1.41
2025-06-24 07:00:00+00:00,2.15,1.02,0.08,0.3,8.22,1.4,0.0,0.53,0.0,0.17,0.0,0.15,0.0,1.46
2025-06-24 08:00:00+00:00,3.15,1.03,0.07,0.29,9.72,1.42,0.0,0.5,0.0,0.22,0.0,0.3,0.0,1.66
2025-06-24 09:00:00+00:00,3.85,1.11,0.11,0.35,10.66,1.54,0.0,0.46,0.0,0.18,0.0,0.37,0.0,1.63
2025-06-24 10:00:00+00:00,4.29,1.22,0.44,0.45,11.14,1.64,0.0,0.47,0.0,0.2,0.0,0.39,0.0,1.45
2025-06-24 11:00:00+00:00,4.31,1.4,0.64,0.44,11.05,1.43,0.0,0.38,0.0,0.2,0.0,0.41,0.0,1.61
2025-06-24 12:00:00+00:00,4.24,1.39,0.76,0.43,10.73,1.4,0.0,0.63,0.0,0.26,0.0,0.14,0.0,1.53
2025-06-24 13:00:00+00:00,3.81,1.25,0.74,0.42,10.16,1.47,0.0,0.49,0.0,0.31,0.0,0.16,0.0,1.3
2025-06-24 14:00:00+00:00,3.11,1.22,0.62,0.43,8.98,1.36,0.0,0.35,0.0,0.21,0.0,0.37,0.0,1.02
2025-06-24 15:00:00+00:00,2.09,1.03,0.46,0.44,7.18,1.39,0.0,0.3,0.0,0.32,0.0,0.16,0.0,0.61
2025-06-24 16:00:00+00:00,0.91,0.67,0.25,0.43,5.0,1.52,0.0,0.12,0.0,0.83,0.0,0.24,0.0,0.56
2025-06-24 17:00:00+00:00,0.21,0.35,0.05,0.37,2.19,1.36,0.0,0.12,0.0,0.49,0.0,0.22,0.0,0.63
2025-06-24 18:00:00+00:00,0.06,0.33,0.01,0.36,0.65,1.55,0.0,0.12,0.0,0.42,0.0,0.37,0.0,1.02
2025-06-24 19:00:00+00:00,0.0,0.47,0.0,0.29,0.0,1.8,0.0,0.12,0.0,0.29,0.0,0.58,0.0,1.32
2025-06-24 20:00:00+00:00,0.0,0.33,0.0,0.28,0.0,1.7,0.0,0.12,0.0,0.3,0.0,0.48,0.0,1.31
2025-06-24 21:00:00+00:00,0.0,0.32,0.0,0.28,0.0,1.45,0.0,0.12,0.0,0.3,0.0,0.4,0.0,1.3
2025-06-24 22:00:00+00:00,0.0,0.27,0.0,0.28,0.0,1.23,0.0,0.12,0.0,0.38,0.0,0.51,0.0,1.28
2025-06-24 23:00:00+00:00,0.0,0.32,0.0,0.28,0.0,1.3,0.0,0.12,0.0,0.37,0.0,0.54,0.0,1.33
2025-06-25 00:00:00+00:00,0.0,0.29,0.0,0.28,0.0,1.26,0.0,0.12,0.0,0.37,0.0,0.44,0.0,1.32
2025-06-25 01:00:00+00:00,0.0,0.29,0.0,0.27,0.0,1.24,0.0,0.12,0.0,0.38,0.0,0.41,0.0,1.36
2025-06-25 02:00:00+00:00,0.0,0.3,0.0,0.27,0.0,1.25,0.0,0.12,0.0,0.35,0.0,0.39,0.0,1.35
2025-06-25 03:00:00+00:00,0.0,0.38,0.0,0.27,0.0,1.24,0.0,0.12,0.0,0.38,0.0,0.39,0.0,1.4
2025-06-25 04:00:00+00:00,0.05,0.21,0.02,0.28,1.44,1.33,0.0,0.13,0.0,0.34,0.0,0.23,0.0,1.36
2025-06-25 05:00:00+00:00,0.3,0.34,0.08,0.28,4.09,1.36,0.0,0.17,0.0,0.35,0.0,0.28,0.0,2.6
2025-06-25 06:00:00+00:00,1.07,0.71,0.1,0.32,6.19,2.86,0.0,0.27,0.0,0.35,0.0,0.39,0.0,1.32
2025-06-25 07:00:00+00:00,2.08,1.0,0.12,0.32,8.08,5.36,0.0,0.34,0.0,0.32,0.0,0.21,0.0,1.34
2025-06-25 08:00:00+00:00,2.94,1.06,0.13,0.38,9.31,5.15,0.0,0.38,0.0,0.37,0.0,0.34,0.0,1.3
2025-06-25 09:00:00+00:00,3.61,1.16,0.16,0.43,10.13,3.66,0.0,0.41,0.0,0.33,0.0,0.37,0.0,1.36
2025-06-25 10:00:00+00:00,4.07,1.22,0.44,0.48,10.75,1.6,0.0,0.44,0.0,0.35,0.0,0.53,0.0,1.22
2025-06-25 11:00:00+00:00,4.2,1.21,0.65,1.01,10.72,1.45,0.0,0.49,0.0,0.35,0.0,0.55,0.0,1.29
2025-06-25 12:00:00+00:00,3.97,1.18,0.75,0.47,10.24,1.23,0.0,0.36,0.0,0.33,0.0,0.55,0.0,1.24
2025-06-25 13:00:00+00:00,3.52,1.17,0.72,0.41,9.58,3.46,0.0,0.43,0.0,0.24,0.0,0.54,0.0,0.98
2025-06-25 14:00:00+00:00,2.85,1.22,0.6,0.53,8.4,1.1,0.0,0.25,0.0,0.28,0.0,0.46,0.0,0.72
2025-06-25 15:00:00+00:00,1.91,1.05,0.45,0.41,6.65,1.17,0.0,0.34,0.0,0.34,0.0,0.48,0.0,0.58
2025-06-25 16:00:00+00:00,0.77,0.67,0.24,0.38,4.62,1.09,0.0,0.67,0.0,0.22,0.0,0.56,0.0,0.53
2025-06-25 17:00:00+00:00,0.23,0.58,0.06,0.32,2.09,1.12,0.0,0.21,0.0,0.46,0.0,0.55,0.0,0.64
2025-06-25 18:00:00+00:00,0.1,0.67,0.01,0.33,0.56,1.3,0.0,0.16,0.0,0.35,0.0,0.55,0.0,1.09
2025-06-25 19:00:00+00:00,0.0,0.49,0.0,0.27,0.0,3.72,0.0,0.2,0.0,0.33,0.0,0.62,0.0,1.29
2025-06-25 20:00:00+00:00,0.0,0.32,0.0,0.24,0.0,2.5,0.0,0.16,0.0,0.31,0.0,0.59,0.0,1.27
2025-06-25 21:00:00+00:00,0.0,0.36,0.0,0.23,0.0,1.33,0.0,0.16,0.0,0.27,0.0,0.63,0.0,1.31
2025-06-25 22:00:00+00:00,0.0,0.32,0.0,0.23,0.0,1.23,0.0,0.16,0.0,0.29,0.0,0.58,0.0,1.27
2025-06-25 23:00:00+00:00,0.0,0.29,0.0,0.23,0.0,1.25,0.0,0.16,0.0,0.24,0.0,0.6,0.0,1.3
2025-06-26 00:00:00+00:00,0.0,0.31,0.0,0.23,0.0,1.24,0.0,0.16,0.0,0.26,0.0,0.61,0.0,1.24
2025-06-26 01:00:00+00:00,0.0,0.28,0.0,0.23,0.0,1.25,0.0,0.16,0.0,0.25,0.0,0.6,0.0,1.3
2025-06-26 02:00:00+00:00,0.0,0.32,0.0,0.23,0.0,3.75,0.0,0.16,0.0,0.24,0.0,0.57,0.0,1.25
2025-06-26 03:00:00+00:00,0.0,0.41,0.0,0.23,0.0,1.26,0.0,0.16,0.0,0.27,0.0,0.55,0.0,1.34
2025-06-26 04:00:00+00:00,0.07,0.37,0.0,0.23,0.09,1.33,0.0,0.25,0.0,0.23,0.0,0.55,0.0,1.41
2025-06-26 05:00:00+00:00,0.08,0.19,0.03,0.23,1.41,1.54,0.0,0.34,0.0,0.29,0.0,0.59,0.0,1.51
2025-06-26 06:00:00+00:00,0.06,0.24,0.01,0.24,0.67,1.73,0.0,0.44,0.0,0.27,0.0,0.62,0.0,1.52
2025-06-26 07:00:00+00:00,0.36,0.32,0.07,0.24,2.08,1.47,0.0,0.42,0.0,0.43,0.0,0.57,0.0,1.47
2025-06-26 08:00:00+00:00,2.79,1.09,0.12,0.31,8.9,3.19,0.0,0.34,0.0,0.25,0.0,0.56,0.0,1.31
2025-06-26 09:00:00+00:00,3.86,0.99,0.18,0.37,10.5,2.26,0.0,0.36,0.0,0.42,0.0,1.08,0.0,1.23
2025-06-26 10:00:00+00:00,4.28,1.08,0.48,0.39,10.66,1.5,0.0,0.26,0.0,0.31,0.0,0.74,0.0,1.23
2025-06-26 11:00:00+00:00,2.47,0.79,0.38,0.43,7.99,1.41,0.0,0.36,0.0,0.32,0.0,0.54,0.0,1.17
2025-06-26 12:00:00+00:00,0.08,0.2,0.02,1.04,0.97,1.54,0.0,0.45,0.0,0.37,0.0,0.4,0.0,1.41
2025-06-26 13:00:00+00:00,0.13,0.23,0.04,0.46,0.79,1.79,0.0,0.48,0.0,0.33,0.0,0.36,0.0,1.44
2025-06-26 14:00:00+00:00,0.32,0.36,0.09,0.39,2.39,1.85,0.0,0.42,0.0,0.39,0.0,0.38,0.0,1.22
2025-06-26 15:00:00+00:00,0.18,0.25,0.07,0.39,1.49,4.26,0.0,0.33,0.0,0.4,0.0,0.71,0.0,1.27
2025-06-26 16:00:00+00:00,0.98,0.6,0.24,0.4,4.62,1.89,0.0,0.31,0.0,0.52,0.0,0.54,0.0,1.04
2025-06-26 17:00:00+00:00,0.21,0.29,0.08,0.4,1.93,1.8,0.0,0.31,0.0,0.55,0.0,0.37,0.0,1.1
2025-06-26 18:00:00+00:00,0.07,0.29,0.02,0.4,0.7,1.84,0.0,0.31,0.0,0.44,0.0,0.51,0.0,1.25
2025-06-26 19:00:00+00:00,0.0,0.41,0.0,0.4,0.0,1.86,0.0,0.31,0.0,0.47,0.0,0.47,0.0,1.56
2025-06-26 20:00:00+00:00,0.0,0.32,0.0,0.4,0.0,1.58,0.0,0.31,0.0,0.47,0.0,0.42,0.0,1.57
2025-06-26 21:00:00+00:00,0.0,0.32,0.0,0.38,0.0,3.26,0.0,0.19,0.0,0.39,0.0,0.4,0.0,1.59
2025-06-26 22:00:00+00:00,0.0,0.46,0.0,0.38,0.0,1.91,0.0,0.16,0.0,0.4,0.0,0.54,0.0,1.62
2025-06-26 23:00:00+00:00,0.0,0.55,0.0,0.38,0.0,1.27,0.0,0.16,0.0,0.39,0.0,0.44,0.0,1.58
2025-06-27 00:00:00+00:00,0.0,0.55,0.0,0.38,0.0,1.28,0.0,0.18,0.0,0.37,0.0,0.4,0.0,1.64
2025-06-27 01:00:00+00:00,0.0,0.31,0.0,0.38,0.0,1.26,0.0,0.16,0.0,0.27,0.0,0.39,0.0,1.57
2025-06-27 02:00:00+00:00,0.0,0.31,0.0,0.38,0.0,1.26,0.0,0.15,0.0,0.22,0.0,0.39,0.0,1.63
2025-06-27 03:00:00+00:00,0.0,0.41,0.0,0.38,0.0,1.47,0.0,0.15,0.0,0.28,0.0,0.38,0.0,1.56
2025-06-27 04:00:00+00:00,0.06,0.23,0.02,0.4,1.29,3.74,0.0,0.15,0.0,0.22,0.0,0.37,0.0,1.59
2025-06-27 05:00:00+00:00,0.25,0.28,0.08,0.4,3.93,1.48,0.0,0.19,0.0,0.22,0.0,0.38,0.0,1.58
2025-06-27 06:00:00+00:00,1.09,0.65,0.09,0.55,6.11,1.46,0.0,0.29,0.0,0.24,0.0,0.59,0.0,1.54
2025-06-27 07:00:00+00:00,2.04,0.89,0.15,0.49,7.99,1.34,0.0,0.32,0.0,0.18,0.0,0.31,0.0,1.38
2025-06-27 08:00:00+00:00,2.3,0.86,0.2,0.5,8.06,1.38,0.0,0.41,0.0,0.21,0.0,0.32,0.0,1.36
2025-06-27 09:00:00+00:00,2.32,1.05,0.23,0.39,6.98,1.42,0.0,0.35,0.0,0.21,0.0,0.36,0.0,1.23
2025-06-27 10:00:00+00:00,2.23,0.97,0.27,0.39,6.87,4.1,0.0,0.33,0.0,0.19,0.0,0.31,0.0,1.22
2025-06-27 11:00:00+00:00,2.92,0.9,0.26,0.38,8.7,1.47,0.0,0.35,0.0,0.28,0.0,0.31,0.0,1.11
2025-06-27 12:00:00+00:00,2.46,0.83,0.3,0.39,6.97,1.44,0.0,0.45,0.0,0.22,0.0,0.37,0.0,1.11
2025-06-27 13:00:00+00:00,2.33,0.8,0.3,0.39,7.06,1.54,0.0,0.4,0.0,0.22,0.0,0.37,0.0,1.01
2025-06-27 14:00:00+00:00,2.07,0.82,0.26,0.37,6.3,1.54,0.0,0.27,0.0,0.24,0.0,0.38,0.0,0.85
2025-06-27 15:00:00+00:00,1.45,0.73,0.18,0.37,5.8,1.54,0.0,0.18,0.0,0.21,0.0,0.37,0.0,0.74
2025-06-27 16:00:00+00:00,0.97,0.61,0.1,0.35,4.83,2.35,0.0,0.16,0.0,0.24,0.0,0.37,0.0,0.45
2025-06-27 17:00:00+00:00,0.24,0.33,0.03,0.32,2.29,3.27,0.0,0.16,0.0,0.3,0.0,0.37,0.0,0.46
2025-06-27 18:00:00+00:00,0.07,0.31,0.0,0.32,0.67,1.51,0.0,0.16,0.0,0.42,0.0,0.38,0.0,0.87
2025-06-27 19:00:00+00:00,0.0,0.45,0.0,0.25,0.0,2.01,0.0,0.16,0.0,0.46,0.0,0.44,0.0,1.26
2025-06-27 20:00:00+00:00,0.0,0.3,0.0,0.23,0.0,1.81,0.0,0.16,0.0,0.5,0.0,0.49,0.0,1.19
2025-06-27 21:00:00+00:00,0.0,0.3,0.0,0.23,0.0,1.35,0.0,0.16,0.0,0.56,0.0,0.46,0.0,1.24
2025-06-27 22:00:00+00:00,0.0,0.28,0.0,0.22,0.0,1.26,0.0,0.16,0.0,0.38,0.0,0.41,0.0,1.21
2025-06-27 23:00:00+00:00,0.0,0.3,0.0,0.22,0.0,3.6,0.0,0.16,0.0,0.37,0.0,0.37,0.0,1.27
2025-06-28 00:00:00+00:00,0.0,0.27,0.0,0.22,0.0,1.56,0.0,0.16,0.0,0.39,0.0,0.37,0.0,1.41
2025-06-28 01:00:00+00:00,0.0,0.28,0.0,0.22,0.0,1.26,0.0,0.16,0.0,0.35,0.0,0.37,0.0,1.48
2025-06-28 02:00:00+00:00,0.0,0.28,0.0,0.23,0.0,1.26,0.0,0.16,0.0,0.39,0.0,0.37,0.0,1.52
2025-06-28 03:00:00+00:00,0.0,0.39,0.0,0.23,0.0,1.29,0.0,0.16,0.0,0.36,0.0,0.37,0.0,1.53
2025-06-28 04:00:00+00:00,0.06,0.23,0.02,0.24,1.26,1.44,0.0,0.16,0.0,0.35,0.0,0.37,0.0,1.54
2025-06-28 05:00:00+00:00,0.28,0.3,0.07,0.24,3.98,1.59,0.0,0.17,0.0,0.38,0.0,0.37,0.0,1.49
2025-06-28 06:00:00+00:00,1.03,0.6,0.08,0.31,6.01,3.91,0.0,0.18,0.0,0.32,0.0,0.37,0.0,1.25
2025-06-28 07:00:00+00:00,2.0,0.9,0.07,0.33,7.8,1.39,0.0,0.22,0.0,0.35,0.0,0.42,0.0,1.18
2025-06-28 08:00:00+00:00,2.95,0.98,0.06,0.31,9.28,1.53,0.0,0.18,0.0,0.36,0.0,0.48,0.0,1.14
2025-06-28 09:00:00+00:00,3.79,1.03,0.11,0.35,10.49,1.56,0.0,0.22,0.0,0.41,0.0,0.58,0.0,1.14
2025-06-28 10:00:00+00:00,2.52,0.76,0.1,0.34,8.38,1.43,0.0,0.19,0.0,0.31,0.0,0.5,0.0,1.15
2025-06-28 11:00:00+00:00,3.88,1.02,0.13,0.36,9.25,1.41,0.0,0.2,0.0,0.18,0.0,0.46,0.0,1.14
2025-06-28 12:00:00+00:00,4.04,1.3,0.24,0.37,10.32,2.93,0.0,0.2,0.0,0.18,0.0,0.49,0.0,1.12
2025-06-28 13:00:00+00:00,3.65,1.27,0.31,0.38,9.78,1.96,0.0,0.17,0.0,0.21,0.0,0.45,0.0,0.9
2025-06-28 14:00:00+00:00,2.96,1.23,0.28,0.37,8.59,1.02,0.0,0.16,0.0,0.17,0.0,0.43,0.0,0.7
2025-06-28 15:00:00+00:00,2.03,1.0,0.16,0.35,6.89,1.03,0.0,0.16,0.0,0.2,0.0,0.42,0.0,0.47
2025-06-28 16:00:00+00:00,0.96,0.7,0.06,0.31,4.89,1.06,0.0,0.16,0.0,0.19,0.0,0.42,0.0,0.41
2025-06-28 17:00:00+00:00,0.23,0.35,0.02,0.3,2.23,1.0,0.0,0.16,0.0,0.2,0.0,0.42,0.0,0.37
2025-06-28 18:00:00+00:00,0.08,0.38,0.0,0.34,0.61,1.01,0.0,0.16,0.0,0.31,0.0,0.42,0.0,0.9
2025-06-28 19:00:00+00:00,0.0,0.46,0.0,0.27,0.0,3.54,0.0,0.16,0.0,0.38,0.0,0.42,0.0,1.22
2025-06-28 20:00:00+00:00,0.0,0.33,0.0,0.23,0.0,1.98,0.0,0.16,0.0,0.42,0.0,0.42,0.0,1.23
2025-06-28 21:00:00+00:00,0.0,0.33,0.0,0.23,0.0,1.33,0.0,0.16,0.0,0.42,0.0,0.42,0.0,1.21
2025-06-28 22:00:00+00:00,0.0,0.31,0.0,0.23,0.0,1.3,0.0,0.16,0.0,0.39,0.0,0.43,0.0,1.25
2025-06-28 23:00:00+00:00,0.0,0.28,0.0,0.22,0.0,1.29,0.0,0.16,0.0,0.51,0.0,0.42,0.0,1.19
2025-06-29 00:00:00+00:00,0.0,0.3,0.0,0.22,0.0,1.29,0.0,0.16,0.0,0.25,0.0,0.41,0.0,1.27
2025-06-29 01:00:00+00:00,0.0,0.29,0.0,0.22,0.0,1.28,0.0,0.16,0.0,0.26,0.0,0.41,0.0,1.39
2025-06-29 02:00:00+00:00,0.0,0.3,0.0,0.22,0.0,3.9,0.0,0.16,0.0,0.28,0.0,0.41,0.0,1.56
2025-06-29 03:00:00+00:00,0.0,0.39,0.0,0.22,0.0,1.29,0.0,0.16,0.0,0.24,0.0,0.42,0.0,1.54
2025-06-29 04:00:00+00:00,0.06,0.24,0.02,0.24,1.39,1.41,0.0,0.16,0.0,0.29,0.0,0.41,0.0,1.57
2025-06-29 05:00:00+00:00,0.28,0.29,0.07,0.25,4.05,1.41,0.0,0.16,0.0,0.34,0.0,0.43,0.0,1.36
2025-06-29 06:00:00+00:00,1.04,0.6,0.08,0.32,6.01,1.41,0.0,0.16,0.0,0.36,0.0,0.4,0.0,1.17
2025-06-29 07:00:00+00:00,1.99,0.9,0.07,0.3,7.8,1.42,0.0,0.16,0.0,0.4,0.0,0.42,0.0,1.18
2025-06-29 08:00:00+00:00,2.91,0.99,0.06,0.33,9.25,1.65,0.0,0.16,0.0,0.36,0.0,0.41,0.0,1.15
2025-06-29 09:00:00+00:00,3.67,1.03,0.08,0.32,10.13,4.07,0.0,0.16,0.0,0.38,0.0,0.4,0.0,1.15
2025-06-29 10:00:00+00:00,4.06,1.08,0.1,0.33,10.77,1.39,0.0,0.16,0.0,0.38,0.0,0.41,0.0,1.15
2025-06-29 11:00:00+00:00,4.26,1.09,0.12,0.34,10.81,1.27,0.0,0.16,0.0,0.43,0.0,0.43,0.0,1.13
2025-06-29 12:00:00+00:00,4.07,1.09,0.23,0.36,10.36,1.03,0.0,0.21,0.0,0.45,0.0,0.42,0.0,1.13
2025-06-29 13:00:00+00:00,3.69,1.06,0.31,0.37,9.8,1.03,0.0,0.21,0.0,0.37,0.0,0.41,0.0,0.9
2025-06-29 14:00:00+00:00,2.99,1.14,0.28,0.36,8.63,0.99,0.0,0.2,0.0,0.4,0.0,0.43,0.0,0.7
2025-06-29 15:00:00+00:00,2.12,1.02,0.17,0.36,7.05,1.22,0.0,0.21,0.0,0.4,0.0,0.93,0.0,0.49
2025-06-29 16:00:00+00:00,0.99,0.71,0.06,0.3,4.97,3.28,0.0,0.18,0.0,0.38,0.0,0.8,0.0,0.38
2025-06-29 17:00:00+00:00,0.26,0.5,0.03,0.29,2.27,1.01,0.0,0.22,0.0,0.39,0.0,0.42,0.0,0.42
2025-06-29 18:00:00+00:00,0.11,0.65,0.0,0.32,0.63,1.04,0.0,0.21,0.0,0.52,0.0,0.41,0.0,0.91
2025-06-29 19:00:00+00:00,0.0,0.61,0.0,0.28,0.0,1.37,0.0,0.18,0.0,0.5,0.0,0.52,0.0,1.25
2025-06-29 20:00:00+00:00,0.0,0.34,0.0,0.23,0.0,1.33,0.0,0.16,0.0,0.42,0.0,0.47,0.0,1.22
2025-06-29 21:00:00+00:00,0.0,0.34,0.0,0.21,0.0,1.36,0.0,0.16,0.0,0.36,0.0,0.43,0.0,1.23
2025-06-29 22:00:00+00:00,0.0,0.32,0.0,0.21,0.0,1.47,0.0,0.18,0.0,0.31,0.0,0.42,0.0,1.22
2025-06-29 23:00:00+00:00,0.0,0.31,0.0,0.21,0.0,3.66,0.0,0.16,0.0,0.24,0.0,0.41,0.0,1.25
2025-06-30 00:00:00+00:00,0.0,0.31,0.0,0.21,0.0,1.33,0.0,0.16,0.0,0.26,0.0,0.4,0.0,1.19
2025-06-30 01:00:00+00:00,0.0,0.31,0.0,0.21,0.0,1.32,0.0,0.16,0.0,0.27,0.0,0.4,0.0,1.26
2025-06-30 02:00:00+00:00,0.0,0.3,0.0,0.21,0.0,1.32,0.0,0.16,0.0,0.23,0.0,0.42,0.0,1.19
2025-06-30 03:00:00+00:00,0.0,0.41,0.0,0.21,0.0,1.33,0.0,0.16,0.0,0.28,0.0,0.42,0.0,1.25
2025-06-30 04:00:00+00:00,0.06,0.25,0.0,0.24,0.54,1.39,0.0,0.16,0.0,0.23,0.0,0.42,0.0,1.21
2025-06-30 05:00:00+00:00,0.05,0.18,0.02,0.23,0.97,2.72,0.0,0.22,0.0,0.24,0.0,0.45,0.0,1.25
2025-06-30 06:00:00+00:00,0.36,0.4,0.08,0.23,2.94,3.04,0.0,0.56,0.0,0.28,0.0,0.44,0.0,1.46
2025-06-30 07:00:00+00:00,1.56,0.76,0.08,0.29,6.49,1.91,0.0,0.72,0.0,0.21,0.0,0.43,0.0,1.42
2025-06-30 08:00:00+00:00,2.73,1.16,0.08,0.3,9.16,1.4,0.0,0.39,0.0,0.26,0.0,0.41,0.0,1.31
2025-06-30 09:00:00+00:00,3.46,1.37,0.11,0.35,10.01,1.24,0.0,0.46,0.0,0.23,0.0,0.58,0.0,1.35
2025-06-30 10:00:00+00:00,3.87,1.37,0.12,0.33,10.5,1.44,0.0,0.44,0.0,0.24,0.0,0.37,0.0,1.25
2025-06-30 11:00:00+00:00,3.97,1.4,0.13,0.33,10.45,1.27,0.0,0.45,0.0,0.55,0.0,0.4,0.0,1.45
2025-06-30 12:00:00+00:00,3.65,1.43,0.19,0.35,9.88,1.12,0.0,0.39,0.0,0.22,0.0,0.22,0.0,1.26
2025-06-30 13:00:00+00:00,3.24,1.3,0.31,0.36,9.08,1.22,0.0,0.62,0.0,0.27,0.0,0.2,0.0,1.22
2025-06-30 14:00:00+00:00,1.81,0.94,0.24,0.35,6.62,1.16,0.0,0.59,0.0,0.28,0.0,0.3,0.0,1.19
2025-06-30 15:00:00+00:00,0.47,0.48,0.1,0.32,3.25,1.16,0.0,0.64,0.0,0.24,0.0,0.79,0.0,1.35
2025-06-30 16:00:00+00:00,0.67,0.68,0.07,0.3,3.25,1.78,0.0,0.5,0.0,0.74,0.0,1.03,0.0,1.11
2025-06-30 17:00:00+00:00,0.11,0.52,0.02,0.3,0.91,1.82,0.0,0.42,0.0,0.48,0.0,0.29,0.0,1.28
2025-06-30 18:00:00+00:00,0.11,0.57,0.0,0.26,0.57,2.0,0.0,0.46,0.0,0.8,0.0,0.28,0.0,1.25
2025-06-30 19:00:00+00:00,0.0,0.7,0.0,0.22,0.0,1.93,0.0,0.46,0.0,0.42,0.0,0.83,0.0,1.31
2025-06-30 20:00:00+00:00,0.0,0.53,0.0,0.2,0.0,1.71,0.0,0.46,0.0,0.4,0.0,0.22,0.0,1.27
2025-06-30 21:00:00+00:00,0.0,0.52,0.0,0.2,0.0,1.54,0.0,0.46,0.0,0.44,0.0,0.24,0.0,1.26
2025-06-30 22:00:00+00:00,0.0,0.51,0.0,0.2,0.0,1.28,0.0,0.48,0.0,0.4,0.0,0.29,0.0,1.27
2025-06-30 23:00:00+00:00,0.0,0.5,0.0,0.2,0.0,1.28,0.0,0.46,0.0,0.41,0.0,0.27,0.0,1.25
2025-07-01 00:00:00+00:00,0.0,0.51,0.0,0.2,0.0,1.3,0.0,0.45,0.0,0.41,0.0,0.26,0.0,1.27
2025-07-01 01:00:00+00:00,0.0,0.47,0.0,0.2,0.0,1.28,0.0,0.16,0.0,0.39,0.0,0.25,0.0,1.21
2025-07-01 02:00:00+00:00,0.0,0.52,0.0,0.2,0.0,1.28,0.0,0.16,0.0,0.43,0.0,0.26,0.0,1.23
2025-07-01 03:00:00+00:00,0.0,0.65,0.0,0.2,0.0,1.27,0.0,0.16,0.0,0.38,0.0,0.23,0.0,1.22
2025-07-01 04:00:00+00:00,0.11,0.51,0.02,0.21,1.26,1.36,0.0,0.16,0.0,0.4,0.0,0.19,0.0,1.25
2025-07-01 05:00:00+00:00,0.12,0.47,0.03,0.22,1.59,1.68,0.0,0.2,0.0,0.39,0.0,0.25,0.0,1.27
2025-07-01 06:00:00+00:00,0.47,0.61,0.1,0.25,3.52,1.78,0.0,0.43,0.0,0.35,0.0,0.28,0.0,1.43
2025-07-01 07:00:00+00:00,0.88,0.74,0.1,0.28,5.12,1.39,0.0,0.72,0.0,0.33,0.0,0.15,0.0,1.33
2025-07-01 08:00:00+00:00,1.31,0.74,0.09,0.22,5.03,1.53,0.0,0.92,0.0,0.19,0.0,0.17,0.0,1.34
2025-07-01 09:00:00+00:00,2.36,0.93,0.16,0.29,6.84,1.49,0.0,0.9,0.0,0.23,0.0,0.15,0.0,1.24
2025-07-01 10:00:00+00:00,4.06,1.26,0.15,0.34,10.98,1.48,0.0,0.63,0.0,0.19,0.0,0.14,0.0,1.27
2025-07-01 11:00:00+00:00,3.76,1.21,0.16,0.34,10.28,1.36,0.0,0.86,0.0,0.19,0.0,0.22,0.0,1.26
2025-07-01 12:00:00+00:00,2.92,1.14,0.2,0.35,8.23,1.0,0.0,0.0,0.0,0.23,0.0,0.14,0.0,1.16
2025-07-01 13:00:00+00:00,3.58,1.24,0.3,0.36,9.74,1.17,0.0,0.72,0.0,0.21,0.0,0.73,0.0,1.19
2025-07-01 14:00:00+00:00,2.53,1.17,0.23,0.37,7.68,3.71,0.0,0.59,0.0,0.24,0.0,0.74,0.0,1.14
2025-07-01 15:00:00+00:00,2.06,1.1,0.2,0.37,7.14,5.34,0.0,0.5,0.0,0.19,0.0,0.16,0.0,0.85
2025-07-01 16:00:00+00:00,0.92,0.79,0.1,0.32,4.86,3.99,0.0,0.34,0.0,0.18,0.0,0.46,0.0,0.73
2025-07-01 17:00:00+00:00,0.26,0.54,0.04,0.29,2.19,1.09,0.0,0.14,0.0,1.36,0.0,0.24,0.0,0.74
2025-07-01 18:00:00+00:00,0.11,0.6,0.01,0.31,0.63,1.19,0.0,0.14,0.0,0.28,0.0,0.29,0.0,1.26
2025-07-01 19:00:00+00:00,0.0,0.71,0.0,0.26,0.0,1.72,0.0,0.14,0.0,0.3,0.0,0.22,0.0,1.47
2025-07-01 20:00:00+00:00,0.0,0.59,0.0,0.22,0.0,1.72,0.0,0.14,0.0,0.32,0.0,0.23,0.0,1.5
2025-07-01 21:00:00+00:00,0.0,0.54,0.0,0.21,0.0,1.54,0.0,0.14,0.0,0.34,0.0,0.27,0.0,1.32
2025-07-01 22:00:00+00:00,0.0,0.56,0.0,0.21,0.0,3.39,0.0,0.14,0.0,0.37,0.0,0.26,0.0,1.31
2025-07-01 23:00:00+00:00,0.0,0.54,0.0,0.21,0.0,1.29,0.0,0.14,0.0,0.25,0.0,0.26,0.0,1.31
2025-07-02 00:00:00+00:00,0.0,0.55,0.0,0.21,0.0,1.29,0.0,0.14,0.0,0.3,0.0,0.25,0.0,1.28
2025-07-02 01:00:00+00:00,0.0,0.53,0.0,0.21,0.0,1.27,0.0,0.14,0.0,0.25,0.0,0.25,0.0,1.26
2025-07-02 02:00:00+00:00,0.0,0.53,0.0,0.21,0.0,1.28,0.0,0.14,0.0,0.29,0.0,0.26,0.0,1.23
2025-07-02 03:00:00+00:00,0.0,0.68,0.0,0.21,0.0,1.29,0.0,0.14,0.0,0.3,0.0,0.25,0.0,1.24
2025-07-02 04:00:00+00:00,0.11,0.52,0.01,0.22,1.11,1.69,0.0,0.14,0.0,0.37,0.0,0.25,0.0,1.3
2025-07-02 05:00:00+00:00,0.22,0.44,0.07,0.23,3.73,3.88,0.0,0.19,0.0,0.35,0.0,0.26,0.0,1.21
2025-07-02 06:00:00+00:00,0.94,0.79,0.09,0.32,5.72,1.78,0.0,0.36,0.0,0.35,0.0,0.25,0.0,1.34
2025-07-02 07:00:00+00:00,1.77,0.98,0.09,0.31,7.57,1.49,0.0,0.49,0.0,0.38,0.0,0.21,0.0,1.62
2025-07-02 08:00:00+00:00,2.53,1.25,0.08,0.3,9.02,1.46,0.0,0.49,0.0,0.34,0.0,0.21,0.0,1.88
2025-07-02 09:00:00+00:00,3.44,2.56,0.1,0.35,9.95,1.6,0.0,0.39,0.0,0.38,0.0,0.21,0.0,1.52
2025-07-02 10:00:00+00:00,3.85,3.03,0.12,0.41,10.51,1.47,0.0,0.38,0.0,0.35,0.0,0.23,0.0,1.53
2025-07-02 11:00:00+00:00,4.0,3.02,0.12,0.42,10.49,3.56,0.0,0.4,0.0,0.35,0.0,0.25,0.0,1.63
2025-07-02 12:00:00+00:00,3.88,1.87,0.17,0.45,10.05,1.5,0.0,0.48,0.0,0.38,0.0,0.25,0.0,1.24
2025-07-02 13:00:00+00:00,3.58,1.28,0.23,0.44,9.62,1.2,0.0,0.39,0.0,0.33,0.0,0.25,0.0,0.96
2025-07-02 14:00:00+00:00,1.8,1.02,0.17,0.44,5.78,1.13,0.0,0.35,0.0,0.38,0.0,0.25,0.0,0.95
2025-07-02 15:00:00+00:00,0.56,0.63,0.08,0.39,3.25,1.32,0.0,0.26,0.0,0.36,0.0,0.25,0.0,1.1
2025-07-02 16:00:00+00:00,0.91,0.76,0.09,0.4,4.42,1.57,0.0,0.24,0.0,0.34,0.0,0.32,0.0,0.64
2025-07-02 17:00:00+00:00,0.38,0.55,0.04,0.36,2.79,1.53,0.0,0.13,0.0,0.39,0.0,0.41,0.0,0.51
2025-07-02 18:00:00+00:00,0.11,0.62,0.0,0.4,0.53,4.24,0.0,0.11,0.0,0.39,0.0,0.38,0.0,0.98
2025-07-02 19:00:00+00:00,0.0,0.76,0.0,0.31,0.0,1.96,0.0,0.11,0.0,0.47,0.0,0.37,0.0,1.27
2025-07-02 20:00:00+00:00,0.0,0.59,0.0,0.28,0.0,1.79,0.0,0.11,0.0,0.47,0.0,0.25,0.0,1.21
2025-07-02 21:00:00+00:00,0.0,0.41,0.0,0.28,0.0,1.46,0.0,0.11,0.0,0.28,0.0,0.26,0.0,1.25
2025-07-02 22:00:00+00:00,0.0,0.32,0.0,0.27,0.0,1.25,0.0,0.11,0.0,0.25,0.0,0.26,0.0,1.23
2025-07-02 23:00:00+00:00,0.0,0.3,0.0,0.28,0.0,1.26,0.0,0.11,0.0,0.21,0.0,0.26,0.0,1.23
2025-07-03 00:00:00+00:00,0.0,0.3,0.0,0.28,0.0,1.28,0.0,0.11,0.0,0.23,0.0,0.25,0.0,1.24
2025-07-03 01:00:00+00:00,0.0,0.28,0.0,0.28,0.0,3.76,0.0,0.11,0.0,0.24,0.0,0.25,0.0,1.24
2025-07-03 02:00:00+00:00,0.0,0.29,0.0,0.28,0.0,1.28,0.0,0.11,0.0,0.21,0.0,0.25,0.0,1.22
2025-07-03 03:00:00+00:00,0.0,0.39,0.0,0.28,0.0,1.27,0.0,0.11,0.0,0.26,0.0,0.25,0.0,1.28
2025-07-03 04:00:00+00:00,0.05,0.19,0.03,0.3,1.3,1.34,0.0,0.11,0.0,0.2,0.0,0.25,0.0,1.21
2025-07-03 05:00:00+00:00,0.25,0.42,0.07,0.31,3.47,1.37,0.0,0.15,0.0,0.22,0.0,0.25,0.0,1.23
2025-07-03 06:00:00+00:00,0.9,0.71,0.11,0.42,5.95,1.42,0.0,0.35,0.0,0.22,0.0,0.28,0.0,1.33
2025-07-03 07:00:00+00:00,1.83,1.01,0.14,0.41,7.54,1.52,0.0,0.61,0.0,0.2,0.0,0.17,0.0,1.32
2025-07-03 08:00:00+00:00,2.78,1.12,0.12,0.4,8.95,3.94,0.0,0.58,0.0,0.24,0.0,0.15,0.0,1.23
2025-07-03 09:00:00+00:00,3.65,1.22,0.14,0.42,10.17,1.41,0.0,0.6,0.0,0.23,0.0,0.2,0.0,1.28
2025-07-03 10:00:00+00:00,3.11,1.14,0.21,0.44,8.89,1.61,0.0,0.53,0.0,0.26,0.0,0.22,0.0,1.28
2025-07-03 11:00:00+00:00,4.26,1.23,0.23,0.44,10.75,1.42,0.0,0.6,0.0,0.25,0.0,0.21,0.0,1.31
2025-07-03 12:00:00+00:00,3.87,1.23,0.3,0.44,9.85,1.39,0.0,0.49,0.0,0.23,0.0,0.21,0.0,1.23
2025-07-03 13:00:00+00:00,2.07,0.92,0.23,0.43,6.93,1.62,0.0,0.47,0.0,0.27,0.0,0.21,0.0,1.13
2025-07-03 14:00:00+00:00,1.22,0.72,0.18,0.43,5.03,1.68,0.0,0.51,0.0,0.99,0.0,0.21,0.0,1.11
2025-07-03 15:00:00+00:00,0.2,0.48,0.06,0.38,1.65,3.8,0.0,0.37,0.0,0.69,0.0,0.21,0.0,1.29
2025-07-03 16:00:00+00:00,0.54,0.53,0.13,0.42,3.33,1.59,0.0,0.28,0.0,0.35,0.0,0.19,0.0,0.99
2025-07-03 17:00:00+00:00,0.25,0.46,0.06,0.37,2.09,1.48,0.0,0.15,0.0,0.45,0.0,0.15,0.0,0.89
2025-07-03 18:00:00+00:00,0.1,0.56,0.01,0.35,0.61,1.64,0.0,0.15,0.0,0.27,0.0,0.26,0.0,1.32
2025-07-03 19:00:00+00:00,0.0,0.68,0.0,0.3,0.0,1.42,0.0,0.15,0.0,0.36,0.0,0.27,0.0,1.32
2025-07-03 20:00:00+00:00,0.0,0.48,0.0,0.29,0.0,1.4,0.0,0.15,0.0,0.29,0.0,0.35,0.0,1.24
2025-07-03 21:00:00+00:00,0.0,0.53,0.0,0.29,0.0,1.42,0.0,0.15,0.0,0.36,0.0,0.19,0.0,1.21
2025-07-03 22:00:00+00:00,0.0,0.49,0.0,0.29,0.0,3.7,0.0,0.15,0.0,0.41,0.0,0.24,0.0,1.34
2025-07-03 23:00:00+00:00,0.0,0.49,0.0,0.29,0.0,1.3,0.0,0.19,0.0,0.37,0.0,0.25,0.0,1.6
2025-07-04 00:00:00+00:00,0.0,0.49,0.0,0.29,0.0,1.27,0.0,0.15,0.0,0.39,0.0,0.25,0.0,1.74
2025-07-04 01:00:00+00:00,0.0,0.5,0.0,0.28,0.0,1.59,0.0,0.15,0.0,0.38,0.0,0.25,0.0,1.88
2025-07-04 02:00:00+00:00,0.0,0.5,0.0,0.29,0.0,1.29,0.0,0.15,0.0,0.37,0.0,0.23,0.0,2.0
2025-07-04 03:00:00+00:00,0.0,0.67,0.0,0.28,0.0,1.27,0.0,0.15,0.0,0.39,0.0,0.25,0.0,2.01
2025-07-04 04:00:00+00:00,0.09,0.63,0.0,0.29,0.12,2.82,0.0,0.15,0.0,0.35,0.0,0.26,0.0,2.05
2025-07-04 05:00:00+00:00,0.11,0.5,0.01,0.3,0.56,2.87,0.0,0.39,0.0,0.39,0.0,0.49,0.0,2.07
2025-07-04 06:00:00+00:00,0.13,0.67,0.01,0.3,0.8,1.77,0.0,0.58,0.0,0.34,0.0,0.17,0.0,2.05
2025-07-04 07:00:00+00:00,1.05,0.72,0.14,0.3,4.58,1.38,0.0,0.59,0.0,0.36,0.0,0.19,0.0,1.69
2025-07-04 08:00:00+00:00,1.28,0.74,0.15,0.34,4.96,1.47,0.0,0.62,0.0,0.34,0.0,0.21,0.0,1.38
2025-07-04 09:00:00+00:00,2.15,0.96,0.22,0.38,6.52,1.43,0.0,0.62,0.0,0.34,0.0,0.2,0.0,1.29
2025-07-04 10:00:00+00:00,4.57,1.25,0.29,0.46,12.31,1.43,0.0,0.42,0.0,0.29,0.0,0.19,0.0,1.22
2025-07-04 11:00:00+00:00,2.56,0.86,0.2,0.43,7.52,4.05,0.0,0.52,0.0,0.18,0.0,0.22,0.0,1.22
2025-07-04 12:00:00+00:00,2.17,0.9,0.23,0.44,6.77,1.34,0.0,0.58,0.0,0.22,0.0,0.21,0.0,1.37
2025-07-04 13:00:00+00:00,2.25,0.92,0.26,0.43,7.29,1.2,0.0,0.37,0.0,0.21,0.0,0.21,0.0,1.13
2025-07-04 14:00:00+00:00,3.14,1.26,0.3,0.45,8.45,1.2,0.0,0.39,0.0,0.29,0.0,0.21,0.0,0.74
2025-07-04 15:00:00+00:00,0.9,0.68,0.17,0.43,4.14,1.41,0.0,0.3,0.0,0.26,0.0,0.22,0.0,0.93
2025-07-04 16:00:00+00:00,0.31,0.49,0.09,0.4,2.24,1.73,0.0,0.11,0.0,0.98,0.0,0.2,0.0,1.05
2025-07-04 17:00:00+00:00,0.13,0.47,0.03,0.35,1.14,3.24,0.0,0.1,0.0,0.97,0.0,0.2,0.0,0.98
2025-07-04 18:00:00+00:00,0.11,0.61,0.0,0.29,0.41,2.92,0.0,0.1,0.0,0.27,0.0,0.28,0.0,1.22
2025-07-04 19:00:00+00:00,0.0,0.69,0.0,0.3,0.0,1.98,0.0,0.1,0.0,0.31,0.0,0.3,0.0,1.24
2025-07-04 20:00:00+00:00,0.0,0.49,0.0,0.3,0.0,1.86,0.0,0.1,0.0,0.21,0.0,0.22,0.0,1.21
2025-07-04 21:00:00+00:00,0.0,0.49,0.0,0.28,0.0,1.37,0.0,0.1,0.0,0.22,0.0,0.22,0.0,1.21
2025-07-04 22:00:00+00:00,0.0,0.5,0.0,0.28,0.0,1.27,0.0,0.1,0.0,0.23,0.0,0.19,0.0,1.25
2025-07-04 23:00:00+00:00,0.0,0.49,0.0,0.29,0.0,1.29,0.0,0.1,0.0,0.19,0.0,0.17,0.0,1.5
2025-07-05 00:00:00+00:00,0.0,0.49,0.0,0.28,0.0,3.91,0.0,0.1,0.0,0.24,0.0,0.2,0.0,1.65
2025-07-05 01:00:00+00:00,0.0,0.5,0.0,0.28,0.0,1.31,0.0,0.1,0.0,0.2,0.0,0.22,0.0,1.64
2025-07-05 02:00:00+00:00,0.0,0.5,0.0,0.28,0.0,1.28,0.0,0.1,0.0,0.23,0.0,0.22,0.0,1.63
2025-07-05 03:00:00+00:00,0.0,0.66,0.0,0.28,0.0,1.29,0.0,0.1,0.0,0.21,0.0,0.21,0.0,1.61
2025-07-05 04:00:00+00:00,0.1,0.5,0.01,0.28,1.11,1.42,0.0,0.1,0.0,0.27,0.0,0.23,0.0,1.6
2025-07-05 05:00:00+00:00,0.32,0.41,0.08,0.3,3.86,1.61,0.0,0.1,0.0,0.25,0.0,0.24,0.0,1.59
2025-07-05 06:00:00+00:00,0.96,0.58,0.1,0.38,6.06,3.83,0.0,0.1,0.0,0.26,0.0,0.21,0.0,1.35
2025-07-05 07:00:00+00:00,1.63,0.79,0.11,0.38,6.92,1.45,0.0,0.1,0.0,0.3,0.0,0.19,0.0,1.16
2025-07-05 08:00:00+00:00,2.13,0.79,0.17,0.41,7.42,1.36,0.0,0.12,0.0,0.34,0.0,0.18,0.0,1.11
2025-07-05 09:00:00+00:00,3.32,0.97,0.17,0.42,9.61,1.55,0.0,0.12,0.0,0.38,0.0,0.17,0.0,1.14
2025-07-05 10:00:00+00:00,4.06,1.05,0.16,0.43,11.08,1.46,0.0,0.1,0.0,0.34,0.0,0.37,0.0,1.09
2025-07-05 11:00:00+00:00,4.37,1.05,0.18,0.42,11.38,1.36,0.0,0.12,0.0,0.36,0.0,0.52,0.0,1.1
2025-07-05 12:00:00+00:00,4.23,1.06,0.23,0.44,10.88,2.28,0.0,0.1,0.0,0.36,0.0,0.77,0.0,1.03
2025-07-05 13:00:00+00:00,3.65,1.03,0.27,0.43,9.85,2.5,0.0,0.1,0.0,0.34,0.0,0.18,0.0,0.89
2025-07-05 14:00:00+00:00,2.89,1.04,0.25,0.43,8.36,1.15,0.0,0.1,0.0,0.38,0.0,0.21,0.0,0.69
2025-07-05 15:00:00+00:00,2.01,0.95,0.18,0.42,6.9,1.15,0.0,0.1,0.0,0.33,0.0,0.21,0.0,0.57
2025-07-05 16:00:00+00:00,0.96,0.62,0.12,0.41,4.74,1.15,0.0,0.1,0.0,0.47,0.0,0.21,0.0,0.56
2025-07-05 17:00:00+00:00,0.27,0.35,0.06,0.37,2.35,0.98,0.0,0.1,0.0,0.51,0.0,0.25,0.0,0.48
2025-07-05 18:00:00+00:00,0.06,0.29,0.01,0.36,0.67,1.11,0.0,0.1,0.0,0.48,0.0,0.2,0.0,0.96
2025-07-05 19:00:00+00:00,0.0,0.43,0.0,0.3,0.0,3.95,0.0,0.1,0.0,0.52,0.0,0.19,0.0,1.21
2025-07-05 20:00:00+00:00,0.0,0.32,0.0,0.28,0.0,1.56,0.0,0.1,0.0,0.43,0.0,0.21,0.0,1.2
2025-07-05 21:00:00+00:00,0.0,0.29,0.0,0.26,0.0,1.34,0.0,0.12,0.0,0.38,0.0,0.21,0.0,1.22
2025-07-05 22:00:00+00:00,0.0,0.29,0.0,0.26,0.0,1.27,0.0,0.1,0.0,0.39,0.0,0.19,0.0,1.19
2025-07-05 23:00:00+00:00,0.0,0.28,0.0,0.26,0.0,1.27,0.0,0.12,0.0,0.35,0.0,0.14,0.0,1.23
2025-07-06 00:00:00+00:00,0.0,0.28,0.0,0.26,0.0,1.27,0.0,0.1,0.0,0.36,0.0,0.19,0.0,1.18
2025-07-06 01:00:00+00:00,0.0,0.27,0.0,0.26,0.0,1.71,0.0,0.1,0.0,0.23,0.0,0.21,0.0,1.22
2025-07-06 02:00:00+00:00,0.0,0.28,0.0,0.26,0.0,3.4,0.0,0.1,0.0,0.21,0.0,0.18,0.0,1.18
2025-07-06 03:00:00+00:00,0.0,0.38,0.0,0.26,0.0,1.27,0.0,0.1,0.0,0.23,0.0,0.23,0.0,1.22
2025-07-06 04:00:00+00:00,0.05,0.24,0.01,0.29,0.93,1.4,0.0,0.1,0.0,0.2,0.0,0.26,0.0,1.18
2025-07-06 05:00:00+00:00,0.42,0.39,0.09,0.29,3.93,1.67,0.0,0.1,0.0,0.23,0.0,0.25,0.0,1.15
2025-07-06 06:00:00+00:00,0.56,0.49,0.09,0.34,3.68,1.34,0.0,0.1,0.0,0.18,0.0,0.24,0.0,1.13
2025-07-06 07:00:00+00:00,1.97,1.02,0.12,0.4,8.19,1.35,0.0,0.1,0.0,0.19,0.0,0.24,0.0,1.13
2025-07-06 08:00:00+00:00,2.36,1.04,0.13,0.39,7.63,3.88,0.0,0.1,0.0,0.23,0.0,0.29,0.0,1.12
2025-07-06 09:00:00+00:00,2.61,0.92,0.21,0.43,7.77,1.36,0.0,0.16,0.0,0.19,0.0,0.26,0.0,1.06
2025-07-06 10:00:00+00:00,4.92,1.07,0.31,0.42,13.06,1.38,0.0,0.32,0.0,0.25,0.0,0.4,0.0,0.98
2025-07-06 11:00:00+00:00,2.3,0.84,0.22,0.44,7.58,1.38,0.0,0.26,0.0,0.21,0.0,0.32,0.0,1.02
2025-07-06 12:00:00+00:00,1.21,0.67,0.19,0.46,4.57,1.38,0.0,0.37,0.0,0.22,0.0,0.32,0.0,1.05
2025-07-06 13:00:00+00:00,0.63,0.41,0.12,0.45,3.25,1.41,0.0,0.43,0.0,0.24,0.0,0.3,0.0,1.12
2025-07-06 14:00:00+00:00,0.61,0.5,0.14,0.45,3.05,3.69,0.0,0.36,0.0,0.24,0.0,0.2,0.0,1.07
2025-07-06 15:00:00+00:00,0.28,0.33,0.08,0.45,2.25,1.63,0.0,0.31,0.0,0.62,0.0,0.21,0.0,1.18
2025-07-06 16:00:00+00:00,0.06,0.27,0.01,0.38,0.66,1.78,0.0,0.25,0.0,0.35,0.0,0.37,0.0,1.2
2025-07-06 17:00:00+00:00,0.05,0.18,0.01,0.36,0.94,1.77,0.0,0.44,0.0,0.38,0.0,0.3,0.0,1.22
2025-07-06 18:00:00+00:00,0.07,0.33,0.0,0.37,0.31,1.68,0.0,0.35,0.0,0.36,0.0,1.21,0.0,1.2
2025-07-06 19:00:00+00:00,0.0,0.39,0.0,0.34,0.0,1.57,0.0,0.32,0.0,0.22,0.0,0.31,0.0,1.21
2025-07-06 20:00:00+00:00,0.0,0.28,0.0,0.3,0.0,2.0,0.0,0.18,0.0,0.26,0.0,0.74,0.0,1.2
2025-07-06 21:00:00+00:00,0.0,0.26,0.0,0.28,0.0,3.34,0.0,0.16,0.0,0.23,0.0,0.84,0.0,1.19
2025-07-06 22:00:00+00:00,0.0,0.26,0.0,0.28,0.0,1.36,0.0,0.16,0.0,0.34,0.0,0.23,0.0,1.21
2025-07-06 23:00:00+00:00,0.0,0.24,0.0,0.27,0.0,1.36,0.0,0.16,0.0,0.35,0.0,0.22,0.0,1.19
2025-07-07 00:00:00+00:00,0.0,0.27,0.0,0.27,0.0,1.36,0.0,0.16,0.0,0.32,0.0,0.22,0.0,1.22
2025-07-07 01:00:00+00:00,0.0,0.24,0.0,0.27,0.0,1.35,0.0,0.16,0.0,0.37,0.0,0.21,0.0,1.22
2025-07-07 02:00:00+00:00,0.0,0.26,0.0,0.27,0.0,1.37,0.0,0.17,0.0,0.33,0.0,0.22,0.0,1.22
2025-07-07 03:00:00+00:00,0.0,0.36,0.0,0.27,0.0,3.91,0.0,0.15,0.0,0.35,0.0,0.21,0.0,1.21
2025-07-07 04:00:00+00:00,0.07,0.3,0.0,0.29,0.15,1.36,0.0,0.15,0.0,0.37,0.0,0.21,0.0,1.22
2025-07-07 05:00:00+00:00,0.05,0.18,0.01,0.28,0.7,1.4,0.0,0.27,0.0,0.34,0.0,0.22,0.0,1.23
2025-07-07 06:00:00+00:00,0.08,0.18,0.02,0.34,1.09,1.68,0.0,0.55,0.0,0.36,0.0,0.29,0.0,1.43
2025-07-07 07:00:00+00:00,0.26,0.29,0.06,0.41,2.22,1.73,0.0,0.62,0.0,0.4,0.0,0.24,0.0,1.91
2025-07-07 08:00:00+00:00,0.49,0.34,0.1,0.37,2.7,1.8,0.0,0.62,0.0,0.36,0.0,0.22,0.0,2.22
2025-07-07 09:00:00+00:00,0.5,0.36,0.11,0.33,2.8,4.99,0.0,0.61,0.0,0.31,0.0,0.21,0.0,2.14
2025-07-07 10:00:00+00:00,0.69,0.59,0.15,0.36,3.37,2.37,0.0,0.55,0.0,0.32,0.0,0.21,0.0,2.21
2025-07-07 11:00:00+00:00,1.75,0.86,0.3,0.35,6.2,1.81,0.0,0.6,0.0,0.33,0.0,0.21,0.0,1.61
2025-07-07 12:00:00+00:00,1.66,0.86,0.25,0.39,5.49,1.53,0.0,0.59,0.0,0.29,0.0,0.21,0.0,1.92
2025-07-07 13:00:00+00:00,1.22,0.66,0.22,0.34,4.58,1.77,0.0,0.5,0.0,0.21,0.0,0.21,0.0,1.8
2025-07-07 14:00:00+00:00,0.44,0.53,0.1,0.27,2.76,3.03,0.0,0.53,0.0,0.13,0.0,0.21,0.0,1.88
2025-07-07 15:00:00+00:00,0.11,0.54,0.01,0.41,0.58,2.87,0.0,0.53,0.0,0.16,0.0,0.21,0.0,1.27
2025-07-07 16:00:00+00:00,0.09,0.52,0.0,0.29,0.29,1.66,0.0,0.27,0.0,0.15,0.0,0.82,0.0,1.28
2025-07-07 17:00:00+00:00,0.09,0.44,0.01,0.29,0.4,1.6,0.0,0.18,0.0,0.13,0.0,0.32,0.0,1.28
2025-07-07 18:00:00+00:00,0.11,0.41,0.03,0.28,0.92,1.8,0.0,0.13,0.0,0.16,0.0,0.29,0.0,1.22
2025-07-07 19:00:00+00:00,0.0,0.57,0.0,0.29,0.0,1.91,0.0,0.13,0.0,0.13,0.0,0.18,0.0,1.3
2025-07-07 20:00:00+00:00,0.0,0.36,0.0,0.27,0.0,1.92,0.0,0.13,0.0,0.15,0.0,0.21,0.0,1.23
2025-07-07 21:00:00+00:00,0.0,0.36,0.0,0.26,0.0,2.46,0.0,0.13,0.0,0.16,0.0,0.23,0.0,1.26
2025-07-07 22:00:00+00:00,0.0,0.36,0.0,0.27,0.0,0.9,0.0,0.13,0.0,0.13,0.0,0.23,0.0,1.2
2025-07-07 23:00:00+00:00,0.0,0.35,0.0,0.26,0.0,0.82,0.0,0.13,0.0,0.17,0.0,0.21,0.0,1.24
2025-07-08 00:00:00+00:00,0.0,0.37,0.0,0.26,0.0,1.29,0.0,0.13,0.0,0.14,0.0,0.21,0.0,1.23
2025-07-08 01:00:00+00:00,0.0,0.35,0.0,0.26,0.0,1.78,0.0,0.13,0.0,0.15,0.0,0.21,0.0,1.24
2025-07-08 02:00:00+00:00,0.0,0.37,0.0,0.26,0.0,0.82,0.0,0.13,0.0,0.16,0.0,0.2,0.0,1.24
2025-07-08 03:00:00+00:00,0.0,0.55,0.0,0.29,0.0,0.82,0.0,0.13,0.0,0.15,0.0,0.2,0.0,1.24
2025-07-08 04:00:00+00:00,0.07,0.49,0.0,0.33,0.1,2.26,0.0,0.18,0.0,0.22,0.0,0.21,0.0,1.27
2025-07-08 05:00:00+00:00,0.09,0.42,0.0,0.32,0.42,1.18,0.0,0.13,0.0,0.17,0.0,0.21,0.0,1.24
2025-07-08 06:00:00+00:00,0.15,0.75,0.01,0.37,0.58,1.44,0.0,0.41,0.0,0.19,0.0,0.21,0.0,1.36
2025-07-08 07:00:00+00:00,0.18,0.57,0.04,0.43,1.19,1.96,0.0,0.72,0.0,0.2,0.0,0.21,0.0,1.42
2025-07-08 08:00:00+00:00,0.2,0.27,0.05,0.41,1.4,0.95,0.0,0.75,0.0,0.2,0.0,0.21,0.0,1.35
2025-07-08 09:00:00+00:00,1.32,0.75,0.19,0.45,4.58,1.96,0.0,0.69,0.0,0.32,0.0,0.19,0.0,1.31
2025-07-08 10:00:00+00:00,1.54,0.71,0.23,0.44,5.22,2.97,0.0,0.63,0.0,0.28,0.0,0.29,0.0,1.19
2025-07-08 11:00:00+00:00,2.89,0.91,0.49,0.64,7.94,3.3,0.0,0.61,0.0,0.3,0.0,0.19,0.0,1.31
2025-07-08 12:00:00+00:00,2.66,0.85,0.45,0.5,8.23,3.18,0.0,0.63,0.0,0.31,0.0,0.21,0.0,1.1
2025-07-08 13:00:00+00:00,1.21,0.57,0.21,0.48,3.71,2.31,0.0,0.64,0.0,0.27,0.0,0.2,0.0,1.21
2025-07-08 14:00:00+00:00,3.56,1.19,0.72,0.5,9.81,1.71,0.0,0.61,0.0,0.32,0.0,0.21,0.0,0.59
2025-07-08 15:00:00+00:00,2.3,1.01,0.5,0.48,7.53,2.19,0.0,0.45,0.0,1.3,0.0,0.89,0.0,0.53
2025-07-08 16:00:00+00:00,0.4,0.56,0.08,0.43,1.86,1.76,0.0,0.4,0.0,0.51,0.0,0.51,0.0,1.04
2025-07-08 17:00:00+00:00,0.5,0.57,0.09,0.47,2.83,2.22,0.0,0.35,0.0,0.64,0.0,0.49,0.0,0.56
2025-07-08 18:00:00+00:00,0.09,0.43,0.01,0.46,0.52,1.41,0.0,0.28,0.0,0.38,0.0,0.35,0.0,1.18
2025-07-08 19:00:00+00:00,0.0,0.4617647058823529,0.0,0.33,0.0,1.61,0.0,0.28500000000000003,0.0,0.36,0.0,0.38,0.0,1.23
2025-07-08 20:00:00+00:00,0.0,0.4935294117647059,0.0,0.33187500000000003,0.0,1.669375,0.0,0.29000000000000004,0.0,0.351875,0.0,0.371875,0.0,1.22375
2025-07-08 21:00:00+00:00,0.0,0.5252941176470588,0.0,0.33375,0.0,1.72875,0.0,0.29500000000000004,0.0,0.34375,0.0,0.36375,0.0,1.2175
2025-07-08 22:00:00+00:00,0.0,0.5570588235294117,0.0,0.335625,0.0,1.7881250000000002,0.0,0.30000000000000004,0.0,0.335625,0.0,0.355625,0.0,1.21125
2025-07-08 23:00:00+00:00,0.0,0.5888235294117647,0.0,0.3375,0.0,1.8475000000000001,0.0,0.305,0.0,0.3275,0.0,0.3475,0.0,1.2049999999999998
2025-07-09 00:00:00+00:00,0.0,0.6205882352941177,0.0,0.339375,0.0,1.906875,0.0,0.31,0.0,0.319375,0.0,0.339375,0.0,1.19875
2025-07-09 01:00:00+00:00,0.0,0.47,0.0,0.34125,0.0,1.96625,0.0,0.11,0.0,0.31125,0.0,0.33125,0.0,1.1925
2025-07-09 02:00:00+00:00,0.0,0.46499999999999997,0.0,0.255,0.0,1.25,0.0,0.10500000000000001,0.0,0.21,0.0,0.32,0.0,1.2796774193548388
2025-07-09 03:00:00+00:00,0.0,0.645,0.0,0.255,0.0,1.25,0.0,0.1,0.0,0.22999999999999998,0.0,0.31,0.0,1.286451612903226
2025-07-09 04:00:00+00:00,0.07,0.495,0.0,0.29,0.21500000000000002,1.35,0.0,0.095,0.0,0.22999999999999998,0.0,0.315,0.0,1.303225806451613
2025-07-09 05:00:00+00:00,1.681764705882353,0.7794117647058824,0.2947058823529412,0.34875,5.08375,2.20375,0.0,0.16,0.0,0.27875,0.0,0.29875,0.0,1.1675
2025-07-09 06:00:00+00:00,1.8264705882352943,0.8111764705882353,0.3205882352941177,0.350625,5.573125,2.263125,0.0,0.34,0.0,0.270625,0.0,0.290625,0.0,1.16125
2025-07-09 07:00:00+00:00,1.9711764705882353,0.8429411764705883,0.34647058823529414,0.3525,6.0625,2.3225000000000002,0.0,0.34500000000000003,0.0,0.2625,0.0,0.2825,0.0,1.1549999999999998
2025-07-09 08:00:00+00:00,2.1158823529411768,0.8747058823529412,0.3723529411764706,0.354375,6.551875,2.381875,0.0,0.35,0.0,0.254375,0.0,0.274375,0.0,1.14875
2025-07-09 09:00:00+00:00,2.260588235294118,0.9064705882352941,0.3982352941176471,0.35625,7.04125,2.44125,0.0,0.355,0.0,0.24625000000000002,0.0,0.26625,0.0,1.1424999999999998
2025-07-09 10:00:00+00:00,2.405294117647059,0.9382352941176471,0.42411764705882354,0.35812499999999997,7.530625,2.500625,0.0,0.36,0.0,0.23812500000000003,0.0,0.258125,0.0,1.13625
2025-07-09 11:00:00+00:00,2.55,0.97,0.45,0.36,8.02,2.56,0.0,0.365,0.0,0.23,0.0,0.25,0.0,1.13
2025-07-09 12:00:00+00:00,2.5,1.01,0.44,0.37,6.95,2.79,0.0,0.37,0.0,0.2,0.0,0.25,0.0,1.08
2025-07-09 13:00:00+00:00,2.37,0.95,0.5,0.4,7.09,3.88,0.0,0.3,0.0,0.17,0.0,0.24,0.0,1.03
2025-07-09 14:00:00+00:00,2.94,1.06,0.61,0.38,8.63,3.59,0.0,0.2,0.0,0.21,0.0,0.26,0.0,0.7
2025-07-09 15:00:00+00:00,1.59,0.84,0.33,0.32,5.6,1.47,0.0,0.23,0.0,0.16,0.0,0.24,0.0,0.82
2025-07-09 16:00:00+00:00,0.98,0.68,0.25,0.29,4.72,1.38,0.0,0.17,0.0,0.2,0.0,0.24,0.0,0.51
2025-07-09 17:00:00+00:00,0.24,0.44,0.05,0.3,1.82,1.35,0.0,0.15,0.0,0.23,0.0,0.24,0.0,0.54
2025-07-09 18:00:00+00:00,0.11,0.54,0.01,0.31,0.63,1.47,0.0,0.15,0.0,0.3,0.0,0.25,0.0,0.95
2025-07-09 19:00:00+00:00,0.0,0.66,0.0,0.31,0.0,2.65,0.0,0.16,0.0,0.32,0.0,0.25,0.0,1.26
2025-07-09 20:00:00+00:00,0.0,0.48,0.0,0.3,0.0,3.53,0.0,0.15,0.0,0.28,0.0,0.25,0.0,1.23
2025-07-09 21:00:00+00:00,0.0,0.45,0.0,0.3,0.0,1.34,0.0,0.15,0.0,0.32,0.0,0.21,0.0,1.26
2025-07-09 22:00:00+00:00,0.0,0.48,0.0,0.3,0.0,1.22,0.0,0.15,0.0,0.28,0.0,0.24,0.0,1.23
2025-07-09 23:00:00+00:00,0.0,0.46,0.0,0.3,0.0,1.05,0.0,0.15,0.0,0.3,0.0,0.19,0.0,1.27
2025-07-10 00:00:00+00:00,0.0,0.47,0.0,0.3,0.0,0.84,0.0,0.16,0.0,0.3,0.0,0.2,0.0,1.23
2025-07-10 01:00:00+00:00,0.0,0.45,0.0,0.3,0.0,3.38,0.0,0.16,0.0,0.28,0.0,0.21,0.0,1.27
2025-07-10 02:00:00+00:00,0.0,0.45,0.0,0.3,0.0,0.84,0.0,0.15,0.0,0.32,0.0,0.21,0.0,1.23
2025-07-10 03:00:00+00:00,0.0,0.64,0.0,0.3,0.0,0.86,0.0,0.16,0.0,0.27,0.0,0.21,0.0,1.26
2025-07-10 04:00:00+00:00,0.11,0.5,0.01,0.3,1.18,1.04,0.0,0.17,0.0,0.31,0.0,0.21,0.0,1.22
2025-07-10 05:00:00+00:00,0.27,0.4,0.08,0.31,4.02,1.38,0.0,0.2,0.0,0.32,0.0,0.21,0.0,1.23
2025-07-10 06:00:00+00:00,1.06,0.71,0.09,0.48,6.2,2.27,0.0,0.48,0.0,0.24,0.0,0.52,0.0,1.39
2025-07-10 07:00:00+00:00,2.03,0.95,0.09,0.48,8.17,2.98,0.0,0.67,0.0,0.18,0.0,0.24,0.0,1.93
2025-07-10 08:00:00+00:00,2.98,1.19,0.07,0.5,9.75,1.56,0.0,0.69,0.0,0.13,0.0,0.25,0.0,2.14
2025-07-10 09:00:00+00:00,3.8,1.15,0.13,0.53,10.54,1.57,0.0,0.58,0.0,0.16,0.0,0.25,0.0,2.04
2025-07-10 10:00:00+00:00,3.85,1.09,0.45,0.42,10.89,1.46,0.0,0.53,0.0,0.16,0.0,0.25,0.0,1.51
2025-07-10 11:00:00+00:00,3.38,1.0,0.57,0.42,8.73,1.37,0.0,0.67,0.0,0.12,0.0,0.25,0.0,1.88
2025-07-10 12:00:00+00:00,3.43,1.02,0.7,0.33,9.63,3.75,0.0,0.64,0.0,0.17,0.0,0.25,0.0,1.56
2025-07-10 13:00:00+00:00,3.66,1.13,0.69,0.38,9.93,1.56,0.0,0.51,0.0,0.14,0.0,0.24,0.0,1.06
2025-07-10 14:00:00+00:00,3.29,1.27,0.31,0.37,9.14,1.58,0.0,0.45,0.0,0.14,0.0,0.25,0.0,0.7
2025-07-10 15:00:00+00:00,2.26,1.08,0.21,0.28,7.41,1.45,0.0,0.45,0.0,0.17,0.0,0.35,0.0,0.51
2025-07-10 16:00:00+00:00,1.11,0.79,0.08,0.29,5.15,1.6,0.0,0.28,0.0,0.12,0.0,0.2,0.0,0.4
2025-07-10 17:00:00+00:00,0.26,0.46,0.03,0.28,2.2,1.49,0.0,0.16,0.0,0.16,0.0,0.24,0.0,0.5
2025-07-10 18:00:00+00:00,0.11,0.53,0.0,0.29,0.59,4.1,0.0,0.12,0.0,0.15,0.0,0.79,0.0,1.04
2025-07-10 19:00:00+00:00,0.0,0.68,0.0,0.3,0.0,1.88,0.0,0.17,0.0,0.12,0.0,0.65,0.0,1.31
2025-07-10 20:00:00+00:00,0.0,0.49,0.0,0.29,0.0,1.68,0.0,0.15,0.0,0.18,0.0,0.41,0.0,1.28
2025-07-10 21:00:00+00:00,0.0,0.46,0.0,0.28,0.0,1.44,0.0,0.12,0.0,0.19,0.0,0.27,0.0,1.28
2025-07-10 22:00:00+00:00,0.0,0.47,0.0,0.28,0.0,1.22,0.0,0.11,0.0,0.19,0.0,0.22,0.0,1.25
2025-07-10 23:00:00+00:00,0.0,0.48,0.0,0.28,0.0,1.22,0.0,0.11,0.0,0.21,0.0,0.24,0.0,1.26
2025-07-11 00:00:00+00:00,0.0,0.45,0.0,0.28,0.0,3.6,0.0,0.11,0.0,0.17,0.0,0.25,0.0,1.25
2025-07-11 01:00:00+00:00,0.0,0.48,0.0,0.28,0.0,1.12,0.0,0.1,0.0,0.2,0.0,0.25,0.0,1.25
2025-07-11 02:00:00+00:00,0.0,0.46,0.0,0.28,0.0,0.88,0.0,0.05,0.0,0.2,0.0,0.25,0.0,1.25
2025-07-11 03:00:00+00:00,0.0,0.64,0.0,0.28,0.0,0.88,0.0,0.06,0.0,0.17,0.0,0.25,0.0,1.24
2025-07-11 04:00:00+00:00,0.11,0.5,0.01,0.29,1.06,1.22,0.0,0.05,0.0,0.31,0.0,0.21,0.0,1.26
2025-07-11 05:00:00+00:00,0.26,0.4,0.07,0.28,3.86,1.75,0.0,0.11,0.0,0.29,0.0,0.26,0.0,2.17
2025-07-11 06:00:00+00:00,0.98,0.69,0.09,0.4,6.09,4.45,0.0,0.17,0.0,0.28,0.0,0.37,0.0,1.44
2025-07-11 07:00:00+00:00,1.97,0.88,0.09,0.46,7.95,1.4,0.0,0.2,0.0,0.32,0.0,0.21,0.0,1.35
2025-07-11 08:00:00+00:00,2.7,1.2,0.07,0.71,9.41,1.37,0.0,0.24,0.0,0.29,0.0,0.22,0.0,1.66
2025-07-11 09:00:00+00:00,3.66,1.24,0.11,0.46,10.45,1.35,0.0,0.21,0.0,0.32,0.0,0.21,0.0,1.33
2025-07-11 10:00:00+00:00,3.88,1.21,0.25,0.52,10.35,1.42,0.0,0.29,0.0,0.37,0.0,0.2,0.0,1.27
2025-07-11 11:00:00+00:00,3.16,1.07,0.27,0.51,9.3,1.57,0.0,0.25,0.0,0.32,0.0,0.21,0.0,1.28
2025-07-11 12:00:00+00:00,3.15,1.05,0.33,0.5,8.56,4.07,0.0,0.24,0.0,0.36,0.0,0.19,0.0,1.16
2025-07-11 13:00:00+00:00,3.27,1.09,0.4,0.5,9.0,1.58,0.0,0.22,0.0,0.35,0.0,0.2,0.0,0.88
2025-07-11 14:00:00+00:00,2.72,1.13,0.32,0.46,8.03,1.54,0.0,0.23,0.0,0.65,0.0,0.22,0.0,0.76
2025-07-11 15:00:00+00:00,2.98,1.22,0.32,0.34,8.86,1.38,0.0,0.28,0.0,2.16,0.0,0.25,0.0,0.48
2025-07-11 16:00:00+00:00,2.9338709677419357,1.2148387096774194,0.31483870967741934,0.33967741935483875,8.720806451612903,1.3804838709677418,0.0,0.27790322580645166,0.0,2.1298387096774194,0.0,0.25016129032258067,0.0,0.4935483870967742
2025-07-11 17:00:00+00:00,2.887741935483871,1.2096774193548387,0.3096774193548387,0.3393548387096774,8.581612903225805,1.3809677419354838,0.0,0.27580645161290324,0.0,2.0996774193548386,0.0,0.2503225806451613,0.0,0.5070967741935484
2025-07-11 18:00:00+00:00,2.8416129032258066,1.2045161290322581,0.30451612903225805,0.33903225806451615,8.442419354838709,1.3814516129032257,0.0,0.27370967741935487,0.0,2.0695161290322583,0.0,0.25048387096774194,0.0,0.5206451612903226
2025-07-11 19:00:00+00:00,0.0,1.1993548387096773,0.0,0.33870967741935487,0.0,1.3819354838709677,0.0,0.2716129032258065,0.0,2.0393548387096776,0.0,0.2506451612903226,0.0,0.5341935483870968
2025-07-11 20:00:00+00:00,0.0,1.1941935483870967,0.0,0.3383870967741936,0.0,1.3824193548387096,0.0,0.2695161290322581,0.0,2.009193548387097,0.0,0.2508064516129032,0.0,0.547741935483871
2025-07-11 21:00:00+00:00,0.0,1.189032258064516,0.0,0.33806451612903227,0.0,1.3829032258064515,0.0,0.2674193548387097,0.0,1.9790322580645163,0.0,0.2509677419354839,0.0,0.5612903225806452
2025-07-11 22:00:00+00:00,0.0,0.28500000000000003,0.0,0.24,0.0,1.27,0.0,0.1,0.0,0.225,0.0,0.195,0.0,1.27
2025-07-11 23:00:00+00:00,0.0,0.275,0.0,0.22999999999999998,0.0,1.27,0.0,0.1,0.0,0.18,0.0,0.165,0.0,1.345
2025-07-12 00:00:00+00:00,0.0,0.28,0.0,0.22999999999999998,0.0,1.29,0.0,0.1,0.0,0.22,0.0,0.355,0.0,1.37
2025-07-12 01:00:00+00:00,0.0,0.28,0.0,0.225,0.0,1.275,0.0,0.07500000000000001,0.0,0.195,0.0,0.365,0.0,1.3599999999999999
2025-07-12 02:00:00+00:00,0.0,0.265,0.0,0.225,0.0,1.24,0.0,0.07,0.0,0.18,0.0,0.375,0.0,1.385
2025-07-12 03:00:00+00:00,0.0,0.44,0.0,0.22,0.0,1.27,0.0,0.07,0.0,0.20500000000000002,0.0,0.375,0.0,1.375
2025-07-12 04:00:00+00:00,0.07,0.41000000000000003,0.0,0.245,0.3,1.41,0.0,0.07,0.0,0.175,0.0,0.375,0.0,1.4
2025-07-12 05:00:00+00:00,0.145,0.43999999999999995,0.03,0.25,1.37,1.55,0.0,0.04,0.0,0.20500000000000002,0.0,0.38,0.0,1.38
2025-07-12 06:00:00+00:00,0.5800000000000001,0.495,0.08,0.29500000000000004,3.63,1.355,0.0,0.04,0.0,0.185,0.0,0.38,0.0,1.34
2025-07-12 07:00:00+00:00,1.6349999999999998,0.8300000000000001,0.11499999999999999,0.32999999999999996,7.029999999999999,1.405,0.0,0.085,0.0,0.20500000000000002,0.0,0.37,0.0,1.23
2025-07-12 08:00:00+00:00,2.245,0.915,0.13,0.33999999999999997,7.525,1.4,0.0,0.1,0.0,0.235,0.0,0.385,0.0,1.165
2025-07-12 09:00:00+00:00,3.085,0.9450000000000001,0.175,0.365,9.18,1.4249999999999998,0.0,0.11,0.0,0.195,0.0,0.385,0.0,1.125
2025-07-12 10:00:00+00:00,3.55,1.06,0.29000000000000004,0.37,10.0,1.45,0.0,0.10500000000000001,0.0,0.29500000000000004,0.0,0.39,0.0,1.085
2025-07-12 11:00:00+00:00,2.5949999999999998,0.905,0.255,0.375,8.125,1.355,0.0,0.11,0.0,0.20500000000000002,0.0,0.445,0.0,1.115
2025-07-12 12:00:00+00:00,1.42,0.685,0.21000000000000002,0.33999999999999997,5.325,1.4,0.0,0.10500000000000001,0.0,0.215,0.0,0.5800000000000001,0.0,1.085
2025-07-12 13:00:00+00:00,1.655,0.6,0.195,0.3,5.585,1.62,0.0,0.10500000000000001,0.0,0.22999999999999998,0.0,0.39,0.0,1.1400000000000001
2025-07-12 14:00:00+00:00,1.265,0.675,0.195,0.26,4.97,1.6,0.0,0.10500000000000001,0.0,0.22,0.0,0.375,0.0,1.005
2025-07-12 15:00:00+00:00,0.2,0.29500000000000004,0.065,0.275,1.675,1.62,0.0,0.10500000000000001,0.0,0.22999999999999998,0.0,0.37,0.0,1.245
2025-07-12 16:00:00+00:00,0.215,0.335,0.07,0.235,1.925,1.705,0.0,0.10500000000000001,0.0,0.265,0.0,0.37,0.0,1.135
2025-07-12 17:00:00+00:00,0.08,0.32499999999999996,0.005,0.24,0.64,1.595,0.0,0.10500000000000001,0.0,0.30000000000000004,0.0,0.37,0.0,1.25
2025-07-12 18:00:00+00:00,0.07,0.325,0.0,0.24,0.265,1.635,0.0,0.10500000000000001,0.0,0.345,0.0,0.715,0.0,1.365
2025-07-12 19:00:00+00:00,0.0,0.395,0.0,0.25,0.0,1.65,0.0,0.10500000000000001,0.0,0.29500000000000004,0.0,0.425,0.0,1.3900000000000001
2025-07-12 20:00:00+00:00,0.0,0.275,0.0,0.22499999999999998,0.0,1.79,0.0,0.10500000000000001,0.0,0.255,0.0,0.36,0.0,1.3900000000000001
2025-07-12 21:00:00+00:00,0.0,0.265,0.0,0.22,0.0,1.845,0.0,0.11,0.0,0.24,0.0,0.22999999999999998,0.0,1.395
2025-07-12 22:00:00+00:00,0.0,0.28500000000000003,0.0,0.24,0.0,1.27,0.0,0.1,0.0,0.225,0.0,0.195,0.0,1.27
2025-07-12 23:00:00+00:00,0.0,0.275,0.0,0.22999999999999998,0.0,1.27,0.0,0.1,0.0,0.18,0.0,0.165,0.0,1.345
2025-07-13 00:00:00+00:00,0.0,0.28,0.0,0.22999999999999998,0.0,1.29,0.0,0.1,0.0,0.22,0.0,0.355,0.0,1.37
2025-07-13 01:00:00+00:00,0.0,0.28,0.0,0.225,0.0,1.275,0.0,0.07500000000000001,0.0,0.195,0.0,0.365,0.0,1.3599999999999999
2025-07-13 02:00:00+00:00,0.0,0.265,0.0,0.225,0.0,1.24,0.0,0.07,0.0,0.18,0.0,0.375,0.0,1.385
2025-07-13 03:00:00+00:00,0.0,0.44,0.0,0.22,0.0,1.27,0.0,0.07,0.0,0.20500000000000002,0.0,0.375,0.0,1.375
2025-07-13 04:00:00+00:00,0.07,0.41000000000000003,0.0,0.245,0.3,1.41,0.0,0.07,0.0,0.175,0.0,0.375,0.0,1.4
2025-07-13 05:00:00+00:00,0.145,0.43999999999999995,0.03,0.25,1.37,1.55,0.0,0.04,0.0,0.20500000000000002,0.0,0.38,0.0,1.38
2025-07-13 06:00:00+00:00,0.5800000000000001,0.495,0.08,0.29500000000000004,3.63,1.355,0.0,0.04,0.0,0.185,0.0,0.38,0.0,1.34
2025-07-13 07:00:00+00:00,1.6349999999999998,0.8300000000000001,0.11499999999999999,0.32999999999999996,7.029999999999999,1.405,0.0,0.085,0.0,0.20500000000000002,0.0,0.37,0.0,1.23
2025-07-13 08:00:00+00:00,2.245,0.915,0.13,0.33999999999999997,7.525,1.4,0.0,0.1,0.0,0.235,0.0,0.385,0.0,1.165
2025-07-13 09:00:00+00:00,3.085,0.9450000000000001,0.175,0.365,9.18,1.4249999999999998,0.0,0.11,0.0,0.195,0.0,0.385,0.0,1.125
2025-07-13 10:00:00+00:00,3.55,1.06,0.29000000000000004,0.37,10.0,1.45,0.0,0.10500000000000001,0.0,0.29500000000000004,0.0,0.39,0.0,1.085
2025-07-13 11:00:00+00:00,2.5949999999999998,0.905,0.255,0.375,8.125,1.355,0.0,0.11,0.0,0.20500000000000002,0.0,0.445,0.0,1.115
2025-07-13 12:00:00+00:00,1.42,0.685,0.21000000000000002,0.33999999999999997,5.325,1.4,0.0,0.10500000000000001,0.0,0.215,0.0,0.5800000000000001,0.0,1.085
2025-07-13 13:00:00+00:00,1.655,0.6,0.195,0.3,5.585,1.62,0.0,0.10500000000000001,0.0,0.22999999999999998,0.0,0.39,0.0,1.1400000000000001
2025-07-13 14:00:00+00:00,1.265,0.675,0.195,0.26,4.97,1.6,0.0,0.10500000000000001,0.0,0.22,0.0,0.375,0.0,1.005
2025-07-13 15:00:00+00:00,0.2,0.29500000000000004,0.065,0.275,1.675,1.62,0.0,0.10500000000000001,0.0,0.22999999999999998,0.0,0.37,0.0,1.245
2025-07-13 16:00:00+00:00,0.215,0.335,0.07,0.235,1.925,1.705,0.0,0.10500000000000001,0.0,0.265,0.0,0.37,0.0,1.135
2025-07-13 17:00:00+00:00,0.08,0.32499999999999996,0.005,0.24,0.64,1.595,0.0,0.10500000000000001,0.0,0.30000000000000004,0.0,0.37,0.0,1.25
2025-07-13 18:00:00+00:00,0.07,0.325,0.0,0.24,0.265,1.635,0.0,0.10500000000000001,0.0,0.345,0.0,0.715,0.0,1.365
2025-07-13 19:00:00+00:00,0.0,0.395,0.0,0.25,0.0,1.65,0.0,0.10500000000000001,0.0,0.29500000000000004,0.0,0.425,0.0,1.3900000000000001
2025-07-13 20:00:00+00:00,0.0,0.275,0.0,0.22499999999999998,0.0,1.79,0.0,0.10500000000000001,0.0,0.255,0.0,0.36,0.0,1.3900000000000001
2025-07-13 21:00:00+00:00,0.0,0.265,0.0,0.22,0.0,1.845,0.0,0.11,0.0,0.24,0.0,0.22999999999999998,0.0,1.395
2025-07-13 22:00:00+00:00,0.0,0.48,0.0,0.27,0.0,1.2650000000000001,0.0,0.125,0.0,0.22999999999999998,0.0,0.255,0.0,1.2850000000000001
2025-07-13 23:00:00+00:00,0.0,0.9309677419354839,0.0,0.32193548387096776,0.0,1.4070967741935483,0.0,0.1625806451612903,0.0,0.47096774193548385,0.0,0.25903225806451613,0.0,1.238709677419355
2025-07-14 00:00:00+00:00,0.0,0.9258064516129032,0.0,0.32161290322580643,0.0,1.4075806451612902,0.0,0.16048387096774194,0.0,0.4408064516129032,0.0,0.2591935483870968,0.0,1.252258064516129
2025-07-14 01:00:00+00:00,0.0,0.9206451612903226,0.0,0.32129032258064516,0.0,1.4080645161290322,0.0,0.15838709677419355,0.0,0.4106451612903226,0.0,0.2593548387096774,0.0,1.2658064516129033
2025-07-14 02:00:00+00:00,0.0,0.915483870967742,0.0,0.3209677419354839,0.0,1.408548387096774,0.0,0.15629032258064515,0.0,0.38048387096774194,0.0,0.25951612903225807,0.0,1.2793548387096774
2025-07-14 03:00:00+00:00,0.0,0.9103225806451614,0.0,0.3206451612903226,0.0,1.409032258064516,0.0,0.15419354838709678,0.0,0.3503225806451613,0.0,0.25967741935483873,0.0,1.2929032258064517
2025-07-14 04:00:00+00:00,0.16612903225806477,0.9051612903225806,0.005161290322580661,0.3203225806451613,0.3691935483870969,1.409516129032258,0.0,0.1520967741935484,0.0,0.3201612903225806,0.0,0.25983870967741934,0.0,1.3064516129032258
2025-07-14 05:00:00+00:00,0.12,0.9,0.0,0.32,0.23,1.41,0.0,0.15,0.0,0.29,0.0,0.26,0.0,1.32
2025-07-14 06:00:00+00:00,0.14,0.86,0.0,0.42,0.47,1.4,0.0,0.49,0.0,0.24,0.0,0.34,0.0,1.5
2025-07-14 07:00:00+00:00,0.14,0.44,0.03,0.43,1.22,5.97,0.0,0.67,0.0,0.34,0.0,0.29,0.0,1.47
2025-07-14 08:00:00+00:00,0.18,0.31,0.05,0.5,1.56,2.55,0.0,0.72,0.0,0.31,0.0,0.26,0.0,1.5
2025-07-14 09:00:00+00:00,0.32,0.4,0.08,0.44,1.98,2.45,0.0,0.57,0.0,0.35,0.0,0.25,0.0,1.49
2025-07-14 10:00:00+00:00,1.96,0.88,0.3,0.4,5.63,2.13,0.0,0.53,0.0,0.31,0.0,0.23,0.0,1.31
2025-07-14 11:00:00+00:00,4.17,1.2,0.66,0.53,11.05,2.21,0.0,0.5,0.0,0.34,0.0,0.23,0.0,1.39
2025-07-14 12:00:00+00:00,3.17,1.04,0.62,0.49,9.12,2.54,0.0,0.44,0.0,0.33,0.0,0.25,0.0,1.25
2025-07-14 13:00:00+00:00,2.55,0.89,0.51,0.34,7.47,1.71,0.0,0.59,0.0,0.32,0.0,0.2,0.0,1.23
2025-07-14 14:00:00+00:00,1.68,0.84,0.39,0.46,5.78,2.57,0.0,0.44,0.0,0.35,0.0,0.22,0.0,0.94
2025-07-14 15:00:00+00:00,1.59,0.88,0.38,0.33,5.6,1.96,0.0,0.41,0.0,0.31,0.0,0.26,0.0,0.76
2025-07-14 16:00:00+00:00,0.86,0.71,0.24,0.28,4.49,1.95,0.0,0.26,0.0,0.49,0.0,0.26,0.0,0.72
2025-07-14 17:00:00+00:00,0.25,0.46,0.07,0.28,1.97,1.94,0.0,0.22,0.0,0.55,0.0,0.88,0.0,0.57
2025-07-14 18:00:00+00:00,0.1,0.55,0.01,0.29,0.46,1.95,0.0,0.21,0.0,0.41,0.0,0.55,0.0,1.26
2025-07-14 19:00:00+00:00,0.0,0.67,0.0,0.35,0.0,1.74,0.0,0.24,0.0,0.44,0.0,0.36,0.0,1.35
2025-07-14 20:00:00+00:00,0.0,0.49,0.0,0.29,0.0,1.62,0.0,0.21,0.0,0.42,0.0,0.31,0.0,1.51
2025-07-14 21:00:00+00:00,0.0,0.49,0.0,0.29,0.0,1.28,0.0,0.21,0.0,0.39,0.0,0.32,0.0,1.53
2025-07-14 22:00:00+00:00,0.0,0.5,0.0,0.28,0.0,1.24,0.0,0.21,0.0,0.21,0.0,0.31,0.0,1.54
2025-07-14 23:00:00+00:00,0.0,0.49,0.0,0.29,0.0,1.25,0.0,0.21,0.0,0.22,0.0,0.31,0.0,1.55
2025-07-15 00:00:00+00:00,0.0,0.49,0.0,0.28,0.0,1.25,0.0,0.23,0.0,0.2,0.0,0.31,0.0,1.57
2025-07-15 01:00:00+00:00,0.0,0.5,0.0,0.29,0.0,1.25,0.0,0.22,0.0,0.21,0.0,0.32,0.0,1.53
2025-07-15 02:00:00+00:00,0.0,0.48,0.0,0.26,0.0,1.25,0.0,0.23,0.0,0.2,0.0,0.32,0.0,1.46
2025-07-15 03:00:00+00:00,0.0,0.68,0.0,0.29,0.0,1.25,0.0,0.22,0.0,0.16,0.0,0.31,0.0,1.48
2025-07-15 04:00:00+00:00,0.09,0.52,0.0,0.29,0.17,1.39,0.0,0.2,0.0,0.21,0.0,0.31,0.0,1.49
2025-07-15 05:00:00+00:00,0.07,0.4,0.0,0.3,0.29,1.68,0.0,0.44,0.0,0.26,0.0,0.34,0.0,1.67
2025-07-15 06:00:00+00:00,0.15,0.86,0.01,0.39,0.6,1.84,0.0,0.55,0.0,0.21,0.0,0.29,0.0,1.78
2025-07-15 07:00:00+00:00,0.12,0.46,0.02,0.43,0.83,1.72,0.0,0.46,0.0,0.18,0.0,0.25,0.0,2.3
2025-07-15 08:00:00+00:00,0.15,0.25,0.06,0.43,1.68,1.91,0.0,0.44,0.0,0.2,0.0,0.21,0.0,2.26
2025-07-15 09:00:00+00:00,1.49,0.83,0.2,0.47,5.1,1.88,0.0,0.46,0.0,0.18,0.0,0.3,0.0,1.65
2025-07-15 10:00:00+00:00,3.46,1.11,0.45,0.47,8.98,1.49,0.0,0.45,0.0,0.22,0.0,0.44,0.0,1.32
2025-07-15 11:00:00+00:00,2.11,0.83,0.4,0.51,7.46,1.5,0.0,0.41,0.0,0.17,0.0,0.44,0.0,1.29
2025-07-15 12:00:00+00:00,1.52,0.78,0.34,0.65,5.82,1.4,0.0,0.46,0.0,0.21,0.0,0.44,0.0,1.3
2025-07-15 13:00:00+00:00,1.85,0.84,0.38,0.61,6.22,1.53,0.0,0.38,0.0,0.17,0.0,0.44,0.0,1.12
2025-07-15 14:00:00+00:00,2.91,1.23,0.67,0.59,8.65,1.43,0.0,0.28,0.0,0.2,0.0,0.44,0.0,0.8
2025-07-15 15:00:00+00:00,1.26,0.83,0.31,0.47,4.93,1.41,0.0,0.24,0.0,0.17,0.0,0.42,0.0,0.92
2025-07-15 16:00:00+00:00,0.82,0.72,0.21,0.45,4.16,1.55,0.0,0.25,0.0,0.4,0.0,0.5,0.0,0.81
2025-07-15 17:00:00+00:00,0.11,0.52,0.02,0.42,0.77,1.56,0.0,0.23,0.0,0.34,0.0,0.47,0.0,1.25
2025-07-15 18:00:00+00:00,0.11,0.62,0.0,0.45,0.18,1.56,0.0,0.17,0.0,0.4,0.0,0.59,0.0,1.24
2025-07-15 19:00:00+00:00,0.0,0.68,0.0,0.44,0.0,1.8,0.0,0.12,0.0,0.37,0.0,1.06,0.0,1.26
2025-07-15 20:00:00+00:00,0.0,0.49,0.0,0.42,0.0,1.82,0.0,0.2,0.0,0.31,0.0,0.8,0.0,1.27
2025-07-15 21:00:00+00:00,0.0,0.49,0.0,0.41,0.0,1.45,0.0,0.14,0.0,0.36,0.0,0.46,0.0,1.29
2025-07-15 22:00:00+00:00,0.0,0.49,0.0,0.41,0.0,1.22,0.0,0.11,0.0,0.3,0.0,0.44,0.0,1.25
2025-07-15 23:00:00+00:00,0.0,0.48,0.0,0.41,0.0,1.22,0.0,0.2,0.0,0.35,0.0,0.44,0.0,1.23
2025-07-16 00:00:00+00:00,0.0,0.47,0.0,0.42,0.0,1.22,0.0,0.21,0.0,0.3,0.0,0.43,0.0,1.23
2025-07-16 01:00:00+00:00,0.0,0.49,0.0,0.42,0.0,1.22,0.0,0.14,0.0,0.34,0.0,0.43,0.0,1.21
2025-07-16 02:00:00+00:00,0.0,0.49,0.0,0.41,0.0,1.22,0.0,0.14,0.0,0.28,0.0,0.43,0.0,1.23
2025-07-16 03:00:00+00:00,0.0,0.67,0.0,0.4,0.0,1.22,0.0,0.17,0.0,0.31,0.0,0.43,0.0,1.21
2025-07-16 04:00:00+00:00,0.11,0.6,0.0,0.44,0.2,1.28,0.0,0.1,0.0,0.29,0.0,0.45,0.0,1.21
2025-07-16 05:00:00+00:00,0.11,0.31,0.03,0.44,1.07,1.38,0.0,0.33,0.0,0.33,0.0,0.41,0.0,1.21
2025-07-16 06:00:00+00:00,0.37,0.52,0.1,0.5,3.07,1.36,0.0,0.4,0.0,0.31,0.0,0.42,0.0,1.3
2025-07-16 07:00:00+00:00,0.64,0.64,0.13,0.41,3.28,1.32,0.0,0.4,0.0,0.26,0.0,0.43,0.0,1.31
2025-07-16 08:00:00+00:00,0.85,0.63,0.15,0.41,3.74,1.58,0.0,0.39,0.0,0.17,0.0,0.27,0.0,1.59
2025-07-16 09:00:00+00:00,1.57,0.85,0.23,0.52,5.04,6.44,0.0,0.37,0.0,0.12,0.0,0.15,0.0,1.39
2025-07-16 10:00:00+00:00,1.24,0.78,0.22,0.54,4.93,4.95,0.0,0.33,0.0,0.17,0.0,0.23,0.0,1.46
2025-07-16 11:00:00+00:00,1.82,1.77,0.33,0.59,5.81,1.55,0.0,0.29,0.0,0.12,0.0,0.38,0.0,1.34
2025-07-16 12:00:00+00:00,1.95,1.78,0.33,0.62,6.34,1.51,0.0,0.36,0.0,0.16,0.0,0.37,0.0,1.39
2025-07-16 13:00:00+00:00,1.06,0.66,0.21,0.62,4.32,1.62,0.0,0.43,0.0,0.13,0.0,0.37,0.0,1.25
2025-07-16 14:00:00+00:00,0.9,0.78,0.16,0.62,3.69,1.54,0.0,0.33,0.0,0.14,0.0,0.35,0.0,1.19
2025-07-16 15:00:00+00:00,0.69,0.67,0.13,0.54,3.45,1.52,0.0,0.28,0.0,0.15,0.0,0.36,0.0,1.13
2025-07-16 16:00:00+00:00,0.13,0.49,0.02,0.44,1.09,1.79,0.0,0.19,0.0,0.19,0.0,0.38,0.0,1.23
2025-07-16 17:00:00+00:00,0.1,0.52,0.0,0.41,0.55,1.77,0.0,0.13,0.0,0.26,0.0,0.37,0.0,1.24
2025-07-16 18:00:00+00:00,0.11,0.6,0.0,0.42,0.36,1.84,0.0,0.16,0.0,0.12,0.0,0.37,0.0,1.25
2025-07-16 19:00:00+00:00,0.0,0.67,0.0,0.43,0.0,1.87,0.0,0.13,0.0,0.17,0.0,0.4,0.0,1.25
2025-07-16 20:00:00+00:00,0.0,0.49,0.0,0.41,0.0,1.75,0.0,0.11,0.0,0.18,0.0,0.38,0.0,1.27
2025-07-16 21:00:00+00:00,0.0,0.47,0.0,0.41,0.0,1.48,0.0,0.12,0.0,0.17,0.0,0.36,0.0,1.26
2025-07-16 22:00:00+00:00,0.0,0.48,0.0,0.41,0.0,1.27,0.0,0.12,0.0,0.21,0.0,0.36,0.0,1.29
2025-07-16 23:00:00+00:00,0.0,0.47,0.0,0.41,0.0,1.28,0.0,0.12,0.0,0.2,0.0,0.32,0.0,1.27
2025-07-17 00:00:00+00:00,0.0,0.47,0.0,0.41,0.0,1.18,0.0,0.1,0.0,0.32,0.0,0.32,0.0,1.3
2025-07-17 01:00:00+00:00,0.0,0.47,0.0,0.4,0.0,0.92,0.0,0.04,0.0,0.3,0.0,0.32,0.0,1.27
2025-07-17 02:00:00+00:00,0.0,0.46,0.0,0.41,0.0,0.99,0.0,0.07,0.0,0.33,0.0,0.32,0.0,1.29
2025-07-17 03:00:00+00:00,0.0,0.44,0.0,0.41,0.0,0.88,0.0,0.04,0.0,0.3,0.0,0.31,0.0,1.27
2025-07-17 04:00:00+00:00,0.06,0.23,0.01,0.41,0.97,1.23,0.0,0.07,0.0,0.33,0.0,0.33,0.0,1.29
2025-07-17 05:00:00+00:00,0.18,0.36,0.07,0.41,3.47,1.43,0.0,0.16,0.0,0.32,0.0,0.37,0.0,1.32
2025-07-17 06:00:00+00:00,0.79,0.67,0.12,0.52,4.53,2.21,0.0,0.22,0.0,0.34,0.0,0.36,0.0,1.47
2025-07-17 07:00:00+00:00,1.85,0.87,0.12,0.59,7.37,4.57,0.0,0.33,0.0,0.35,0.0,0.38,0.0,1.41
2025-07-17 08:00:00+00:00,2.36,0.96,0.18,0.56,8.48,2.04,0.0,0.31,0.0,0.34,0.0,0.38,0.0,1.35
2025-07-17 09:00:00+00:00,2.47,0.94,0.24,0.49,7.98,1.6,0.0,0.31,0.0,0.35,0.0,0.37,0.0,1.29
2025-07-17 10:00:00+00:00,2.44,0.9,0.35,0.47,7.6,1.52,0.0,0.42,0.0,0.25,0.0,0.36,0.0,1.2
2025-07-17 11:00:00+00:00,2.36,0.89,0.41,0.53,6.39,1.51,0.0,0.33,0.0,0.26,0.0,0.37,0.0,1.29
2025-07-17 12:00:00+00:00,4.33,1.26,0.89,0.59,11.29,2.22,0.0,0.33,0.0,0.19,0.0,0.37,0.0,1.15
2025-07-17 13:00:00+00:00,3.73,1.22,0.81,0.4,9.85,3.64,0.0,0.37,0.0,0.22,0.0,0.36,0.0,1.09
2025-07-17 14:00:00+00:00,3.19,1.35,0.73,0.36,9.25,1.62,0.0,0.2,0.0,0.18,0.0,0.37,0.0,0.78
2025-07-17 15:00:00+00:00,1.88,1.08,0.48,0.28,6.54,1.5,0.0,0.24,0.0,0.24,0.0,0.38,0.0,0.54
2025-07-17 16:00:00+00:00,1.07,0.85,0.31,0.23,5.25,1.64,0.0,0.16,0.0,0.19,0.0,0.38,0.0,0.36
2025-07-17 17:00:00+00:00,0.2,0.45,0.06,0.23,2.0,1.51,0.0,0.19,0.0,0.19,0.0,0.37,0.0,0.39
2025-07-17 18:00:00+00:00,0.11,0.59,0.0,0.24,0.57,2.57,0.0,0.16,0.0,0.21,0.0,0.37,0.0,1.03
2025-07-17 19:00:00+00:00,0.0,0.66,0.0,0.24,0.0,3.74,0.0,0.17,0.0,0.17,0.0,0.37,0.0,1.18
2025-07-17 20:00:00+00:00,0.0,0.51,0.0,0.23,0.0,1.79,0.0,0.2,0.0,0.22,0.0,0.39,0.0,1.2
2025-07-17 21:00:00+00:00,0.0,0.51,0.0,0.23,0.0,1.46,0.0,0.13,0.0,0.17,0.0,0.37,0.0,1.19
2025-07-17 22:00:00+00:00,0.0,0.5,0.0,0.23,0.0,1.26,0.0,0.12,0.0,0.22,0.0,0.39,0.0,1.2
2025-07-17 23:00:00+00:00,0.0,0.49,0.0,0.22,0.0,1.26,0.0,0.12,0.0,0.22,0.0,0.37,0.0,1.18
2025-07-18 00:00:00+00:00,0.0,0.5,0.0,0.23,0.0,3.82,0.0,0.17,0.0,0.2,0.0,0.38,0.0,1.19
2025-07-18 01:00:00+00:00,0.0,0.48,0.0,0.22,0.0,1.27,0.0,0.1,0.0,0.21,0.0,0.37,0.0,1.19
2025-07-18 02:00:00+00:00,0.0,0.51,0.0,0.23,0.0,1.26,0.0,0.09,0.0,0.17,0.0,0.32,0.0,1.19
2025-07-18 03:00:00+00:00,0.0,0.66,0.0,0.22,0.0,1.13,0.0,0.09,0.0,0.22,0.0,0.3,0.0,1.2
2025-07-18 04:00:00+00:00,0.08,0.41,0.01,0.23,1.12,1.27,0.0,0.06,0.0,0.18,0.0,0.32,0.0,1.19
2025-07-18 05:00:00+00:00,0.22,0.29,0.07,0.21,3.59,2.39,0.0,0.11,0.0,0.2,0.0,0.36,0.0,1.16
2025-07-18 06:00:00+00:00,0.72,0.54,0.09,0.28,5.23,3.03,0.0,0.41,0.0,0.19,0.0,0.39,0.0,1.4
2025-07-18 07:00:00+00:00,1.38,0.95,0.14,0.34,7.39,1.37,0.0,0.54,0.0,0.18,0.0,0.37,0.0,1.31
2025-07-18 08:00:00+00:00,2.5,1.12,0.12,0.29,8.5,1.41,0.0,0.52,0.0,0.22,0.0,0.38,0.0,1.4
2025-07-18 09:00:00+00:00,3.63,1.29,0.15,0.32,10.33,1.4,0.0,0.46,0.0,0.21,0.0,0.37,0.0,1.88
2025-07-18 10:00:00+00:00,3.96,1.32,0.47,0.43,10.93,1.43,0.0,0.5,0.0,0.27,0.0,0.37,0.0,1.61
2025-07-18 11:00:00+00:00,4.23,1.36,0.69,0.36,10.97,3.46,0.0,0.52,0.0,0.2,0.0,0.35,0.0,1.26
2025-07-18 12:00:00+00:00,4.09,1.35,0.82,0.32,10.52,2.04,0.0,0.5,0.0,0.23,0.0,0.36,0.0,1.25
2025-07-18 13:00:00+00:00,3.56,1.29,0.79,0.45,9.93,1.36,0.0,0.45,0.0,0.23,0.0,0.38,0.0,0.89
2025-07-18 14:00:00+00:00,2.78,1.26,0.62,0.25,8.08,1.49,0.0,0.39,0.0,0.18,0.0,0.37,0.0,0.69
2025-07-18 15:00:00+00:00,1.88,1.1,0.4,0.25,6.82,1.27,0.0,0.39,0.0,0.23,0.0,0.37,0.0,0.54
2025-07-18 16:00:00+00:00,0.91,0.81,0.09,0.24,4.96,1.61,0.0,0.33,0.0,0.18,0.0,0.37,0.0,0.41
2025-07-18 17:00:00+00:00,0.21,0.48,0.03,0.26,2.03,2.13,0.0,0.18,0.0,0.22,0.0,0.37,0.0,0.43
2025-07-18 18:00:00+00:00,0.11,0.63,0.0,0.25,0.52,2.64,0.0,0.12,0.0,0.19,0.0,0.99,0.0,1.11
2025-07-18 19:00:00+00:00,0.0,0.69,0.0,0.25,0.0,1.55,0.0,0.17,0.0,0.2,0.0,0.36,0.0,1.26
2025-07-18 20:00:00+00:00,0.0,0.52,0.0,0.24,0.0,1.56,0.0,0.11,0.0,0.21,0.0,0.22,0.0,1.26
2025-07-18 21:00:00+00:00,0.0,0.5,0.0,0.23,0.0,1.44,0.0,0.15,0.0,0.19,0.0,0.25,0.0,1.22
2025-07-18 22:00:00+00:00,0.0,0.5,0.0,0.24,0.0,1.22,0.0,0.14,0.0,0.23,0.0,0.14,0.0,1.25
2025-07-18 23:00:00+00:00,0.0,0.5,0.0,0.22,0.0,1.27,0.0,0.16,0.0,0.18,0.0,0.24,0.0,1.23
2025-07-19 00:00:00+00:00,0.0,0.51,0.0,0.22,0.0,3.87,0.0,0.16,0.0,0.22,0.0,0.37,0.0,1.25
2025-07-19 01:00:00+00:00,0.0,0.5,0.0,0.22,0.0,1.24,0.0,0.12,0.0,0.19,0.0,0.37,0.0,1.23
2025-07-19 02:00:00+00:00,0.0,0.48,0.0,0.22,0.0,1.21,0.0,0.1,0.0,0.19,0.0,0.37,0.0,1.23
2025-07-19 03:00:00+00:00,0.0,0.68,0.0,0.22,0.0,1.22,0.0,0.1,0.0,0.2,0.0,0.37,0.0,1.19
2025-07-19 04:00:00+00:00,0.09,0.6,0.0,0.25,0.48,1.31,0.0,0.08,0.0,0.18,0.0,0.38,0.0,1.24
2025-07-19 05:00:00+00:00,0.18,0.47,0.03,0.24,1.58,1.62,0.0,0.04,0.0,0.22,0.0,0.38,0.0,1.17
2025-07-19 06:00:00+00:00,0.6,0.63,0.07,0.26,3.86,3.96,0.0,0.04,0.0,0.18,0.0,0.37,0.0,1.21
2025-07-19 07:00:00+00:00,1.71,1.02,0.11,0.35,7.52,1.36,0.0,0.1,0.0,0.2,0.0,0.36,0.0,1.14
2025-07-19 08:00:00+00:00,2.58,1.07,0.13,0.36,8.89,1.36,0.0,0.1,0.0,0.23,0.0,0.38,0.0,1.12
2025-07-19 09:00:00+00:00,3.33,1.03,0.14,0.36,9.81,1.35,0.0,0.11,0.0,0.2,0.0,0.38,0.0,1.06
2025-07-19 10:00:00+00:00,3.85,1.15,0.19,0.37,10.79,1.3,0.0,0.11,0.0,0.22,0.0,0.37,0.0,1.08
2025-07-19 11:00:00+00:00,2.89,0.97,0.23,0.38,8.67,1.14,0.0,0.11,0.0,0.17,0.0,0.38,0.0,0.97
2025-07-19 12:00:00+00:00,0.37,0.34,0.06,0.32,2.7,4.24,0.0,0.11,0.0,0.21,0.0,0.38,0.0,1.12
2025-07-19 13:00:00+00:00,0.1,0.25,0.01,0.29,1.03,1.77,0.0,0.12,0.0,0.18,0.0,0.38,0.0,1.18
2025-07-19 14:00:00+00:00,0.08,0.3,0.02,0.26,0.71,1.61,0.0,0.11,0.0,0.2,0.0,0.36,0.0,1.35
2025-07-19 15:00:00+00:00,0.12,0.23,0.05,0.3,1.1,1.61,0.0,0.11,0.0,0.2,0.0,0.37,0.0,1.36
2025-07-19 16:00:00+00:00,0.86,0.56,0.23,0.22,4.4,1.73,0.0,0.11,0.0,0.18,0.0,0.37,0.0,0.88
2025-07-19 17:00:00+00:00,0.23,0.3,0.09,0.21,2.19,1.38,0.0,0.11,0.0,0.22,0.0,0.38,0.0,0.83
2025-07-19 18:00:00+00:00,0.07,0.3,0.0,0.21,0.44,2.93,0.0,0.11,0.0,0.17,0.0,1.01,0.0,1.35
2025-07-19 19:00:00+00:00,0.0,0.42,0.0,0.21,0.0,2.7,0.0,0.11,0.0,0.21,0.0,0.52,0.0,1.47
2025-07-19 20:00:00+00:00,0.0,0.28,0.0,0.21,0.0,1.64,0.0,0.12,0.0,0.19,0.0,0.46,0.0,1.5
2025-07-19 21:00:00+00:00,0.0,0.28,0.0,0.21,0.0,1.34,0.0,0.11,0.0,0.2,0.0,0.39,0.0,1.49
2025-07-19 22:00:00+00:00,0.0,0.28,0.0,0.21,0.0,1.27,0.0,0.1,0.0,0.2,0.0,0.2,0.0,1.5
2025-07-19 23:00:00+00:00,0.0,0.27,0.0,0.21,0.0,1.27,0.0,0.1,0.0,0.18,0.0,0.16,0.0,1.5
2025-07-20 00:00:00+00:00,0.0,0.26,0.0,0.21,0.0,1.31,0.0,0.09,0.0,0.22,0.0,0.35,0.0,1.52
2025-07-20 01:00:00+00:00,0.0,0.29,0.0,0.21,0.0,3.81,0.0,0.05,0.0,0.18,0.0,0.39,0.0,1.51
2025-07-20 02:00:00+00:00,0.0,0.25,0.0,0.21,0.0,1.26,0.0,0.04,0.0,0.17,0.0,0.38,0.0,1.52
2025-07-20 03:00:00+00:00,0.0,0.4,0.0,0.21,0.0,1.27,0.0,0.04,0.0,0.13,0.0,0.38,0.0,1.53
2025-07-20 04:00:00+00:00,0.07,0.32,0.0,0.21,0.12,1.33,0.0,0.04,0.0,0.13,0.0,0.37,0.0,1.55
2025-07-20 05:00:00+00:00,0.06,0.15,0.03,0.26,1.16,1.4,0.0,0.04,0.0,0.15,0.0,0.38,0.0,1.55
2025-07-20 06:00:00+00:00,0.6,0.49,0.12,0.33,3.58,1.36,0.0,0.04,0.0,0.12,0.0,0.39,0.0,1.5
2025-07-20 07:00:00+00:00,1.64,0.87,0.13,0.31,7.14,3.97,0.0,0.07,0.0,0.21,0.0,0.39,0.0,1.49
2025-07-20 08:00:00+00:00,2.75,1.21,0.12,0.32,9.13,1.51,0.0,0.1,0.0,0.13,0.0,0.39,0.0,1.21
2025-07-20 09:00:00+00:00,3.51,1.28,0.18,0.35,10.07,1.43,0.0,0.11,0.0,0.15,0.0,0.39,0.0,1.11
2025-07-20 10:00:00+00:00,3.25,1.21,0.36,0.37,9.21,1.53,0.0,0.11,0.0,0.15,0.0,0.38,0.0,1.05
2025-07-20 11:00:00+00:00,3.69,1.1,0.55,0.37,10.12,1.46,0.0,0.11,0.0,0.17,0.0,0.38,0.0,1.13
2025-07-20 12:00:00+00:00,3.47,1.06,0.65,0.36,9.37,1.33,0.0,0.11,0.0,0.2,0.0,0.9,0.0,1.05
2025-07-20 13:00:00+00:00,3.31,1.07,0.7,0.27,8.98,3.77,0.0,0.11,0.0,0.15,0.0,0.51,0.0,0.96
2025-07-20 14:00:00+00:00,1.92,0.86,0.43,0.18,6.89,1.37,0.0,0.11,0.0,0.2,0.0,0.43,0.0,0.94
2025-07-20 15:00:00+00:00,0.49,0.5,0.14,0.21,2.94,1.34,0.0,0.12,0.0,0.16,0.0,0.53,0.0,1.14
2025-07-20 16:00:00+00:00,0.31,0.4,0.11,0.19,2.45,1.34,0.0,0.11,0.0,0.18,0.0,0.41,0.0,1.07
2025-07-20 17:00:00+00:00,0.08,0.4,0.0,0.23,0.26,1.53,0.0,0.11,0.0,0.19,0.0,0.55,0.0,1.28
2025-07-20 18:00:00+00:00,0.08,0.43,0.0,0.22,0.0,1.69,0.0,0.11,0.0,0.33,0.0,0.96,0.0,1.42
2025-07-20 19:00:00+00:00,0.0,0.4,0.0,0.2,0.0,1.73,0.0,0.11,0.0,0.42,0.0,0.43,0.0,1.53
2025-07-20 20:00:00+00:00,0.0,0.27,0.0,0.2,0.0,4.11,0.0,0.11,0.0,0.25,0.0,0.29,0.0,1.53
2025-07-20 21:00:00+00:00,0.0,0.27,0.0,0.2,0.0,1.37,0.0,0.11,0.0,0.25,0.0,0.14,0.0,1.55
2025-07-20 22:00:00+00:00,0.0,0.27,0.0,0.2,0.0,1.31,0.0,0.11,0.0,0.2,0.0,0.25,0.0,1.56
2025-07-20 23:00:00+00:00,0.0,0.28,0.0,0.2,0.0,1.3,0.0,0.1,0.0,0.23,0.0,0.38,0.0,1.59
2025-07-21 00:00:00+00:00,0.0,0.26,0.0,0.2,0.0,1.31,0.0,0.1,0.0,0.21,0.0,0.37,0.0,1.58
2025-07-21 01:00:00+00:00,0.0,0.27,0.0,0.2,0.0,1.39,0.0,0.1,0.0,0.22,0.0,0.37,0.0,1.62
2025-07-21 02:00:00+00:00,0.0,0.26,0.0,0.2,0.0,3.96,0.0,0.1,0.0,0.23,0.0,0.37,0.0,1.61
2025-07-21 03:00:00+00:00,0.0,0.38,0.0,0.2,0.0,1.32,0.0,0.04,0.0,0.2,0.0,0.38,0.0,1.64
2025-07-21 04:00:00+00:00,0.05,0.37,0.0,0.2,0.0,1.39,0.0,0.06,0.0,0.24,0.0,0.38,0.0,1.61
2025-07-21 05:00:00+00:00,0.07,0.32,0.0,0.2,0.04,1.43,0.0,0.17,0.0,0.18,0.0,0.38,0.0,1.65
2025-07-21 06:00:00+00:00,0.06,0.3,0.0,0.21,0.34,1.78,0.0,0.47,0.0,0.2,0.0,0.36,0.0,1.8
2025-07-21 07:00:00+00:00,0.04,0.15,0.02,0.2,0.9,1.61,0.0,0.53,0.0,0.18,0.0,0.37,0.0,1.89
2025-07-21 08:00:00+00:00,0.16,0.39,0.05,0.21,1.49,3.81,0.0,0.54,0.0,0.18,0.0,0.43,0.0,1.69
2025-07-21 09:00:00+00:00,0.28,0.37,0.08,0.2,2.17,2.62,0.0,0.58,0.0,0.2,0.0,0.47,0.0,1.6
2025-07-21 10:00:00+00:00,2.93,1.06,0.36,0.21,7.96,1.4,0.0,0.54,0.0,0.17,0.0,0.54,0.0,1.43
2025-07-21 11:00:00+00:00,4.39,1.26,0.65,0.35,11.25,1.49,0.0,0.55,0.0,0.21,0.0,0.59,0.0,1.43
2025-07-21 12:00:00+00:00,2.35,0.96,0.43,0.35,6.87,1.35,0.0,0.55,0.0,0.17,0.0,0.43,0.0,1.25
2025-07-21 13:00:00+00:00,1.18,0.71,0.21,0.23,4.5,1.36,0.0,0.49,0.0,0.26,0.0,0.39,0.0,1.25
2025-07-21 14:00:00+00:00,1.98,0.99,0.46,0.3,5.46,4.01,0.0,0.51,0.0,0.26,0.0,0.44,0.0,1.03
2025-07-21 15:00:00+00:00,2.25,1.14,0.54,0.28,7.42,1.64,0.0,0.32,0.0,0.23,0.0,0.45,0.0,0.53
2025-07-21 16:00:00+00:00,0.85,0.74,0.25,0.26,4.56,1.49,0.0,0.11,0.0,0.25,0.0,0.45,0.0,0.51
2025-07-21 17:00:00+00:00,0.2,0.44,0.05,0.25,1.89,1.32,0.0,0.11,0.0,0.21,0.0,0.55,0.0,0.65
2025-07-21 18:00:00+00:00,0.1,0.64,0.0,0.21,0.13,1.66,0.0,0.11,0.0,0.25,0.0,0.47,0.0,1.26
2025-07-21 19:00:00+00:00,0.0,0.66,0.0,0.21,0.0,1.79,0.0,0.11,0.0,0.32,0.0,0.46,0.0,1.34
2025-07-21 20:00:00+00:00,0.0,0.48,0.0,0.21,0.0,1.87,0.0,0.11,0.0,0.31,0.0,0.53,0.0,1.3
2025-07-21 21:00:00+00:00,0.0,0.49,0.0,0.21,0.0,3.87,0.0,0.1,0.0,0.23,0.0,0.54,0.0,1.35
2025-07-21 22:00:00+00:00,0.0,0.48,0.0,0.2,0.0,1.23,0.0,0.14,0.0,0.19,0.0,0.47,0.0,1.28
2025-07-21 23:00:00+00:00,0.0,0.51,0.0,0.2,0.0,1.24,0.0,0.1,0.0,0.2,0.0,0.4,0.0,1.31
2025-07-22 00:00:00+00:00,0.0,0.47,0.0,0.3,0.0,1.23,0.0,0.11,0.0,0.16,0.0,0.39,0.0,1.28
2025-07-22 01:00:00+00:00,0.0,0.5,0.0,0.3,0.0,1.22,0.0,0.04,0.0,0.2,0.0,0.38,0.0,1.29
2025-07-22 02:00:00+00:00,0.0,0.48,0.0,0.25,0.0,1.24,0.0,0.1,0.0,0.17,0.0,0.38,0.0,1.28
2025-07-22 03:00:00+00:00,0.0,0.66,0.0,0.2,0.0,3.98,0.0,0.11,0.0,0.18,0.0,0.33,0.0,1.32
2025-07-22 04:00:00+00:00,0.09,0.6,0.0,0.21,0.07,1.29,0.0,0.16,0.0,0.18,0.0,0.32,0.0,1.33
2025-07-22 05:00:00+00:00,0.1,0.51,0.0,0.21,0.52,1.63,0.0,0.38,0.0,0.13,0.0,0.32,0.0,1.36
2025-07-22 06:00:00+00:00,0.28,0.5,0.06,0.25,2.06,1.84,0.0,0.54,0.0,0.19,0.0,0.49,0.0,1.46
2025-07-22 07:00:00+00:00,1.0,0.83,0.16,0.35,4.36,1.39,0.0,0.7,0.0,0.13,0.0,0.39,0.0,1.49
2025-07-22 08:00:00+00:00,2.97,1.14,0.15,0.45,9.86,1.37,0.0,0.75,0.0,0.15,0.0,0.36,0.0,1.73
2025-07-22 09:00:00+00:00,2.76,1.03,0.24,0.43,8.95,4.0,0.0,0.61,0.0,0.15,0.0,0.36,0.0,1.54
2025-07-22 10:00:00+00:00,4.46,1.31,0.35,0.48,12.29,1.61,0.0,0.43,0.0,0.18,0.0,0.37,0.0,1.18
2025-07-22 11:00:00+00:00,3.25,1.04,0.51,0.53,8.79,1.46,0.0,0.65,0.0,0.22,0.0,0.38,0.0,1.25
2025-07-22 12:00:00+00:00,4.31,1.26,0.8,0.56,11.26,1.61,0.0,0.64,0.0,0.17,0.0,0.37,0.0,1.1
2025-07-22 13:00:00+00:00,3.33,1.13,0.7,0.51,9.63,1.53,0.0,0.55,0.0,0.21,0.0,0.37,0.0,0.92
2025-07-22 14:00:00+00:00,2.84,1.2,0.67,0.46,8.58,1.75,0.0,0.55,0.0,0.19,0.0,0.37,0.0,0.66
2025-07-22 15:00:00+00:00,1.65,0.95,0.44,0.34,6.01,4.13,0.0,0.52,0.0,0.23,0.0,0.37,0.0,0.66
2025-07-22 16:00:00+00:00,0.44,0.53,0.17,0.25,3.03,1.57,0.0,0.26,0.0,0.25,0.0,0.37,0.0,0.86
2025-07-22 17:00:00+00:00,0.21,0.46,0.06,0.24,1.95,1.55,0.0,0.13,0.0,0.17,0.0,0.37,0.0,0.45
2025-07-22 18:00:00+00:00,0.1,0.54,0.0,0.26,0.55,1.62,0.0,0.12,0.0,0.22,0.0,0.39,0.0,1.07
2025-07-22 19:00:00+00:00,0.0,0.68,0.0,0.26,0.0,1.63,0.0,0.13,0.0,0.18,0.0,1.14,0.0,1.2
2025-07-22 20:00:00+00:00,0.0,0.5,0.0,0.25,0.0,1.38,0.0,0.15,0.0,0.21,0.0,0.39,0.0,1.18
2025-07-22 21:00:00+00:00,0.0,0.51,0.0,0.24,0.0,2.89,0.0,0.15,0.0,0.21,0.0,0.37,0.0,1.19
2025-07-22 22:00:00+00:00,0.0,0.51,0.0,0.24,0.0,2.33,0.0,0.13,0.0,0.3,0.0,0.41,0.0,1.18
2025-07-22 23:00:00+00:00,0.0,0.48,0.0,0.24,0.0,1.27,0.0,0.12,0.0,0.22,0.0,0.38,0.0,1.2
2025-07-23 00:00:00+00:00,0.0,0.51,0.0,0.24,0.0,1.24,0.0,0.12,0.0,0.18,0.0,0.37,0.0,1.18
2025-07-23 01:00:00+00:00,0.0,0.48,0.0,0.24,0.0,1.24,0.0,0.11,0.0,0.22,0.0,0.37,0.0,1.21
2025-07-23 02:00:00+00:00,0.0,0.51,0.0,0.24,0.0,1.25,0.0,0.06,0.0,0.18,0.0,0.38,0.0,1.22
2025-07-23 03:00:00+00:00,0.0,0.66,0.0,0.24,0.0,2.41,0.0,0.06,0.0,0.2,0.0,0.36,0.0,1.27
2025-07-23 04:00:00+00:00,0.07,0.38,0.0,0.25,0.47,2.86,0.0,0.06,0.0,0.2,0.0,0.35,0.0,1.23
2025-07-23 05:00:00+00:00,0.2,0.49,0.07,0.25,3.14,1.7,0.0,0.16,0.0,0.18,0.0,0.38,0.0,1.27
2025-07-23 06:00:00+00:00,0.72,0.68,0.09,0.35,5.92,1.61,0.0,0.33,0.0,0.22,0.0,0.47,0.0,1.34
2025-07-23 07:00:00+00:00,1.94,1.11,0.11,0.44,7.99,1.41,0.0,0.55,0.0,0.18,0.0,0.42,0.0,1.52
2025-07-23 08:00:00+00:00,2.18,0.99,0.14,0.44,8.19,1.52,0.0,0.6,0.0,0.21,0.0,0.37,0.0,1.43
2025-07-23 09:00:00+00:00,2.95,1.06,0.21,0.45,7.83,2.53,0.0,0.6,0.0,0.19,0.0,0.39,0.0,1.62
2025-07-23 10:00:00+00:00,4.04,1.27,0.38,0.53,11.23,3.15,0.0,0.49,0.0,0.21,0.0,0.39,0.0,1.41
2025-07-23 11:00:00+00:00,4.26,1.28,0.64,0.54,11.34,1.47,0.0,0.39,0.0,0.25,0.0,0.38,0.0,1.93
2025-07-23 12:00:00+00:00,3.46,1.28,0.66,0.35,9.54,1.5,0.0,0.35,0.0,0.2,0.0,0.38,0.0,1.7
2025-07-23 13:00:00+00:00,2.31,0.97,0.51,0.39,7.44,1.52,0.0,0.53,0.0,0.39,0.0,0.38,0.0,1.3
2025-07-23 14:00:00+00:00,0.97,0.8,0.28,0.31,4.05,1.6,0.0,0.36,0.0,0.2,0.0,0.37,0.0,1.0
2025-07-23 15:00:00+00:00,1.0,0.84,0.27,0.35,4.3,1.38,0.0,0.3,0.0,0.19,0.0,0.42,0.0,0.98
2025-07-23 16:00:00+00:00,0.46,0.58,0.14,0.25,3.06,4.23,0.0,0.2,0.0,0.21,0.0,0.45,0.0,0.93
2025-07-23 17:00:00+00:00,0.21,0.5,0.06,0.23,1.8,1.33,0.0,0.11,0.0,0.18,0.0,0.77,0.0,0.99
2025-07-23 18:00:00+00:00,0.1,0.59,0.0,0.25,0.3,1.5,0.0,0.11,0.0,0.23,0.0,0.47,0.0,1.22
2025-07-23 19:00:00+00:00,0.0,0.69,0.0,0.21,0.0,1.79,0.0,0.12,0.0,0.2,0.0,0.62,0.0,1.29
2025-07-23 20:00:00+00:00,0.0,0.48,0.0,0.2,0.0,1.84,0.0,0.22,0.0,0.25,0.0,0.58,0.0,1.24
2025-07-23 21:00:00+00:00,0.0,0.48,0.0,0.2,0.0,1.32,0.0,0.11,0.0,0.24,0.0,0.44,0.0,1.29
2025-07-23 22:00:00+00:00,0.0,0.5,0.0,0.2,0.0,3.31,0.0,0.11,0.0,0.24,0.0,0.36,0.0,1.29
2025-07-23 23:00:00+00:00,0.0,0.48,0.0,0.2,0.0,1.79,0.0,0.1,0.0,0.23,0.0,0.38,0.0,1.33
2025-07-24 00:00:00+00:00,0.0,0.51,0.0,0.2,0.0,1.24,0.0,0.1,0.0,0.21,0.0,0.4,0.0,1.34
2025-07-24 01:00:00+00:00,0.0,0.47,0.0,0.2,0.0,1.25,0.0,0.14,0.0,0.25,0.0,0.39,0.0,1.39
2025-07-24 02:00:00+00:00,0.0,0.47,0.0,0.19,0.0,1.23,0.0,0.18,0.0,0.21,0.0,0.38,0.0,1.38
2025-07-24 03:00:00+00:00,0.0,0.67,0.0,0.19,0.0,1.25,0.0,0.05,0.0,0.24,0.0,0.38,0.0,1.43
2025-07-24 04:00:00+00:00,0.06,0.65,0.0,0.19,0.03,2.53,0.0,0.07,0.0,0.22,0.0,0.37,0.0,1.42
2025-07-24 05:00:00+00:00,0.1,0.59,0.0,0.21,0.31,2.9,0.0,0.12,0.0,0.22,0.0,0.43,0.0,1.52
2025-07-24 06:00:00+00:00,0.14,0.71,0.01,0.25,0.58,1.45,0.0,0.07,0.0,0.24,0.0,0.37,0.0,1.66
2025-07-24 07:00:00+00:00,0.13,0.39,0.03,0.19,1.29,1.62,0.0,0.04,0.0,0.17,0.0,0.49,0.0,1.88
2025-07-24 08:00:00+00:00,0.11,0.24,0.04,0.2,1.16,1.62,0.0,0.07,0.0,0.2,0.0,0.43,0.0,1.86
2025-07-24 09:00:00+00:00,0.4,0.44,0.09,0.27,2.55,1.8,0.0,0.1,0.0,0.13,0.0,0.41,0.0,1.69
2025-07-24 10:00:00+00:00,1.54,0.9,0.23,0.34,5.21,2.82,0.0,0.1,0.0,0.14,0.0,0.41,0.0,1.49
2025-07-24 11:00:00+00:00,2.09,0.98,0.33,0.34,6.31,3.26,0.0,0.08,0.0,0.15,0.0,0.42,0.0,1.66
2025-07-24 12:00:00+00:00,1.89,0.93,0.34,0.37,6.34,1.33,0.0,0.1,0.0,0.12,0.0,0.41,0.0,1.48
2025-07-24 13:00:00+00:00,1.6,0.89,0.26,0.32,5.67,1.35,0.0,0.1,0.0,0.16,0.0,0.4,0.0,1.47
2025-07-24 14:00:00+00:00,1.32,0.91,0.32,0.37,5.09,1.45,0.0,0.11,0.0,0.15,0.0,0.4,0.0,1.2
2025-07-24 15:00:00+00:00,0.72,0.65,0.18,0.37,3.8,1.6,0.0,0.13,0.0,0.14,0.0,0.5,0.0,1.21
2025-07-24 16:00:00+00:00,0.13,0.4,0.04,0.36,1.32,2.47,0.0,0.11,0.0,0.16,0.0,0.44,0.0,1.39
2025-07-24 17:00:00+00:00,0.12,0.43,0.04,0.28,1.18,4.0,0.0,0.11,0.0,0.32,0.0,0.43,0.0,1.38
2025-07-24 18:00:00+00:00,0.11,0.63,0.0,0.26,0.19,1.53,0.0,0.11,0.0,0.15,0.0,0.45,0.0,1.39
2025-07-24 19:00:00+00:00,0.0,0.65,0.0,0.25,0.0,1.77,0.0,0.12,0.0,0.14,0.0,0.62,0.0,1.42
2025-07-24 20:00:00+00:00,0.0,0.5,0.0,0.24,0.0,1.65,0.0,0.1,0.0,0.2,0.0,0.56,0.0,1.39
2025-07-24 21:00:00+00:00,0.0,0.47,0.0,0.24,0.0,1.31,0.0,0.12,0.0,0.16,0.0,0.45,0.0,1.42
2025-07-24 22:00:00+00:00,0.0,0.47,0.0,0.24,0.0,1.5,0.0,0.13,0.0,0.18,0.0,0.2,0.0,1.42
2025-07-24 23:00:00+00:00,0.0,0.46,0.0,0.24,0.0,3.7,0.0,0.11,0.0,0.17,0.0,0.15,0.0,1.47
2025-07-25 00:00:00+00:00,0.0,0.48,0.0,0.24,0.0,1.26,0.0,0.06,0.0,0.18,0.0,0.34,0.0,1.44
2025-07-25 01:00:00+00:00,0.0,0.48,0.0,0.23,0.0,1.22,0.0,0.08,0.0,0.23,0.0,0.37,0.0,1.48
2025-07-25 02:00:00+00:00,0.0,0.48,0.0,0.24,0.0,1.24,0.0,0.09,0.0,0.16,0.0,0.32,0.0,1.42
2025-07-25 03:00:00+00:00,0.0,0.66,0.0,0.24,0.0,1.25,0.0,0.07,0.0,0.19,0.0,0.32,0.0,1.46
2025-07-25 04:00:00+00:00,0.04,0.63,0.0,0.34,0.0,1.8,0.0,0.09,0.0,0.16,0.0,0.34,0.0,1.43
2025-07-25 05:00:00+00:00,0.06,0.3,0.0,0.35,0.18,4.04,0.0,0.04,0.0,0.17,0.0,0.36,0.0,1.49
2025-07-25 06:00:00+00:00,0.07,0.32,0.0,0.26,0.08,2.01,0.0,0.04,0.0,0.15,0.0,0.45,0.0,1.54
2025-07-25 07:00:00+00:00,0.05,0.2,0.01,0.38,0.54,1.74,0.0,0.04,0.0,0.12,0.0,0.39,0.0,1.9
2025-07-25 08:00:00+00:00,0.22,0.2,0.07,0.37,1.59,1.55,0.0,0.06,0.0,0.17,0.0,0.33,0.0,2.26
2025-07-25 09:00:00+00:00,0.53,0.42,0.13,0.36,3.1,1.6,0.0,0.04,0.0,0.12,0.0,0.36,0.0,2.23
2025-07-25 10:00:00+00:00,1.31,0.66,0.24,0.35,4.63,2.72,0.0,0.04,0.0,0.15,0.0,0.38,0.0,1.5
2025-07-25 11:00:00+00:00,3.38,0.93,0.56,0.34,9.67,2.82,0.0,0.1,0.0,0.14,0.0,0.36,0.0,1.41
2025-07-25 12:00:00+00:00,2.31,0.8,0.46,0.32,6.65,1.47,0.0,0.04,0.0,0.13,0.0,0.46,0.0,1.26
2025-07-25 13:00:00+00:00,2.33,0.68,0.55,0.3,7.9,1.53,0.0,0.04,0.0,0.16,0.0,0.39,0.0,1.16
2025-07-25 14:00:00+00:00,2.51,0.91,0.61,0.39,7.96,1.73,0.0,0.05,0.0,0.12,0.0,0.42,0.0,0.79
2025-07-25 15:00:00+00:00,1.17,0.57,0.37,0.35,4.33,1.6,0.0,0.05,0.0,0.16,0.0,0.42,0.0,0.79
2025-07-25 16:00:00+00:00,1.07,0.68,0.33,0.24,5.43,3.34,0.0,0.05,0.0,0.2,0.0,0.42,0.0,0.44
2025-07-25 17:00:00+00:00,0.19,0.28,0.08,0.26,2.04,2.12,0.0,0.04,0.0,0.24,0.0,0.46,0.0,0.57
2025-07-25 18:00:00+00:00,0.07,0.32,0.0,0.26,0.41,1.43,0.0,0.1,0.0,0.17,0.0,0.41,0.0,1.17
2025-07-25 19:00:00+00:00,0.0,0.39,0.0,0.26,0.0,1.65,0.0,0.1,0.0,0.2,0.0,1.32,0.0,1.27
2025-07-25 20:00:00+00:00,0.0,0.26,0.0,0.24,0.0,1.66,0.0,0.11,0.0,0.24,0.0,0.54,0.0,1.26
2025-07-25 21:00:00+00:00,0.0,0.29,0.0,0.24,0.0,1.4,0.0,0.1,0.0,0.19,0.0,0.54,0.0,1.31
2025-07-25 22:00:00+00:00,0.0,0.25,0.0,0.24,0.0,3.32,0.0,0.1,0.0,0.18,0.0,0.23,0.0,1.29
2025-07-25 23:00:00+00:00,0.0,0.25,0.0,0.24,0.0,1.85,0.0,0.1,0.0,0.18,0.0,0.15,0.0,1.3
2025-07-26 00:00:00+00:00,0.0,0.28,0.0,0.24,0.0,1.22,0.0,0.1,0.0,0.15,0.0,0.36,0.0,1.3
2025-07-26 01:00:00+00:00,0.0,0.25,0.0,0.23,0.0,1.22,0.0,0.05,0.0,0.2,0.0,0.39,0.0,1.31
2025-07-26 02:00:00+00:00,0.0,0.25,0.0,0.23,0.0,1.22,0.0,0.04,0.0,0.15,0.0,0.38,0.0,1.33
2025-07-26 03:00:00+00:00,0.0,0.48,0.0,0.22,0.0,1.22,0.0,0.04,0.0,0.19,0.0,0.38,0.0,1.32
2025-07-26 04:00:00+00:00,0.07,0.61,0.0,0.24,0.11,4.06,0.0,0.04,0.0,0.17,0.0,0.38,0.0,1.35
2025-07-26 05:00:00+00:00,0.11,0.47,0.01,0.24,0.72,1.41,0.0,0.04,0.0,0.17,0.0,0.39,0.0,1.32
2025-07-26 06:00:00+00:00,0.11,0.22,0.05,0.24,1.44,1.35,0.0,0.04,0.0,0.2,0.0,0.39,0.0,1.33
2025-07-26 07:00:00+00:00,0.07,0.15,0.05,0.23,1.51,1.59,0.0,0.04,0.0,0.22,0.0,0.38,0.0,1.3
2025-07-26 08:00:00+00:00,0.39,0.32,0.09,0.31,2.5,1.44,0.0,0.04,0.0,0.24,0.0,0.49,0.0,1.3
2025-07-26 09:00:00+00:00,0.8,0.52,0.15,0.37,3.52,1.42,0.0,0.04,0.0,0.17,0.0,0.42,0.0,1.22
2025-07-26 10:00:00+00:00,2.11,0.86,0.31,0.33,6.65,4.12,0.0,0.04,0.0,0.39,0.0,0.4,0.0,1.17
2025-07-26 11:00:00+00:00,1.61,0.76,0.28,0.24,5.66,1.35,0.0,0.08,0.0,0.2,0.0,0.61,0.0,1.14
2025-07-26 12:00:00+00:00,1.63,0.7,0.31,0.32,6.08,1.37,0.0,0.1,0.0,0.21,0.0,0.9,0.0,1.14
2025-07-26 13:00:00+00:00,0.35,0.29,0.08,0.31,1.86,1.47,0.0,0.1,0.0,0.22,0.0,0.5,0.0,1.22
2025-07-26 14:00:00+00:00,0.08,0.38,0.0,0.26,0.04,1.59,0.0,0.1,0.0,0.16,0.0,0.54,0.0,1.39
2025-07-26 15:00:00+00:00,0.05,0.21,0.02,0.25,0.71,1.92,0.0,0.1,0.0,0.21,0.0,0.37,0.0,1.31
2025-07-26 16:00:00+00:00,0.12,0.25,0.03,0.23,1.4,4.19,0.0,0.1,0.0,0.18,0.0,0.4,0.0,1.4
2025-07-26 17:00:00+00:00,0.08,0.37,0.0,0.23,0.07,1.68,0.0,0.1,0.0,0.26,0.0,0.49,0.0,1.35
2025-07-26 18:00:00+00:00,0.08,0.39,0.0,0.23,0.05,1.38,0.0,0.1,0.0,0.6,0.0,0.47,0.0,1.42
2025-07-26 19:00:00+00:00,0.0,0.38,0.0,0.25,0.0,1.32,0.0,0.04,0.0,0.27,0.0,0.42,0.0,1.36
2025-07-26 20:00:00+00:00,0.0,0.25,0.0,0.21,0.0,1.45,0.0,0.04,0.0,0.31,0.0,0.21,0.0,1.43
2025-07-26 21:00:00+00:00,0.0,0.24,0.0,0.19,0.0,2.32,0.0,0.03,0.0,0.27,0.0,0.25,0.0,1.39
2025-07-26 22:00:00+00:00,0.0,0.26,0.0,0.19,0.0,3.01,0.0,0.04,0.0,0.22,0.0,0.87,0.0,1.44
2025-07-26 23:00:00+00:00,0.0,0.22,0.0,0.19,0.0,1.22,0.0,0.04,0.0,0.18,0.0,0.47,0.0,1.39
2025-07-27 00:00:00+00:00,0.0,0.24,0.0,0.19,0.0,1.22,0.0,0.04,0.0,0.18,0.0,0.39,0.0,1.44
2025-07-27 01:00:00+00:00,0.0,0.24,0.0,0.19,0.0,1.22,0.0,0.04,0.0,0.19,0.0,0.36,0.0,1.41
2025-07-27 02:00:00+00:00,0.0,0.25,0.0,0.19,0.0,1.22,0.0,0.04,0.0,0.16,0.0,0.38,0.0,1.44
2025-07-27 03:00:00+00:00,0.0,0.37,0.0,0.19,0.0,3.23,0.0,0.04,0.0,0.21,0.0,0.38,0.0,1.43
2025-07-27 04:00:00+00:00,0.06,0.32,0.0,0.2,0.02,2.07,0.0,0.06,0.0,0.17,0.0,0.39,0.0,1.45
2025-07-27 05:00:00+00:00,0.09,0.5,0.0,0.21,0.33,1.49,0.0,0.04,0.0,0.19,0.0,0.41,0.0,1.44
2025-07-27 06:00:00+00:00,0.12,0.5,0.02,0.2,0.53,1.34,0.0,0.04,0.0,0.19,0.0,0.39,0.0,1.45
2025-07-27 07:00:00+00:00,0.45,0.48,0.13,0.19,3.01,1.34,0.0,0.04,0.0,0.16,0.0,0.39,0.0,1.37
2025-07-27 08:00:00+00:00,0.96,0.54,0.17,0.2,3.87,1.32,0.0,0.04,0.0,0.36,0.0,0.46,0.0,1.36
2025-07-27 09:00:00+00:00,2.85,0.91,0.3,0.26,8.75,4.19,0.0,0.04,0.0,0.38,0.0,0.7,0.0,1.3
2025-07-27 10:00:00+00:00,1.76,0.79,0.27,0.29,6.11,1.44,0.0,0.04,0.0,0.53,0.0,0.51,0.0,1.32
2025-07-27 11:00:00+00:00,1.96,0.81,0.33,0.23,6.54,1.34,0.0,0.07,0.0,0.32,0.0,0.51,0.0,1.27
2025-07-27 12:00:00+00:00,0.24,0.27,0.09,0.23,2.01,1.42,0.0,0.1,0.0,0.31,0.0,0.39,0.0,1.37
2025-07-27 13:00:00+00:00,2.68,0.79,0.56,0.24,7.92,1.35,0.0,0.06,0.0,0.29,0.0,0.4,0.0,1.16
2025-07-27 14:00:00+00:00,2.26,0.85,0.52,0.23,7.18,1.61,0.0,0.04,0.0,0.99,0.0,0.39,0.0,0.9
2025-07-27 15:00:00+00:00,0.06,0.26,0.03,0.25,0.74,4.66,0.0,0.04,0.0,0.25,0.0,0.38,0.0,1.39
2025-07-27 16:00:00+00:00,0.05,0.26,0.0,0.24,0.56,1.68,0.0,0.04,0.0,0.35,0.0,0.37,0.0,1.36
2025-07-27 17:00:00+00:00,0.07,0.28,0.0,0.25,0.34,1.66,0.0,0.04,0.0,0.34,0.0,0.36,0.0,1.41
2025-07-27 18:00:00+00:00,0.07,0.32,0.0,0.25,0.22,1.59,0.0,0.04,0.0,0.32,0.0,0.39,0.0,1.38
2025-07-27 19:00:00+00:00,0.0,0.38,0.0,0.25,0.0,1.32,0.0,0.04,0.0,0.32,0.0,1.3,0.0,1.42
2025-07-27 20:00:00+00:00,0.0,0.25,0.0,0.24,0.0,1.94,0.0,0.04,0.0,0.22,0.0,0.43,0.0,1.35
2025-07-27 21:00:00+00:00,0.0,0.24,0.0,0.23,0.0,3.69,0.0,0.04,0.0,0.17,0.0,0.17,0.0,1.4
2025-07-27 22:00:00+00:00,0.0,0.24,0.0,0.31,0.0,1.29,0.0,0.04,0.0,0.19,0.0,0.23,0.0,1.36
2025-07-27 23:00:00+00:00,0.0,0.25,0.0,0.34,0.0,1.28,0.0,0.04,0.0,0.16,0.0,0.33,0.0,1.41
2025-07-28 00:00:00+00:00,0.0,0.24,0.0,0.3,0.0,1.28,0.0,0.04,0.0,0.19,0.0,0.36,0.0,1.35
2025-07-28 01:00:00+00:00,0.0,0.24,0.0,0.23,0.0,1.29,0.0,0.04,0.0,0.15,0.0,0.35,0.0,1.39
2025-07-28 02:00:00+00:00,0.0,0.25,0.0,0.23,0.0,2.4,0.0,0.05,0.0,0.19,0.0,0.33,0.0,1.33
2025-07-28 03:00:00+00:00,0.0,0.34,0.0,0.23,0.0,2.24,0.0,0.04,0.0,0.16,0.0,0.33,0.0,1.36
2025-07-28 04:00:00+00:00,0.05,0.38,0.0,0.23,0.0,1.09,0.0,0.04,0.0,0.17,0.0,0.33,0.0,1.32
2025-07-28 05:00:00+00:00,0.1,0.56,0.0,0.22,0.16,1.11,0.0,0.19,0.0,0.22,0.0,0.32,0.0,1.34
2025-07-28 06:00:00+00:00,0.14,0.41,0.04,0.29,1.12,1.57,0.0,0.29,0.0,0.18,0.0,0.39,0.0,1.42
2025-07-28 07:00:00+00:00,0.32,0.43,0.13,0.42,2.61,1.4,0.0,0.46,0.0,0.17,0.0,0.31,0.0,1.6
2025-07-28 08:00:00+00:00,1.48,0.87,0.25,0.43,5.27,3.85,0.0,0.43,0.0,0.13,0.0,0.32,0.0,1.45
2025-07-28 09:00:00+00:00,1.51,0.91,0.23,0.35,5.36,2.31,0.0,0.42,0.0,0.14,0.0,0.38,0.0,1.39
2025-07-28 10:00:00+00:00,0.39,0.44,0.09,0.36,2.53,1.29,0.0,0.37,0.0,0.15,0.0,0.34,0.0,1.37
2025-07-28 11:00:00+00:00,1.22,0.61,0.18,0.39,4.52,1.49,0.0,0.27,0.0,0.12,0.0,0.34,0.0,1.31
2025-07-28 12:00:00+00:00,1.3,0.51,0.21,0.4,4.61,1.57,0.0,0.46,0.0,0.17,0.0,0.43,0.0,1.39
2025-07-28 13:00:00+00:00,0.27,0.26,0.07,0.68,2.0,1.93,0.0,0.28,0.0,0.19,0.0,0.51,0.0,1.39
2025-07-28 14:00:00+00:00,0.07,0.17,0.04,0.32,1.29,4.02,0.0,0.3,0.0,0.21,0.0,0.47,0.0,1.37
2025-07-28 15:00:00+00:00,0.04,0.14,0.02,0.34,0.77,1.87,0.0,0.24,0.0,0.22,0.0,0.9,0.0,1.39
2025-07-28 16:00:00+00:00,0.05,0.12,0.02,0.33,1.14,1.75,0.0,0.25,0.0,0.35,0.0,0.73,0.0,1.4
2025-07-28 17:00:00+00:00,0.04,0.16,0.0,0.22,0.43,1.81,0.0,0.05,0.0,1.12,0.0,0.74,0.0,1.4
2025-07-28 18:00:00+00:00,0.06,0.24,0.0,0.2,0.11,1.45,0.0,0.05,0.0,0.33,0.0,0.86,0.0,1.39
2025-07-28 19:00:00+00:00,0.0,0.26,0.0,0.19,0.0,1.46,0.0,0.05,0.0,0.27,0.0,0.81,0.0,1.4
2025-07-28 20:00:00+00:00,0.0,0.16,0.0,0.19,0.0,4.08,0.0,0.05,0.0,0.17,0.0,0.64,0.0,1.38
2025-07-28 21:00:00+00:00,0.0,0.14,0.0,0.17,0.0,1.42,0.0,0.05,0.0,0.22,0.0,0.38,0.0,1.42
2025-07-28 22:00:00+00:00,0.0,0.16,0.0,0.22,0.0,1.18,0.0,0.05,0.0,0.22,0.0,0.11,0.0,1.41
2025-07-28 23:00:00+00:00,0.0,0.13,0.0,0.25,0.0,1.11,0.0,0.05,0.0,0.21,0.0,0.21,0.0,1.43
2025-07-29 00:00:00+00:00,0.0,0.16,0.0,0.16,0.0,0.96,0.0,0.04,0.0,0.17,0.0,0.34,0.0,1.4
2025-07-29 01:00:00+00:00,0.0,0.15,0.0,0.15,0.0,1.36,0.0,0.05,0.0,0.2,0.0,0.34,0.0,1.41
2025-07-29 02:00:00+00:00,0.0,0.14,0.0,0.15,0.0,3.63,0.0,0.05,0.0,0.17,0.0,0.34,0.0,1.39
2025-07-29 03:00:00+00:00,0.0,0.25,0.0,0.15,0.0,0.89,0.0,0.05,0.0,0.18,0.0,0.33,0.0,1.4
2025-07-29 04:00:00+00:00,0.04,0.19,0.0,0.36,0.23,0.97,0.0,0.05,0.0,0.18,0.0,0.33,0.0,1.41
2025-07-29 05:00:00+00:00,0.12,0.19,0.05,0.31,1.58,1.42,0.0,0.15,0.0,0.2,0.0,0.33,0.0,1.57
2025-07-29 06:00:00+00:00,0.31,0.34,0.07,0.33,2.32,1.39,0.0,0.33,0.0,0.22,0.0,0.46,0.0,1.58
2025-07-29 07:00:00+00:00,0.48,0.46,0.09,0.36,2.56,2.73,0.0,0.59,0.0,0.22,0.0,0.36,0.0,1.54
2025-07-29 08:00:00+00:00,2.0,0.91,0.2,0.44,6.85,2.7,0.0,0.47,0.0,0.24,0.0,0.42,0.0,1.45
2025-07-29 09:00:00+00:00,2.34,0.85,0.25,0.41,7.18,1.47,0.0,0.6,0.0,0.22,0.0,0.42,0.0,1.44
2025-07-29 10:00:00+00:00,4.36,1.17,0.53,0.46,12.13,1.43,0.0,0.48,0.0,0.21,0.0,0.42,0.0,1.32
2025-07-29 11:00:00+00:00,1.91,0.83,0.32,0.5,6.98,1.4,0.0,0.57,0.0,0.12,0.0,0.42,0.0,1.31
2025-07-29 12:00:00+00:00,1.24,0.72,0.26,0.56,4.07,1.37,0.0,0.54,0.0,0.16,0.0,0.42,0.0,1.41
2025-07-29 13:00:00+00:00,2.23,0.87,0.48,0.62,7.15,3.9,0.0,0.62,0.0,0.13,0.0,0.4,0.0,1.26
2025-07-29 14:00:00+00:00,1.22,0.86,0.24,0.39,4.63,1.75,0.0,0.52,0.0,0.14,0.0,0.48,0.0,1.15
2025-07-29 15:00:00+00:00,2.41,1.05,0.67,0.33,7.83,1.6,0.0,0.59,0.0,0.16,0.0,0.42,0.0,0.53
2025-07-29 16:00:00+00:00,0.64,0.62,0.25,0.28,4.04,1.91,0.0,0.28,0.0,0.13,0.0,0.43,0.0,0.67
2025-07-29 17:00:00+00:00,0.2,0.43,0.07,0.26,1.86,1.65,0.0,0.15,0.0,0.18,0.0,1.25,0.0,0.59
2025-07-29 18:00:00+00:00,0.1,0.52,0.0,0.2,0.31,1.97,0.0,0.05,0.0,0.18,0.0,0.46,0.0,1.25
2025-07-29 19:00:00+00:00,0.0,0.57,0.0,0.21,0.0,4.62,0.0,0.05,0.0,0.26,0.0,0.57,0.0,1.25
2025-07-29 20:00:00+00:00,0.0,0.38,0.0,0.2,0.0,1.77,0.0,0.05,0.0,0.19,0.0,0.64,0.0,1.3
2025-07-29 21:00:00+00:00,0.0,0.4,0.0,0.2,0.0,1.48,0.0,0.05,0.0,0.13,0.0,0.16,0.0,1.28
2025-07-29 22:00:00+00:00,0.0,0.39,0.0,0.2,0.0,0.85,0.0,0.05,0.0,0.2,0.0,0.15,0.0,1.35
2025-07-29 23:00:00+00:00,0.0,0.38,0.0,0.2,0.0,0.86,0.0,0.05,0.0,0.14,0.0,0.34,0.0,1.31
2025-07-30 00:00:00+00:00,0.0,0.38,0.0,0.2,0.0,0.85,0.0,0.05,0.0,0.18,0.0,0.33,0.0,1.34
2025-07-30 01:00:00+00:00,0.0,0.38,0.0,0.2,0.0,3.6,0.0,0.05,0.0,0.17,0.0,0.32,0.0,1.31
2025-07-30 02:00:00+00:00,0.0,0.37,0.0,0.2,0.0,0.84,0.0,0.05,0.0,0.16,0.0,0.33,0.0,1.33
2025-07-30 03:00:00+00:00,0.0,0.57,0.0,0.19,0.0,0.84,0.0,0.05,0.0,0.18,0.0,0.33,0.0,1.31
2025-07-30 04:00:00+00:00,0.06,0.35,0.0,0.41,0.37,0.94,0.0,0.07,0.0,0.15,0.0,0.31,0.0,1.34
2025-07-30 05:00:00+00:00,0.26,0.3,0.08,0.42,3.43,1.28,0.0,0.07,0.0,0.2,0.0,0.42,0.0,1.36
2025-07-30 06:00:00+00:00,0.29,0.35,0.08,0.45,2.59,1.39,0.0,0.15,0.0,0.17,0.0,0.26,0.0,1.37
2025-07-30 07:00:00+00:00,0.66,0.52,0.13,0.48,3.19,4.11,0.0,0.05,0.0,0.17,0.0,0.18,0.0,1.5
2025-07-30 08:00:00+00:00,2.07,0.82,0.22,0.54,7.01,1.55,0.0,0.11,0.0,0.18,0.0,0.36,0.0,1.48
2025-07-30 09:00:00+00:00,1.29,0.81,0.21,0.49,5.46,1.43,0.0,0.05,0.0,0.3,0.0,0.42,0.0,1.7
2025-07-30 10:00:00+00:00,1.12,0.78,0.19,0.45,4.33,1.38,0.0,0.05,0.0,0.18,0.0,0.42,0.0,1.3
2025-07-30 11:00:00+00:00,2.25,1.12,0.4,0.54,7.13,1.46,0.0,0.05,0.0,0.13,0.0,0.47,0.0,1.34
2025-07-30 12:00:00+00:00,1.39,1.93,0.32,0.54,5.85,1.38,0.0,0.06,0.0,0.17,0.0,0.41,0.0,1.33
2025-07-30 13:00:00+00:00,1.4,2.05,0.26,0.55,5.14,4.16,0.0,0.1,0.0,0.26,0.0,0.4,0.0,1.23
2025-07-30 14:00:00+00:00,0.97,2.8,0.19,0.46,4.04,1.74,0.0,0.06,0.0,0.17,0.0,0.43,0.0,1.18
2025-07-30 15:00:00+00:00,0.46,2.14,0.09,0.41,2.42,1.94,0.0,0.07,0.0,0.25,0.0,0.52,0.0,1.29
2025-07-30 16:00:00+00:00,0.19,0.47,0.05,0.38,1.69,1.93,0.0,0.1,0.0,0.29,0.0,0.79,0.0,1.29
2025-07-30 17:00:00+00:00,0.1,0.43,0.01,0.36,0.81,1.73,0.0,0.05,0.0,0.95,0.0,0.74,0.0,1.36
2025-07-30 18:00:00+00:00,0.1,0.55,0.0,0.32,0.12,1.47,0.0,0.05,0.0,0.43,0.0,1.18,0.0,1.34
2025-07-30 19:00:00+00:00,0.0,0.6,0.0,0.31,0.0,4.12,0.0,0.05,0.0,0.43,0.0,0.58,0.0,1.34
2025-07-30 20:00:00+00:00,0.0,0.43,0.0,0.29,0.0,1.39,0.0,0.05,0.0,0.35,0.0,0.54,0.0,1.34
2025-07-30 21:00:00+00:00,0.0,0.42,0.0,0.28,0.0,1.29,0.0,0.07,0.0,0.33,0.0,0.24,0.0,1.37
2025-07-30 22:00:00+00:00,0.0,0.21,0.0,0.28,0.0,1.25,0.0,0.05,0.0,0.33,0.0,0.14,0.0,1.36
2025-07-30 23:00:00+00:00,0.0,0.19,0.0,0.28,0.0,1.25,0.0,0.05,0.0,0.31,0.0,0.28,0.0,1.39
2025-07-31 00:00:00+00:00,0.0,0.2,0.0,0.29,0.0,1.25,0.0,0.09,0.0,0.35,0.0,0.33,0.0,1.36
2025-07-31 01:00:00+00:00,0.0,0.19,0.0,0.28,0.0,3.96,0.0,0.07,0.0,0.31,0.0,0.33,0.0,1.39
2025-07-31 02:00:00+00:00,0.0,0.2,0.0,0.28,0.0,1.24,0.0,0.05,0.0,0.34,0.0,0.33,0.0,1.36
2025-07-31 03:00:00+00:00,0.0,0.37,0.0,0.28,0.0,1.25,0.0,0.06,0.0,0.31,0.0,0.31,0.0,1.41
2025-07-31 04:00:00+00:00,0.06,0.38,0.0,0.26,0.02,1.32,0.0,0.05,0.0,0.33,0.0,0.32,0.0,1.38
2025-07-31 05:00:00+00:00,0.07,0.31,0.0,0.28,0.15,1.37,0.0,0.05,0.0,0.34,0.0,0.34,0.0,1.46
2025-07-31 06:00:00+00:00,0.1,0.19,0.04,0.3,1.19,1.4,0.0,0.19,0.0,0.17,0.0,0.57,0.0,1.62
2025-07-31 07:00:00+00:00,0.54,0.43,0.11,0.34,3.38,4.15,0.0,0.4,0.0,0.2,0.0,0.42,0.0,2.65
2025-07-31 08:00:00+00:00,1.27,0.57,0.15,0.36,5.62,1.48,0.0,0.46,0.0,0.16,0.0,0.4,0.0,1.58
2025-07-31 09:00:00+00:00,2.29,0.8,0.25,0.36,7.62,1.6,0.0,0.34,0.0,0.2,0.0,0.35,0.0,1.43
2025-07-31 10:00:00+00:00,0.78,1.78,0.12,0.32,3.45,1.82,0.0,0.29,0.0,0.33,0.0,0.36,0.0,1.38
2025-07-31 11:00:00+00:00,1.52,2.83,0.23,0.39,5.12,1.64,0.0,0.47,0.0,0.22,0.0,0.42,0.0,1.41
2025-07-31 12:00:00+00:00,1.92,2.84,0.38,0.25,5.9,2.06,0.0,0.52,0.0,0.26,0.0,0.42,0.0,1.43
2025-07-31 13:00:00+00:00,0.78,1.28,0.15,0.26,3.61,3.74,0.0,0.56,0.0,0.17,0.0,0.43,0.0,1.39
2025-07-31 14:00:00+00:00,1.76,1.02,0.47,0.27,6.03,1.45,0.0,0.36,0.0,0.21,0.0,0.42,0.0,1.07
2025-07-31 15:00:00+00:00,1.05,0.8,0.33,0.26,4.98,1.52,0.0,0.25,0.0,0.16,0.0,0.42,0.0,1.03
2025-07-31 16:00:00+00:00,0.62,0.63,0.26,0.25,3.77,1.39,0.0,0.12,0.0,0.19,0.0,0.44,0.0,0.81
2025-07-31 17:00:00+00:00,0.17,0.43,0.08,0.2,1.73,1.34,0.0,0.05,0.0,0.18,0.0,0.39,0.0,0.81
2025-07-31 18:00:00+00:00,0.11,0.65,0.0,0.21,0.3,2.13,0.0,0.05,0.0,0.18,0.0,0.36,0.0,1.39
2025-07-31 19:00:00+00:00,0.0,0.45,0.0,0.2,0.0,3.56,0.0,0.09,0.0,0.19,0.0,0.37,0.0,1.43
2025-07-31 20:00:00+00:00,0.0,0.33,0.0,0.19,0.0,1.39,0.0,0.12,0.0,0.16,0.0,0.39,0.0,1.47
2025-07-31 21:00:00+00:00,0.0,0.3,0.0,0.19,0.0,1.29,0.0,0.12,0.0,0.21,0.0,0.38,0.0,1.47
2025-07-31 22:00:00+00:00,0.0,0.3,0.0,0.19,0.0,1.24,0.0,0.12,0.0,0.2,0.0,0.38,0.0,1.52
2025-07-31 23:00:00+00:00,0.0,0.3,0.0,0.18,0.0,1.25,0.0,0.12,0.0,0.3,0.0,0.38,0.0,1.49
2025-08-01 00:00:00+00:00,0.0,0.31,0.0,0.17,0.0,2.14,0.0,0.1,0.0,0.29,0.0,0.73,0.0,1.55
2025-08-01 01:00:00+00:00,0.0,0.3,0.0,0.18,0.0,3.18,0.0,0.11,0.0,0.29,0.0,0.55,0.0,1.5
2025-08-01 02:00:00+00:00,0.0,0.31,0.0,0.18,0.0,1.24,0.0,0.11,0.0,0.31,0.0,0.38,0.0,1.57
2025-08-01 03:00:00+00:00,0.0,0.43,0.0,0.19,0.0,1.23,0.0,0.07,0.0,0.27,0.0,0.38,0.0,1.53
2025-08-01 04:00:00+00:00,0.05,0.35,0.0,0.18,0.11,1.3,0.0,0.05,0.0,0.32,0.0,0.39,0.0,1.6
2025-08-01 05:00:00+00:00,0.05,0.2,0.01,0.19,0.7,1.59,0.0,0.05,0.0,0.28,0.0,0.39,0.0,1.56
2025-08-01 06:00:00+00:00,0.16,0.21,0.07,0.19,2.07,3.42,0.0,0.05,0.0,0.3,0.0,0.39,0.0,1.59
2025-08-01 07:00:00+00:00,0.65,0.51,0.12,0.21,3.85,2.48,0.0,0.05,0.0,0.3,0.0,0.38,0.0,1.52
2025-08-01 08:00:00+00:00,1.61,0.7,0.13,0.3,5.81,1.48,0.0,0.05,0.0,0.28,0.0,1.22,0.0,1.58
2025-08-01 09:00:00+00:00,3.75,1.07,0.21,0.41,10.82,1.44,0.0,0.09,0.0,0.32,0.0,0.43,0.0,1.32
2025-08-01 10:00:00+00:00,2.84,0.9,0.35,0.39,9.71,1.43,0.0,0.11,0.0,0.24,0.0,0.48,0.0,1.25
2025-08-01 11:00:00+00:00,2.35,0.73,0.4,0.3,6.38,1.4,0.0,0.12,0.0,0.2,0.0,0.46,0.0,1.33
2025-08-01 12:00:00+00:00,2.98,0.9,0.61,0.23,8.6,4.11,0.0,0.12,0.0,0.18,0.0,0.51,0.0,1.22
2025-08-01 13:00:00+00:00,2.89,0.91,0.68,0.21,9.8,1.42,0.0,0.12,0.0,0.18,0.0,1.98,0.0,1.09
2025-08-01 14:00:00+00:00,2.1,0.88,0.59,0.22,6.63,1.41,0.0,0.12,0.0,0.2,0.0,1.03,0.0,0.98
2025-08-01 15:00:00+00:00,0.14,0.24,0.06,0.21,2.09,1.56,0.0,0.12,0.0,0.16,0.0,0.65,0.0,1.32
2025-08-01 16:00:00+00:00,0.08,0.37,0.0,0.23,0.33,1.87,0.0,0.12,0.0,0.2,0.0,0.49,0.0,1.52
2025-08-01 17:00:00+00:00,0.17,0.31,0.06,0.22,1.56,1.82,0.0,0.11,0.0,0.17,0.0,0.46,0.0,1.47
2025-08-01 18:00:00+00:00,0.12,0.65,0.0,0.24,0.12,4.31,0.0,0.12,0.0,0.18,0.0,0.44,0.0,1.59
2025-08-01 19:00:00+00:00,0.0,0.71,0.0,0.23,0.0,2.21,0.0,0.11,0.0,0.19,0.0,0.43,0.0,1.6
2025-08-01 20:00:00+00:00,0.0,0.43,0.0,0.23,0.0,1.76,0.0,0.11,0.0,0.16,0.0,0.4,0.0,1.64
2025-08-01 21:00:00+00:00,0.0,0.29,0.0,0.22,0.0,1.33,0.0,0.05,0.0,0.21,0.0,0.39,0.0,1.63
2025-08-01 22:00:00+00:00,0.0,0.3,0.0,0.22,0.0,1.25,0.0,0.05,0.0,0.17,0.0,0.42,0.0,1.66
2025-08-01 23:00:00+00:00,0.0,0.29,0.0,0.22,0.0,1.28,0.0,0.05,0.0,0.19,0.0,0.42,0.0,1.63
2025-08-02 00:00:00+00:00,0.0,0.3,0.0,0.22,0.0,3.62,0.0,0.05,0.0,0.18,0.0,0.37,0.0,1.65
2025-08-02 01:00:00+00:00,0.0,0.29,0.0,0.22,0.0,1.79,0.0,0.05,0.0,0.17,0.0,0.35,0.0,1.6
2025-08-02 02:00:00+00:00,0.0,0.31,0.0,0.22,0.0,1.26,0.0,0.05,0.0,0.2,0.0,0.37,0.0,1.63
2025-08-02 03:00:00+00:00,0.0,0.4,0.0,0.22,0.0,1.01,0.0,0.05,0.0,0.16,0.0,0.37,0.0,1.57
2025-08-02 04:00:00+00:00,0.01,0.37,0.0,0.22,0.0,0.91,0.0,0.04,0.0,0.2,0.0,0.37,0.0,1.6
2025-08-02 05:00:00+00:00,0.05,0.34,0.0,0.22,0.05,1.13,0.0,0.05,0.0,0.18,0.0,0.36,0.0,1.56
2025-08-02 06:00:00+00:00,0.05,0.2,0.01,0.21,0.67,4.13,0.0,0.05,0.0,0.28,0.0,0.34,0.0,1.61
2025-08-02 07:00:00+00:00,0.25,0.3,0.06,0.19,1.82,1.36,0.0,0.05,0.0,0.3,0.0,0.32,0.0,1.56
2025-08-02 08:00:00+00:00,0.28,0.24,0.08,0.18,2.24,1.39,0.0,0.07,0.0,0.28,0.0,0.31,0.0,1.5
2025-08-02 09:00:00+00:00,0.31,0.24,0.09,0.17,2.37,1.65,0.0,0.06,0.0,0.32,0.0,0.33,0.0,1.48
2025-08-02 10:00:00+00:00,0.96,0.52,0.14,0.17,3.86,1.46,0.0,0.14,0.0,0.27,0.0,0.33,0.0,1.37
2025-08-02 11:00:00+00:00,0.84,0.51,0.16,0.18,3.58,1.39,0.0,0.35,0.0,0.31,0.0,0.32,0.0,1.33
2025-08-02 12:00:00+00:00,4.32,1.0,0.84,0.21,10.85,4.18,0.0,0.34,0.0,0.29,0.0,0.36,0.0,1.17
2025-08-02 13:00:00+00:00,2.26,0.87,0.48,0.18,7.6,1.37,0.0,0.27,0.0,0.29,0.0,0.38,0.0,1.16
2025-08-02 14:00:00+00:00,1.56,0.78,0.39,0.2,5.25,1.36,0.0,0.34,0.0,0.31,0.0,0.37,0.0,1.11
2025-08-02 15:00:00+00:00,1.24,0.71,0.36,0.2,5.34,1.35,0.0,0.25,0.0,0.27,0.0,0.36,0.0,1.03
2025-08-02 16:00:00+00:00,0.24,0.29,0.13,0.19,2.44,1.38,0.0,0.25,0.0,0.32,0.0,0.37,0.0,1.26
2025-08-02 17:00:00+00:00,0.05,0.16,0.02,0.19,0.96,1.78,0.0,0.24,0.0,0.19,0.0,0.4,0.0,1.4
2025-08-02 18:00:00+00:00,0.06,0.28,0.0,0.2,0.18,4.38,0.0,0.2,0.0,0.18,0.0,0.36,0.0,1.39
2025-08-02 19:00:00+00:00,0.0,0.34,0.0,0.2,0.0,1.71,0.0,0.05,0.0,0.18,0.0,0.32,0.0,1.4
2025-08-02 20:00:00+00:00,0.0,0.42,0.0,0.19,0.0,1.45,0.0,0.05,0.0,0.17,0.0,0.32,0.0,1.4
2025-08-02 21:00:00+00:00,0.0,0.43,0.0,0.19,0.0,1.29,0.0,0.05,0.0,0.21,0.0,0.32,0.0,1.41
2025-08-02 22:00:00+00:00,0.0,0.29,0.0,0.19,0.0,1.21,0.0,0.05,0.0,0.16,0.0,0.32,0.0,1.41
2025-08-02 23:00:00+00:00,0.0,0.2,0.0,0.17,0.0,1.53,0.0,0.04,0.0,0.2,0.0,0.32,0.0,1.4
2025-08-03 00:00:00+00:00,0.0,0.2,0.0,0.18,0.0,3.41,0.0,0.05,0.0,0.18,0.0,0.31,0.0,1.41
2025-08-03 01:00:00+00:00,0.0,0.19,0.0,0.19,0.0,0.88,0.0,0.05,0.0,0.18,0.0,0.33,0.0,1.4
2025-08-03 02:00:00+00:00,0.0,0.2,0.0,0.28,0.0,0.92,0.0,0.05,0.0,0.19,0.0,0.33,0.0,1.41
2025-08-03 03:00:00+00:00,0.0,0.3,0.0,0.28,0.0,1.1,0.0,0.05,0.0,0.16,0.0,0.33,0.0,1.42
2025-08-03 04:00:00+00:00,0.04,0.26,0.0,0.28,0.04,1.02,0.0,0.05,0.0,0.21,0.0,0.33,0.0,1.39
2025-08-03 05:00:00+00:00,0.07,0.16,0.03,0.24,1.02,3.18,0.0,0.05,0.0,0.16,0.0,0.32,0.0,1.4
2025-08-03 06:00:00+00:00,0.1,0.17,0.04,0.22,1.44,2.5,0.0,0.04,0.0,0.19,0.0,0.31,0.0,1.38
2025-08-03 07:00:00+00:00,0.69,0.49,0.12,0.28,3.05,1.42,0.0,0.05,0.0,0.18,0.0,0.37,0.0,1.33
2025-08-03 08:00:00+00:00,0.73,0.42,0.14,0.3,4.15,1.61,0.0,0.05,0.0,0.17,0.0,0.38,0.0,1.33
2025-08-03 09:00:00+00:00,1.59,0.62,0.23,0.33,5.15,1.85,0.0,0.04,0.0,0.2,0.0,0.38,0.0,1.3
2025-08-03 10:00:00+00:00,2.96,0.85,0.49,0.34,8.77,1.46,0.0,0.05,0.0,0.16,0.0,0.39,0.0,1.24
2025-08-03 11:00:00+00:00,3.87,0.95,0.68,0.35,10.24,4.27,0.0,0.04,0.0,0.31,0.0,0.38,0.0,1.17
2025-08-03 12:00:00+00:00,1.6,0.73,0.29,0.34,6.3,1.52,0.0,0.05,0.0,0.28,0.0,0.38,0.0,1.18
2025-08-03 13:00:00+00:00,1.67,0.7,0.29,0.33,5.52,1.44,0.0,0.05,0.0,0.3,0.0,0.37,0.0,1.19
2025-08-03 14:00:00+00:00,0.64,0.52,0.15,0.3,3.38,1.38,0.0,0.05,0.0,0.3,0.0,0.37,0.0,1.25
2025-08-03 15:00:00+00:00,0.94,0.55,0.26,0.34,4.33,1.38,0.0,0.05,0.0,0.28,0.0,0.37,0.0,1.16
2025-08-03 16:00:00+00:00,0.16,0.24,0.1,0.31,1.73,1.39,0.0,0.05,0.0,0.32,0.0,0.39,0.0,1.27
2025-08-03 17:00:00+00:00,0.05,0.18,0.04,0.28,0.95,4.21,0.0,0.05,0.0,0.28,0.0,0.42,0.0,1.33
2025-08-03 18:00:00+00:00,0.07,0.33,0.0,0.32,0.07,1.38,0.0,0.05,0.0,0.31,0.0,0.82,0.0,1.39
2025-08-03 19:00:00+00:00,0.0,0.32,0.0,0.31,0.0,1.66,0.0,0.05,0.0,0.37,0.0,0.75,0.0,1.39
2025-08-03 20:00:00+00:00,0.0,0.29,0.0,0.31,0.0,1.46,0.0,0.04,0.0,0.36,0.0,0.41,0.0,1.4
2025-08-03 21:00:00+00:00,0.0,0.53,0.0,0.31,0.0,1.38,0.0,0.05,0.0,0.36,0.0,0.38,0.0,1.41
2025-08-03 22:00:00+00:00,0.0,0.55,0.0,0.3,0.0,1.67,0.0,0.05,0.0,0.21,0.0,0.39,0.0,1.42
2025-08-03 23:00:00+00:00,0.0,0.43,0.0,0.29,0.0,3.81,0.0,0.04,0.0,0.23,0.0,0.39,0.0,1.44
2025-08-04 00:00:00+00:00,0.0,0.3,0.0,0.29,0.0,1.34,0.0,0.05,0.0,0.2,0.0,0.39,0.0,1.44
2025-08-04 01:00:00+00:00,0.0,0.29,0.0,0.29,0.0,1.35,0.0,0.05,0.0,0.23,0.0,0.39,0.0,1.48
2025-08-04 02:00:00+00:00,0.0,0.29,0.0,0.29,0.0,1.34,0.0,0.06,0.0,0.2,0.0,0.37,0.0,1.44
2025-08-04 03:00:00+00:00,0.0,0.41,0.0,0.29,0.0,1.34,0.0,0.05,0.0,0.24,0.0,0.32,0.0,1.5
2025-08-04 04:00:00+00:00,0.05,0.37,0.0,0.44,0.01,3.05,0.0,0.04,0.0,0.2,0.0,0.32,0.0,1.44
2025-08-04 05:00:00+00:00,0.07,0.29,0.0,0.36,0.25,2.39,0.0,0.07,0.0,0.24,0.0,0.31,0.0,1.58
2025-08-04 06:00:00+00:00,0.21,2.27,0.03,0.42,1.11,1.9,0.0,0.36,0.0,0.19,0.0,0.44,0.0,1.43
2025-08-04 07:00:00+00:00,0.43,2.55,0.08,0.44,2.11,2.07,0.0,0.39,0.0,0.21,0.0,0.43,0.0,1.43
2025-08-04 08:00:00+00:00,0.83,2.6,0.14,0.47,3.38,1.75,0.0,0.34,0.0,1.77,0.0,0.42,0.0,1.34
2025-08-04 09:00:00+00:00,1.39,2.09,0.21,0.45,4.82,3.98,0.0,0.44,0.0,0.77,0.0,0.42,0.0,1.34
2025-08-04 10:00:00+00:00,1.96,1.0,0.3,0.58,6.46,4.54,0.0,0.42,0.0,0.2,0.0,0.42,0.0,1.22
2025-08-04 11:00:00+00:00,2.59,1.11,0.47,0.5,7.64,3.82,0.0,0.43,0.0,0.19,0.0,0.44,0.0,1.31
2025-08-04 12:00:00+00:00,3.37,1.23,0.64,0.5,10.21,3.23,0.0,0.38,0.0,0.2,0.0,0.34,0.0,1.25
2025-08-04 13:00:00+00:00,1.64,1.0,0.29,0.49,5.88,1.58,0.0,0.48,0.0,0.18,0.0,0.35,0.0,1.18
2025-08-04 14:00:00+00:00,2.07,1.08,0.45,0.5,6.33,1.62,0.0,0.5,0.0,0.29,0.0,0.42,0.0,0.97
2025-08-04 15:00:00+00:00,2.36,1.13,0.6,0.49,8.33,2.89,0.0,0.43,0.0,0.21,0.0,0.42,0.0,0.6
2025-08-04 16:00:00+00:00,1.06,0.69,0.32,0.42,5.51,2.37,0.0,0.18,0.0,0.33,0.0,0.69,0.0,0.56
2025-08-04 17:00:00+00:00,0.12,0.23,0.06,0.36,1.53,1.42,0.0,0.09,0.0,1.25,0.0,0.45,0.0,0.82
2025-08-04 18:00:00+00:00,0.07,0.32,0.0,0.37,0.32,1.48,0.0,0.11,0.0,0.53,0.0,0.44,0.0,1.36
2025-08-04 19:00:00+00:00,0.0,0.39,0.0,0.38,0.0,1.45,0.0,0.12,0.0,0.45,0.0,0.44,0.0,1.42
2025-08-04 20:00:00+00:00,0.0,0.34,0.0,0.37,0.0,1.48,0.0,0.12,0.0,0.36,0.0,0.44,0.0,1.44
2025-08-04 21:00:00+00:00,0.0,0.37,0.0,0.37,0.0,1.58,0.0,0.12,0.0,0.35,0.0,0.44,0.0,1.42
2025-08-04 22:00:00+00:00,0.0,0.33,0.0,0.37,0.0,3.99,0.0,0.11,0.0,0.31,0.0,0.43,0.0,1.43
2025-08-04 23:00:00+00:00,0.0,0.37,0.0,0.37,0.0,1.28,0.0,0.11,0.0,0.35,0.0,0.4,0.0,1.43
2025-08-05 00:00:00+00:00,0.0,0.33,0.0,0.37,0.0,1.27,0.0,0.11,0.0,0.29,0.0,0.39,0.0,1.45
2025-08-05 01:00:00+00:00,0.0,0.33,0.0,0.37,0.0,1.27,0.0,0.07,0.0,0.27,0.0,0.39,0.0,1.45
2025-08-05 02:00:00+00:00,0.0,0.36,0.0,0.37,0.0,1.28,0.0,0.05,0.0,0.17,0.0,0.39,0.0,1.46
2025-08-05 03:00:00+00:00,0.0,0.33,0.0,0.37,0.0,1.42,0.0,0.06,0.0,0.2,0.0,0.34,0.0,1.45
2025-08-05 04:00:00+00:00,0.05,0.27,0.0,0.37,0.59,4.0,0.0,0.05,0.0,0.17,0.0,0.34,0.0,1.47
2025-08-05 05:00:00+00:00,0.1,0.18,0.04,0.49,1.97,1.73,0.0,0.05,0.0,0.2,0.0,0.51,0.0,1.48
2025-08-05 06:00:00+00:00,0.45,0.43,0.11,0.53,4.16,1.87,0.0,0.14,0.0,0.19,0.0,0.45,0.0,1.42
2025-08-05 07:00:00+00:00,0.52,1.41,0.11,0.59,2.88,1.38,0.0,0.57,0.0,0.2,0.0,0.38,0.0,1.47
2025-08-05 08:00:00+00:00,1.0,2.75,0.17,0.85,4.62,1.42,0.0,0.52,0.0,0.21,0.0,0.38,0.0,1.42
2025-08-05 09:00:00+00:00,1.45,2.96,0.2,0.64,5.08,2.31,0.0,0.54,0.0,0.17,0.0,0.38,0.0,1.35
2025-08-05 10:00:00+00:00,3.21,3.2,0.34,0.64,8.6,3.22,0.0,0.38,0.0,0.2,0.0,0.38,0.0,1.21
2025-08-05 11:00:00+00:00,2.32,2.2,0.36,0.63,7.21,1.28,0.0,0.64,0.0,0.19,0.0,0.37,0.0,1.3
2025-08-05 12:00:00+00:00,3.99,1.44,0.69,0.61,10.53,1.17,0.0,0.65,0.0,0.18,0.0,0.37,0.0,1.35
2025-08-05 13:00:00+00:00,2.16,1.08,0.45,0.59,6.24,1.12,0.0,0.57,0.0,0.25,0.0,0.39,0.0,1.24
2025-08-05 14:00:00+00:00,1.54,0.94,0.35,0.69,5.94,1.16,0.0,0.59,0.0,0.28,0.0,0.42,0.0,1.33
2025-08-05 15:00:00+00:00,0.57,0.65,0.15,0.53,3.56,2.45,0.0,0.55,0.0,1.0,0.0,0.43,0.0,1.36
2025-08-05 16:00:00+00:00,0.62,0.7,0.24,0.54,3.83,3.31,0.0,0.26,0.0,0.25,0.0,0.4,0.0,1.07
2025-08-05 17:00:00+00:00,0.16,0.48,0.06,0.48,1.59,1.91,0.0,0.11,0.0,0.62,0.0,0.38,0.0,1.24
2025-08-05 18:00:00+00:00,0.11,0.64,0.0,0.44,0.27,1.98,0.0,0.11,0.0,0.46,0.0,0.76,0.0,1.48
2025-08-05 19:00:00+00:00,0.0,0.63,0.0,0.39,0.0,1.79,0.0,0.11,0.0,0.38,0.0,0.87,0.0,1.49
2025-08-05 20:00:00+00:00,0.0,0.36,0.0,0.39,0.0,1.71,0.0,0.1,0.0,0.39,0.0,0.49,0.0,1.61
2025-08-05 21:00:00+00:00,0.0,0.37,0.0,0.39,0.0,2.17,0.0,0.11,0.0,0.38,0.0,0.52,0.0,1.57
2025-08-05 22:00:00+00:00,0.0,0.33,0.0,0.39,0.0,3.2,0.0,0.11,0.0,0.33,0.0,0.43,0.0,1.56
2025-08-05 23:00:00+00:00,0.0,0.36,0.0,0.39,0.0,1.37,0.0,0.1,0.0,0.33,0.0,0.43,0.0,1.53
2025-08-06 00:00:00+00:00,0.0,0.33,0.0,0.38,0.0,1.28,0.0,0.1,0.0,0.31,0.0,0.42,0.0,1.53
2025-08-06 01:00:00+00:00,0.0,0.33,0.0,0.39,0.0,1.28,0.0,0.06,0.0,0.34,0.0,0.42,0.0,1.5
2025-08-06 02:00:00+00:00,0.0,0.36,0.0,0.38,0.0,1.28,0.0,0.04,0.0,0.32,0.0,0.41,0.0,1.51
2025-08-06 03:00:00+00:00,0.0,0.33,0.0,0.39,0.0,2.47,0.0,0.04,0.0,0.31,0.0,0.42,0.0,1.47
2025-08-06 04:00:00+00:00,0.05,0.28,0.0,0.43,0.19,3.01,0.0,0.04,0.0,0.23,0.0,0.43,0.0,1.49
2025-08-06 05:00:00+00:00,0.24,1.95,0.05,0.62,2.0,1.46,0.0,0.08,0.0,0.19,0.0,0.45,0.0,1.45
2025-08-06 06:00:00+00:00,0.76,2.75,0.12,0.5,4.75,1.43,0.0,0.04,0.0,0.25,0.0,0.39,0.0,1.54
2025-08-06 07:00:00+00:00,1.16,2.87,0.16,0.62,4.76,1.4,0.0,0.06,0.0,0.2,0.0,0.46,0.0,1.5
2025-08-06 08:00:00+00:00,2.22,3.08,0.21,0.53,7.12,1.49,0.0,0.1,0.0,0.26,0.0,0.43,0.0,1.56
2025-08-06 09:00:00+00:00,3.22,1.38,0.23,0.56,9.77,3.2,0.0,0.1,0.0,0.28,0.0,0.42,0.0,1.46
2025-08-06 10:00:00+00:00,3.25,1.31,0.35,0.55,9.9,2.54,0.0,0.1,0.0,0.24,0.0,0.42,0.0,1.43
2025-08-06 11:00:00+00:00,4.48,1.51,0.6,0.58,12.05,1.63,0.0,0.1,0.0,0.31,0.0,0.42,0.0,1.35
2025-08-06 12:00:00+00:00,3.97,1.45,0.67,0.59,10.9,1.43,0.0,0.1,0.0,0.27,0.0,0.44,0.0,1.4
2025-08-06 13:00:00+00:00,3.47,1.38,0.7,0.58,9.85,1.45,0.0,0.26,0.0,0.25,0.0,0.43,0.0,1.15
2025-08-06 14:00:00+00:00,2.81,1.56,0.67,0.37,8.6,1.63,0.0,0.47,0.0,0.33,0.0,0.43,0.0,0.96
2025-08-06 15:00:00+00:00,1.8,1.72,0.52,0.43,6.78,3.16,0.0,0.29,0.0,0.31,0.0,0.43,0.0,0.79
2025-08-06 16:00:00+00:00,0.59,0.63,0.28,0.32,4.23,2.79,0.0,0.11,0.0,0.38,0.0,0.86,0.0,0.85
2025-08-06 17:00:00+00:00,0.16,0.51,0.07,0.28,1.42,1.48,0.0,0.11,0.0,0.47,0.0,0.49,0.0,1.44
2025-08-06 18:00:00+00:00,0.11,0.62,0.0,0.3,0.29,1.89,0.0,0.11,0.0,0.41,0.0,0.58,0.0,1.99
2025-08-06 19:00:00+00:00,0.0,0.67,0.0,0.29,0.0,1.89,0.0,0.11,0.0,0.25,0.0,0.58,0.0,1.99
2025-08-06 20:00:00+00:00,0.0,0.62,0.0,0.29,0.0,1.68,0.0,0.1,0.0,0.34,0.0,0.56,0.0,1.5
2025-08-06 21:00:00+00:00,0.0,0.64,0.0,0.28,0.0,2.61,0.0,0.1,0.0,0.3,0.0,0.49,0.0,1.44
2025-08-06 22:00:00+00:00,0.0,0.61,0.0,0.28,0.0,3.0,0.0,0.09,0.0,0.3,0.0,0.38,0.0,1.46
2025-08-06 23:00:00+00:00,0.0,0.62,0.0,0.28,0.0,1.29,0.0,0.04,0.0,0.29,0.0,0.39,0.0,1.43
2025-08-07 00:00:00+00:00,0.0,0.62,0.0,0.27,0.0,1.29,0.0,0.04,0.0,0.28,0.0,0.36,0.0,1.48
2025-08-07 01:00:00+00:00,0.0,0.61,0.0,0.28,0.0,1.28,0.0,0.04,0.0,0.31,0.0,0.31,0.0,1.48
2025-08-07 02:00:00+00:00,0.0,0.61,0.0,0.28,0.0,1.03,0.0,0.04,0.0,0.27,0.0,0.33,0.0,1.51
2025-08-07 03:00:00+00:00,0.0,0.62,0.0,0.28,0.0,2.21,0.0,0.05,0.0,0.31,0.0,0.33,0.0,1.47
2025-08-07 04:00:00+00:00,0.07,0.56,0.0,0.28,0.19,2.56,0.0,0.04,0.0,0.3,0.0,0.33,0.0,1.57
2025-08-07 05:00:00+00:00,0.1,0.54,0.01,0.46,1.0,1.47,0.0,0.04,0.0,0.31,0.0,0.44,0.0,1.55
2025-08-07 06:00:00+00:00,0.73,2.96,0.08,0.53,4.67,1.44,0.0,0.22,0.0,0.33,0.0,0.39,0.0,1.62
2025-08-07 07:00:00+00:00,1.74,3.03,0.1,0.55,7.21,1.45,0.0,0.23,0.0,0.28,0.0,0.44,0.0,1.6
2025-08-07 08:00:00+00:00,2.52,3.14,0.13,0.61,8.53,1.58,0.0,0.45,0.0,0.27,0.0,0.4,0.0,1.54
2025-08-07 09:00:00+00:00,3.24,2.09,0.23,0.63,9.87,3.37,0.0,0.49,0.0,0.21,0.0,0.42,0.0,1.5
2025-08-07 10:00:00+00:00,3.63,1.41,0.35,0.63,10.53,2.44,0.0,0.39,0.0,0.16,0.0,0.42,0.0,1.4
2025-08-07 11:00:00+00:00,3.96,1.4,0.52,0.59,10.73,1.47,0.0,0.32,0.0,0.2,0.0,0.49,0.0,1.53
2025-08-07 12:00:00+00:00,3.89,1.45,0.69,0.59,10.39,1.51,0.0,0.35,0.0,0.21,0.0,0.4,0.0,1.61
2025-08-07 13:00:00+00:00,3.25,1.36,0.72,0.48,9.34,1.59,0.0,0.44,0.0,0.28,0.0,0.38,0.0,1.32
2025-08-07 14:00:00+00:00,2.71,1.28,0.71,0.37,8.5,1.48,0.0,0.5,0.0,0.21,0.0,0.37,0.0,0.93
2025-08-07 15:00:00+00:00,1.6,0.99,0.55,0.32,6.64,2.8,0.0,0.56,0.0,0.37,0.0,0.36,0.0,0.69
2025-08-07 16:00:00+00:00,0.62,0.58,0.31,0.29,4.41,2.93,0.0,0.43,0.0,0.52,0.0,0.4,0.0,0.62
2025-08-07 17:00:00+00:00,0.09,0.26,0.06,0.27,1.21,1.46,0.0,0.28,0.0,0.57,0.0,0.42,0.0,0.84
2025-08-07 18:00:00+00:00,0.08,0.41,0.0,0.24,0.2,1.47,0.0,0.18,0.0,0.44,0.0,0.44,0.0,1.35
2025-08-07 19:00:00+00:00,0.0,0.41,0.0,0.22,0.0,1.46,0.0,0.19,0.0,0.43,0.0,0.42,0.0,1.34
2025-08-07 20:00:00+00:00,0.0,0.37,0.0,0.22,0.0,1.4,0.0,0.12,0.0,0.29,0.0,0.42,0.0,1.35
2025-08-07 21:00:00+00:00,0.0,0.37,0.0,0.2,0.0,1.79,0.0,0.12,0.0,0.42,0.0,0.42,0.0,1.37
2025-08-07 22:00:00+00:00,0.0,0.36,0.0,0.2,0.0,3.79,0.0,0.12,0.0,0.35,0.0,0.42,0.0,1.38
2025-08-07 23:00:00+00:00,0.0,0.34,0.0,0.2,0.0,1.25,0.0,0.11,0.0,0.36,0.0,0.41,0.0,1.39
2025-08-08 00:00:00+00:00,0.0,0.35,0.0,0.2,0.0,1.24,0.0,0.11,0.0,0.34,0.0,0.42,0.0,1.41
2025-08-08 01:00:00+00:00,0.0,0.34,0.0,0.2,0.0,1.26,0.0,0.09,0.0,0.36,0.0,0.44,0.0,1.42
2025-08-08 02:00:00+00:00,0.0,0.33,0.0,0.2,0.0,1.25,0.0,0.05,0.0,0.35,0.0,0.43,0.0,1.43
2025-08-08 03:00:00+00:00,0.0,0.33,0.0,0.2,0.0,1.3,0.0,0.05,0.0,0.37,0.0,0.42,0.0,1.43
2025-08-08 04:00:00+00:00,0.05,0.32,0.0,0.25,0.39,4.03,0.0,0.05,0.0,0.36,0.0,0.42,0.0,1.44
2025-08-08 05:00:00+00:00,0.24,2.1,0.05,0.43,2.51,1.42,0.0,0.06,0.0,0.36,0.0,0.53,0.0,1.44
2025-08-08 06:00:00+00:00,0.77,2.75,0.08,0.49,5.46,1.41,0.0,0.32,0.0,0.45,0.0,0.49,0.0,1.75
2025-08-08 07:00:00+00:00,1.72,3.07,0.08,0.74,7.17,1.46,0.0,0.43,0.0,0.31,0.0,0.38,0.0,1.6
2025-08-08 08:00:00+00:00,2.39,1.69,0.08,0.45,8.6,1.49,0.0,0.4,0.0,0.35,0.0,0.41,0.0,1.37
2025-08-08 09:00:00+00:00,2.97,1.3,0.12,0.61,9.67,1.52,0.0,0.4,0.0,0.56,0.0,0.39,0.0,1.43
2025-08-08 10:00:00+00:00,3.51,1.45,0.28,0.65,10.49,4.13,0.0,0.34,0.0,0.38,0.0,0.39,0.0,1.33
2025-08-08 11:00:00+00:00,3.82,1.47,0.53,0.47,10.54,1.48,0.0,0.35,0.0,0.41,0.0,0.39,0.0,1.3
2025-08-08 12:00:00+00:00,3.79,1.48,0.69,0.47,10.19,1.52,0.0,0.41,0.0,0.27,0.0,0.38,0.0,1.31
2025-08-08 13:00:00+00:00,3.33,1.44,0.72,0.48,9.47,1.31,0.0,0.39,0.0,0.29,0.0,0.39,0.0,1.11
2025-08-08 14:00:00+00:00,2.6,1.24,0.65,0.47,8.18,1.27,0.0,0.39,0.0,0.29,0.0,0.39,0.0,0.84
2025-08-08 15:00:00+00:00,1.49,0.85,0.5,0.36,6.29,1.16,0.0,0.23,0.0,0.26,0.0,0.43,0.0,0.7
2025-08-08 16:00:00+00:00,0.53,0.52,0.28,0.3,4.17,3.6,0.0,0.14,0.0,0.3,0.0,0.42,0.0,0.63
2025-08-08 17:00:00+00:00,0.09,0.29,0.06,0.23,1.11,1.71,0.0,0.12,0.0,0.34,0.0,0.43,0.0,0.97
2025-08-08 18:00:00+00:00,0.08,0.45,0.0,0.23,0.18,1.73,0.0,0.12,0.0,0.4,0.0,0.8,0.0,1.35
2025-08-08 19:00:00+00:00,0.0,0.45,0.0,0.23,0.0,1.81,0.0,0.12,0.0,0.44,0.0,0.55,0.0,1.42
2025-08-08 20:00:00+00:00,0.0,0.37,0.0,0.23,0.0,1.75,0.0,0.12,0.0,0.37,0.0,0.55,0.0,1.36
2025-08-08 21:00:00+00:00,0.0,0.39,0.0,0.22,0.0,1.56,0.0,0.12,0.0,0.38,0.0,0.42,0.0,1.39
2025-08-08 22:00:00+00:00,0.0,0.36,0.0,0.22,0.0,1.32,0.0,0.12,0.0,0.29,0.0,0.44,0.0,1.38
2025-08-08 23:00:00+00:00,0.0,0.33,0.0,0.22,0.0,4.03,0.0,0.12,0.0,0.28,0.0,0.46,0.0,1.55
2025-08-09 00:00:00+00:00,0.0,0.36,0.0,0.22,0.0,1.27,0.0,0.12,0.0,0.3,0.0,0.42,0.0,1.59
2025-08-09 01:00:00+00:00,0.0,0.34,0.0,0.21,0.0,1.29,0.0,0.12,0.0,0.26,0.0,0.42,0.0,1.62
2025-08-09 02:00:00+00:00,0.0,0.35,0.0,0.23,0.0,1.3,0.0,0.11,0.0,0.3,0.0,0.42,0.0,1.58
2025-08-09 03:00:00+00:00,0.0,0.35,0.0,0.22,0.0,1.29,0.0,0.11,0.0,0.27,0.0,0.42,0.0,1.63
2025-08-09 04:00:00+00:00,0.05,0.29,0.0,0.26,0.31,1.36,0.0,0.1,0.0,0.29,0.0,0.42,0.0,1.59
2025-08-09 05:00:00+00:00,0.06,0.17,0.04,0.31,2.21,4.36,0.0,0.08,0.0,0.39,0.0,0.42,0.0,1.63
2025-08-09 06:00:00+00:00,0.5,0.44,0.08,0.32,5.06,1.53,0.0,0.1,0.0,0.36,0.0,0.48,0.0,1.57
2025-08-09 07:00:00+00:00,1.45,0.82,0.09,0.32,7.04,1.41,0.0,0.11,0.0,0.47,0.0,0.43,0.0,1.37
2025-08-09 08:00:00+00:00,2.31,1.03,0.09,0.33,8.53,1.45,0.0,0.12,0.0,0.47,0.0,0.41,0.0,1.24
2025-08-09 09:00:00+00:00,2.92,1.16,0.13,0.36,9.6,1.44,0.0,0.12,0.0,0.44,0.0,0.45,0.0,1.26
2025-08-09 10:00:00+00:00,3.44,1.23,0.27,0.38,10.37,1.37,0.0,0.14,0.0,0.38,0.0,0.48,0.0,1.22
2025-08-09 11:00:00+00:00,3.65,1.26,0.5,0.39,10.33,2.54,0.0,0.12,0.0,0.37,0.0,0.5,0.0,1.26
2025-08-09 12:00:00+00:00,3.52,1.24,0.65,0.39,9.78,2.52,0.0,0.12,0.0,0.39,0.0,0.44,0.0,1.22
2025-08-09 13:00:00+00:00,3.14,1.22,0.69,0.39,9.12,1.02,0.0,0.11,0.0,0.36,0.0,0.47,0.0,1.09
2025-08-09 14:00:00+00:00,2.51,1.31,0.59,0.47,8.0,1.03,0.0,0.12,0.0,0.39,0.0,0.49,0.0,0.84
2025-08-09 15:00:00+00:00,1.43,1.02,0.47,0.46,6.21,1.03,0.0,0.12,0.0,0.37,0.0,0.44,0.0,0.68
2025-08-09 16:00:00+00:00,0.43,0.54,0.26,0.4,4.05,1.26,0.0,0.12,0.0,0.39,0.0,0.43,0.0,0.66
2025-08-09 17:00:00+00:00,0.09,0.31,0.06,0.36,1.03,1.35,0.0,0.12,0.0,0.37,0.0,0.92,0.0,1.02
2025-08-09 18:00:00+00:00,0.09,0.47,0.0,0.35,0.17,3.47,0.0,0.12,0.0,0.42,0.0,0.33,0.0,1.36
2025-08-09 19:00:00+00:00,0.0,0.48,0.0,0.27,0.0,2.26,0.0,0.12,0.0,0.38,0.0,0.51,0.0,1.38
2025-08-09 20:00:00+00:00,0.0,0.41,0.0,0.3,0.0,1.41,0.0,0.12,0.0,0.29,0.0,0.42,0.0,1.38
2025-08-09 21:00:00+00:00,0.0,0.41,0.0,0.29,0.0,1.43,0.0,0.12,0.0,0.27,0.0,0.22,0.0,1.37
2025-08-09 22:00:00+00:00,0.0,0.36,0.0,0.25,0.0,1.36,0.0,0.12,0.0,0.31,0.0,0.3,0.0,1.38
2025-08-09 23:00:00+00:00,0.0,0.36,0.0,0.24,0.0,1.34,0.0,0.12,0.0,0.38,0.0,0.4,0.0,1.43
2025-08-10 00:00:00+00:00,0.0,0.37,0.0,0.24,0.0,1.34,0.0,0.12,0.0,0.36,0.0,0.42,0.0,1.5
2025-08-10 01:00:00+00:00,0.0,0.36,0.0,0.24,0.0,3.98,0.0,0.12,0.0,0.3,0.0,0.43,0.0,1.68
2025-08-10 02:00:00+00:00,0.0,0.35,0.0,0.23,0.0,1.32,0.0,0.12,0.0,0.29,0.0,0.44,0.0,1.88
2025-08-10 03:00:00+00:00,0.0,0.37,0.0,0.25,0.0,1.31,0.0,0.12,0.0,0.28,0.0,0.43,0.0,1.89
2025-08-10 04:00:00+00:00,0.05,0.34,0.0,0.26,0.21,1.48,0.0,0.11,0.0,0.3,0.0,0.43,0.0,1.96
2025-08-10 05:00:00+00:00,0.06,0.18,0.04,0.26,2.0,1.75,0.0,0.11,0.0,0.28,0.0,0.45,0.0,1.82
2025-08-10 06:00:00+00:00,0.5,0.45,0.08,0.33,5.03,1.68,0.0,0.12,0.0,0.3,0.0,0.43,0.0,1.41
2025-08-10 07:00:00+00:00,1.39,0.81,0.09,0.35,6.93,2.77,0.0,0.12,0.0,0.26,0.0,0.41,0.0,1.29
2025-08-10 08:00:00+00:00,2.34,1.05,0.09,0.35,8.61,2.79,0.0,0.12,0.0,0.3,0.0,0.41,0.0,1.33
2025-08-10 09:00:00+00:00,3.02,1.15,0.12,0.39,9.76,1.55,0.0,0.12,0.0,0.31,0.0,0.57,0.0,1.27
2025-08-10 10:00:00+00:00,3.57,1.24,0.18,0.4,10.51,1.53,0.0,0.12,0.0,0.54,0.0,0.42,0.0,1.31
2025-08-10 11:00:00+00:00,3.79,1.25,0.37,0.42,10.51,1.49,0.0,0.12,0.0,0.44,0.0,0.43,0.0,1.25
2025-08-10 12:00:00+00:00,3.66,1.24,0.51,0.41,9.97,1.49,0.0,0.12,0.0,0.41,0.0,0.45,0.0,1.3
2025-08-10 13:00:00+00:00,3.27,1.2,0.57,0.41,9.37,1.42,0.0,0.12,0.0,0.42,0.0,0.45,0.0,1.08
2025-08-10 14:00:00+00:00,2.39,1.09,0.52,0.41,7.69,3.72,0.0,0.12,0.0,0.38,0.0,0.44,0.0,0.91
2025-08-10 15:00:00+00:00,1.55,0.89,0.45,0.41,6.31,1.44,0.0,0.12,0.0,1.84,0.0,0.42,0.0,0.64
2025-08-10 16:00:00+00:00,0.55,0.52,0.25,0.4,4.23,1.39,0.0,0.12,0.0,0.52,0.0,0.44,0.0,0.65
2025-08-10 17:00:00+00:00,0.11,0.41,0.05,0.36,0.98,1.41,0.0,0.12,0.0,0.41,0.0,1.12,0.0,0.99
2025-08-10 18:00:00+00:00,0.11,0.73,0.0,0.35,0.12,1.43,0.0,0.12,0.0,0.49,0.0,0.34,0.0,1.39
2025-08-10 19:00:00+00:00,0.0,0.73,0.0,0.23,0.0,1.41,0.0,0.12,0.0,0.55,0.0,0.24,0.0,1.36
2025-08-10 20:00:00+00:00,0.0,0.39,0.0,0.23,0.0,1.37,0.0,0.12,0.0,0.68,0.0,0.26,0.0,1.38
2025-08-10 21:00:00+00:00,0.0,0.39,0.0,0.22,0.0,4.07,0.0,0.12,0.0,0.54,0.0,0.24,0.0,1.34
2025-08-10 22:00:00+00:00,0.0,0.4,0.0,0.22,0.0,1.41,0.0,0.12,0.0,0.51,0.0,0.37,0.0,1.33
2025-08-10 23:00:00+00:00,0.0,0.4,0.0,0.22,0.0,1.39,0.0,0.12,0.0,0.46,0.0,0.45,0.0,1.31
2025-08-11 00:00:00+00:00,0.0,0.36,0.0,0.22,0.0,1.37,0.0,0.12,0.0,0.43,0.0,0.47,0.0,1.34
2025-08-11 01:00:00+00:00,0.0,0.36,0.0,0.22,0.0,1.43,0.0,0.12,0.0,0.39,0.0,0.44,0.0,1.39
2025-08-11 02:00:00+00:00,0.0,0.33,0.0,0.21,0.0,1.37,0.0,0.12,0.0,0.28,0.0,0.45,0.0,1.42
2025-08-11 03:00:00+00:00,0.0,0.36,0.0,0.23,0.0,1.93,0.0,0.11,0.0,0.29,0.0,0.44,0.0,1.42
2025-08-11 04:00:00+00:00,0.05,0.34,0.0,0.22,0.2,3.55,0.0,0.11,0.0,0.27,0.0,0.44,0.0,1.4
2025-08-11 05:00:00+00:00,0.05,0.16,0.04,0.23,1.98,1.54,0.0,0.11,0.0,0.29,0.0,0.5,0.0,1.39
2025-08-11 06:00:00+00:00,0.47,0.45,0.08,0.36,5.21,1.7,0.0,0.31,0.0,0.26,0.0,0.52,0.0,1.54
2025-08-11 07:00:00+00:00,1.5,0.84,0.09,0.39,7.2,1.43,0.0,0.32,0.0,0.25,0.0,0.43,0.0,1.48
2025-08-11 08:00:00+00:00,2.39,1.05,0.1,0.4,8.77,1.46,0.0,0.27,0.0,0.31,0.0,0.45,0.0,1.31
2025-08-11 09:00:00+00:00,3.03,2.72,0.18,0.43,9.98,3.73,0.0,0.27,0.0,0.29,0.0,0.43,0.0,1.31
2025-08-11 10:00:00+00:00,3.72,3.32,0.41,0.44,10.82,3.29,0.0,0.29,0.0,0.29,0.0,0.43,0.0,1.38
2025-08-11 11:00:00+00:00,3.89,3.23,0.56,0.44,10.76,1.61,0.0,0.19,0.0,0.27,0.0,0.43,0.0,1.48
2025-08-11 12:00:00+00:00,3.77,1.69,0.7,0.54,10.15,1.48,0.0,0.28,0.0,0.23,0.0,0.43,0.0,1.59
2025-08-11 13:00:00+00:00,3.29,1.42,0.74,0.53,9.39,1.52,0.0,0.35,0.0,0.27,0.0,0.41,0.0,1.4
2025-08-11 14:00:00+00:00,2.58,1.35,0.69,0.47,8.12,1.62,0.0,0.2,0.0,0.26,0.0,0.52,0.0,1.01
2025-08-11 15:00:00+00:00,1.42,1.0,0.55,0.41,6.27,1.57,0.0,0.19,0.0,0.29,0.0,0.45,0.0,0.74
2025-08-11 16:00:00+00:00,0.5,0.66,0.3,0.43,4.03,1.72,0.0,0.15,0.0,0.32,0.0,0.4,0.0,0.64
2025-08-11 17:00:00+00:00,0.11,0.42,0.07,0.4,0.98,3.93,0.0,0.12,0.0,0.27,0.0,0.39,0.0,0.96
2025-08-11 18:00:00+00:00,0.08,0.44,0.0,0.34,0.15,1.92,0.0,0.12,0.0,0.28,0.0,1.22,0.0,1.3
2025-08-11 19:00:00+00:00,0.0,0.44,0.0,0.23,0.0,1.76,0.0,0.12,0.0,0.37,0.0,0.7,0.0,1.31
2025-08-11 20:00:00+00:00,0.0,0.41,0.0,0.23,0.0,1.44,0.0,0.12,0.0,0.47,0.0,0.6,0.0,1.3
2025-08-11 21:00:00+00:00,0.0,0.39,0.0,0.22,0.0,1.54,0.0,0.12,0.0,0.45,0.0,0.4,0.0,1.32
2025-08-11 22:00:00+00:00,0.0,0.39,0.0,0.22,0.0,1.29,0.0,0.12,0.0,0.4,0.0,0.37,0.0,1.29
2025-08-11 23:00:00+00:00,0.0,0.38,0.0,0.22,0.0,2.77,0.0,0.12,0.0,0.34,0.0,0.46,0.0,1.3
2025-08-12 00:00:00+00:00,0.0,0.37,0.0,0.22,0.0,2.47,0.0,0.12,0.0,0.39,0.0,0.47,0.0,1.29
2025-08-12 01:00:00+00:00,0.0,0.38,0.0,0.22,0.0,1.3,0.0,0.12,0.0,0.35,0.0,0.46,0.0,1.48
2025-08-12 02:00:00+00:00,0.0,0.37,0.0,0.21,0.0,1.3,0.0,0.12,0.0,0.36,0.0,0.46,0.0,1.46
2025-08-12 03:00:00+00:00,0.0,0.34,0.0,0.23,0.0,1.29,0.0,0.13,0.0,0.38,0.0,0.45,0.0,1.51
2025-08-12 04:00:00+00:00,0.05,0.32,0.0,0.22,0.14,1.36,0.0,0.11,0.0,0.34,0.0,0.46,0.0,1.48
2025-08-12 05:00:00+00:00,0.21,2.2,0.04,0.28,1.86,1.72,0.0,0.11,0.0,0.37,0.0,0.43,0.0,1.54
2025-08-12 06:00:00+00:00,0.64,2.72,0.08,0.55,5.01,4.48,0.0,0.2,0.0,0.37,0.0,0.51,0.0,1.47
2025-08-12 07:00:00+00:00,1.55,3.01,0.1,0.51,6.88,1.58,0.0,0.13,0.0,0.24,0.0,0.44,0.0,1.89
2025-08-12 08:00:00+00:00,2.36,3.09,0.1,0.58,8.4,1.48,0.0,0.13,0.0,0.27,0.0,0.44,0.0,1.63
2025-08-12 09:00:00+00:00,2.87,1.33,0.29,0.55,9.5,1.47,0.0,0.17,0.0,0.26,0.0,0.42,0.0,1.21
2025-08-12 10:00:00+00:00,3.39,1.45,0.3,0.56,10.25,1.66,0.0,0.12,0.0,0.24,0.0,0.42,0.0,1.23
2025-08-12 11:00:00+00:00,3.6,1.48,0.45,0.58,10.26,1.45,0.0,0.12,0.0,0.29,0.0,0.43,0.0,1.48
2025-08-12 12:00:00+00:00,3.42,1.47,0.57,0.6,9.6,3.28,0.0,0.12,0.0,0.27,0.0,0.42,0.0,1.37
2025-08-12 13:00:00+00:00,3.0,1.43,0.62,0.58,8.9,2.63,0.0,0.12,0.0,0.29,0.0,0.49,0.0,1.08
2025-08-12 14:00:00+00:00,2.28,1.31,0.58,0.59,7.6,1.6,0.0,0.12,0.0,0.3,0.0,0.5,0.0,0.81
2025-08-12 15:00:00+00:00,1.27,0.93,0.45,0.44,5.78,1.33,0.0,0.12,0.0,0.39,0.0,0.45,0.0,0.69
2025-08-12 16:00:00+00:00,0.34,0.38,0.25,0.4,3.64,1.6,0.0,0.12,0.0,0.34,0.0,0.44,0.0,0.7
2025-08-12 17:00:00+00:00,0.08,0.32,0.06,0.32,0.95,1.7,0.0,0.2,0.0,0.49,0.0,1.3,0.0,1.11
2025-08-12 18:00:00+00:00,0.09,0.43,0.0,0.31,0.14,1.98,0.0,0.12,0.0,0.48,0.0,0.55,0.0,1.29
2025-08-12 19:00:00+00:00,0.0,0.44,0.0,0.22,0.0,3.52,0.0,0.13,0.0,0.4,0.0,0.51,0.0,1.33
2025-08-12 20:00:00+00:00,0.0,0.41,0.0,0.22,0.0,2.64,0.0,0.12,0.0,0.33,0.0,0.32,0.0,1.3
2025-08-12 21:00:00+00:00,0.0,0.4,0.0,0.21,0.0,1.45,0.0,0.12,0.0,0.37,0.0,0.23,0.0,1.33
2025-08-12 22:00:00+00:00,0.0,0.41,0.0,0.21,0.0,1.3,0.0,0.12,0.0,0.38,0.0,0.43,0.0,1.29
2025-08-12 23:00:00+00:00,0.0,0.37,0.0,0.21,0.0,1.31,0.0,0.12,0.0,0.38,0.0,0.47,0.0,1.32
2025-08-13 00:00:00+00:00,0.0,0.37,0.0,0.21,0.0,1.31,0.0,0.12,0.0,0.41,0.0,0.46,0.0,1.3
2025-08-13 01:00:00+00:00,0.0,0.36,0.0,0.21,0.0,1.3,0.0,0.12,0.0,0.39,0.0,0.47,0.0,1.35
2025-08-13 02:00:00+00:00,0.0,0.36,0.0,0.21,0.0,3.14,0.0,0.12,0.0,0.38,0.0,0.46,0.0,1.48
2025-08-13 03:00:00+00:00,0.0,0.37,0.0,0.2,0.0,2.21,0.0,0.12,0.0,0.42,0.0,0.46,0.0,1.67
2025-08-13 04:00:00+00:00,0.05,0.34,0.0,0.22,0.1,1.41,0.0,0.12,0.0,0.37,0.0,0.46,0.0,1.67
2025-08-13 05:00:00+00:00,0.15,0.97,0.03,0.29,1.51,1.75,0.0,0.12,0.0,0.41,0.0,0.45,0.0,1.6
2025-08-13 06:00:00+00:00,0.59,2.74,0.09,0.5,4.48,1.86,0.0,0.12,0.0,0.41,0.0,0.49,0.0,1.32
2025-08-13 07:00:00+00:00,1.47,3.01,0.11,0.41,6.45,1.45,0.0,0.12,0.0,0.35,0.0,0.45,0.0,1.44
2025-08-13 08:00:00+00:00,2.26,3.14,0.14,0.45,8.04,1.51,0.0,0.12,0.0,0.39,0.0,0.4,0.0,1.49
2025-08-13 09:00:00+00:00,2.73,2.22,0.31,0.53,8.97,4.23,0.0,0.12,0.0,0.36,0.0,0.4,0.0,1.59
2025-08-13 10:00:00+00:00,3.23,1.42,0.58,0.49,9.84,1.52,0.0,0.12,0.0,0.36,0.0,0.4,0.0,1.52
2025-08-13 11:00:00+00:00,3.45,1.44,0.74,0.54,10.01,1.51,0.0,0.12,0.0,0.4,0.0,0.39,0.0,1.31
2025-08-13 12:00:00+00:00,3.25,1.47,0.86,0.54,9.42,1.34,0.0,0.31,0.0,0.35,0.0,0.41,0.0,1.14
2025-08-13 13:00:00+00:00,2.83,1.41,0.83,0.45,8.68,1.08,0.0,0.15,0.0,0.38,0.0,0.39,0.0,1.05
2025-08-13 14:00:00+00:00,2.11,1.26,0.72,0.45,7.31,1.22,0.0,0.15,0.0,0.39,0.0,0.39,0.0,0.76
2025-08-13 15:00:00+00:00,1.08,0.86,0.54,0.44,5.54,1.17,0.0,0.12,0.0,0.9,0.0,0.39,0.0,0.62
2025-08-13 16:00:00+00:00,0.31,0.39,0.3,0.38,3.44,3.87,0.0,0.12,0.0,0.35,0.0,1.17,0.0,0.66
2025-08-13 17:00:00+00:00,0.07,0.3,0.07,0.31,0.96,1.29,0.0,0.12,0.0,0.34,0.0,0.72,0.0,1.0
2025-08-13 18:00:00+00:00,0.09,0.44,0.0,0.29,0.13,1.76,0.0,0.12,0.0,0.33,0.0,0.28,0.0,1.19
2025-08-13 19:00:00+00:00,0.0,0.46,0.0,0.22,0.0,1.79,0.0,0.12,0.0,0.45,0.0,0.3,0.0,1.2
2025-08-13 20:00:00+00:00,0.0,0.41,0.0,0.22,0.0,1.55,0.0,0.12,0.0,0.33,0.0,0.3,0.0,1.19
2025-08-13 21:00:00+00:00,0.0,0.38,0.0,0.22,0.0,1.53,0.0,0.12,0.0,0.3,0.0,0.23,0.0,1.2
2025-08-13 22:00:00+00:00,0.0,0.39,0.0,0.22,0.0,1.33,0.0,0.12,0.0,0.23,0.0,0.41,0.0,1.18
2025-08-13 23:00:00+00:00,0.0,0.39,0.0,0.22,0.0,4.22,0.0,0.12,0.0,0.26,0.0,0.47,0.0,1.24
2025-08-14 00:00:00+00:00,0.0,0.35,0.0,0.22,0.0,1.35,0.0,0.12,0.0,0.26,0.0,0.47,0.0,1.31
2025-08-14 01:00:00+00:00,0.0,0.37,0.0,0.22,0.0,1.4,0.0,0.12,0.0,0.23,0.0,0.46,0.0,1.23
2025-08-14 02:00:00+00:00,0.0,0.35,0.0,0.22,0.0,1.33,0.0,0.12,0.0,0.28,0.0,0.47,0.0,1.27
2025-08-14 03:00:00+00:00,0.0,0.37,0.0,0.21,0.0,1.3,0.0,0.12,0.0,0.24,0.0,0.48,0.0,1.42
2025-08-14 04:00:00+00:00,0.05,0.35,0.0,0.24,0.08,1.37,0.0,0.11,0.0,0.25,0.0,0.47,0.0,1.44
2025-08-14 05:00:00+00:00,0.06,0.18,0.03,0.36,1.41,2.49,0.0,0.12,0.0,0.34,0.0,0.45,0.0,1.36
2025-08-14 06:00:00+00:00,0.4,0.75,0.08,0.35,4.59,3.17,0.0,0.27,0.0,0.35,0.0,0.46,0.0,1.39
2025-08-14 07:00:00+00:00,1.28,2.91,0.1,0.38,6.72,1.45,0.0,0.38,0.0,0.39,0.0,0.44,0.0,1.23
2025-08-14 08:00:00+00:00,2.3,3.17,0.11,0.5,8.24,1.57,0.0,0.38,0.0,0.36,0.0,0.45,0.0,1.24
2025-08-14 09:00:00+00:00,2.95,3.24,0.25,0.43,9.44,1.54,0.0,0.37,0.0,0.38,0.0,0.55,0.0,1.22
2025-08-14 10:00:00+00:00,3.16,2.41,0.54,0.42,9.76,1.66,0.0,0.36,0.0,0.38,0.0,0.5,0.0,1.17
2025-08-14 11:00:00+00:00,3.49,1.46,0.77,0.43,9.78,1.46,0.0,0.36,0.0,0.35,0.0,0.43,0.0,1.19
2025-08-14 12:00:00+00:00,3.3,1.37,0.86,0.42,9.79,3.98,0.0,0.35,0.0,0.39,0.0,0.46,0.0,1.16
2025-08-14 13:00:00+00:00,2.59,1.3,0.77,0.39,7.63,1.57,0.0,0.33,0.0,0.39,0.0,0.61,0.0,0.95
2025-08-14 14:00:00+00:00,2.39,1.32,0.81,0.39,7.58,1.21,0.0,0.33,0.0,0.38,0.0,0.9,0.0,0.68
2025-08-14 15:00:00+00:00,1.31,0.97,0.62,0.38,5.89,1.3,0.0,0.26,0.0,0.36,0.0,0.71,0.0,0.52
2025-08-14 16:00:00+00:00,0.44,0.58,0.36,0.38,3.81,1.44,0.0,0.24,0.0,0.36,0.0,1.13,0.0,0.53
2025-08-14 17:00:00+00:00,0.07,0.29,0.08,0.33,0.87,1.62,0.0,0.13,0.0,0.38,0.0,0.93,0.0,0.98
2025-08-14 18:00:00+00:00,0.08,0.45,0.0,0.3,0.11,1.83,0.0,0.14,0.0,0.34,0.0,0.81,0.0,1.19
2025-08-14 19:00:00+00:00,0.0,0.47,0.0,0.23,0.0,4.04,0.0,0.12,0.0,0.42,0.0,0.65,0.0,1.19
2025-08-14 20:00:00+00:00,0.0,0.42,0.0,0.23,0.0,1.74,0.0,0.12,0.0,0.39,0.0,0.67,0.0,1.2
2025-08-14 21:00:00+00:00,0.0,0.4,0.0,0.22,0.0,1.41,0.0,0.12,0.0,0.38,0.0,0.38,0.0,1.18
2025-08-14 22:00:00+00:00,0.0,0.37,0.0,0.22,0.0,1.3,0.0,0.12,0.0,0.36,0.0,0.26,0.0,1.2
2025-08-14 23:00:00+00:00,0.0,0.36,0.0,0.22,0.0,1.3,0.0,0.12,0.0,0.26,0.0,0.46,0.0,1.18
2025-08-15 00:00:00+00:00,0.0,0.38,0.0,0.22,0.0,1.31,0.0,0.12,0.0,0.31,0.0,0.46,0.0,1.22
2025-08-15 01:00:00+00:00,0.0,0.36,0.0,0.22,0.0,1.29,0.0,0.12,0.0,0.26,0.0,0.46,0.0,1.29
2025-08-15 02:00:00+00:00,0.0,0.37,0.0,0.22,0.0,3.96,0.0,0.12,0.0,0.29,0.0,0.46,0.0,1.43
2025-08-15 03:00:00+00:00,0.0,0.37,0.0,0.21,0.0,1.26,0.0,0.12,0.0,0.28,0.0,0.46,0.0,1.46
2025-08-15 04:00:00+00:00,0.05,0.34,0.0,0.21,0.07,1.34,0.0,0.12,0.0,0.27,0.0,0.45,0.0,1.5
2025-08-15 05:00:00+00:00,0.21,2.47,0.03,0.23,1.47,1.44,0.0,0.12,0.0,0.31,0.0,0.46,0.0,1.46
2025-08-15 06:00:00+00:00,0.56,2.71,0.08,0.28,4.44,1.44,0.0,0.12,0.0,0.27,0.0,0.45,0.0,1.32
2025-08-15 07:00:00+00:00,1.2,2.92,0.1,0.32,5.61,1.42,0.0,0.12,0.0,0.27,0.0,0.39,0.0,1.22
2025-08-15 08:00:00+00:00,2.09,3.08,0.14,0.37,7.71,1.92,0.0,0.12,0.0,0.27,0.0,0.39,0.0,1.23
2025-08-15 09:00:00+00:00,2.73,1.4,0.26,0.43,9.26,3.76,0.0,0.13,0.0,0.24,0.0,0.39,0.0,1.22
2025-08-15 10:00:00+00:00,3.28,1.45,0.57,0.45,9.99,1.46,0.0,0.2,0.0,0.29,0.0,0.39,0.0,1.18
2025-08-15 11:00:00+00:00,3.48,1.47,0.79,0.45,10.09,1.37,0.0,0.19,0.0,0.24,0.0,0.38,0.0,1.18
2025-08-15 12:00:00+00:00,3.07,1.35,0.81,0.44,9.01,1.44,0.0,0.16,0.0,0.27,0.0,0.39,0.0,1.17
2025-08-15 13:00:00+00:00,2.34,1.2,0.61,0.43,7.87,1.25,0.0,0.17,0.0,0.26,0.0,0.38,0.0,0.98
2025-08-15 14:00:00+00:00,0.17,0.57,0.06,0.39,1.6,1.4,0.0,0.17,0.0,0.24,0.0,0.36,0.0,1.22
2025-08-15 15:00:00+00:00,0.07,0.29,0.02,0.32,0.75,2.55,0.0,0.23,0.0,0.29,0.0,0.38,0.0,1.22
2025-08-15 16:00:00+00:00,0.06,0.29,0.03,0.29,0.71,3.62,0.0,0.14,0.0,0.24,0.0,0.39,0.0,1.23
2025-08-15 17:00:00+00:00,0.1,0.26,0.09,0.21,1.26,1.46,0.0,0.12,0.0,0.27,0.0,1.05,0.0,1.01
2025-08-15 18:00:00+00:00,0.07,0.4,0.0,0.23,0.19,1.61,0.0,0.12,0.0,0.26,0.0,0.45,0.0,1.23
2025-08-15 19:00:00+00:00,0.0,0.45,0.0,0.22,0.0,1.82,0.0,0.12,0.0,0.24,0.0,0.46,0.0,1.21
2025-08-15 20:00:00+00:00,0.0,0.36,0.0,0.22,0.0,1.78,0.0,0.12,0.0,0.34,0.0,0.21,0.0,1.22
2025-08-15 21:00:00+00:00,0.0,0.4,0.0,0.21,0.0,1.45,0.0,0.12,0.0,0.35,0.0,0.23,0.0,1.19
2025-08-15 22:00:00+00:00,0.0,0.38,0.0,0.2,0.0,2.79,0.0,0.12,0.0,0.38,0.0,0.27,0.0,1.2
2025-08-15 23:00:00+00:00,0.0,0.37,0.0,0.2,0.0,2.53,0.0,0.12,0.0,0.37,0.0,0.35,0.0,1.28
2025-08-16 00:00:00+00:00,0.0,0.34,0.0,0.19,0.0,1.28,0.0,0.12,0.0,0.36,0.0,0.47,0.0,1.38
2025-08-16 01:00:00+00:00,0.0,0.35,0.0,0.19,0.0,1.28,0.0,0.12,0.0,0.39,0.0,0.47,0.0,1.52
2025-08-16 02:00:00+00:00,0.0,0.36,0.0,0.19,0.0,1.28,0.0,0.12,0.0,0.35,0.0,0.46,0.0,1.57
2025-08-16 03:00:00+00:00,0.0,0.33,0.0,0.2,0.0,1.28,0.0,0.12,0.0,0.38,0.0,0.47,0.0,1.62
2025-08-16 04:00:00+00:00,0.04,0.35,0.0,0.19,0.0,1.34,0.0,0.14,0.0,0.35,0.0,0.46,0.0,1.61
2025-08-16 05:00:00+00:00,0.06,0.2,0.02,0.2,1.07,4.12,0.0,0.11,0.0,0.26,0.0,0.45,0.0,1.65
2025-08-16 06:00:00+00:00,0.31,0.34,0.08,0.24,3.81,1.41,0.0,0.11,0.0,0.26,0.0,0.46,0.0,1.33
2025-08-16 07:00:00+00:00,0.9,0.61,0.13,0.33,5.5,1.4,0.0,0.12,0.0,0.23,0.0,0.46,0.0,1.13
2025-08-16 08:00:00+00:00,1.87,0.9,0.18,0.33,7.08,1.59,0.0,0.12,0.0,0.27,0.0,0.45,0.0,1.08
2025-08-16 09:00:00+00:00,2.84,1.09,0.33,0.35,9.17,1.46,0.0,0.12,0.0,0.24,0.0,0.4,0.0,1.05
2025-08-16 10:00:00+00:00,0.48,0.4,0.11,0.3,3.45,1.4,0.0,0.12,0.0,0.25,0.0,0.51,0.0,1.11
2025-08-16 11:00:00+00:00,2.88,1.04,0.71,0.38,8.25,2.52,0.0,0.13,0.0,0.26,0.0,0.43,0.0,1.06
2025-08-16 12:00:00+00:00,3.33,1.19,0.82,0.42,9.46,2.8,0.0,0.12,0.0,0.23,0.0,0.4,0.0,1.02
2025-08-16 13:00:00+00:00,2.84,1.14,0.67,0.44,8.58,1.35,0.0,0.12,0.0,0.27,0.0,0.41,0.0,0.9
2025-08-16 14:00:00+00:00,1.4,0.71,0.34,0.37,5.54,1.28,0.0,0.12,0.0,0.24,0.0,0.41,0.0,0.93
2025-08-16 15:00:00+00:00,0.14,0.42,0.06,0.31,1.26,1.51,0.0,0.12,0.0,0.24,0.0,0.41,0.0,1.12
2025-08-16 16:00:00+00:00,0.7,0.71,0.3,0.5,4.21,1.45,0.0,0.12,0.0,0.26,0.0,0.97,0.0,0.62
2025-08-16 17:00:00+00:00,0.12,0.4,0.07,0.47,1.2,1.42,0.0,0.12,0.0,0.23,0.0,0.45,0.0,1.02
2025-08-16 18:00:00+00:00,0.07,0.4,0.0,0.31,0.19,3.57,0.0,0.12,0.0,0.27,0.0,0.56,0.0,1.19
2025-08-16 19:00:00+00:00,0.0,0.44,0.0,0.23,0.0,2.52,0.0,0.12,0.0,0.24,0.0,0.55,0.0,1.17
2025-08-16 20:00:00+00:00,0.0,0.37,0.0,0.22,0.0,1.62,0.0,0.12,0.0,0.25,0.0,0.42,0.0,1.19
2025-08-16 21:00:00+00:00,0.0,0.41,0.0,0.22,0.0,1.37,0.0,0.12,0.0,0.26,0.0,0.41,0.0,1.17
2025-08-16 22:00:00+00:00,0.0,0.36,0.0,0.21,0.0,1.34,0.0,0.12,0.0,0.23,0.0,0.46,0.0,1.19
2025-08-16 23:00:00+00:00,0.0,0.36,0.0,0.22,0.0,1.33,0.0,0.12,0.0,0.28,0.0,0.48,0.0,1.18
2025-08-17 00:00:00+00:00,0.0,0.35,0.0,0.21,0.0,1.32,0.0,0.12,0.0,0.27,0.0,0.47,0.0,1.41
2025-08-17 01:00:00+00:00,0.0,0.36,0.0,0.2,0.0,4.01,0.0,0.12,0.0,0.36,0.0,0.48,0.0,1.53
2025-08-17 02:00:00+00:00,0.0,0.35,0.0,0.2,0.0,1.3,0.0,0.12,0.0,0.36,0.0,0.48,0.0,1.54
2025-08-17 03:00:00+00:00,0.0,0.35,0.0,0.2,0.0,1.3,0.0,0.12,0.0,0.33,0.0,0.48,0.0,1.53
2025-08-17 04:00:00+00:00,0.04,0.36,0.0,0.21,0.01,1.37,0.0,0.11,0.0,0.38,0.0,0.48,0.0,1.53
2025-08-17 05:00:00+00:00,0.05,0.22,0.0,0.21,0.38,1.44,0.0,0.11,0.0,0.33,0.0,0.48,0.0,1.52
2025-08-17 06:00:00+00:00,0.06,0.15,0.03,0.24,1.16,1.4,0.0,0.11,0.0,0.36,0.0,0.45,0.0,1.49
2025-08-17 07:00:00+00:00,0.75,0.54,0.12,0.22,3.59,3.33,0.0,0.11,0.0,0.36,0.0,0.43,0.0,1.41
2025-08-17 08:00:00+00:00,1.76,0.86,0.2,0.34,7.24,2.16,0.0,0.11,0.0,0.33,0.0,0.46,0.0,1.21
2025-08-17 09:00:00+00:00,1.52,0.77,0.2,0.36,5.29,1.66,0.0,0.11,0.0,0.38,0.0,0.43,0.0,1.04
2025-08-17 10:00:00+00:00,1.48,0.78,0.25,0.37,5.85,1.43,0.0,0.12,0.0,0.34,0.0,0.41,0.0,1.02
2025-08-17 11:00:00+00:00,2.78,0.99,0.47,0.39,8.09,1.44,0.0,0.12,0.0,0.32,0.0,0.39,0.0,1.03
2025-08-17 12:00:00+00:00,2.3,0.86,0.46,0.41,7.66,1.46,0.0,0.12,0.0,0.25,0.0,0.41,0.0,1.01
2025-08-17 13:00:00+00:00,2.0,0.8,0.5,0.43,6.54,2.1,0.0,0.12,0.0,0.22,0.0,0.47,0.0,0.97
2025-08-17 14:00:00+00:00,2.53,1.05,0.7,0.43,7.99,3.29,0.0,0.12,0.0,0.27,0.0,0.42,0.0,0.63
2025-08-17 15:00:00+00:00,1.15,0.7,0.49,0.43,5.4,1.49,0.0,0.12,0.0,0.22,0.0,0.39,0.0,0.57
2025-08-17 16:00:00+00:00,0.35,0.38,0.28,0.38,3.34,1.67,0.0,0.12,0.0,0.25,0.0,0.48,0.0,0.6
2025-08-17 17:00:00+00:00,0.06,0.24,0.07,0.31,0.74,1.68,0.0,0.13,0.0,0.25,0.0,0.71,0.0,1.05
2025-08-17 18:00:00+00:00,0.1,0.61,0.0,0.27,0.09,1.76,0.0,0.12,0.0,0.22,0.0,1.18,0.0,1.16
2025-08-17 19:00:00+00:00,0.0,0.68,0.0,0.23,0.0,1.76,0.0,0.12,0.0,0.29,0.0,0.64,0.0,1.21
2025-08-17 20:00:00+00:00,0.0,0.59,0.0,0.23,0.0,3.69,0.0,0.12,0.0,0.31,0.0,0.45,0.0,1.16
2025-08-17 21:00:00+00:00,0.0,0.36,0.0,0.22,0.0,1.4,0.0,0.12,0.0,0.3,0.0,0.3,0.0,1.34
2025-08-17 22:00:00+00:00,0.0,0.36,0.0,0.22,0.0,1.37,0.0,0.12,0.0,0.29,0.0,0.4,0.0,1.33
2025-08-17 23:00:00+00:00,0.0,0.34,0.0,0.22,0.0,1.39,0.0,0.12,0.0,0.26,0.0,0.45,0.0,1.39
2025-08-18 00:00:00+00:00,0.0,0.36,0.0,0.22,0.0,1.65,0.0,0.11,0.0,0.3,0.0,0.46,0.0,1.35
2025-08-18 01:00:00+00:00,0.0,0.33,0.0,0.22,0.0,3.5,0.0,0.11,0.0,0.26,0.0,0.45,0.0,1.39
2025-08-18 02:00:00+00:00,0.0,0.37,0.0,0.22,0.0,1.38,0.0,0.11,0.0,0.29,0.0,0.45,0.0,1.34
2025-08-18 03:00:00+00:00,0.0,0.34,0.0,0.22,0.0,1.37,0.0,0.07,0.0,0.29,0.0,0.45,0.0,1.38
2025-08-18 04:00:00+00:00,0.04,0.31,0.0,0.22,0.1,1.46,0.0,0.05,0.0,0.35,0.0,0.45,0.0,1.33
2025-08-18 05:00:00+00:00,0.05,0.19,0.03,0.23,1.56,1.5,0.0,0.05,0.0,0.38,0.0,0.44,0.0,1.37
2025-08-18 06:00:00+00:00,0.41,0.4,0.08,0.44,4.83,2.56,0.0,0.25,0.0,0.35,0.0,0.45,0.0,1.45
2025-08-18 07:00:00+00:00,1.34,0.87,0.09,0.37,7.0,2.61,0.0,0.53,0.0,0.38,0.0,0.4,0.0,1.52
2025-08-18 08:00:00+00:00,2.12,3.01,0.1,0.47,8.66,1.47,0.0,0.44,0.0,0.31,0.0,0.41,0.0,1.4
2025-08-18 09:00:00+00:00,3.05,3.22,0.34,0.44,9.95,3.73,0.0,0.48,0.0,0.33,0.0,0.39,0.0,1.24
2025-08-18 10:00:00+00:00,3.65,3.22,0.65,0.4,10.77,3.96,0.0,0.43,0.0,0.35,0.0,0.39,0.0,1.16
2025-08-18 11:00:00+00:00,3.83,2.68,0.86,0.42,10.62,3.96,0.0,0.32,0.0,0.32,0.0,0.38,0.0,1.31
2025-08-18 12:00:00+00:00,3.64,1.41,0.97,0.43,10.03,3.79,0.0,0.38,0.0,0.36,0.0,0.38,0.0,1.35
2025-08-18 13:00:00+00:00,3.16,1.36,0.97,0.42,9.41,3.84,0.0,0.48,0.0,0.32,0.0,0.4,0.0,1.15
2025-08-18 14:00:00+00:00,2.44,1.23,0.87,0.42,7.93,3.52,0.0,0.46,0.0,0.34,0.0,0.38,0.0,0.81
2025-08-18 15:00:00+00:00,1.32,0.91,0.68,0.42,6.02,2.07,0.0,0.38,0.0,0.36,0.0,0.39,0.0,0.52
2025-08-18 16:00:00+00:00,0.4,0.61,0.41,0.4,3.76,1.63,0.0,0.25,0.0,0.32,0.0,0.43,0.0,0.46
2025-08-18 17:00:00+00:00,0.12,0.51,0.11,0.35,0.76,1.73,0.0,0.18,0.0,0.36,0.0,1.1,0.0,1.11
2025-08-18 18:00:00+00:00,0.08,0.4,0.0,0.27,0.07,2.21,0.0,0.16,0.0,1.51,0.0,0.43,0.0,1.2
2025-08-18 19:00:00+00:00,0.0,0.42,0.0,0.28,0.0,2.63,0.0,0.16,0.0,0.47,0.0,0.42,0.0,1.24
2025-08-18 20:00:00+00:00,0.0,0.37,0.0,0.26,0.0,1.6,0.0,0.16,0.0,0.41,0.0,0.41,0.0,1.2
2025-08-18 21:00:00+00:00,0.0,0.34,0.0,0.2,0.0,1.42,0.0,0.16,0.0,0.38,0.0,0.15,0.0,1.28
2025-08-18 22:00:00+00:00,0.0,0.36,0.0,0.2,0.0,1.29,0.0,0.16,0.0,0.4,0.0,0.24,0.0,1.29
2025-08-18 23:00:00+00:00,0.0,0.35,0.0,0.2,0.0,1.29,0.0,0.16,0.0,0.35,0.0,0.42,0.0,1.32
2025-08-19 00:00:00+00:00,0.0,0.35,0.0,0.2,0.0,1.35,0.0,0.15,0.0,0.39,0.0,0.41,0.0,1.29
2025-08-19 01:00:00+00:00,0.0,0.35,0.0,0.2,0.0,3.83,0.0,0.15,0.0,0.32,0.0,0.39,0.0,1.33
2025-08-19 02:00:00+00:00,0.0,0.36,0.0,0.2,0.0,1.28,0.0,0.15,0.0,0.27,0.0,0.4,0.0,1.3
2025-08-19 03:00:00+00:00,0.0,0.33,0.0,0.19,0.0,1.26,0.0,0.15,0.0,0.26,0.0,0.39,0.0,1.34
2025-08-19 04:00:00+00:00,0.04,0.31,0.0,0.2,0.06,1.34,0.0,0.13,0.0,0.24,0.0,0.36,0.0,1.31
2025-08-19 05:00:00+00:00,0.05,0.2,0.02,0.21,1.02,1.42,0.0,0.16,0.0,0.28,0.0,0.38,0.0,1.36
2025-08-19 06:00:00+00:00,0.25,0.3,0.07,0.28,3.67,1.99,0.0,0.25,0.0,0.23,0.0,0.53,0.0,1.32
2025-08-19 07:00:00+00:00,1.22,1.63,0.1,0.36,6.82,3.86,0.0,0.54,0.0,0.25,0.0,0.56,0.0,1.33
2025-08-19 08:00:00+00:00,2.22,3.14,0.12,0.37,8.54,1.53,0.0,0.49,0.0,0.21,0.0,0.46,0.0,1.26
2025-08-19 09:00:00+00:00,2.74,3.19,0.34,0.42,9.16,1.57,0.0,0.46,0.0,0.27,0.0,0.44,0.0,1.18
2025-08-19 10:00:00+00:00,3.49,3.24,0.65,0.39,10.46,1.63,0.0,0.37,0.0,0.25,0.0,0.43,0.0,1.19
2025-08-19 11:00:00+00:00,3.6,1.81,0.86,0.41,10.39,2.44,0.0,0.45,0.0,0.25,0.0,0.43,0.0,1.28
2025-08-19 12:00:00+00:00,3.54,1.44,0.98,0.42,9.82,1.86,0.0,0.63,0.0,0.27,0.0,0.42,0.0,1.24
2025-08-19 13:00:00+00:00,3.1,1.4,0.97,0.39,9.11,1.33,0.0,0.72,0.0,0.24,0.0,0.43,0.0,0.97
2025-08-19 14:00:00+00:00,2.06,1.13,0.8,0.42,7.36,1.27,0.0,0.75,0.0,0.28,0.0,0.44,0.0,0.71
2025-08-19 15:00:00+00:00,1.11,0.89,0.59,0.38,5.41,1.21,0.0,0.57,0.0,0.24,0.0,0.44,0.0,0.6
2025-08-19 16:00:00+00:00,0.3,0.56,0.27,0.36,2.91,2.93,0.0,0.25,0.0,0.57,0.0,1.03,0.0,0.77
2025-08-19 17:00:00+00:00,0.1,0.51,0.03,0.28,0.74,2.76,0.0,0.24,0.0,0.29,0.0,1.02,0.0,1.15
2025-08-19 18:00:00+00:00,0.07,0.44,0.0,0.21,0.07,1.92,0.0,0.12,0.0,0.24,0.0,0.64,0.0,1.2
2025-08-19 19:00:00+00:00,0.0,0.43,0.0,0.2,0.0,1.8,0.0,0.12,0.0,0.27,0.0,0.96,0.0,1.21
2025-08-19 20:00:00+00:00,0.0,0.4,0.0,0.2,0.0,1.64,0.0,0.12,0.0,0.37,0.0,1.27,0.0,1.2
2025-08-19 21:00:00+00:00,0.0,0.37,0.0,0.2,0.0,1.34,0.0,0.12,0.0,0.38,0.0,0.47,0.0,1.21
2025-08-19 22:00:00+00:00,0.0,0.38,0.0,0.2,0.0,2.64,0.0,0.14,0.0,0.36,0.0,0.28,0.0,1.19
2025-08-19 23:00:00+00:00,0.0,0.38,0.0,0.2,0.0,1.9,0.0,0.12,0.0,0.4,0.0,0.43,0.0,1.21
2025-08-20 00:00:00+00:00,0.0,0.36,0.0,0.2,0.0,1.28,0.0,0.12,0.0,0.35,0.0,0.42,0.0,1.23
2025-08-20 01:00:00+00:00,0.0,0.37,0.0,0.2,0.0,1.31,0.0,0.12,0.0,0.39,0.0,0.42,0.0,1.29
2025-08-20 02:00:00+00:00,0.0,0.36,0.0,0.2,0.0,1.34,0.0,0.12,0.0,0.36,0.0,0.42,0.0,1.32
2025-08-20 03:00:00+00:00,0.0,0.35,0.0,0.2,0.0,3.48,0.0,0.12,0.0,0.37,0.0,0.42,0.0,1.35
2025-08-20 04:00:00+00:00,0.05,0.68,0.0,0.2,0.0,1.34,0.0,0.12,0.0,0.37,0.0,0.42,0.0,1.38
2025-08-20 05:00:00+00:00,0.15,2.73,0.0,0.2,0.35,1.41,0.0,0.11,0.0,0.36,0.0,0.49,0.0,1.48
2025-08-20 06:00:00+00:00,0.28,2.45,0.04,0.38,1.73,1.42,0.0,0.17,0.0,0.38,0.0,0.47,0.0,1.62
2025-08-20 07:00:00+00:00,0.18,2.38,0.04,0.27,1.27,1.39,0.0,0.26,0.0,0.36,0.0,0.39,0.0,1.64
2025-08-20 08:00:00+00:00,0.26,1.5,0.06,0.24,1.95,1.45,0.0,0.34,0.0,0.35,0.0,0.39,0.0,2.21
2025-08-20 09:00:00+00:00,0.59,0.63,0.14,0.26,3.17,3.47,0.0,0.31,0.0,0.25,0.0,0.39,0.0,1.65
2025-08-20 10:00:00+00:00,0.77,0.74,0.14,0.32,3.8,1.91,0.0,0.37,0.0,0.23,0.0,0.38,0.0,1.88
2025-08-20 11:00:00+00:00,1.08,0.85,0.21,0.35,4.44,1.53,0.0,0.49,0.0,0.21,0.0,0.39,0.0,1.5
2025-08-20 12:00:00+00:00,1.74,0.97,0.4,0.29,5.98,1.54,0.0,0.54,0.0,0.21,0.0,0.38,0.0,1.29
2025-08-20 13:00:00+00:00,2.11,1.05,0.64,0.39,7.21,1.66,0.0,0.33,0.0,0.2,0.0,0.39,0.0,1.17
2025-08-20 14:00:00+00:00,0.86,0.79,0.24,0.29,4.29,3.47,0.0,0.42,0.0,0.2,0.0,0.37,0.0,1.1
2025-08-20 15:00:00+00:00,0.25,0.32,0.09,0.28,2.37,1.51,0.0,0.49,0.0,0.75,0.0,0.38,0.0,1.15
2025-08-20 16:00:00+00:00,0.05,0.23,0.0,0.24,0.71,1.66,0.0,0.44,0.0,0.72,0.0,0.54,0.0,1.3
2025-08-20 17:00:00+00:00,0.06,0.3,0.0,0.24,0.34,1.74,0.0,0.23,0.0,0.23,0.0,0.97,0.0,1.44
2025-08-20 18:00:00+00:00,0.05,0.39,0.0,0.29,0.0,2.23,0.0,0.24,0.0,0.25,0.0,1.16,0.0,1.55
2025-08-20 19:00:00+00:00,0.0,0.38,0.0,0.28,0.0,3.37,0.0,0.13,0.0,0.35,0.0,0.57,0.0,1.54
2025-08-20 20:00:00+00:00,0.0,0.33,0.0,0.25,0.0,1.42,0.0,0.15,0.0,0.52,0.0,0.53,0.0,1.56
2025-08-20 21:00:00+00:00,0.0,0.33,0.0,0.22,0.0,1.31,0.0,0.13,0.0,0.38,0.0,0.41,0.0,1.56
2025-08-20 22:00:00+00:00,0.0,0.33,0.0,0.23,0.0,1.28,0.0,0.12,0.0,0.23,0.0,0.45,0.0,1.59
2025-08-20 23:00:00+00:00,0.0,0.34,0.0,0.24,0.0,2.63,0.0,0.12,0.0,0.24,0.0,0.44,0.0,1.62
2025-08-21 00:00:00+00:00,0.0,0.34,0.0,0.24,0.0,1.92,0.0,0.12,0.0,0.24,0.0,0.44,0.0,1.64
2025-08-21 01:00:00+00:00,0.0,0.33,0.0,0.22,0.0,1.29,0.0,0.1,0.0,0.22,0.0,0.44,0.0,1.61
2025-08-21 02:00:00+00:00,0.0,0.33,0.0,0.22,0.0,1.27,0.0,0.06,0.0,0.25,0.0,0.48,0.0,1.64
2025-08-21 03:00:00+00:00,0.0,0.33,0.0,0.22,0.0,1.28,0.0,0.14,0.0,0.21,0.0,0.46,0.0,1.62
2025-08-21 04:00:00+00:00,0.03,0.31,0.0,0.24,0.0,4.09,0.0,0.18,0.0,0.26,0.0,0.46,0.0,1.64
2025-08-21 05:00:00+00:00,0.06,0.27,0.0,0.24,0.2,1.43,0.0,0.18,0.0,0.22,0.0,0.47,0.0,1.64
2025-08-21 06:00:00+00:00,0.05,0.19,0.02,0.48,0.71,1.46,0.0,0.27,0.0,0.23,0.0,0.57,0.0,1.89
2025-08-21 07:00:00+00:00,0.39,0.36,0.09,0.46,2.34,1.39,0.0,0.52,0.0,0.2,0.0,0.44,0.0,1.78
2025-08-21 08:00:00+00:00,0.84,0.74,0.17,0.33,4.12,1.4,0.0,0.58,0.0,0.2,0.0,0.43,0.0,1.63
2025-08-21 09:00:00+00:00,0.41,0.5,0.11,0.31,2.73,3.18,0.0,0.66,0.0,0.22,0.0,0.79,0.0,1.58
2025-08-21 10:00:00+00:00,0.27,0.41,0.09,0.31,2.36,3.25,0.0,0.5,0.0,0.19,0.0,0.41,0.0,1.54
2025-08-21 11:00:00+00:00,0.66,0.53,0.13,0.39,3.35,1.86,0.0,0.67,0.0,0.27,0.0,0.4,0.0,1.45
2025-08-21 12:00:00+00:00,0.29,0.35,0.1,0.35,2.42,1.5,0.0,0.5,0.0,0.21,0.0,0.42,0.0,1.45
2025-08-21 13:00:00+00:00,0.06,0.15,0.03,0.35,1.15,1.41,0.0,0.4,0.0,0.33,0.0,0.43,0.0,1.53
2025-08-21 14:00:00+00:00,0.05,0.19,0.01,0.36,0.7,1.71,0.0,0.41,0.0,0.33,0.0,0.43,0.0,1.5
2025-08-21 15:00:00+00:00,0.06,0.24,0.0,0.33,0.54,4.74,0.0,0.55,0.0,0.35,0.0,0.81,0.0,1.52
2025-08-21 16:00:00+00:00,0.06,0.28,0.0,0.26,0.38,1.99,0.0,0.37,0.0,0.29,0.0,1.28,0.0,1.49
2025-08-21 17:00:00+00:00,0.07,0.34,0.0,0.26,0.05,1.77,0.0,0.07,0.0,0.25,0.0,0.71,0.0,1.51
2025-08-21 18:00:00+00:00,0.06,0.38,0.0,0.26,0.0,1.61,0.0,0.07,0.0,0.29,0.0,0.68,0.0,1.47
2025-08-21 19:00:00+00:00,0.0,0.36,0.0,0.23,0.0,1.45,0.0,0.07,0.0,0.24,0.0,0.64,0.0,1.49
2025-08-21 20:00:00+00:00,0.0,0.31,0.0,0.23,0.0,1.71,0.0,0.07,0.0,0.22,0.0,0.5,0.0,1.45
2025-08-21 21:00:00+00:00,0.0,0.33,0.0,0.21,0.0,3.99,0.0,0.06,0.0,0.16,0.0,0.18,0.0,1.5
2025-08-21 22:00:00+00:00,0.0,0.3,0.0,0.21,0.0,1.05,0.0,0.06,0.0,0.14,0.0,0.1,0.0,1.44
2025-08-21 23:00:00+00:00,0.0,0.33,0.0,0.21,0.0,1.28,0.0,0.06,0.0,0.2,0.0,0.31,0.0,1.5
2025-08-22 00:00:00+00:00,0.0,0.31,0.0,0.2,0.0,1.03,0.0,0.07,0.0,0.13,0.0,0.38,0.0,1.45
2025-08-22 01:00:00+00:00,0.0,0.32,0.0,0.2,0.0,1.27,0.0,0.06,0.0,0.17,0.0,0.37,0.0,1.51
2025-08-22 02:00:00+00:00,0.0,0.31,0.0,0.2,0.0,2.81,0.0,0.07,0.0,0.12,0.0,0.36,0.0,1.46
2025-08-22 03:00:00+00:00,0.0,0.33,0.0,0.2,0.0,2.2,0.0,0.13,0.0,0.15,0.0,0.37,0.0,1.53
2025-08-22 04:00:00+00:00,0.03,0.31,0.0,0.22,0.02,0.96,0.0,0.19,0.0,0.17,0.0,0.38,0.0,1.46
2025-08-22 05:00:00+00:00,0.06,0.23,0.0,0.22,0.4,1.56,0.0,0.18,0.0,0.16,0.0,0.38,0.0,1.95
2025-08-22 06:00:00+00:00,0.14,0.21,0.06,0.28,2.17,1.47,0.0,0.38,0.0,0.17,0.0,0.43,0.0,1.74
2025-08-22 07:00:00+00:00,0.86,0.56,0.14,0.29,4.79,1.35,0.0,0.47,0.0,0.12,0.0,0.43,0.0,1.63
2025-08-22 08:00:00+00:00,1.32,0.84,0.18,0.37,5.82,4.24,0.0,0.4,0.0,0.16,0.0,0.43,0.0,1.43
2025-08-22 09:00:00+00:00,1.56,0.87,0.26,0.32,6.12,1.41,0.0,0.41,0.0,0.13,0.0,0.41,0.0,1.48
2025-08-22 10:00:00+00:00,2.88,1.17,0.61,0.45,9.99,1.52,0.0,0.42,0.0,0.14,0.0,0.42,0.0,1.33
2025-08-22 11:00:00+00:00,2.57,1.0,0.59,0.53,8.02,1.57,0.0,0.52,0.0,0.15,0.0,0.43,0.0,1.24
2025-08-22 12:00:00+00:00,2.15,0.8,0.59,0.51,7.15,1.51,0.0,0.59,0.0,0.13,0.0,0.43,0.0,1.17
2025-08-22 13:00:00+00:00,2.8,0.98,0.89,0.43,8.57,1.89,0.0,0.62,0.0,0.16,0.0,0.47,0.0,1.07
2025-08-22 14:00:00+00:00,1.93,0.83,0.69,0.37,6.68,4.04,0.0,0.61,0.0,0.12,0.0,0.53,0.0,0.84
2025-08-22 15:00:00+00:00,1.08,0.64,0.49,0.26,4.8,1.51,0.0,0.51,0.0,0.26,0.0,0.53,0.0,0.78
2025-08-22 16:00:00+00:00,0.19,0.24,0.2,0.28,2.25,1.36,0.0,0.36,0.0,0.74,0.0,0.46,0.0,0.91
2025-08-22 17:00:00+00:00,0.07,0.29,0.0,0.24,0.36,1.7,0.0,0.13,0.0,0.97,0.0,0.58,0.0,1.21
2025-08-22 18:00:00+00:00,0.06,0.38,0.0,0.23,0.0,1.79,0.0,0.13,0.0,0.29,0.0,0.48,0.0,1.26
2025-08-22 19:00:00+00:00,0.0,0.35,0.0,0.21,0.0,2.6,0.0,0.13,0.0,0.25,0.0,1.1,0.0,1.28
2025-08-22 20:00:00+00:00,0.0,0.33,0.0,0.22,0.0,3.42,0.0,0.13,0.0,0.31,0.0,0.31,0.0,1.27
2025-08-22 21:00:00+00:00,0.0,0.34,0.0,0.2,0.0,1.41,0.0,0.13,0.0,0.2,0.0,0.2,0.0,1.28
2025-08-22 22:00:00+00:00,0.0,0.33,0.0,0.2,0.0,1.25,0.0,0.13,0.0,0.2,0.0,0.39,0.0,1.25
2025-08-22 23:00:00+00:00,0.0,0.34,0.0,0.2,0.0,1.25,0.0,0.12,0.0,0.16,0.0,0.43,0.0,1.26
2025-08-23 00:00:00+00:00,0.0,0.33,0.0,0.2,0.0,1.24,0.0,0.12,0.0,0.17,0.0,0.42,0.0,1.27
2025-08-23 01:00:00+00:00,0.0,0.33,0.0,0.2,0.0,2.8,0.0,0.11,0.0,0.17,0.0,0.42,0.0,1.29
2025-08-23 02:00:00+00:00,0.0,0.31,0.0,0.19,0.0,2.53,0.0,0.1,0.0,0.16,0.0,0.41,0.0,1.28
2025-08-23 03:00:00+00:00,0.0,0.33,0.0,0.2,0.0,1.24,0.0,0.06,0.0,0.19,0.0,0.37,0.0,1.26
2025-08-23 04:00:00+00:00,0.03,0.32,0.0,0.2,0.02,1.04,0.0,0.06,0.0,0.15,0.0,0.37,0.0,1.24
2025-08-23 05:00:00+00:00,0.05,0.18,0.0,0.2,0.54,1.21,0.0,0.06,0.0,0.18,0.0,0.37,0.0,1.24
2025-08-23 06:00:00+00:00,0.37,0.36,0.08,0.2,3.24,1.71,0.0,0.08,0.0,0.16,0.0,0.42,0.0,1.19
2025-08-23 07:00:00+00:00,0.79,0.62,0.15,0.19,4.04,3.87,0.0,0.06,0.0,0.16,0.0,0.61,0.0,1.14
2025-08-23 08:00:00+00:00,1.49,0.98,0.24,0.3,6.26,1.68,0.0,0.06,0.0,0.23,0.0,0.49,0.0,1.09
2025-08-23 09:00:00+00:00,1.5,0.97,0.27,0.29,5.72,1.46,0.0,0.09,0.0,0.4,0.0,0.47,0.0,1.08
2025-08-23 10:00:00+00:00,2.21,1.09,0.38,0.31,7.17,1.37,0.0,0.12,0.0,0.25,0.0,0.67,0.0,1.01
2025-08-23 11:00:00+00:00,1.77,0.9,0.38,0.37,6.45,1.36,0.0,0.12,0.0,0.18,0.0,1.25,0.0,1.04
2025-08-23 12:00:00+00:00,2.5,1.0,0.62,0.37,8.01,1.38,0.0,0.13,0.0,0.17,0.0,0.55,0.0,0.98
2025-08-23 13:00:00+00:00,2.06,0.89,0.58,0.35,6.45,4.14,0.0,0.13,0.0,0.18,0.0,0.48,0.0,0.96
2025-08-23 14:00:00+00:00,1.4,0.68,0.53,0.2,5.19,1.45,0.0,0.13,0.0,0.18,0.0,0.52,0.0,0.86
2025-08-23 15:00:00+00:00,0.44,0.39,0.23,0.21,2.82,1.5,0.0,0.13,0.0,0.2,0.0,0.42,0.0,1.03
2025-08-23 16:00:00+00:00,0.44,0.41,0.39,0.24,3.34,1.63,0.0,0.13,0.0,0.15,0.0,0.4,0.0,0.64
2025-08-23 17:00:00+00:00,0.06,0.22,0.07,0.3,0.63,1.6,0.0,0.13,0.0,0.14,0.0,1.06,0.0,1.19
2025-08-23 18:00:00+00:00,0.06,0.36,0.0,0.23,0.02,1.35,0.0,0.13,0.0,0.21,0.0,0.42,0.0,1.2
2025-08-23 19:00:00+00:00,0.0,0.36,0.0,0.2,0.0,4.24,0.0,0.13,0.0,0.15,0.0,0.63,0.0,1.25
2025-08-23 20:00:00+00:00,0.0,0.33,0.0,0.2,0.0,1.53,0.0,0.12,0.0,0.17,0.0,0.53,0.0,1.19
2025-08-23 21:00:00+00:00,0.0,0.33,0.0,0.19,0.0,1.34,0.0,0.12,0.0,0.13,0.0,0.39,0.0,1.25
2025-08-23 22:00:00+00:00,0.0,0.33,0.0,0.2,0.0,1.25,0.0,0.09,0.0,0.23,0.0,0.2,0.0,1.19
2025-08-23 23:00:00+00:00,0.0,0.33,0.0,0.2,0.0,1.25,0.0,0.05,0.0,0.22,0.0,0.25,0.0,1.24
2025-08-24 00:00:00+00:00,0.0,0.32,0.0,0.2,0.0,1.54,0.0,0.06,0.0,0.14,0.0,0.36,0.0,1.18
2025-08-24 01:00:00+00:00,0.0,0.32,0.0,0.19,0.0,3.5,0.0,0.06,0.0,0.17,0.0,0.36,0.0,1.23
2025-08-24 02:00:00+00:00,0.0,0.33,0.0,0.19,0.0,0.88,0.0,0.06,0.0,0.12,0.0,0.36,0.0,1.17
2025-08-24 03:00:00+00:00,0.0,0.3,0.0,0.19,0.0,0.88,0.0,0.06,0.0,0.15,0.0,0.36,0.0,1.22
2025-08-24 04:00:00+00:00,0.04,0.3,0.0,0.2,0.06,1.04,0.0,0.06,0.0,0.13,0.0,0.36,0.0,1.19
2025-08-24 05:00:00+00:00,0.04,0.15,0.02,0.2,1.21,1.33,0.0,0.06,0.0,0.13,0.0,0.36,0.0,1.2
2025-08-24 06:00:00+00:00,0.36,0.36,0.08,0.22,4.69,3.16,0.0,0.05,0.0,0.16,0.0,0.36,0.0,1.15
2025-08-24 07:00:00+00:00,1.35,0.76,0.1,0.28,7.07,2.41,0.0,0.06,0.0,0.12,0.0,0.4,0.0,1.16
2025-08-24 08:00:00+00:00,2.25,1.1,0.1,0.28,8.68,1.47,0.0,0.06,0.0,0.18,0.0,0.41,0.0,1.12
2025-08-24 09:00:00+00:00,2.87,1.24,0.41,0.35,10.01,1.57,0.0,0.06,0.0,0.19,0.0,0.42,0.0,1.11
2025-08-24 10:00:00+00:00,3.97,1.39,0.78,0.36,11.93,1.52,0.0,0.11,0.0,0.2,0.0,0.41,0.0,1.05
2025-08-24 11:00:00+00:00,3.0,0.98,0.74,0.37,9.03,1.51,0.0,0.15,0.0,0.18,0.0,0.41,0.0,1.06
2025-08-24 12:00:00+00:00,1.62,0.73,0.46,0.35,5.84,4.22,0.0,0.12,0.0,0.13,0.0,0.41,0.0,1.06
2025-08-24 13:00:00+00:00,2.67,0.92,0.78,0.37,8.02,1.42,0.0,0.13,0.0,0.44,0.0,0.42,0.0,0.94
2025-08-24 14:00:00+00:00,1.86,0.78,0.7,0.23,6.21,1.39,0.0,0.13,0.0,0.13,0.0,0.4,0.0,0.83
2025-08-24 15:00:00+00:00,0.95,0.57,0.52,0.19,4.44,1.39,0.0,0.12,0.0,0.15,0.0,0.4,0.0,0.71
2025-08-24 16:00:00+00:00,0.29,0.34,0.42,0.2,3.02,1.41,0.0,0.13,0.0,0.13,0.0,1.03,0.0,0.63
2025-08-24 17:00:00+00:00,0.06,0.24,0.06,0.2,0.53,1.47,0.0,0.13,0.0,0.15,0.0,0.43,0.0,1.2
2025-08-24 18:00:00+00:00,0.07,0.35,0.0,0.2,0.01,4.23,0.0,0.13,0.0,0.16,0.0,0.42,0.0,1.24
2025-08-24 19:00:00+00:00,0.0,0.38,0.0,0.2,0.0,1.4,0.0,0.12,0.0,0.18,0.0,0.53,0.0,1.22
2025-08-24 20:00:00+00:00,0.0,0.34,0.0,0.2,0.0,1.59,0.0,0.12,0.0,0.14,0.0,0.41,0.0,1.24
2025-08-24 21:00:00+00:00,0.0,0.33,0.0,0.19,0.0,1.38,0.0,0.12,0.0,0.15,0.0,0.37,0.0,1.22
2025-08-24 22:00:00+00:00,0.0,0.32,0.0,0.19,0.0,1.1,0.0,0.07,0.0,0.17,0.0,0.31,0.0,1.24
2025-08-24 23:00:00+00:00,0.0,0.31,0.0,0.19,0.0,0.97,0.0,0.06,0.0,0.18,0.0,0.32,0.0,1.21
2025-08-25 00:00:00+00:00,0.0,0.32,0.0,0.2,0.0,3.88,0.0,0.06,0.0,0.17,0.0,0.32,0.0,1.23
2025-08-25 01:00:00+00:00,0.0,0.32,0.0,0.19,0.0,0.98,0.0,0.06,0.0,0.21,0.0,0.32,0.0,1.21
2025-08-25 02:00:00+00:00,0.0,0.3,0.0,0.19,0.0,0.98,0.0,0.2,0.0,0.2,0.0,0.32,0.0,1.22
2025-08-25 03:00:00+00:00,0.0,0.32,0.0,0.19,0.0,1.05,0.0,0.2,0.0,0.18,0.0,0.31,0.0,1.24
2025-08-25 04:00:00+00:00,0.03,0.29,0.0,0.2,0.07,1.07,0.0,0.19,0.0,0.16,0.0,0.32,0.0,1.26
2025-08-25 05:00:00+00:00,0.05,0.18,0.02,0.42,1.57,1.81,0.0,0.19,0.0,0.16,0.0,0.31,0.0,1.93
2025-08-25 06:00:00+00:00,0.34,0.35,0.08,0.29,4.86,4.26,0.0,0.46,0.0,0.17,0.0,0.47,0.0,1.85
2025-08-25 07:00:00+00:00,1.32,1.22,0.09,0.44,7.35,1.54,0.0,0.39,0.0,0.16,0.0,0.43,0.0,2.57
2025-08-25 08:00:00+00:00,2.24,3.1,0.1,0.41,8.6,4.97,0.0,0.54,0.0,0.23,0.0,0.42,0.0,2.46
2025-08-25 09:00:00+00:00,2.82,3.17,0.42,0.43,9.69,1.44,0.0,0.61,0.0,0.15,0.0,0.42,0.0,1.97
2025-08-25 10:00:00+00:00,3.35,2.21,0.69,0.52,10.43,1.46,0.0,0.6,0.0,0.18,0.0,0.42,0.0,1.72
2025-08-25 11:00:00+00:00,3.61,1.41,0.92,0.64,10.52,1.57,0.0,0.6,0.0,0.16,0.0,0.42,0.0,1.28
2025-08-25 12:00:00+00:00,3.57,1.36,1.04,0.51,9.99,1.6,0.0,0.59,0.0,0.23,0.0,0.42,0.0,1.23
2025-08-25 13:00:00+00:00,3.09,1.33,1.03,0.5,9.21,2.89,0.0,0.62,0.0,0.24,0.0,0.41,0.0,1.11
2025-08-25 14:00:00+00:00,2.3,1.17,0.93,0.43,7.73,2.31,0.0,0.64,0.0,0.18,0.0,0.42,0.0,0.74
2025-08-25 15:00:00+00:00,1.22,0.91,0.73,0.45,5.71,1.55,0.0,0.34,0.0,0.21,0.0,0.45,0.0,0.5
2025-08-25 16:00:00+00:00,0.29,0.55,0.37,0.4,2.71,1.53,0.0,0.33,0.0,0.54,0.0,1.11,0.0,0.68
2025-08-25 17:00:00+00:00,0.1,0.53,0.02,0.54,0.41,1.7,0.0,0.19,0.0,0.24,0.0,0.51,0.0,1.21
2025-08-25 18:00:00+00:00,0.06,0.39,0.0,0.29,0.02,1.82,0.0,0.18,0.0,0.24,0.0,0.51,0.0,1.25
2025-08-25 19:00:00+00:00,0.0,0.39,0.0,0.26,0.0,1.48,0.0,0.18,0.0,0.28,0.0,0.58,0.0,1.25
2025-08-25 20:00:00+00:00,0.0,0.34,0.0,0.35,0.0,4.67,0.0,0.18,0.0,0.21,0.0,0.46,0.0,1.24
2025-08-25 21:00:00+00:00,0.0,0.33,0.0,0.21,0.0,1.44,0.0,0.18,0.0,0.21,0.0,0.22,0.0,1.25
2025-08-25 22:00:00+00:00,0.0,0.33,0.0,0.21,0.0,1.24,0.0,0.18,0.0,0.21,0.0,0.28,0.0,1.23
2025-08-25 23:00:00+00:00,0.0,0.33,0.0,0.21,0.0,1.25,0.0,0.13,0.0,0.2,0.0,0.39,0.0,1.24
2025-08-26 00:00:00+00:00,0.0,0.33,0.0,0.2,0.0,1.24,0.0,0.12,0.0,0.22,0.0,0.39,0.0,1.22
2025-08-26 01:00:00+00:00,0.0,0.33,0.0,0.2,0.0,1.24,0.0,0.11,0.0,0.21,0.0,0.35,0.0,1.24
2025-08-26 02:00:00+00:00,0.0,0.33,0.0,0.2,0.0,2.76,0.0,0.11,0.0,0.22,0.0,0.33,0.0,1.22
2025-08-26 03:00:00+00:00,0.0,0.33,0.0,0.21,0.0,2.3,0.0,0.2,0.0,0.19,0.0,0.31,0.0,1.23
2025-08-26 04:00:00+00:00,0.03,0.3,0.0,0.22,0.06,1.05,0.0,0.25,0.0,0.23,0.0,0.31,0.0,1.22
2025-08-26 05:00:00+00:00,0.04,0.16,0.02,0.38,1.32,1.38,0.0,0.33,0.0,0.22,0.0,0.36,0.0,2.22
2025-08-26 06:00:00+00:00,0.33,0.34,0.07,0.31,4.75,1.38,0.0,0.41,0.0,0.19,0.0,0.45,0.0,1.4
2025-08-26 07:00:00+00:00,1.24,0.84,0.08,0.43,7.03,1.37,0.0,0.57,0.0,0.12,0.0,0.38,0.0,1.34
2025-08-26 08:00:00+00:00,2.09,1.12,0.09,0.48,8.56,3.6,0.0,0.71,0.0,0.16,0.0,0.38,0.0,1.65
2025-08-26 09:00:00+00:00,2.78,1.17,0.41,0.49,9.79,2.18,0.0,0.78,0.0,0.13,0.0,0.38,0.0,2.01
2025-08-26 10:00:00+00:00,3.32,1.15,0.69,0.51,10.5,1.7,0.0,0.52,0.0,0.16,0.0,0.41,0.0,1.37
2025-08-26 11:00:00+00:00,3.56,1.19,0.91,0.51,10.3,1.43,0.0,0.68,0.0,0.21,0.0,0.37,0.0,1.32
2025-08-26 12:00:00+00:00,3.4,1.16,1.01,0.47,9.63,1.48,0.0,0.71,0.0,0.2,0.0,0.37,0.0,1.51
2025-08-26 13:00:00+00:00,2.67,1.1,0.93,0.45,8.45,1.5,0.0,0.74,0.0,0.21,0.0,0.38,0.0,1.21
2025-08-26 14:00:00+00:00,2.0,0.96,0.84,0.32,7.22,3.58,0.0,0.78,0.0,0.19,0.0,0.4,0.0,0.84
2025-08-26 15:00:00+00:00,0.78,0.63,0.46,0.33,4.29,2.35,0.0,0.6,0.0,0.22,0.0,0.4,0.0,0.84
2025-08-26 16:00:00+00:00,0.12,0.25,0.12,0.27,1.69,1.8,0.0,0.6,0.0,0.18,0.0,0.84,0.0,1.1
2025-08-26 17:00:00+00:00,0.06,0.31,0.01,0.23,0.53,1.87,0.0,0.17,0.0,0.22,0.0,0.62,0.0,1.26
2025-08-26 18:00:00+00:00,0.06,0.39,0.0,0.24,0.0,1.8,0.0,0.12,0.0,0.19,0.0,0.54,0.0,1.24
2025-08-26 19:00:00+00:00,0.0,0.41,0.0,0.22,0.0,1.85,0.0,0.13,0.0,0.21,0.0,0.84,0.0,1.27
2025-08-26 20:00:00+00:00,0.0,0.36,0.0,0.23,0.0,2.7,0.0,0.13,0.0,0.2,0.0,0.65,0.0,1.23
2025-08-26 21:00:00+00:00,0.0,0.35,0.0,0.22,0.0,2.91,0.0,0.13,0.0,0.23,0.0,0.21,0.0,1.3
2025-08-26 22:00:00+00:00,0.0,0.36,0.0,0.22,0.0,1.24,0.0,0.13,0.0,0.25,0.0,0.17,0.0,1.28
2025-08-26 23:00:00+00:00,0.0,0.33,0.0,0.22,0.0,1.26,0.0,0.13,0.0,0.23,0.0,0.38,0.0,1.35
2025-08-27 00:00:00+00:00,0.0,0.33,0.0,0.22,0.0,1.24,0.0,0.12,0.0,0.24,0.0,0.39,0.0,1.34
2025-08-27 01:00:00+00:00,0.0,0.37,0.0,0.22,0.0,1.26,0.0,0.12,0.0,0.24,0.0,0.4,0.0,1.4
2025-08-27 02:00:00+00:00,0.0,0.33,0.0,0.22,0.0,1.72,0.0,0.11,0.0,0.29,0.0,0.42,0.0,1.38
2025-08-27 03:00:00+00:00,0.0,0.34,0.0,0.22,0.0,3.64,0.0,0.19,0.0,0.21,0.0,0.43,0.0,1.44
2025-08-27 04:00:00+00:00,0.03,0.33,0.0,0.23,0.0,1.36,0.0,0.2,0.0,0.25,0.0,0.44,0.0,1.42
2025-08-27 05:00:00+00:00,0.08,0.29,0.02,0.28,0.84,1.6,0.0,0.2,0.0,0.21,0.0,0.43,0.0,1.95
2025-08-27 06:00:00+00:00,0.29,0.4,0.1,0.35,4.07,1.9,0.0,0.23,0.0,0.29,0.0,0.52,0.0,1.6
2025-08-27 07:00:00+00:00,0.87,0.73,0.13,0.58,5.75,1.4,0.0,0.39,0.0,0.24,0.0,0.47,0.0,1.56
2025-08-27 08:00:00+00:00,1.41,0.94,0.18,0.57,6.3,1.93,0.0,0.4,0.0,0.26,0.0,0.44,0.0,1.32
2025-08-27 09:00:00+00:00,2.35,1.17,0.44,0.54,9.08,3.74,0.0,0.35,0.0,0.21,0.0,0.42,0.0,1.33
2025-08-27 10:00:00+00:00,3.11,1.36,0.69,0.53,10.34,1.62,0.0,0.3,0.0,0.24,0.0,0.41,0.0,1.24
2025-08-27 11:00:00+00:00,2.72,1.24,0.68,0.58,8.7,1.54,0.0,0.3,0.0,0.23,0.0,0.42,0.0,1.35
2025-08-27 12:00:00+00:00,2.75,1.21,0.8,0.61,8.51,1.48,0.0,0.37,0.0,0.23,0.0,0.43,0.0,1.37
2025-08-27 13:00:00+00:00,1.41,0.72,0.4,0.42,5.24,1.64,0.0,0.33,0.0,0.29,0.0,0.43,0.0,1.28
2025-08-27 14:00:00+00:00,0.92,0.56,0.29,0.36,3.93,1.67,0.0,0.27,0.0,0.29,0.0,0.43,0.0,1.14
2025-08-27 15:00:00+00:00,0.07,0.33,0.0,0.28,0.41,4.54,0.0,0.28,0.0,0.26,0.0,0.68,0.0,1.32
2025-08-27 16:00:00+00:00,0.08,0.25,0.05,0.25,0.9,1.89,0.0,0.28,0.0,0.79,0.0,1.76,0.0,1.24
2025-08-27 17:00:00+00:00,0.07,0.31,0.0,0.25,0.36,1.73,0.0,0.13,0.0,1.42,0.0,1.96,0.0,1.32
2025-08-27 18:00:00+00:00,0.05,0.39,0.0,0.27,0.0,1.9,0.0,0.12,0.0,1.35,0.0,1.27,0.0,1.37
2025-08-27 19:00:00+00:00,0.0,0.39,0.0,0.26,0.0,1.77,0.0,0.13,0.0,0.79,0.0,0.96,0.0,1.53
2025-08-27 20:00:00+00:00,0.0,0.33,0.0,0.27,0.0,1.49,0.0,0.13,0.0,0.49,0.0,0.64,0.0,1.53
2025-08-27 21:00:00+00:00,0.0,0.37,0.0,0.26,0.0,3.48,0.0,0.13,0.0,0.45,0.0,0.5,0.0,1.57
2025-08-27 22:00:00+00:00,0.0,0.33,0.0,0.26,0.0,1.92,0.0,0.12,0.0,0.49,0.0,0.43,0.0,1.54
2025-08-27 23:00:00+00:00,0.0,0.34,0.0,0.26,0.0,1.25,0.0,0.12,0.0,0.34,0.0,0.43,0.0,1.57
2025-08-28 00:00:00+00:00,0.0,0.35,0.0,0.26,0.0,1.25,0.0,0.11,0.0,0.24,0.0,0.44,0.0,1.54
2025-08-28 01:00:00+00:00,0.0,0.33,0.0,0.26,0.0,1.24,0.0,0.1,0.0,0.24,0.0,0.43,0.0,1.57
2025-08-28 02:00:00+00:00,0.0,0.33,0.0,0.3,0.0,1.25,0.0,0.06,0.0,0.25,0.0,0.43,0.0,1.53
2025-08-28 03:00:00+00:00,0.0,0.33,0.0,0.36,0.0,2.48,0.0,0.14,0.0,0.25,0.0,0.42,0.0,1.53
2025-08-28 04:00:00+00:00,0.02,0.4,0.0,0.31,0.0,2.83,0.0,0.18,0.0,0.24,0.0,0.42,0.0,1.97
2025-08-28 05:00:00+00:00,0.12,0.65,0.0,0.26,0.07,1.37,0.0,0.31,0.0,0.26,0.0,0.43,0.0,2.59
2025-08-28 06:00:00+00:00,0.11,0.6,0.0,0.32,0.31,1.43,0.0,0.34,0.0,0.23,0.0,0.52,0.0,2.43
2025-08-28 07:00:00+00:00,0.13,0.42,0.02,0.44,1.17,1.35,0.0,0.33,0.0,0.26,0.0,0.54,0.0,2.3
2025-08-28 08:00:00+00:00,0.13,0.42,0.03,0.48,1.18,1.38,0.0,0.52,0.0,0.3,0.0,0.43,0.0,2.23
2025-08-28 09:00:00+00:00,0.21,0.39,0.06,0.58,1.94,2.37,0.0,0.59,0.0,1.05,0.0,0.43,0.0,2.21
2025-08-28 10:00:00+00:00,0.27,0.43,0.08,0.57,2.35,3.69,0.0,0.51,0.0,0.21,0.0,0.43,0.0,2.26
2025-08-28 11:00:00+00:00,0.4,0.41,0.11,0.6,2.82,1.54,0.0,0.43,0.0,0.27,0.0,0.43,0.0,2.2
2025-08-28 12:00:00+00:00,0.44,0.41,0.1,0.59,2.77,1.53,0.0,0.5,0.0,0.3,0.0,0.43,0.0,2.16
2025-08-28 13:00:00+00:00,0.08,0.16,0.05,0.53,1.52,1.76,0.0,0.58,0.0,0.34,0.0,0.42,0.0,1.86
2025-08-28 14:00:00+00:00,0.07,0.13,0.05,0.51,1.44,1.73,0.0,0.56,0.0,0.33,0.0,0.43,0.0,1.67
2025-08-28 15:00:00+00:00,0.1,0.18,0.05,0.54,1.41,3.04,0.0,0.49,0.0,0.33,0.0,0.48,0.0,1.62
2025-08-28 16:00:00+00:00,0.04,0.14,0.04,0.3,1.03,3.41,0.0,0.48,0.0,0.36,0.0,0.58,0.0,1.67
2025-08-28 17:00:00+00:00,0.06,0.27,0.01,0.23,0.39,1.96,0.0,0.39,0.0,0.36,0.0,0.51,0.0,1.61
2025-08-28 18:00:00+00:00,0.06,0.36,0.0,0.22,0.0,1.7,0.0,0.33,0.0,0.37,0.0,0.53,0.0,1.65
2025-08-28 19:00:00+00:00,0.0,0.36,0.0,0.21,0.0,1.78,0.0,0.14,0.0,0.31,0.0,1.24,0.0,1.62
2025-08-28 20:00:00+00:00,0.0,0.33,0.0,0.21,0.0,1.48,0.0,0.12,0.0,0.34,0.0,0.49,0.0,1.67
2025-08-28 21:00:00+00:00,0.0,0.33,0.0,0.2,0.0,2.72,0.0,0.12,0.0,0.36,0.0,0.45,0.0,1.64
2025-08-28 22:00:00+00:00,0.0,0.33,0.0,0.2,0.0,2.68,0.0,0.11,0.0,0.25,0.0,0.42,0.0,1.68
2025-08-28 23:00:00+00:00,0.0,0.32,0.0,0.2,0.0,1.15,0.0,0.14,0.0,0.22,0.0,0.36,0.0,1.63
2025-08-29 00:00:00+00:00,0.0,0.29,0.0,0.2,0.0,1.24,0.0,0.13,0.0,0.18,0.0,0.32,0.0,1.63
2025-08-29 01:00:00+00:00,0.0,0.32166666666666666,0.0,0.29000000000000004,0.0,1.2633333333333334,0.0,0.185,0.0,0.17833333333333334,0.0,0.33666666666666667,0.0,1.65
2025-08-29 02:00:00+00:00,0.0,0.35333333333333333,0.0,0.38,0.0,1.2866666666666666,0.0,0.24,0.0,0.17666666666666667,0.0,0.35333333333333333,0.0,1.67
2025-08-29 03:00:00+00:00,0.0,0.385,0.0,0.47000000000000003,0.0,1.31,0.0,0.295,0.0,0.17500000000000002,0.0,0.37,0.0,1.69
2025-08-29 04:00:00+00:00,0.26666666666666666,0.41666666666666663,0.05333333333333333,0.56,3.9266666666666663,1.3333333333333333,0.0,0.35,0.0,0.17333333333333334,0.0,0.38666666666666666,0.0,1.71
2025-08-29 05:00:00+00:00,0.32833333333333337,0.4483333333333333,0.06666666666666667,0.65,4.908333333333333,1.3566666666666667,0.0,0.40499999999999997,0.0,0.1716666666666667,0.0,0.4033333333333333,0.0,1.73
2025-08-29 06:00:00+00:00,0.39,0.48,0.08,0.74,5.89,1.38,0.0,0.46,0.0,0.17,0.0,0.42,0.0,1.75
2025-08-29 07:00:00+00:00,1.25,0.9,0.09,0.49,7.4,1.39,0.0,0.39,0.0,0.15,0.0,0.5,0.0,2.2
2025-08-29 08:00:00+00:00,2.52,1.19,0.19,0.33,9.37,1.52,0.0,0.32,0.0,0.16,0.0,0.42,0.0,1.84
2025-08-29 09:00:00+00:00,2.77,1.08,0.46,0.44,9.88,4.36,0.0,0.32,0.0,1.07,0.0,0.42,0.0,1.6
2025-08-29 10:00:00+00:00,3.06,1.22,0.72,0.47,10.43,1.56,0.0,0.46,0.0,0.31,0.0,0.39,0.0,1.52
2025-08-29 11:00:00+00:00,3.91,1.13,1.01,0.61,11.19,1.51,0.0,0.49,0.0,0.27,0.0,0.41,0.0,1.41
2025-08-29 12:00:00+00:00,2.1,0.8,0.61,0.48,6.85,1.45,0.0,0.36,0.0,0.29,0.0,0.42,0.0,1.34
2025-08-29 13:00:00+00:00,1.69,0.75,0.5,0.44,5.81,1.59,0.0,0.28,0.0,0.14,0.0,0.43,0.0,1.12
2025-08-29 14:00:00+00:00,0.56,0.44,0.2,0.35,3.06,1.64,0.0,0.29,0.0,0.16,0.0,0.42,0.0,1.13
2025-08-29 15:00:00+00:00,0.9,0.51,0.37,0.27,3.95,4.93,0.0,0.33,0.0,0.12,0.0,0.42,0.0,0.93
2025-08-29 16:00:00+00:00,0.06,0.24,0.0,0.23,0.41,1.89,0.0,0.34,0.0,0.17,0.0,0.53,0.0,1.43
2025-08-29 17:00:00+00:00,0.07,0.36,0.0,0.23,0.19,1.8,0.0,0.19,0.0,0.13,0.0,0.45,0.0,2.34
2025-08-29 18:00:00+00:00,0.05,0.36,0.0,0.23,0.0,1.79,0.0,0.19,0.0,0.15,0.0,0.35,0.0,1.5
2025-08-29 19:00:00+00:00,0.0,0.38,0.0,0.22,0.0,1.84,0.0,0.17,0.0,0.13,0.0,0.38,0.0,1.48
2025-08-29 20:00:00+00:00,0.0,0.33,0.0,0.22,0.0,1.56,0.0,0.16,0.0,0.15,0.0,0.39,0.0,1.54
2025-08-29 21:00:00+00:00,0.0,0.32,0.0,0.22,0.0,4.08,0.0,0.12,0.0,0.14,0.0,0.22,0.0,1.51
2025-08-29 22:00:00+00:00,0.0,0.33,0.0,0.22,0.0,1.41,0.0,0.12,0.0,0.14,0.0,0.21,0.0,1.51
2025-08-29 23:00:00+00:00,0.0,0.31,0.0,0.22,0.0,1.28,0.0,0.12,0.0,0.15,0.0,0.34,0.0,1.52
2025-08-30 00:00:00+00:00,0.0,0.32,0.0,0.21,0.0,1.28,0.0,0.11,0.0,0.13,0.0,0.38,0.0,1.51
2025-08-30 01:00:00+00:00,0.0,0.33,0.0,0.2,0.0,1.28,0.0,0.11,0.0,0.16,0.0,0.31,0.0,1.55
2025-08-30 02:00:00+00:00,0.0,0.3,0.0,0.2,0.0,1.28,0.0,0.12,0.0,0.12,0.0,0.32,0.0,1.51
2025-08-30 03:00:00+00:00,0.0,0.67,0.0,0.2,0.0,3.96,0.0,0.12,0.0,0.17,0.0,0.31,0.0,1.51
2025-08-30 04:00:00+00:00,0.03,0.69,0.0,0.22,0.0,1.65,0.0,0.12,0.0,0.12,0.0,0.32,0.0,1.47
2025-08-30 05:00:00+00:00,0.1,0.56,0.0,0.23,0.1,1.57,0.0,0.12,0.0,0.15,0.0,0.32,0.0,1.49
2025-08-30 06:00:00+00:00,0.12,0.46,0.02,0.22,0.93,1.53,0.0,0.11,0.0,0.13,0.0,0.31,0.0,1.45
2025-08-30 07:00:00+00:00,0.35,0.47,0.1,0.22,2.63,1.39,0.0,0.12,0.0,0.16,0.0,0.43,0.0,1.4
2025-08-30 08:00:00+00:00,1.29,0.79,0.17,0.27,6.11,1.47,0.0,0.14,0.0,0.18,0.0,0.53,0.0,1.33
2025-08-30 09:00:00+00:00,3.0,1.01,0.51,0.37,10.16,4.36,0.0,0.12,0.0,0.14,0.0,0.48,0.0,1.26
2025-08-30 10:00:00+00:00,3.05,1.01,0.63,0.32,9.97,1.54,0.0,0.14,0.0,0.15,0.0,0.44,0.0,1.2
2025-08-30 11:00:00+00:00,2.68,0.93,0.64,0.41,8.16,1.54,0.0,0.06,0.0,0.13,0.0,0.45,0.0,1.16
2025-08-30 12:00:00+00:00,1.51,0.75,0.39,0.37,5.28,1.39,0.0,0.06,0.0,0.16,0.0,0.42,0.0,1.19
2025-08-30 13:00:00+00:00,1.89,0.74,0.58,0.39,6.49,1.42,0.0,0.07,0.0,0.12,0.0,0.53,0.0,1.12
2025-08-30 14:00:00+00:00,1.81,0.79,0.72,0.25,6.55,1.4,0.0,0.06,0.0,0.17,0.0,0.52,0.0,0.95
2025-08-30 15:00:00+00:00,0.77,0.53,0.52,0.22,4.22,4.27,0.0,0.06,0.0,0.12,0.0,0.57,0.0,0.8
2025-08-30 16:00:00+00:00,0.06,0.14,0.13,0.22,1.34,1.38,0.0,0.06,0.0,0.15,0.0,0.46,0.0,1.15
2025-08-30 17:00:00+00:00,0.06,0.29,0.01,0.23,0.24,1.39,0.0,0.05,0.0,0.13,0.0,0.57,0.0,1.3
2025-08-30 18:00:00+00:00,0.05,0.39,0.0,0.23,0.0,1.38,0.0,0.05,0.0,0.14,0.0,1.57,0.0,1.31
2025-08-30 19:00:00+00:00,0.0,0.35,0.0,0.22,0.0,1.38,0.0,0.06,0.0,0.14,0.0,1.04,0.0,1.38
2025-08-30 20:00:00+00:00,0.0,0.33,0.0,0.23,0.0,1.41,0.0,0.06,0.0,0.14,0.0,0.6,0.0,1.33
2025-08-30 21:00:00+00:00,0.0,0.33,0.0,0.22,0.0,4.34,0.0,0.06,0.0,0.15,0.0,0.44,0.0,1.4
2025-08-30 22:00:00+00:00,0.0,0.31,0.0,0.2,0.0,1.27,0.0,0.06,0.0,0.12,0.0,0.34,0.0,1.37
2025-08-30 23:00:00+00:00,0.0,0.33,0.0,0.2,0.0,1.28,0.0,0.05,0.0,0.16,0.0,0.13,0.0,1.41
2025-08-31 00:00:00+00:00,0.0,0.33,0.0,0.2,0.0,1.19,0.0,0.06,0.0,0.12,0.0,0.09,0.0,1.38
2025-08-31 01:00:00+00:00,0.0,0.31,0.0,0.2,0.0,0.95,0.0,0.06,0.0,0.16,0.0,0.31,0.0,1.38
2025-08-31 02:00:00+00:00,0.0,0.63,0.0,0.2,0.0,1.05,0.0,0.06,0.0,0.12,0.0,0.33,0.0,1.38
2025-08-31 03:00:00+00:00,0.0,0.66,0.0,0.2,0.0,3.65,0.0,0.05,0.0,0.15,0.0,0.33,0.0,1.35
2025-08-31 04:00:00+00:00,0.05,0.65,0.0,0.22,0.01,1.06,0.0,0.05,0.0,0.13,0.0,0.33,0.0,1.36
2025-08-31 05:00:00+00:00,0.11,0.46,0.01,0.2,1.15,1.33,0.0,0.06,0.0,0.14,0.0,0.35,0.0,1.38
2025-08-31 06:00:00+00:00,0.3,0.41,0.07,0.2,4.51,1.39,0.0,0.06,0.0,0.14,0.0,0.4,0.0,1.39
2025-08-31 07:00:00+00:00,1.16,0.83,0.06,0.27,6.98,1.39,0.0,0.06,0.0,0.16,0.0,0.49,0.0,1.33
2025-08-31 08:00:00+00:00,2.11,0.95,0.09,0.3,8.4,2.46,0.0,0.05,0.0,0.19,0.0,0.43,0.0,1.32
2025-08-31 09:00:00+00:00,2.66,1.03,0.43,0.36,9.63,3.39,0.0,0.06,0.0,0.12,0.0,0.43,0.0,1.26
2025-08-31 10:00:00+00:00,3.21,1.09,0.74,0.37,10.54,1.43,0.0,0.06,0.0,0.23,0.0,0.43,0.0,1.23
2025-08-31 11:00:00+00:00,3.54,1.14,0.97,0.36,10.33,1.42,0.0,0.08,0.0,0.18,0.0,0.43,0.0,1.18
2025-08-31 12:00:00+00:00,3.42,1.14,1.09,0.38,9.72,1.42,0.0,0.06,0.0,0.22,0.0,0.45,0.0,1.18
2025-08-31 13:00:00+00:00,2.8,1.07,1.04,0.36,8.58,1.42,0.0,0.08,0.0,0.19,0.0,0.84,0.0,1.02
2025-08-31 14:00:00+00:00,2.13,0.96,0.96,0.36,7.36,2.08,0.0,0.12,0.0,0.21,0.0,0.51,0.0,0.72
2025-08-31 15:00:00+00:00,1.01,0.67,0.76,0.36,5.37,3.39,0.0,0.13,0.0,0.2,0.0,0.44,0.0,0.47
2025-08-31 16:00:00+00:00,0.22,0.29,0.4,0.35,2.55,1.35,0.0,0.13,0.0,0.2,0.0,0.43,0.0,0.91
2025-08-31 17:00:00+00:00,0.06,0.31,0.0,0.25,0.34,1.37,0.0,0.12,0.0,0.21,0.0,0.43,0.0,1.21
2025-08-31 18:00:00+00:00,0.05,0.39,0.0,0.22,0.0,1.43,0.0,0.12,0.0,0.19,0.0,0.42,0.0,1.25
2025-08-31 19:00:00+00:00,0.0,0.35,0.0,0.22,0.0,1.63,0.0,0.13,0.0,0.28,0.0,0.4,0.0,1.26
2025-08-31 20:00:00+00:00,0.0,0.33,0.0,0.22,0.0,1.71,0.0,0.12,0.0,0.28,0.0,1.24,0.0,1.3
2025-08-31 21:00:00+00:00,0.0,0.36,0.0,0.21,0.0,4.28,0.0,0.12,0.0,0.26,0.0,0.39,0.0,1.31
2025-08-31 22:00:00+00:00,0.0,0.33,0.0,0.2,0.0,1.32,0.0,0.07,0.0,0.21,0.0,0.16,0.0,1.3
2025-08-31 23:00:00+00:00,0.0,0.33,0.0,0.2,0.0,1.32,0.0,0.06,0.0,0.25,0.0,0.22,0.0,1.31
2025-09-01 00:00:00+00:00,0.0,0.33,0.0,0.2,0.0,1.33,0.0,0.06,0.0,0.21,0.0,0.41,0.0,1.3
2025-09-01 01:00:00+00:00,0.0,0.62,0.0,0.2,0.0,1.32,0.0,0.06,0.0,0.27,0.0,0.42,0.0,1.33
2025-09-01 02:00:00+00:00,0.0,0.65,0.0,0.2,0.0,1.3,0.0,0.2,0.0,0.21,0.0,0.39,0.0,1.33
2025-09-01 03:00:00+00:00,0.0,0.68,0.0,0.2,0.0,4.27,0.0,0.17,0.0,0.24,0.0,0.38,0.0,1.38
2025-09-01 04:00:00+00:00,0.02,0.6,0.0,0.21,0.0,1.45,0.0,0.18,0.0,0.26,0.0,0.39,0.0,1.48
2025-09-01 05:00:00+00:00,0.11,0.54,0.0,0.24,0.17,1.43,0.0,0.18,0.0,0.23,0.0,0.52,0.0,1.47
2025-09-01 06:00:00+00:00,0.07,0.28,0.02,0.29,0.84,2.17,0.0,0.46,0.0,0.21,0.0,0.42,0.0,1.54
2025-09-01 07:00:00+00:00,0.1,0.56,0.0,0.26,0.35,1.87,0.0,0.71,0.0,0.24,0.0,0.4,0.0,1.74
2025-09-01 08:00:00+00:00,0.1,0.2,0.03,0.24,1.27,1.77,0.0,0.79,0.0,0.27,0.0,0.39,0.0,1.72
2025-09-01 09:00:00+00:00,0.83,0.52,0.18,0.23,3.97,4.37,0.0,0.71,0.0,0.24,0.0,0.37,0.0,1.68
2025-09-01 10:00:00+00:00,2.09,0.93,0.44,0.34,7.32,1.44,0.0,0.56,0.0,0.28,0.0,0.38,0.0,1.44
2025-09-01 11:00:00+00:00,1.78,0.86,0.46,0.5,6.54,1.57,0.0,0.65,0.0,0.22,0.0,0.38,0.0,1.56
2025-09-01 12:00:00+00:00,1.37,0.79,0.28,0.57,5.31,1.54,0.0,0.78,0.0,0.24,0.0,0.38,0.0,1.9
2025-09-01 13:00:00+00:00,0.57,0.61,0.14,0.44,3.36,1.6,0.0,0.95,0.0,0.24,0.0,0.37,0.0,2.04
2025-09-01 14:00:00+00:00,0.15,0.38,0.05,0.37,1.54,2.41,0.0,0.83,0.0,0.25,0.0,0.38,0.0,2.13
2025-09-01 15:00:00+00:00,0.12,0.39,0.04,0.39,1.26,4.08,0.0,0.64,0.0,0.23,0.0,0.47,0.0,1.54
2025-09-01 16:00:00+00:00,0.13,0.49,0.02,0.35,0.79,1.64,0.0,0.52,0.0,0.22,0.0,1.18,0.0,1.5
2025-09-01 17:00:00+00:00,0.12,0.61,0.0,0.36,0.04,1.73,0.0,0.33,0.0,0.28,0.0,0.68,0.0,1.49
2025-09-01 18:00:00+00:00,0.02,0.66,0.0,0.29,0.0,1.34,0.0,0.19,0.0,0.18,0.0,0.98,0.0,1.51
2025-09-01 19:00:00+00:00,0.0,0.64,0.0,0.25,0.0,1.01,0.0,0.14,0.0,0.91,0.0,0.78,0.0,1.47
2025-09-01 20:00:00+00:00,0.0,0.59,0.0,0.23,0.0,2.08,0.0,0.06,0.0,0.25,0.0,0.31,0.0,1.48
2025-09-01 21:00:00+00:00,0.0,0.62,0.0,0.21,0.0,2.93,0.0,0.06,0.0,0.25,0.0,0.19,0.0,1.45
2025-09-01 22:00:00+00:00,0.0,0.31,0.0,0.2,0.0,1.22,0.0,0.07,0.0,0.23,0.0,0.16,0.0,1.46
2025-09-01 23:00:00+00:00,0.0,0.33,0.0,0.2,0.0,1.18,0.0,0.05,0.0,0.23,0.0,0.09,0.0,1.47
2025-09-02 00:00:00+00:00,0.0,0.56,0.0,0.21,0.0,0.85,0.0,0.06,0.0,0.18,0.0,0.14,0.0,1.46
2025-09-02 01:00:00+00:00,0.0,0.53,0.0,0.28,0.0,0.88,0.0,0.06,0.0,0.16,0.0,0.33,0.0,1.49
2025-09-02 02:00:00+00:00,0.0,0.32,0.0,0.29,0.0,2.65,0.0,0.06,0.0,0.12,0.0,0.33,0.0,1.47
2025-09-02 03:00:00+00:00,0.0,0.31,0.0,0.25,0.0,1.92,0.0,0.12,0.0,0.15,0.0,0.33,0.0,1.53
2025-09-02 04:00:00+00:00,0.03,0.33,0.0,0.2,0.0,1.1,0.0,0.18,0.0,0.14,0.0,0.33,0.0,1.52
2025-09-02 05:00:00+00:00,0.05,0.18,0.0,0.2,0.49,1.38,0.0,0.38,0.0,0.16,0.0,0.41,0.0,1.52
2025-09-02 06:00:00+00:00,0.11,0.22,0.06,0.34,2.32,1.62,0.0,0.39,0.0,0.23,0.0,0.49,0.0,1.61
2025-09-02 07:00:00+00:00,0.81,0.8,0.1,0.32,5.75,1.26,0.0,0.59,0.0,0.2,0.0,0.42,0.0,1.6
2025-09-02 08:00:00+00:00,1.01,0.7,0.18,0.36,5.0,4.29,0.0,0.62,0.0,0.35,0.0,0.32,0.0,1.42
2025-09-02 09:00:00+00:00,1.72,0.82,0.31,0.32,6.29,1.51,0.0,0.55,0.0,0.24,0.0,0.35,0.0,1.36
2025-09-02 10:00:00+00:00,1.11,0.65,0.22,0.28,4.42,1.51,0.0,0.48,0.0,0.18,0.0,0.74,0.0,1.37
2025-09-02 11:00:00+00:00,1.24,0.65,0.3,0.24,4.72,1.95,0.0,0.57,0.0,0.15,0.0,0.79,0.0,1.36
2025-09-02 12:00:00+00:00,2.34,0.9,0.59,0.34,6.92,1.54,0.0,0.63,0.0,0.12,0.0,0.57,0.0,1.24
2025-09-02 13:00:00+00:00,1.94,0.81,0.67,0.24,6.32,1.56,0.0,0.75,0.0,0.2,0.0,0.42,0.0,1.39
2025-09-02 14:00:00+00:00,1.99,0.85,0.93,0.32,7.15,4.21,0.0,0.58,0.0,0.15,0.0,0.41,0.0,0.94
2025-09-02 15:00:00+00:00,0.93,0.6,0.75,0.27,5.25,1.52,0.0,0.46,0.0,0.14,0.0,0.39,0.0,0.58
2025-09-02 16:00:00+00:00,0.16,0.23,0.24,0.27,1.69,1.83,0.0,0.28,0.0,0.23,0.0,0.4,0.0,1.07
2025-09-02 17:00:00+00:00,0.07,0.33,0.0,0.28,0.16,1.84,0.0,0.19,0.0,0.18,0.0,0.42,0.0,1.26
2025-09-02 18:00:00+00:00,0.04,0.35,0.0,0.27,0.0,1.79,0.0,0.06,0.0,0.13,0.0,0.74,0.0,1.29
2025-09-02 19:00:00+00:00,0.0,0.35,0.0,0.26,0.0,2.18,0.0,0.06,0.0,0.15,0.0,0.45,0.0,1.28
2025-09-02 20:00:00+00:00,0.0,0.33,0.0,0.26,0.0,3.92,0.0,0.06,0.0,0.16,0.0,0.2,0.0,1.33
2025-09-02 21:00:00+00:00,0.0,0.31,0.0,0.23,0.0,1.43,0.0,0.05,0.0,0.15,0.0,0.1,0.0,1.29
2025-09-02 22:00:00+00:00,0.0,0.33,0.0,0.23,0.0,1.22,0.0,0.05,0.0,0.19,0.0,0.28,0.0,1.33
2025-09-02 23:00:00+00:00,0.0,0.35,0.0,0.23,0.0,1.11,0.0,0.06,0.0,0.15,0.0,0.3,0.0,1.29
2025-09-03 00:00:00+00:00,0.0,0.34,0.0,0.23,0.0,1.25,0.0,0.06,0.0,0.18,0.0,0.31,0.0,1.34
2025-09-03 01:00:00+00:00,0.0,0.45,0.0,0.23,0.0,2.93,0.0,0.06,0.0,0.16,0.0,0.32,0.0,1.32
2025-09-03 02:00:00+00:00,0.0,0.62,0.0,0.22,0.0,2.28,0.0,0.05,0.0,0.16,0.0,0.32,0.0,1.38
2025-09-03 03:00:00+00:00,0.0,0.59,0.0,0.22,0.0,1.26,0.0,0.14,0.0,0.18,0.0,0.31,0.0,1.32
2025-09-03 04:00:00+00:00,0.03,0.43,0.0,0.23,0.0,1.1,0.0,0.19,0.0,0.15,0.0,0.32,0.0,1.5
2025-09-03 05:00:00+00:00,0.06,0.2,0.01,0.28,0.64,1.46,0.0,0.3,0.0,0.21,0.0,0.4,0.0,2.06
2025-09-03 06:00:00+00:00,0.12,0.21,0.07,0.29,2.3,1.3,0.0,0.36,0.0,0.16,0.0,0.26,0.0,1.79
2025-09-03 07:00:00+00:00,0.69,0.6,0.13,0.28,4.85,4.5,0.0,0.41,0.0,0.14,0.0,0.18,0.0,1.56
2025-09-03 08:00:00+00:00,1.21,0.73,0.18,0.33,5.42,1.46,0.0,0.29,0.0,0.14,0.0,0.31,0.0,1.54
2025-09-03 09:00:00+00:00,1.04,0.62,0.2,0.34,4.33,1.55,0.0,0.31,0.0,0.12,0.0,0.42,0.0,1.54
2025-09-03 10:00:00+00:00,1.37,0.8,0.27,0.36,5.31,1.72,0.0,0.21,0.0,0.16,0.0,0.42,0.0,1.45
2025-09-03 11:00:00+00:00,2.87,1.0,0.71,0.37,9.03,1.74,0.0,0.24,0.0,0.12,0.0,0.42,0.0,1.36
2025-09-03 12:00:00+00:00,3.39,1.14,1.13,0.36,9.72,1.78,0.0,0.3,0.0,0.21,0.0,0.42,0.0,1.4
2025-09-03 13:00:00+00:00,2.81,2.15,1.1,0.39,8.74,4.3,0.0,0.22,0.0,0.17,0.0,0.42,0.0,1.23
2025-09-03 14:00:00+00:00,2.11,2.13,0.99,0.4,7.27,1.5,0.0,0.23,0.0,0.2,0.0,0.44,0.0,0.84
2025-09-03 15:00:00+00:00,0.96,0.79,0.78,0.39,5.22,1.52,0.0,0.23,0.0,0.22,0.0,1.19,0.0,0.52
2025-09-03 16:00:00+00:00,0.19,0.46,0.35,0.37,2.17,1.46,0.0,0.23,0.0,0.17,0.0,0.77,0.0,1.09
2025-09-03 17:00:00+00:00,0.11,0.57,0.01,0.33,0.37,1.82,0.0,0.06,0.0,0.24,0.0,0.53,0.0,1.25
2025-09-03 18:00:00+00:00,0.06,0.63,0.0,0.25,0.0,2.31,0.0,0.12,0.0,0.19,0.0,0.73,0.0,1.32
2025-09-03 19:00:00+00:00,0.0,0.67,0.0,0.25,0.0,4.17,0.0,0.12,0.0,0.2,0.0,0.6,0.0,1.37
2025-09-03 20:00:00+00:00,0.0,0.62,0.0,0.25,0.0,1.52,0.0,0.14,0.0,0.17,0.0,0.97,0.0,1.4
2025-09-03 21:00:00+00:00,0.0,0.58,0.0,0.24,0.0,1.5,0.0,0.11,0.0,0.15,0.0,0.21,0.0,1.41
2025-09-03 22:00:00+00:00,0.0,0.33,0.0,0.24,0.0,1.3,0.0,0.12,0.0,0.2,0.0,0.3,0.0,1.41
2025-09-03 23:00:00+00:00,0.0,0.33,0.0,0.24,0.0,1.3,0.0,0.12,0.0,0.17,0.0,0.38,0.0,1.43
2025-09-04 00:00:00+00:00,0.0,0.33,0.0,0.24,0.0,2.43,0.0,0.1,0.0,0.19,0.0,0.39,0.0,1.41
2025-09-04 01:00:00+00:00,0.0,0.33,0.0,0.24,0.0,2.98,0.0,0.05,0.0,0.16,0.0,0.39,0.0,1.44
2025-09-04 02:00:00+00:00,0.0,0.33,0.0,0.24,0.0,1.32,0.0,0.06,0.0,0.19,0.0,0.39,0.0,1.41
2025-09-04 03:00:00+00:00,0.0,0.32,0.0,0.24,0.0,1.19,0.0,0.13,0.0,0.21,0.0,0.39,0.0,1.48
2025-09-04 04:00:00+00:00,0.02,0.32,0.0,0.24,0.0,1.38,0.0,0.17,0.0,0.16,0.0,0.41,0.0,1.47
2025-09-04 05:00:00+00:00,0.06,0.2,0.02,0.41,0.8,1.73,0.0,0.3,0.0,0.19,0.0,0.78,0.0,1.51
2025-09-04 06:00:00+00:00,0.11,0.23,0.04,0.3,2.33,4.0,0.0,0.32,0.0,0.15,0.0,0.55,0.0,1.69
2025-09-04 07:00:00+00:00,0.89,0.62,0.14,0.39,5.2,2.58,0.0,0.38,0.0,0.19,0.0,0.4,0.0,1.8
2025-09-04 08:00:00+00:00,1.11,0.7,0.2,0.41,5.17,1.58,0.0,0.39,0.0,0.18,0.0,0.36,0.0,1.62
2025-09-04 09:00:00+00:00,0.39,0.4,0.12,0.31,2.76,1.59,0.0,0.59,0.0,0.18,0.0,0.39,0.0,1.74
2025-09-04 10:00:00+00:00,1.48,0.79,0.29,0.28,5.41,1.96,0.0,0.53,0.0,0.15,0.0,0.39,0.0,1.6
2025-09-04 11:00:00+00:00,1.4,0.91,0.31,0.29,5.32,1.6,0.0,0.48,0.0,0.16,0.0,0.38,0.0,1.38
2025-09-04 12:00:00+00:00,1.07,0.69,0.28,0.26,4.45,4.35,0.0,0.67,0.0,0.2,0.0,0.38,0.0,1.56
2025-09-04 13:00:00+00:00,0.28,0.45,0.08,0.25,2.12,1.62,0.0,0.71,0.0,0.16,0.0,0.38,0.0,1.62
2025-09-04 14:00:00+00:00,0.09,0.51,0.01,0.26,0.42,2.06,0.0,0.6,0.0,0.18,0.0,0.38,0.0,1.81
2025-09-04 15:00:00+00:00,0.1,0.31,0.02,0.26,0.65,1.94,0.0,0.53,0.0,0.14,0.0,0.36,0.0,1.89
2025-09-04 16:00:00+00:00,0.08,0.38,0.0,0.27,0.0,1.83,0.0,0.36,0.0,0.19,0.0,0.18,0.0,1.84
2025-09-04 17:00:00+00:00,0.09,0.39,0.0,0.26,0.0,1.75,0.0,0.12,0.0,0.36,0.0,0.09,0.0,1.82
2025-09-04 18:00:00+00:00,0.03,0.37,0.0,0.24,0.0,4.45,0.0,0.13,0.0,0.61,0.0,0.59,0.0,1.82
2025-09-04 19:00:00+00:00,0.0,0.0,0.0,0.21,0.0,0.0,0.0,0.0,0.0,0.33,0.0,0.19,0.0,1.83
2025-09-04 20:00:00+00:00,0.0,0.36,0.0,0.24,0.0,1.56,0.0,0.07,0.0,0.24,0.0,0.25,0.0,1.64
2025-09-04 21:00:00+00:00,0.0,0.34,0.0,0.23,0.0,1.51,0.0,0.06,0.0,0.19,0.0,0.22,0.0,1.65
2025-09-04 22:00:00+00:00,0.0,0.34,0.0,0.24,0.0,1.27,0.0,0.08,0.0,0.16,0.0,0.16,0.0,1.62
2025-09-04 23:00:00+00:00,0.0,0.35,0.0,0.31,0.0,1.65,0.0,0.07,0.0,0.19,0.0,0.27,0.0,1.67
2025-09-05 00:00:00+00:00,0.0,0.35,0.0,0.3,0.0,3.7,0.0,0.07,0.0,0.15,0.0,0.33,0.0,1.63
2025-09-05 01:00:00+00:00,0.0,0.35,0.0,0.24,0.0,1.3,0.0,0.06,0.0,0.2,0.0,0.34,0.0,1.62
2025-09-05 02:00:00+00:00,0.0,0.33,0.0,0.21,0.0,1.3,0.0,0.07,0.0,0.16,0.0,0.33,0.0,1.64
2025-09-05 03:00:00+00:00,0.0,0.33,0.0,0.21,0.0,1.02,0.0,0.14,0.0,0.18,0.0,0.33,0.0,1.59
2025-09-05 04:00:00+00:00,0.02,0.35,0.0,0.21,0.0,1.26,0.0,0.21,0.0,0.2,0.0,0.33,0.0,1.58
2025-09-05 05:00:00+00:00,0.05,0.32,0.0,0.21,0.01,2.88,0.0,0.32,0.0,0.19,0.0,0.33,0.0,1.59
2025-09-05 06:00:00+00:00,0.08,0.32,0.0,0.23,0.1,2.11,0.0,0.44,0.0,0.19,0.0,0.26,0.0,1.92
2025-09-05 07:00:00+00:00,0.07,0.3,0.0,0.22,0.05,0.98,0.0,0.44,0.0,0.13,0.0,0.08,0.0,2.36
2025-09-05 08:00:00+00:00,0.12,0.57,0.01,0.21,0.5,1.08,0.0,0.48,0.0,0.16,0.0,0.15,0.0,2.02
2025-09-05 09:00:00+00:00,0.12,1.48,0.0,0.23,0.31,1.12,0.0,0.51,0.0,0.12,0.0,0.33,0.0,1.74
2025-09-05 10:00:00+00:00,1.96,1.04,0.41,0.22,6.43,1.68,0.0,0.57,0.0,0.15,0.0,0.32,0.0,1.55
2025-09-05 11:00:00+00:00,1.26,0.74,0.29,0.26,4.8,4.43,0.0,0.56,0.0,0.14,0.0,0.33,0.0,1.65
2025-09-05 12:00:00+00:00,3.74,1.21,1.25,0.32,10.71,1.49,0.0,0.44,0.0,0.12,0.0,0.33,0.0,1.48
2025-09-05 13:00:00+00:00,2.76,1.09,1.04,0.3,8.57,1.62,0.0,0.34,0.0,0.17,0.0,0.34,0.0,1.26
2025-09-05 14:00:00+00:00,2.26,1.08,1.04,0.29,7.68,1.52,0.0,0.43,0.0,0.16,0.0,0.36,0.0,0.85
2025-09-05 15:00:00+00:00,1.06,0.78,0.81,0.3,5.43,1.51,0.0,0.3,0.0,0.17,0.0,0.37,0.0,0.55
2025-09-05 16:00:00+00:00,0.16,0.29,0.23,0.25,1.87,1.94,0.0,0.21,0.0,0.13,0.0,0.38,0.0,1.16
2025-09-05 17:00:00+00:00,0.06,0.23,0.01,0.27,0.31,4.4,0.0,0.09,0.0,0.14,0.0,0.53,0.0,1.34
2025-09-05 18:00:00+00:00,0.03,0.26,0.0,0.28,0.0,1.48,0.0,0.08,0.0,0.15,0.0,0.42,0.0,1.31
2025-09-05 19:00:00+00:00,0.0,0.24,0.0,0.28,0.0,1.18,0.0,0.09,0.0,0.11,0.0,1.18,0.0,1.35
2025-09-05 20:00:00+00:00,0.0,0.25,0.0,0.28,0.0,1.09,0.0,0.09,0.0,0.16,0.0,0.23,0.0,1.3
2025-09-05 21:00:00+00:00,0.0,0.23,0.0,0.26,0.0,1.08,0.0,0.09,0.0,0.12,0.0,0.09,0.0,1.37
2025-09-05 22:00:00+00:00,0.0,0.22,0.0,0.26,0.0,2.07,0.0,0.09,0.0,0.15,0.0,0.22,0.0,1.29
2025-09-05 23:00:00+00:00,0.0,0.23,0.0,0.26,0.0,2.57,0.0,0.08,0.0,0.14,0.0,0.33,0.0,1.33
2025-09-06 00:00:00+00:00,0.0,0.22,0.0,0.26,0.0,0.89,0.0,0.09,0.0,0.13,0.0,0.33,0.0,1.28
2025-09-06 01:00:00+00:00,0.0,0.21,0.0,0.26,0.0,0.9,0.0,0.12,0.0,0.16,0.0,0.33,0.0,1.32
2025-09-06 02:00:00+00:00,0.0,0.23,0.0,0.25,0.0,0.92,0.0,0.14,0.0,0.12,0.0,0.35,0.0,1.26
2025-09-06 03:00:00+00:00,0.0,0.22,0.0,0.33,0.0,0.91,0.0,0.14,0.0,0.16,0.0,0.38,0.0,1.28
2025-09-06 04:00:00+00:00,0.01,0.22,0.0,0.36,0.0,3.58,0.0,0.14,0.0,0.12,0.0,0.38,0.0,1.28
2025-09-06 05:00:00+00:00,0.05,0.16,0.02,0.35,0.73,1.32,0.0,0.14,0.0,0.15,0.0,0.3,0.0,1.3
2025-09-06 06:00:00+00:00,0.28,0.32,0.08,0.23,3.79,1.38,0.0,0.14,0.0,0.14,0.0,0.32,0.0,1.28
2025-09-06 07:00:00+00:00,1.29,0.72,0.1,0.31,7.47,1.52,0.0,0.14,0.0,0.13,0.0,0.38,0.0,1.25
2025-09-06 08:00:00+00:00,1.95,0.85,0.17,0.37,7.98,1.6,0.0,0.14,0.0,0.17,0.0,0.39,0.0,1.23
2025-09-06 09:00:00+00:00,2.81,0.94,0.51,0.42,10.04,1.44,0.0,0.13,0.0,0.13,0.0,0.38,0.0,1.21
2025-09-06 10:00:00+00:00,3.37,1.02,0.79,0.41,10.7,4.21,0.0,0.11,0.0,0.15,0.0,0.38,0.0,1.2
2025-09-06 11:00:00+00:00,3.56,1.04,1.0,0.42,10.45,1.42,0.0,0.09,0.0,0.17,0.0,0.38,0.0,1.18
2025-09-06 12:00:00+00:00,3.58,1.06,1.16,0.4,10.07,1.41,0.0,0.09,0.0,0.16,0.0,0.2,0.0,1.15
2025-09-06 13:00:00+00:00,3.02,1.0,1.15,0.25,9.1,1.43,0.0,0.09,0.0,0.17,0.0,0.13,0.0,1.01
2025-09-06 14:00:00+00:00,2.14,1.0,1.03,0.26,7.52,1.54,0.0,0.08,0.0,0.14,0.0,0.33,0.0,0.65
2025-09-06 15:00:00+00:00,0.81,0.69,0.71,0.26,4.98,1.84,0.0,0.09,0.0,0.14,0.0,0.39,0.0,0.59
2025-09-06 16:00:00+00:00,0.24,0.47,0.23,0.25,2.05,4.27,0.0,0.09,0.0,0.16,0.0,0.28,0.0,1.07
2025-09-06 17:00:00+00:00,0.05,0.22,0.01,0.26,0.34,1.81,0.0,0.09,0.0,0.12,0.0,0.34,0.0,1.25
2025-09-06 18:00:00+00:00,0.04,0.29,0.0,0.27,0.0,1.67,0.0,0.09,0.0,0.17,0.0,0.32,0.0,1.25
2025-09-06 19:00:00+00:00,0.0,0.26,0.0,0.26,0.0,1.52,0.0,0.08,0.0,0.14,0.0,0.2,0.0,1.29
2025-09-06 20:00:00+00:00,0.0,0.24,0.0,0.26,0.0,1.36,0.0,0.08,0.0,0.14,0.0,0.26,0.0,1.28
2025-09-06 21:00:00+00:00,0.0,0.24,0.0,0.25,0.0,1.88,0.0,0.09,0.0,0.16,0.0,0.18,0.0,1.29
2025-09-06 22:00:00+00:00,0.0,0.23,0.0,0.25,0.0,3.27,0.0,0.09,0.0,0.12,0.0,0.09,0.0,1.29
2025-09-06 23:00:00+00:00,0.0,0.23,0.0,0.25,0.0,0.92,0.0,0.09,0.0,0.16,0.0,0.26,0.0,1.28
2025-09-07 00:00:00+00:00,0.0,0.22,0.0,0.25,0.0,0.92,0.0,0.08,0.0,0.15,0.0,0.33,0.0,1.3
2025-09-07 01:00:00+00:00,0.0,0.23,0.0,0.25,0.0,0.93,0.0,0.08,0.0,0.13,0.0,0.33,0.0,1.27
2025-09-07 02:00:00+00:00,0.0,0.23,0.0,0.24,0.0,0.93,0.0,0.09,0.0,0.17,0.0,0.29,0.0,1.28
2025-09-07 03:00:00+00:00,0.0,0.21,0.0,0.24,0.0,2.35,0.0,0.09,0.0,0.13,0.0,0.25,0.0,1.23
2025-09-07 04:00:00+00:00,0.01,0.24,0.0,0.25,0.0,2.48,0.0,0.09,0.0,0.14,0.0,0.28,0.0,1.29
2025-09-07 05:00:00+00:00,0.05,0.16,0.0,0.25,0.43,1.31,0.0,0.09,0.0,0.15,0.0,0.34,0.0,1.24
2025-09-07 06:00:00+00:00,0.23,0.27,0.06,0.24,2.7,1.26,0.0,0.08,0.0,0.12,0.0,0.1,0.0,1.28
2025-09-07 07:00:00+00:00,1.07,0.66,0.12,0.36,6.42,1.54,0.0,0.09,0.0,0.17,0.0,0.14,0.0,1.2
2025-09-07 08:00:00+00:00,1.79,0.82,0.22,0.4,7.5,1.39,0.0,0.09,0.0,0.16,0.0,0.37,0.0,1.24
2025-09-07 09:00:00+00:00,2.28,0.91,0.47,0.41,8.65,4.04,0.0,0.09,0.0,0.16,0.0,0.38,0.0,1.16
2025-09-07 10:00:00+00:00,3.01,1.05,0.76,0.41,9.98,1.93,0.0,0.09,0.0,0.23,0.0,0.38,0.0,1.18
2025-09-07 11:00:00+00:00,2.97,1.11,0.83,0.41,9.4,1.51,0.0,0.08,0.0,0.23,0.0,0.36,0.0,1.09
2025-09-07 12:00:00+00:00,2.88,1.07,0.94,0.36,8.69,1.47,0.0,0.09,0.0,0.27,0.0,0.27,0.0,1.06
2025-09-07 13:00:00+00:00,2.62,1.05,0.93,0.23,8.46,1.33,0.0,0.09,0.0,0.2,0.0,0.14,0.0,0.94
2025-09-07 14:00:00+00:00,1.3,0.77,0.6,0.25,5.56,1.73,0.0,0.11,0.0,0.22,0.0,0.31,0.0,0.91
2025-09-07 15:00:00+00:00,1.06,0.69,0.64,0.25,5.3,3.94,0.0,0.09,0.0,0.23,0.0,0.4,0.0,0.66
2025-09-07 16:00:00+00:00,0.44,0.51,0.36,0.24,3.04,1.59,0.0,0.08,0.0,0.21,0.0,0.4,0.0,1.07
2025-09-07 17:00:00+00:00,0.1,0.55,0.01,0.25,0.51,1.56,0.0,0.15,0.0,0.19,0.0,0.38,0.0,1.25
2025-09-07 18:00:00+00:00,0.04,0.65,0.0,0.25,0.0,1.69,0.0,0.16,0.0,0.24,0.0,0.38,0.0,1.29
2025-09-07 19:00:00+00:00,0.0,0.39,0.0,0.25,0.0,1.54,0.0,0.16,0.0,0.22,0.0,0.39,0.0,1.39
2025-09-07 20:00:00+00:00,0.0,0.33,0.0,0.25,0.0,1.35,0.0,0.16,0.0,0.33,0.0,0.23,0.0,1.42
2025-09-07 21:00:00+00:00,0.0,0.33,0.0,0.25,0.0,3.49,0.0,0.14,0.0,0.24,0.0,0.16,0.0,1.43
2025-09-07 22:00:00+00:00,0.0,0.34,0.0,0.25,0.0,2.22,0.0,0.15,0.0,0.26,0.0,0.34,0.0,1.43
2025-09-07 23:00:00+00:00,0.0,0.34,0.0,0.25,0.0,1.34,0.0,0.15,0.0,0.34,0.0,0.39,0.0,1.45
2025-09-08 00:00:00+00:00,0.0,0.33,0.0,0.25,0.0,1.33,0.0,0.1,0.0,0.24,0.0,0.38,0.0,1.43
2025-09-08 01:00:00+00:00,0.0,0.33,0.0,0.25,0.0,1.34,0.0,0.09,0.0,0.27,0.0,0.32,0.0,1.43
2025-09-08 02:00:00+00:00,0.0,0.31,0.0,0.24,0.0,1.23,0.0,0.22,0.0,0.22,0.0,0.3,0.0,1.4
2025-09-08 03:00:00+00:00,0.0,0.33,0.0,0.33,0.0,3.68,0.0,0.22,0.0,0.26,0.0,0.32,0.0,1.42
2025-09-08 04:00:00+00:00,0.02,0.33,0.0,0.35,0.0,1.98,0.0,0.23,0.0,0.22,0.0,0.32,0.0,1.39
2025-09-08 05:00:00+00:00,0.05,0.2,0.01,0.29,0.55,1.38,0.0,0.23,0.0,0.25,0.0,0.34,0.0,1.41
2025-09-08 06:00:00+00:00,0.2,0.24,0.07,0.28,2.36,2.03,0.0,0.36,0.0,0.22,0.0,0.16,0.0,1.75
2025-09-08 07:00:00+00:00,0.55,0.44,0.1,0.3,4.1,1.69,0.0,0.52,0.0,0.26,0.0,0.16,0.0,1.84
2025-09-08 08:00:00+00:00,1.58,0.85,0.22,0.39,6.82,1.41,0.0,0.54,0.0,0.21,0.0,0.32,0.0,1.55
2025-09-08 09:00:00+00:00,1.67,0.85,0.3,0.41,6.33,3.68,0.0,0.66,0.0,1.06,0.0,0.37,0.0,1.47
2025-09-08 10:00:00+00:00,1.85,0.91,0.4,0.41,6.58,1.55,0.0,0.61,0.0,0.22,0.0,0.36,0.0,1.16
2025-09-08 11:00:00+00:00,1.37,0.79,0.24,0.4,5.44,1.5,0.0,0.64,0.0,0.22,0.0,0.38,0.0,1.21
2025-09-08 12:00:00+00:00,0.76,0.57,0.15,0.36,3.88,1.56,0.0,0.63,0.0,0.2,0.0,0.38,0.0,1.53
2025-09-08 13:00:00+00:00,0.31,0.4,0.09,0.32,2.51,1.69,0.0,0.66,0.0,0.22,0.0,0.5,0.0,1.54
2025-09-08 14:00:00+00:00,0.24,0.44,0.08,0.33,2.34,1.72,0.0,0.73,0.0,0.25,0.0,0.47,0.0,1.29
2025-09-08 15:00:00+00:00,0.12,0.41,0.03,0.3,1.2,4.71,0.0,0.69,0.0,0.21,0.0,0.94,0.0,1.47
2025-09-08 16:00:00+00:00,0.11,0.49,0.01,0.24,0.72,1.86,0.0,0.51,0.0,0.72,0.0,0.64,0.0,1.72
2025-09-08 17:00:00+00:00,0.11,0.58,0.0,0.21,0.13,1.75,0.0,0.31,0.0,0.44,0.0,0.45,0.0,1.53
2025-09-08 18:00:00+00:00,0.04,0.66,0.0,0.19,0.0,1.76,0.0,0.27,0.0,0.25,0.0,0.77,0.0,1.52
2025-09-08 19:00:00+00:00,0.0,0.64,0.0,0.2,0.0,1.61,0.0,0.27,0.0,0.22,0.0,0.47,0.0,1.53
2025-09-08 20:00:00+00:00,0.0,0.62,0.0,0.2,0.0,1.43,0.0,0.21,0.0,0.25,0.0,0.3,0.0,1.58
2025-09-08 21:00:00+00:00,0.0,0.62,0.0,0.19,0.0,4.2,0.0,0.2,0.0,0.24,0.0,0.25,0.0,1.56
2025-09-08 22:00:00+00:00,0.0,0.39,0.0,0.19,0.0,1.27,0.0,0.16,0.0,0.25,0.0,1.07,0.0,1.57
2025-09-08 23:00:00+00:00,0.0,0.33,0.0,0.18,0.0,1.29,0.0,0.18,0.0,0.22,0.0,0.39,0.0,1.59
2025-09-09 00:00:00+00:00,0.0,0.33,0.0,0.17,0.0,1.29,0.0,0.17,0.0,0.25,0.0,0.39,0.0,1.56
2025-09-09 01:00:00+00:00,0.0,0.31,0.0,0.17,0.0,1.29,0.0,0.23,0.0,0.21,0.0,0.37,0.0,1.56
2025-09-09 02:00:00+00:00,0.0,0.31,0.0,0.18,0.0,1.26,0.0,0.2,0.0,0.25,0.0,0.39,0.0,1.54
2025-09-09 03:00:00+00:00,0.0,0.32,0.0,0.18,0.0,4.11,0.0,0.22,0.0,0.21,0.0,0.39,0.0,1.55
2025-09-09 04:00:00+00:00,0.01,0.27,0.0,0.18,0.0,1.32,0.0,0.28,0.0,0.24,0.0,0.37,0.0,1.57
2025-09-09 05:00:00+00:00,0.04,0.25,0.0,0.17,0.04,1.37,0.0,0.31,0.0,0.21,0.0,0.44,0.0,1.74
2025-09-09 06:00:00+00:00,0.05,0.16,0.01,0.28,0.78,1.63,0.0,0.51,0.0,0.21,0.0,0.32,0.0,2.0
2025-09-09 07:00:00+00:00,0.27,0.31,0.07,0.32,2.11,1.41,0.0,0.68,0.0,0.2,0.0,0.16,0.0,1.86
2025-09-09 08:00:00+00:00,0.54,0.47,0.11,0.28,3.11,1.77,0.0,0.7,0.0,0.2,0.0,0.29,0.0,1.72
2025-09-09 09:00:00+00:00,0.5,0.58,0.11,0.34,3.04,4.1,0.0,0.67,0.0,0.21,0.0,0.36,0.0,1.87
2025-09-09 10:00:00+00:00,1.28,0.84,0.24,0.31,4.82,1.95,0.0,0.53,0.0,0.18,0.0,0.38,0.0,1.55
2025-09-09 11:00:00+00:00,2.12,1.13,0.57,0.32,7.47,1.93,0.0,0.79,0.0,0.23,0.0,0.38,0.0,1.4
2025-09-09 12:00:00+00:00,2.92,2.4,1.04,0.3,9.11,1.59,0.0,0.76,0.0,0.22,0.0,0.37,0.0,1.39
2025-09-09 13:00:00+00:00,1.18,1.34,0.36,0.28,4.62,1.53,0.0,0.76,0.0,0.31,0.0,0.36,0.0,1.35
2025-09-09 14:00:00+00:00,0.31,0.39,0.16,0.27,3.0,2.86,0.0,0.7,0.0,0.23,0.0,0.37,0.0,1.29
2025-09-09 15:00:00+00:00,0.73,0.64,0.46,0.23,4.27,3.27,0.0,0.58,0.0,0.25,0.0,0.37,0.0,0.94
2025-09-09 16:00:00+00:00,0.16,0.43,0.16,0.19,1.65,1.94,0.0,0.42,0.0,0.43,0.0,0.35,0.0,1.22
2025-09-09 17:00:00+00:00,0.1,0.56,0.0,0.2,0.27,2.03,0.0,0.29,0.0,1.46,0.0,0.41,0.0,1.4
2025-09-09 18:00:00+00:00,0.04,0.62,0.0,0.2,0.0,1.96,0.0,0.19,0.0,0.17,0.0,0.55,0.0,1.43
2025-09-09 19:00:00+00:00,0.0,0.35,0.0,0.19,0.0,1.76,0.0,0.23,0.0,0.24,0.0,0.64,0.0,1.45
2025-09-09 20:00:00+00:00,0.0,0.31,0.0,0.29,0.0,3.15,0.0,0.19,0.0,0.28,0.0,0.31,0.0,1.43
2025-09-09 21:00:00+00:00,0.0,0.33,0.0,0.28,0.0,2.57,0.0,0.15,0.0,0.25,0.0,0.12,0.0,1.46
2025-09-09 22:00:00+00:00,0.0,0.33,0.0,0.19,0.0,1.31,0.0,0.16,0.0,0.21,0.0,0.3,0.0,1.43
2025-09-09 23:00:00+00:00,0.0,0.32,0.0,0.19,0.0,1.31,0.0,0.09,0.0,0.23,0.0,0.31,0.0,1.45
2025-09-10 00:00:00+00:00,0.0,0.28,0.0,0.18,0.0,1.12,0.0,0.14,0.0,0.18,0.0,0.3,0.0,1.45
2025-09-10 01:00:00+00:00,0.0,0.26,0.0,0.18,0.0,1.28,0.0,0.1,0.0,0.23,0.0,0.32,0.0,1.46
2025-09-10 02:00:00+00:00,0.0,0.26,0.0,0.19,0.0,3.49,0.0,0.12,0.0,0.18,0.0,0.32,0.0,1.46
2025-09-10 03:00:00+00:00,0.0,0.24,0.0,0.19,0.0,1.51,0.0,0.15,0.0,0.2,0.0,0.32,0.0,1.47
2025-09-10 04:00:00+00:00,0.01,0.77,0.0,0.19,0.0,1.13,0.0,0.16,0.0,0.18,0.0,0.32,0.0,1.47
2025-09-10 05:00:00+00:00,0.07,0.54,0.0,0.34,0.01,1.14,0.0,0.3,0.0,0.22,0.0,0.34,0.0,1.93
2025-09-10 06:00:00+00:00,0.07,0.39,0.0,0.31,0.33,1.84,0.0,0.47,0.0,0.15,0.0,0.32,0.0,1.84
2025-09-10 07:00:00+00:00,0.05,0.15,0.03,0.28,1.19,1.77,0.0,0.49,0.0,0.16,0.0,0.29,0.0,1.55
2025-09-10 08:00:00+00:00,0.91,1.14,0.18,0.33,4.18,4.38,0.0,0.48,0.0,0.13,0.0,0.37,0.0,2.06
2025-09-10 09:00:00+00:00,0.75,0.69,0.13,0.27,3.65,1.35,0.0,0.39,0.0,0.15,0.0,0.38,0.0,1.52
2025-09-10 10:00:00+00:00,0.84,0.95,0.15,0.34,3.74,1.38,0.0,0.37,0.0,0.15,0.0,0.38,0.0,1.57
2025-09-10 11:00:00+00:00,1.53,0.92,0.36,0.38,5.7,1.55,0.0,0.31,0.0,0.14,0.0,0.38,0.0,1.53
2025-09-10 12:00:00+00:00,2.15,1.06,0.69,0.42,7.09,1.45,0.0,0.37,0.0,0.15,0.0,0.38,0.0,1.49
2025-09-10 13:00:00+00:00,1.19,1.23,0.39,0.4,5.02,3.3,0.0,0.4,0.0,0.12,0.0,0.38,0.0,1.36
2025-09-10 14:00:00+00:00,1.82,0.89,0.79,0.35,7.02,2.97,0.0,0.32,0.0,0.16,0.0,0.37,0.0,0.98
2025-09-10 15:00:00+00:00,0.58,0.49,0.44,0.3,3.65,1.53,0.0,0.25,0.0,0.12,0.0,0.39,0.0,0.88
2025-09-10 16:00:00+00:00,0.24,0.31,0.3,0.2,2.07,1.67,0.0,0.26,0.0,0.32,0.0,0.41,0.0,1.24
2025-09-10 17:00:00+00:00,0.07,0.32,0.0,0.22,0.17,1.67,0.0,0.24,0.0,0.25,0.0,0.38,0.0,1.41
2025-09-10 18:00:00+00:00,0.03,0.37,0.0,0.21,0.0,1.43,0.0,0.2,0.0,0.22,0.0,0.43,0.0,1.48
2025-09-10 19:00:00+00:00,0.0,0.35,0.0,0.2,0.0,3.64,0.0,0.21,0.0,0.18,0.0,0.44,0.0,1.49
2025-09-10 20:00:00+00:00,0.0,0.35,0.0,0.21,0.0,2.09,0.0,0.24,0.0,0.21,0.0,0.41,0.0,1.46
2025-09-10 21:00:00+00:00,0.0,0.35,0.0,0.21,0.0,1.28,0.0,0.16,0.0,0.16,0.0,0.3,0.0,1.49
2025-09-10 22:00:00+00:00,0.0,0.35,0.0,0.2,0.0,1.24,0.0,0.23,0.0,0.18,0.0,0.15,0.0,1.45
2025-09-10 23:00:00+00:00,0.0,0.34,0.0,0.21,0.0,1.16,0.0,0.21,0.0,0.17,0.0,0.22,0.0,1.47
2025-09-11 00:00:00+00:00,0.0,0.32,0.0,0.28,0.0,1.11,0.0,0.15,0.0,0.17,0.0,0.33,0.0,1.46
2025-09-11 01:00:00+00:00,0.0,0.55,0.0,0.31,0.0,4.15,0.0,0.2,0.0,0.19,0.0,0.33,0.0,1.47
2025-09-11 02:00:00+00:00,0.0,0.46,0.0,0.27,0.0,1.25,0.0,0.21,0.0,0.2,0.0,0.33,0.0,1.47
2025-09-11 03:00:00+00:00,0.0,0.26,0.0,0.19,0.0,1.06,0.0,0.35,0.0,0.19,0.0,0.33,0.0,1.49
2025-09-11 04:00:00+00:00,0.01,0.28,0.0,0.21,0.0,1.3,0.0,0.37,0.0,0.15,0.0,0.33,0.0,1.51
2025-09-11 05:00:00+00:00,0.05,0.22,0.0,0.21,0.2,1.23,0.0,0.49,0.0,0.2,0.0,0.31,0.0,1.63
2025-09-11 06:00:00+00:00,0.05,0.14,0.04,0.2,1.23,1.77,0.0,0.4,0.0,0.16,0.0,0.39,0.0,1.68
2025-09-11 07:00:00+00:00,0.24,0.26,0.05,0.2,2.14,3.97,0.0,0.42,0.0,0.17,0.0,0.4,0.0,1.77
2025-09-11 08:00:00+00:00,1.0,0.55,0.16,0.21,4.03,1.39,0.0,0.37,0.0,0.13,0.0,0.38,0.0,1.84
2025-09-11 09:00:00+00:00,2.28,1.76,0.43,0.31,7.62,1.43,0.0,0.38,0.0,0.16,0.0,0.38,0.0,1.55
2025-09-11 10:00:00+00:00,3.7,1.31,0.94,0.4,11.8,1.43,0.0,0.44,0.0,0.13,0.0,0.38,0.0,1.31
2025-09-11 11:00:00+00:00,3.66,1.33,1.08,0.48,11.23,1.45,0.0,0.44,0.0,0.15,0.0,0.37,0.0,1.28
2025-09-11 12:00:00+00:00,2.16,1.44,0.71,0.53,6.8,3.6,0.0,0.4,0.0,0.14,0.0,0.37,0.0,1.3
2025-09-11 13:00:00+00:00,0.16,0.37,0.05,0.31,1.64,2.67,0.0,0.49,0.0,0.19,0.0,0.34,0.0,1.36
2025-09-11 14:00:00+00:00,0.36,0.53,0.14,0.26,2.1,1.83,0.0,0.45,0.0,0.15,0.0,0.46,0.0,1.31
2025-09-11 15:00:00+00:00,0.16,0.29,0.14,0.24,1.75,1.74,0.0,0.36,0.0,0.12,0.0,0.51,0.0,1.22
2025-09-11 16:00:00+00:00,0.07,0.17,0.12,0.2,1.22,1.89,0.0,0.35,0.0,0.16,0.0,0.49,0.0,1.22
2025-09-11 17:00:00+00:00,0.07,0.34,0.0,0.22,0.23,1.77,0.0,0.27,0.0,0.12,0.0,1.17,0.0,1.27
2025-09-11 18:00:00+00:00,0.03,0.36,0.0,0.21,0.0,4.55,0.0,0.24,0.0,0.43,0.0,0.58,0.0,1.27
2025-09-11 19:00:00+00:00,0.0,0.66,0.0,0.21,0.0,1.84,0.0,0.24,0.0,0.36,0.0,0.6,0.0,1.3
2025-09-11 20:00:00+00:00,0.0,0.3,0.0,0.21,0.0,1.64,0.0,0.21,0.0,0.35,0.0,0.35,0.0,1.26
2025-09-11 21:00:00+00:00,0.0,0.32,0.0,0.2,0.0,1.45,0.0,0.18,0.0,0.36,0.0,0.14,0.0,1.28
2025-09-11 22:00:00+00:00,0.0,0.3,0.0,0.2,0.0,1.25,0.0,0.22,0.0,0.31,0.0,0.34,0.0,1.2
2025-09-11 23:00:00+00:00,0.0,0.27,0.0,0.2,0.0,1.27,0.0,0.24,0.0,0.23,0.0,0.38,0.0,1.25
2025-09-12 00:00:00+00:00,0.0,0.24,0.0,0.2,0.0,3.79,0.0,0.24,0.0,0.16,0.0,0.33,0.0,1.2
2025-09-12 01:00:00+00:00,0.0,0.26,0.0,0.2,0.0,0.91,0.0,0.22,0.0,0.18,0.0,0.33,0.0,1.25
2025-09-12 02:00:00+00:00,0.0,0.23,0.0,0.2,0.0,0.85,0.0,0.26,0.0,0.15,0.0,0.33,0.0,1.21
2025-09-12 03:00:00+00:00,0.0,0.26,0.0,0.19,0.0,0.92,0.0,0.32,0.0,0.19,0.0,0.33,0.0,1.25
2025-09-12 04:00:00+00:00,0.01,0.23,0.0,0.21,0.0,0.91,0.0,0.32,0.0,0.14,0.0,0.3,0.0,1.22
2025-09-12 05:00:00+00:00,0.03,0.29,0.0,0.18,0.01,2.23,0.0,0.41,0.0,0.19,0.0,0.4,0.0,1.57
2025-09-12 06:00:00+00:00,0.05,0.17,0.0,0.19,0.38,2.53,0.0,0.44,0.0,0.15,0.0,0.41,0.0,1.42
2025-09-12 07:00:00+00:00,0.28,0.67,0.06,0.24,2.03,0.98,0.0,0.64,0.0,0.19,0.0,0.33,0.0,1.57
2025-09-12 08:00:00+00:00,0.5,0.45,0.11,0.37,2.87,1.25,0.0,0.52,0.0,0.26,0.0,0.33,0.0,1.44
2025-09-12 09:00:00+00:00,0.93,1.34,0.19,0.34,4.27,1.39,0.0,0.39,0.0,0.46,0.0,0.35,0.0,1.27
2025-09-12 10:00:00+00:00,1.19,1.03,0.25,0.26,4.81,1.42,0.0,0.51,0.0,0.31,0.0,0.37,0.0,1.28
2025-09-12 11:00:00+00:00,1.94,0.97,0.47,0.31,7.05,4.26,0.0,0.61,0.0,0.3,0.0,0.37,0.0,1.18
2025-09-12 12:00:00+00:00,0.44,0.52,0.13,0.27,2.95,1.5,0.0,0.66,0.0,0.3,0.0,0.36,0.0,1.35
2025-09-12 13:00:00+00:00,1.09,1.09,0.35,0.27,4.46,2.02,0.0,0.65,0.0,0.23,0.0,0.38,0.0,1.16
2025-09-12 14:00:00+00:00,0.36,0.3,0.11,0.24,2.24,1.94,0.0,0.61,0.0,0.19,0.0,0.38,0.0,1.2
2025-09-12 15:00:00+00:00,0.25,0.25,0.13,0.27,1.99,1.81,0.0,0.54,0.0,0.12,0.0,0.98,0.0,1.12
2025-09-12 16:00:00+00:00,0.05,0.12,0.02,0.24,0.85,1.82,0.0,0.54,0.0,0.17,0.0,0.42,0.0,1.25
2025-09-12 17:00:00+00:00,0.07,0.29,0.0,0.24,0.1,4.81,0.0,0.37,0.0,0.27,0.0,0.44,0.0,1.22
2025-09-12 18:00:00+00:00,0.02,0.35,0.0,0.23,0.0,1.78,0.0,0.32,0.0,0.69,0.0,0.39,0.0,1.27
2025-09-12 19:00:00+00:00,0.0,0.16,0.0,0.22,0.0,1.18,0.0,0.24,0.0,0.3,0.0,0.37,0.0,1.23
2025-09-12 20:00:00+00:00,0.0,0.51,0.0,0.22,0.0,1.07,0.0,0.25,0.0,0.29,0.0,0.16,0.0,1.26
2025-09-12 21:00:00+00:00,0.0,0.18,0.0,0.21,0.0,1.03,0.0,0.22,0.0,0.3,0.0,0.24,0.0,1.23
2025-09-12 22:00:00+00:00,0.0,0.16,0.0,0.21,0.0,2.3,0.0,0.2,0.0,0.3,0.0,0.34,0.0,1.24
2025-09-12 23:00:00+00:00,0.0,0.17,0.0,0.21,0.0,2.25,0.0,0.25,0.0,0.28,0.0,0.33,0.0,1.22
2025-09-13 00:00:00+00:00,0.0,0.16,0.0,0.2,0.0,0.86,0.0,0.23,0.0,0.24,0.0,0.33,0.0,1.24
2025-09-13 01:00:00+00:00,0.0,0.17,0.0,0.18,0.0,0.88,0.0,0.23,0.0,0.25,0.0,0.33,0.0,1.26
2025-09-13 02:00:00+00:00,0.0,0.15,0.0,0.17,0.0,0.93,0.0,0.24,0.0,0.23,0.0,0.32,0.0,1.27
2025-09-13 03:00:00+00:00,0.0,0.16,0.0,0.17,0.0,0.91,0.0,0.25,0.0,0.25,0.0,0.31,0.0,1.3
2025-09-13 04:00:00+00:00,0.01,0.17,0.0,0.18,0.0,3.93,0.0,0.29,0.0,0.15,0.0,0.37,0.0,1.34
2025-09-13 05:00:00+00:00,0.04,0.52,0.0,0.18,0.27,1.17,0.0,0.28,0.0,0.19,0.0,0.37,0.0,1.35
2025-09-13 06:00:00+00:00,0.25,0.22,0.06,0.18,2.56,1.15,0.0,0.28,0.0,0.16,0.0,0.33,0.0,1.33
2025-09-13 07:00:00+00:00,0.79,0.47,0.1,0.23,5.57,1.31,0.0,0.29,0.0,0.18,0.0,0.44,0.0,1.3
2025-09-13 08:00:00+00:00,1.58,0.66,0.24,0.31,7.22,1.36,0.0,0.21,0.0,0.17,0.0,0.42,0.0,1.29
2025-09-13 09:00:00+00:00,2.23,0.8,0.52,0.32,8.89,1.93,0.0,0.22,0.0,0.16,0.0,0.77,0.0,1.25
2025-09-13 10:00:00+00:00,2.59,1.03,0.68,0.35,9.01,3.71,0.0,0.3,0.0,0.2,0.0,0.56,0.0,1.21
2025-09-13 11:00:00+00:00,2.06,0.89,0.49,0.36,6.94,1.36,0.0,0.29,0.0,0.24,0.0,0.63,0.0,1.14
2025-09-13 12:00:00+00:00,2.19,1.25,0.58,0.37,7.11,1.56,0.0,0.21,0.0,0.28,0.0,0.44,0.0,1.12
2025-09-13 13:00:00+00:00,1.54,0.69,0.44,0.35,5.58,1.67,0.0,0.25,0.0,0.26,0.0,1.01,0.0,1.08
2025-09-13 14:00:00+00:00,0.65,0.45,0.18,0.2,3.26,1.35,0.0,0.25,0.0,0.44,0.0,0.58,0.0,1.2
2025-09-13 15:00:00+00:00,0.37,0.31,0.15,0.2,2.41,2.83,0.0,0.24,0.0,0.27,0.0,1.2,0.0,1.13
2025-09-13 16:00:00+00:00,0.1,0.14,0.05,0.2,1.2,3.26,0.0,0.22,0.0,0.29,0.0,0.44,0.0,1.23
2025-09-13 17:00:00+00:00,0.04,0.19,0.0,0.22,0.03,1.83,0.0,0.15,0.0,0.22,0.0,0.43,0.0,1.29
2025-09-13 18:00:00+00:00,0.01,0.2,0.0,0.2,0.0,1.64,0.0,0.19,0.0,0.23,0.0,0.44,0.0,1.27
2025-09-13 19:00:00+00:00,0.0,0.2,0.0,0.21,0.0,1.8,0.0,0.19,0.0,0.25,0.0,0.5,0.0,1.29
2025-09-13 20:00:00+00:00,0.0,0.15,0.0,0.2,0.0,1.66,0.0,0.12,0.0,0.28,0.0,0.47,0.0,1.29
2025-09-13 21:00:00+00:00,0.0,0.16,0.0,0.2,0.0,3.08,0.0,0.14,0.0,0.29,0.0,0.46,0.0,1.3
2025-09-13 22:00:00+00:00,0.0,0.17,0.0,0.2,0.0,2.31,0.0,0.12,0.0,0.25,0.0,0.63,0.0,1.26
2025-09-13 23:00:00+00:00,0.0,0.56,0.0,0.2,0.0,1.14,0.0,0.12,0.0,0.16,0.0,0.34,0.0,1.3
2025-09-14 00:00:00+00:00,0.0,0.15,0.0,0.2,0.0,0.94,0.0,0.14,0.0,0.19,0.0,0.22,0.0,1.28
2025-09-14 01:00:00+00:00,0.0,0.15,0.0,0.2,0.0,0.87,0.0,0.16,0.0,0.16,0.0,0.31,0.0,1.32
2025-09-14 02:00:00+00:00,0.0,0.14,0.0,0.2,0.0,0.84,0.0,0.19,0.0,0.17,0.0,0.32,0.0,1.29
2025-09-14 03:00:00+00:00,0.0,0.16,0.0,0.2,0.0,3.3,0.0,0.24,0.0,0.18,0.0,0.32,0.0,1.33
2025-09-14 04:00:00+00:00,0.01,0.18,0.0,0.19,0.0,1.28,0.0,0.11,0.0,0.15,0.0,0.33,0.0,1.3
2025-09-14 05:00:00+00:00,0.02,0.13,0.0,0.21,0.13,0.96,0.0,0.14,0.0,0.19,0.0,0.33,0.0,1.32
2025-09-14 06:00:00+00:00,0.07,0.11,0.02,0.17,1.01,1.22,0.0,0.15,0.0,0.15,0.0,0.2,0.0,1.29
2025-09-14 07:00:00+00:00,0.24,0.22,0.06,0.17,2.09,1.35,0.0,0.13,0.0,0.2,0.0,0.15,0.0,1.28
2025-09-14 08:00:00+00:00,0.55,0.4,0.09,0.18,2.89,1.35,0.0,0.14,0.0,0.22,0.0,0.38,0.0,1.23
2025-09-14 09:00:00+00:00,1.45,1.18,0.37,0.21,6.38,4.22,0.0,0.14,0.0,0.26,0.0,0.43,0.0,1.24
2025-09-14 10:00:00+00:00,2.9,0.99,0.85,0.41,9.28,1.58,0.0,0.12,0.0,0.53,0.0,0.41,0.0,1.18
2025-09-14 11:00:00+00:00,3.86,1.06,1.17,0.36,11.49,1.49,0.0,0.12,0.0,0.23,0.0,0.43,0.0,1.16
2025-09-14 12:00:00+00:00,3.34,1.02,1.23,0.36,9.71,1.43,0.0,0.11,0.0,0.28,0.0,0.47,0.0,1.16
2025-09-14 13:00:00+00:00,2.65,0.95,1.14,0.24,8.38,1.39,0.0,0.12,0.0,0.2,0.0,0.44,0.0,0.98
2025-09-14 14:00:00+00:00,0.95,0.56,0.35,0.19,4.29,1.57,0.0,0.16,0.0,0.26,0.0,0.43,0.0,0.99
2025-09-14 15:00:00+00:00,0.48,0.36,0.33,0.22,3.2,4.59,0.0,0.12,0.0,0.25,0.0,0.43,0.0,0.98
2025-09-14 16:00:00+00:00,0.05,0.15,0.03,0.21,0.73,1.47,0.0,0.14,0.0,0.27,0.0,0.41,0.0,1.19
2025-09-14 17:00:00+00:00,0.06,0.31,0.0,0.22,0.01,1.51,0.0,0.12,0.0,0.32,0.0,0.41,0.0,1.32
2025-09-14 18:00:00+00:00,0.02,0.29,0.0,0.21,0.0,1.34,0.0,0.12,0.0,0.28,0.0,0.46,0.0,1.26
2025-09-14 19:00:00+00:00,0.0,0.67,0.0,0.21,0.0,1.44,0.0,0.15,0.0,0.32,0.0,0.65,0.0,1.32
2025-09-14 20:00:00+00:00,0.0,0.3,0.0,0.2,0.0,1.49,0.0,0.12,0.0,0.26,0.0,0.4,0.0,1.29
2025-09-14 21:00:00+00:00,0.0,0.25,0.0,0.2,0.0,4.18,0.0,0.12,0.0,0.32,0.0,0.2,0.0,1.34
2025-09-14 22:00:00+00:00,0.0,0.26,0.0,0.2,0.0,1.32,0.0,0.12,0.0,0.34,0.0,0.35,0.0,1.33
2025-09-14 23:00:00+00:00,0.0,0.27,0.0,0.2,0.0,1.3,0.0,0.12,0.0,0.33,0.0,0.38,0.0,1.38
2025-09-15 00:00:00+00:00,0.0,0.25,0.0,0.2,0.0,1.3,0.0,0.12,0.0,0.35,0.0,0.38,0.0,1.38
2025-09-15 01:00:00+00:00,0.0,0.24,0.0,0.2,0.0,1.3,0.0,0.11,0.0,0.31,0.0,0.39,0.0,1.38
2025-09-15 02:00:00+00:00,0.0,0.25,0.0,0.2,0.0,1.29,0.0,0.28,0.0,0.35,0.0,0.39,0.0,1.39
2025-09-15 03:00:00+00:00,0.0,0.27,0.0,0.2,0.0,4.16,0.0,0.24,0.0,0.25,0.0,0.39,0.0,1.37
2025-09-15 04:00:00+00:00,0.01,0.61,0.0,0.27,0.0,1.44,0.0,0.28,0.0,0.24,0.0,0.39,0.0,1.42
2025-09-15 05:00:00+00:00,0.04,0.2,0.0,0.31,0.36,1.68,0.0,0.39,0.0,0.2,0.0,0.39,0.0,1.75
2025-09-15 06:00:00+00:00,0.16,0.29,0.05,0.28,2.72,2.17,0.0,0.49,0.0,0.22,0.0,0.44,0.0,1.95
2025-09-15 07:00:00+00:00,0.82,0.54,0.06,0.3,6.55,1.91,0.0,0.64,0.0,0.25,0.0,0.34,0.0,2.62
2025-09-15 08:00:00+00:00,1.66,0.86,0.21,0.34,7.91,1.53,0.0,0.64,0.0,0.23,0.0,0.41,0.0,2.23
2025-09-15 09:00:00+00:00,2.27,2.29,0.56,0.46,8.86,1.9,0.0,0.63,0.0,0.27,0.0,0.42,0.0,1.99
2025-09-15 10:00:00+00:00,3.07,1.78,0.88,0.56,10.24,1.68,0.0,0.73,0.0,0.23,0.0,0.43,0.0,1.49
2025-09-15 11:00:00+00:00,2.95,1.14,0.89,0.54,9.16,1.78,0.0,0.88,0.0,0.25,0.0,0.5,0.0,1.27
2025-09-15 12:00:00+00:00,3.29,1.25,1.19,0.36,9.66,1.78,0.0,0.74,0.0,0.57,0.0,0.53,0.0,1.26
2025-09-15 13:00:00+00:00,2.56,1.17,1.17,0.27,8.44,1.66,0.0,0.71,0.0,0.25,0.0,0.51,0.0,1.14
2025-09-15 14:00:00+00:00,1.74,1.36,1.06,0.3,6.65,1.41,0.0,0.62,0.0,0.32,0.0,0.83,0.0,0.75
2025-09-15 15:00:00+00:00,0.6,0.51,0.76,0.59,4.26,1.5,0.0,0.57,0.0,0.19,0.0,0.78,0.0,0.81
2025-09-15 16:00:00+00:00,0.09,0.23,0.17,0.3,0.73,1.96,0.0,0.46,0.0,0.2,0.0,0.38,0.0,1.22
2025-09-15 17:00:00+00:00,0.06,0.33,0.0,0.34,0.03,1.84,0.0,0.32,0.0,0.19,0.0,0.39,0.0,1.3
2025-09-15 18:00:00+00:00,0.01,0.29,0.0,0.4,0.0,1.82,0.0,0.21,0.0,0.21,0.0,0.68,0.0,1.31
2025-09-15 19:00:00+00:00,0.0,0.31,0.0,0.23,0.0,1.86,0.0,0.19,0.0,0.23,0.0,0.36,0.0,1.39
2025-09-15 20:00:00+00:00,0.0,0.25,0.0,0.21,0.0,1.76,0.0,0.22,0.0,0.29,0.0,0.16,0.0,1.33
2025-09-15 21:00:00+00:00,0.0,0.27,0.0,0.21,0.0,1.3,0.0,0.18,0.0,0.39,0.0,0.2,0.0,1.37
2025-09-15 22:00:00+00:00,0.0,0.59,0.0,0.21,0.0,1.26,0.0,0.15,0.0,0.28,0.0,0.38,0.0,1.34
2025-09-15 23:00:00+00:00,0.0,0.26,0.0,0.2,0.0,1.25,0.0,0.11,0.0,0.3,0.0,0.37,0.0,1.32
2025-09-16 00:00:00+00:00,0.0,0.26,0.0,0.21,0.0,1.25,0.0,0.14,0.0,0.18,0.0,0.39,0.0,1.31
2025-09-16 01:00:00+00:00,0.0,0.25,0.0,0.2,0.0,1.26,0.0,0.12,0.0,0.23,0.0,0.39,0.0,1.26
2025-09-16 02:00:00+00:00,0.0,0.25,0.0,0.18,0.0,1.28,0.0,0.17,0.0,0.21,0.0,0.39,0.0,1.3
2025-09-16 03:00:00+00:00,0.0,0.25,0.0,0.17,0.0,1.24,0.0,0.19,0.0,0.21,0.0,0.38,0.0,1.22
2025-09-16 04:00:00+00:00,0.01,0.26,0.0,0.17,0.0,1.33,0.0,0.25,0.0,0.22,0.0,0.33,0.0,1.29
2025-09-16 05:00:00+00:00,0.04,0.21,0.0,0.16,0.15,1.08,0.0,0.25,0.0,0.19,0.0,0.39,0.0,2.04
2025-09-16 06:00:00+00:00,0.09,0.11,0.03,0.22,1.34,1.95,0.0,0.63,0.0,0.25,0.0,0.38,0.0,1.86
2025-09-16 07:00:00+00:00,0.31,0.62,0.07,0.27,2.26,5.41,0.0,0.57,0.0,0.29,0.0,0.36,0.0,1.51
2025-09-16 08:00:00+00:00,0.33,0.26,0.1,0.2,2.55,3.81,0.0,0.56,0.0,0.38,0.0,0.37,0.0,2.07
2025-09-16 09:00:00+00:00,1.59,1.34,0.39,0.34,6.61,1.73,0.0,0.54,0.0,0.34,0.0,0.41,0.0,1.45
2025-09-16 10:00:00+00:00,2.53,1.06,0.67,0.36,8.1,1.52,0.0,0.42,0.0,0.34,0.0,0.42,0.0,1.2
2025-09-16 11:00:00+00:00,2.66,0.89,0.89,0.32,8.69,1.57,0.0,0.54,0.0,0.39,0.0,0.42,0.0,1.33
2025-09-16 12:00:00+00:00,2.09,1.68,0.56,0.27,6.85,1.55,0.0,0.63,0.0,0.4,0.0,0.42,0.0,1.32
2025-09-16 13:00:00+00:00,2.1,1.15,0.6,0.3,7.22,1.86,0.0,0.73,0.0,0.3,0.0,0.4,0.0,1.16
2025-09-16 14:00:00+00:00,1.26,0.82,0.41,0.22,4.99,4.16,0.0,0.67,0.0,0.2,0.0,0.41,0.0,1.01
2025-09-16 15:00:00+00:00,0.26,0.37,0.12,0.22,2.21,1.55,0.0,0.6,0.0,0.21,0.0,0.42,0.0,1.22
2025-09-16 16:00:00+00:00,0.08,0.3,0.02,0.24,0.73,2.0,0.0,0.35,0.0,0.2,0.0,0.8,0.0,1.25
2025-09-16 17:00:00+00:00,0.06,0.31,0.0,0.25,0.03,1.49,0.0,0.15,0.0,0.23,0.0,0.57,0.0,1.31
2025-09-16 18:00:00+00:00,0.01,0.27,0.0,0.28,0.0,2.22,0.0,0.17,0.0,0.25,0.0,0.67,0.0,1.26
2025-09-16 19:00:00+00:00,0.0,0.57,0.0,0.21,0.0,1.23,0.0,0.14,0.0,0.26,0.0,0.38,0.0,1.27
2025-09-16 20:00:00+00:00,0.0,0.25,0.0,0.24,0.0,0.98,0.0,0.14,0.0,0.23,0.0,0.21,0.0,1.25
2025-09-16 21:00:00+00:00,0.0,0.24,0.0,0.2,0.0,0.87,0.0,0.14,0.0,0.21,0.0,0.21,0.0,1.24
2025-09-16 22:00:00+00:00,0.0,0.25,0.0,0.2,0.0,0.85,0.0,0.14,0.0,0.16,0.0,0.26,0.0,1.24
2025-09-16 23:00:00+00:00,0.0,0.13,0.0,0.28,0.0,0.85,0.0,0.14,0.0,0.21,0.0,0.32,0.0,1.22
2025-09-17 00:00:00+00:00,0.0,0.16,0.0,0.26,0.0,0.85,0.0,0.14,0.0,0.13,0.0,0.33,0.0,1.24
2025-09-17 01:00:00+00:00,0.0,0.16,0.0,0.19,0.0,0.84,0.0,0.14,0.0,0.17,0.0,0.33,0.0,1.22
2025-09-17 02:00:00+00:00,0.0,0.14,0.0,0.19,0.0,0.84,0.0,0.14,0.0,0.12,0.0,0.3,0.0,1.22
2025-09-17 03:00:00+00:00,0.0,0.16,0.0,0.19,0.0,0.86,0.0,0.21,0.0,0.17,0.0,0.23,0.0,1.22
2025-09-17 04:00:00+00:00,0.01,0.24,0.0,0.2,0.0,1.06,0.0,0.28,0.0,0.13,0.0,0.25,0.0,1.22
2025-09-17 05:00:00+00:00,0.02,0.39,0.0,0.21,0.23,1.34,0.0,0.37,0.0,0.17,0.0,0.32,0.0,1.3
2025-09-17 06:00:00+00:00,0.14,0.16,0.03,0.25,1.65,1.37,0.0,0.37,0.0,0.14,0.0,0.27,0.0,1.45
2025-09-17 07:00:00+00:00,0.88,0.5,0.09,0.35,6.4,1.28,0.0,0.48,0.0,0.15,0.0,0.34,0.0,1.78
2025-09-17 08:00:00+00:00,1.68,0.85,0.27,0.39,7.5,1.4,0.0,0.46,0.0,0.15,0.0,0.35,0.0,1.66
2025-09-17 09:00:00+00:00,1.78,1.91,0.34,0.43,6.41,1.47,0.0,0.39,0.0,0.15,0.0,0.42,0.0,1.57
2025-09-17 10:00:00+00:00,2.23,1.02,0.55,0.38,7.69,1.49,0.0,0.28,0.0,0.16,0.0,0.42,0.0,1.8
2025-09-17 11:00:00+00:00,3.3,1.1,1.08,0.36,10.17,1.47,0.0,0.23,0.0,0.13,0.0,0.41,0.0,1.7
2025-09-17 12:00:00+00:00,2.58,1.0,0.74,0.35,7.76,1.47,0.0,0.3,0.0,0.18,0.0,0.4,0.0,1.27
2025-09-17 13:00:00+00:00,2.24,0.97,0.93,0.35,7.49,1.43,0.0,0.29,0.0,0.12,0.0,0.42,0.0,1.19
2025-09-17 14:00:00+00:00,1.78,0.77,1.02,0.37,6.86,1.51,0.0,0.27,0.0,0.19,0.0,0.43,0.0,0.85
2025-09-17 15:00:00+00:00,0.61,0.77,0.79,0.44,4.18,1.64,0.0,0.24,0.0,0.14,0.0,0.39,0.0,0.93
2025-09-17 16:00:00+00:00,0.09,0.16,0.23,0.3,1.08,1.43,0.0,0.21,0.0,0.36,0.0,0.38,0.0,1.28
2025-09-17 17:00:00+00:00,0.04,0.17,0.0,0.24,0.06,1.64,0.0,0.06,0.0,0.19,0.0,0.38,0.0,1.22
2025-09-17 18:00:00+00:00,0.01,0.2,0.0,0.22,0.0,1.52,0.0,0.06,0.0,0.13,0.0,1.04,0.0,1.27
2025-09-17 19:00:00+00:00,0.0,0.25,0.0,0.22,0.0,1.42,0.0,0.06,0.0,0.3,0.0,0.43,0.0,1.23
2025-09-17 20:00:00+00:00,0.0,0.25,0.0,0.19,0.0,1.51,0.0,0.05,0.0,0.35,0.0,0.26,0.0,1.26
2025-09-17 21:00:00+00:00,0.0,0.25,0.0,0.19,0.0,1.42,0.0,0.06,0.0,0.43,0.0,0.12,0.0,1.24
2025-09-17 22:00:00+00:00,0.0,0.24,0.0,0.23,0.0,1.02,0.0,0.06,0.0,0.33,0.0,0.26,0.0,1.24
2025-09-17 23:00:00+00:00,0.0,0.24,0.0,0.2,0.0,0.9,0.0,0.05,0.0,0.24,0.0,0.34,0.0,1.25
2025-09-18 00:00:00+00:00,0.0,0.23,0.0,0.2,0.0,0.85,0.0,0.05,0.0,0.19,0.0,0.33,0.0,1.24
2025-09-18 01:00:00+00:00,0.0,0.6,0.0,0.2,0.0,0.93,0.0,0.06,0.0,0.22,0.0,0.33,0.0,1.31
2025-09-18 02:00:00+00:00,0.0,0.25,0.0,0.2,0.0,0.85,0.0,0.06,0.0,0.19,0.0,0.32,0.0,1.27
2025-09-18 03:00:00+00:00,0.0,0.25,0.0,0.2,0.0,0.84,0.0,0.12,0.0,0.16,0.0,0.31,0.0,1.31
2025-09-18 04:00:00+00:00,0.01,0.22,0.0,0.2,0.0,0.93,0.0,0.2,0.0,0.15,0.0,0.32,0.0,1.24
2025-09-18 05:00:00+00:00,0.04,0.22,0.0,0.25,0.34,1.05,0.0,0.38,0.0,0.14,0.0,0.33,0.0,1.41
2025-09-18 06:00:00+00:00,0.13,0.14,0.05,0.27,2.57,1.39,0.0,0.45,0.0,0.17,0.0,0.45,0.0,1.42
2025-09-18 07:00:00+00:00,0.76,1.76,0.06,0.3,6.65,1.38,0.0,0.42,0.0,0.14,0.0,0.4,0.0,1.74
2025-09-18 08:00:00+00:00,1.72,1.46,0.24,0.38,8.01,1.47,0.0,0.34,0.0,0.21,0.0,0.42,0.0,1.78
2025-09-18 09:00:00+00:00,2.33,1.12,0.6,0.4,9.32,5.28,0.0,0.51,0.0,0.27,0.0,0.42,0.0,1.7
2025-09-18 10:00:00+00:00,2.91,1.18,0.89,0.46,9.97,2.34,0.0,0.47,0.0,0.34,0.0,0.4,0.0,1.38
2025-09-18 11:00:00+00:00,3.06,1.22,1.09,0.44,9.77,0.55,0.0,0.45,0.0,0.48,0.0,0.41,0.0,1.57
2025-09-18 12:00:00+00:00,2.97,1.65,1.2,0.44,8.98,0.56,0.0,0.6,0.0,0.4,0.0,0.42,0.0,1.61
2025-09-18 13:00:00+00:00,2.42,1.0,1.18,0.43,8.1,0.83,0.0,0.55,0.0,0.31,0.0,0.42,0.0,1.43
2025-09-18 14:00:00+00:00,1.56,0.79,1.06,0.44,6.47,0.82,0.0,0.43,0.0,0.31,0.0,0.42,0.0,0.74
2025-09-18 15:00:00+00:00,0.5,0.4,0.81,0.4,4.24,0.82,0.0,0.45,0.0,0.27,0.0,0.46,0.0,1.08
2025-09-18 16:00:00+00:00,0.07,0.18,0.24,0.35,1.03,0.77,0.0,0.29,0.0,0.29,0.0,0.42,0.0,1.37
2025-09-18 17:00:00+00:00,0.05,0.31,0.0,0.25,0.05,1.05,0.0,0.13,0.0,0.25,0.0,1.11,0.0,1.34
2025-09-18 18:00:00+00:00,0.01,0.3,0.0,0.25,0.0,1.1,0.0,0.11,0.0,0.33,0.0,0.47,0.0,1.28
2025-09-18 19:00:00+00:00,0.0,0.28,0.0,0.24,0.0,0.66,0.0,0.11,0.0,0.3,0.0,0.4,0.0,1.3
2025-09-18 20:00:00+00:00,0.0,0.25,0.0,0.24,0.0,0.55,0.0,0.19,0.0,0.33,0.0,0.27,0.0,1.28
2025-09-18 21:00:00+00:00,0.0,0.55,0.0,0.23,0.0,0.49,0.0,0.08,0.0,0.31,0.0,0.2,0.0,1.29
2025-09-18 22:00:00+00:00,0.0,0.25,0.0,0.22,0.0,0.45,0.0,0.08,0.0,0.33,0.0,0.34,0.0,1.27
2025-09-18 23:00:00+00:00,0.0,0.24,0.0,0.25,0.0,0.42,0.0,0.05,0.0,0.27,0.0,0.33,0.0,1.29
2025-09-19 00:00:00+00:00,0.0,0.25,0.0,0.24,0.0,0.41,0.0,0.06,0.0,0.16,0.0,0.33,0.0,1.26
2025-09-19 01:00:00+00:00,0.0,0.22,0.0,0.22,0.0,0.42,0.0,0.06,0.0,0.14,0.0,0.32,0.0,1.29
2025-09-19 02:00:00+00:00,0.0,0.25,0.0,0.22,0.0,0.44,0.0,0.06,0.0,0.14,0.0,0.32,0.0,1.24
2025-09-19 03:00:00+00:00,0.0,0.26,0.0,0.22,0.0,0.47,0.0,0.12,0.0,0.14,0.0,0.32,0.0,1.29
2025-09-19 04:00:00+00:00,0.01,0.24,0.0,0.22,0.0,0.49,0.0,0.2,0.0,0.13,0.0,0.35,0.0,1.22
2025-09-19 05:00:00+00:00,0.04,0.22,0.0,0.24,0.33,0.55,0.0,0.32,0.0,0.15,0.0,0.33,0.0,2.35
2025-09-19 06:00:00+00:00,0.17,0.55,0.05,0.28,2.46,0.54,0.0,0.36,0.0,0.13,0.0,0.43,0.0,2.25
2025-09-19 07:00:00+00:00,0.79,1.03,0.07,0.3,6.6,0.52,0.0,0.42,0.0,0.17,0.0,0.44,0.0,2.49
2025-09-19 08:00:00+00:00,1.65,2.45,0.26,0.43,7.93,0.68,0.0,0.42,0.0,0.23,0.0,0.41,0.0,2.46
2025-09-19 09:00:00+00:00,2.29,1.22,0.61,0.46,9.27,0.55,0.0,0.39,0.0,0.25,0.0,0.46,0.0,1.79
2025-09-19 10:00:00+00:00,2.89,1.17,0.9,0.46,9.92,5.98,0.0,0.44,0.0,0.2,0.0,0.45,0.0,1.47
2025-09-19 11:00:00+00:00,3.05,1.23,1.1,0.46,9.71,2.23,0.0,0.49,0.0,0.25,0.0,0.42,0.0,1.93
2025-09-19 12:00:00+00:00,2.89,1.21,1.19,0.4,8.77,1.44,0.0,0.49,0.0,0.2,0.0,0.46,0.0,2.15
2025-09-19 13:00:00+00:00,2.3,1.5,1.17,0.45,7.84,1.42,0.0,0.45,0.0,0.24,0.0,0.51,0.0,1.94
2025-09-19 14:00:00+00:00,1.44,0.79,1.03,0.4,6.2,1.53,0.0,0.46,0.0,0.19,0.0,0.43,0.0,1.11
2025-09-19 15:00:00+00:00,0.46,0.37,0.78,0.37,4.02,1.56,0.0,0.28,0.0,0.23,0.0,0.42,0.0,1.18
2025-09-19 16:00:00+00:00,0.07,0.2,0.22,0.32,0.88,1.66,0.0,0.27,0.0,0.19,0.0,1.28,0.0,1.54
2025-09-19 17:00:00+00:00,0.05,0.33,0.0,0.21,0.04,1.74,0.0,0.13,0.0,0.22,0.0,0.82,0.0,1.61
2025-09-19 18:00:00+00:00,0.02,0.29,0.0,0.22,0.0,1.88,0.0,0.12,0.0,0.16,0.0,0.46,0.0,1.63
2025-09-19 19:00:00+00:00,0.0,0.3,0.0,0.22,0.0,1.92,0.0,0.11,0.0,0.15,0.0,0.51,0.0,1.65
2025-09-19 20:00:00+00:00,0.0,0.26,0.0,0.23,0.0,1.75,0.0,0.12,0.0,0.16,0.0,0.44,0.0,1.64
2025-09-19 21:00:00+00:00,0.0,0.62,0.0,0.22,0.0,1.39,0.0,0.09,0.0,0.24,0.0,0.45,0.0,1.7
2025-09-19 22:00:00+00:00,0.0,0.26,0.0,0.22,0.0,1.28,0.0,0.06,0.0,0.27,0.0,0.32,0.0,1.65
2025-09-19 23:00:00+00:00,0.0,0.27,0.0,0.2,0.0,1.32,0.0,0.05,0.0,0.28,0.0,0.16,0.0,1.68
2025-09-20 00:00:00+00:00,0.0,0.25,0.0,0.18,0.0,1.3,0.0,0.06,0.0,0.27,0.0,0.25,0.0,1.66
2025-09-20 01:00:00+00:00,0.0,0.26,0.0,0.16,0.0,1.29,0.0,0.06,0.0,0.15,0.0,0.34,0.0,1.67
2025-09-20 02:00:00+00:00,0.0,0.26,0.0,0.21,0.0,1.28,0.0,0.06,0.0,0.16,0.0,0.16,0.0,1.68
2025-09-20 03:00:00+00:00,0.0,0.25,0.0,0.18,0.0,1.28,0.0,0.05,0.0,0.13,0.0,0.18,0.0,1.6
2025-09-20 04:00:00+00:00,0.01,0.24,0.0,0.19,0.0,1.34,0.0,0.05,0.0,0.16,0.0,0.12,0.0,1.49
2025-09-20 05:00:00+00:00,0.04,0.26,0.0,0.2,0.29,1.42,0.0,0.06,0.0,0.12,0.0,0.24,0.0,1.51
2025-09-20 06:00:00+00:00,0.12,0.15,0.05,0.19,2.24,1.36,0.0,0.07,0.0,0.16,0.0,0.52,0.0,1.39
2025-09-20 07:00:00+00:00,0.75,0.8,0.07,0.24,6.28,1.39,0.0,0.06,0.0,0.16,0.0,0.55,0.0,1.34
2025-09-20 08:00:00+00:00,1.57,0.93,0.26,0.31,7.59,1.38,0.0,0.05,0.0,0.26,0.0,0.36,0.0,1.31
2025-09-20 09:00:00+00:00,2.17,1.04,0.61,0.32,8.94,1.42,0.0,0.06,0.0,0.2,0.0,0.26,0.0,1.21
2025-09-20 10:00:00+00:00,2.69,0.97,0.89,0.34,9.62,1.53,0.0,0.06,0.0,0.25,0.0,0.31,0.0,1.17
2025-09-20 11:00:00+00:00,2.88,1.04,1.08,0.34,9.38,1.5,0.0,0.05,0.0,0.21,0.0,0.84,0.0,1.21
2025-09-20 12:00:00+00:00,2.73,1.02,1.16,0.34,8.46,1.41,0.0,0.1,0.0,0.26,0.0,0.41,0.0,1.18
2025-09-20 13:00:00+00:00,2.2,0.95,1.14,0.33,7.59,1.4,0.0,0.14,0.0,0.22,0.0,0.23,0.0,1.06
2025-09-20 14:00:00+00:00,1.2,0.7,0.95,0.36,5.63,1.42,0.0,0.12,0.0,0.23,0.0,0.44,0.0,0.77
2025-09-20 15:00:00+00:00,0.42,0.37,0.72,0.34,3.78,1.37,0.0,0.12,0.0,0.21,0.0,0.48,0.0,1.09
2025-09-20 16:00:00+00:00,0.06,0.22,0.22,0.19,0.79,1.53,0.0,0.13,0.0,0.22,0.0,0.58,0.0,1.38
2025-09-20 17:00:00+00:00,0.05,0.34,0.0,0.23,0.02,1.79,0.0,0.13,0.0,0.21,0.0,0.55,0.0,1.47
2025-09-20 18:00:00+00:00,0.02,0.71,0.0,0.23,0.0,1.68,0.0,0.13,0.0,0.21,0.0,0.91,0.0,1.54
2025-09-20 19:00:00+00:00,0.0,0.31,0.0,0.23,0.0,1.49,0.0,0.12,0.0,0.2,0.0,0.3,0.0,1.61
2025-09-20 20:00:00+00:00,0.0,0.26,0.0,0.23,0.0,1.51,0.0,0.12,0.0,0.25,0.0,0.39,0.0,1.61
2025-09-20 21:00:00+00:00,0.0,0.28,0.0,0.22,0.0,1.31,0.0,0.15,0.0,0.21,0.0,0.44,0.0,1.74
2025-09-20 22:00:00+00:00,0.0,0.27,0.0,0.22,0.0,1.25,0.0,0.1,0.0,0.14,0.0,0.42,0.0,1.67
2025-09-20 23:00:00+00:00,0.0,0.25,0.0,0.2,0.0,1.25,0.0,0.15,0.0,0.16,0.0,0.41,0.0,1.74
2025-09-21 00:00:00+00:00,0.0,0.25,0.0,0.2,0.0,1.24,0.0,0.12,0.0,0.14,0.0,0.2,0.0,1.7
2025-09-21 01:00:00+00:00,0.0,0.27,0.0,0.2,0.0,1.29,0.0,0.12,0.0,0.2,0.0,0.15,0.0,1.73
2025-09-21 02:00:00+00:00,0.0,0.26,0.0,0.19,0.0,1.28,0.0,0.08,0.0,0.16,0.0,0.36,0.0,1.73
2025-09-21 03:00:00+00:00,0.0,0.26,0.0,0.21,0.0,1.25,0.0,0.1,0.0,0.23,0.0,0.39,0.0,1.68
2025-09-21 04:00:00+00:00,0.02,0.67,0.0,0.2,0.0,1.44,0.0,0.09,0.0,0.16,0.0,0.39,0.0,1.71
2025-09-21 05:00:00+00:00,0.04,0.2,0.0,0.2,0.27,1.65,0.0,0.14,0.0,0.19,0.0,0.4,0.0,1.65
2025-09-21 06:00:00+00:00,0.08,0.15,0.03,0.2,1.22,1.69,0.0,0.08,0.0,0.18,0.0,0.56,0.0,1.54
2025-09-21 07:00:00+00:00,0.65,0.44,0.1,0.24,5.59,1.78,0.0,0.06,0.0,0.24,0.0,0.55,0.0,1.47
2025-09-21 08:00:00+00:00,1.45,0.83,0.28,0.34,7.47,1.42,0.0,0.06,0.0,0.24,0.0,0.43,0.0,1.39
2025-09-21 09:00:00+00:00,1.91,0.96,0.56,0.32,8.49,1.62,0.0,0.05,0.0,0.28,0.0,0.43,0.0,1.21
2025-09-21 10:00:00+00:00,2.56,0.93,0.84,0.34,9.27,1.45,0.0,0.1,0.0,0.28,0.0,0.43,0.0,1.16
2025-09-21 11:00:00+00:00,1.26,0.67,0.36,0.32,5.33,1.42,0.0,0.17,0.0,0.32,0.0,0.43,0.0,1.17
2025-09-21 12:00:00+00:00,0.76,0.49,0.22,0.32,3.58,1.36,0.0,0.22,0.0,0.3,0.0,0.46,0.0,1.13
2025-09-21 13:00:00+00:00,0.74,0.48,0.26,0.27,3.54,1.37,0.0,0.21,0.0,0.26,0.0,0.46,0.0,1.14
2025-09-21 14:00:00+00:00,0.95,0.93,0.46,0.19,4.22,1.52,0.0,0.18,0.0,0.32,0.0,0.41,0.0,1.01
2025-09-21 15:00:00+00:00,0.09,0.18,0.03,0.18,1.17,1.73,0.0,0.15,0.0,0.28,0.0,0.43,0.0,1.26
2025-09-21 16:00:00+00:00,0.04,0.26,0.0,0.21,0.21,1.69,0.0,0.21,0.0,0.31,0.0,0.33,0.0,1.33
2025-09-21 17:00:00+00:00,0.04,0.31,0.0,0.25,0.0,1.65,0.0,0.25,0.0,0.28,0.0,1.01,0.0,1.57
2025-09-21 18:00:00+00:00,0.01,0.28,0.0,0.19,0.0,1.65,0.0,0.18,0.0,0.31,0.0,0.67,0.0,1.64
2025-09-21 19:00:00+00:00,0.0,0.27,0.0,0.19,0.0,1.41,0.0,0.19,0.0,0.3,0.0,0.59,0.0,1.63
2025-09-21 20:00:00+00:00,0.0,0.25,0.0,0.18,0.0,1.39,0.0,0.05,0.0,0.31,0.0,0.47,0.0,1.68
2025-09-21 21:00:00+00:00,0.0,0.25,0.0,0.18,0.0,1.55,0.0,0.18,0.0,0.33,0.0,0.14,0.0,1.65
2025-09-21 22:00:00+00:00,0.0,0.25,0.0,0.19,0.0,1.32,0.0,0.09,0.0,0.31,0.0,0.2,0.0,1.66
2025-09-21 23:00:00+00:00,0.0,0.25,0.0,0.18,0.0,1.32,0.0,0.07,0.0,0.23,0.0,0.38,0.0,1.66
2025-09-22 00:00:00+00:00,0.0,0.58,0.0,0.18,0.0,1.32,0.0,0.13,0.0,0.19,0.0,0.33,0.0,1.63
2025-09-22 01:00:00+00:00,0.0,0.26,0.0,0.18,0.0,1.19,0.0,0.07,0.0,0.18,0.0,0.15,0.0,1.67
2025-09-22 02:00:00+00:00,0.0,0.24,0.0,0.18,0.0,1.32,0.0,0.19,0.0,0.15,0.0,0.2,0.0,1.66
2025-09-22 03:00:00+00:00,0.0,0.26,0.0,0.28,0.0,1.15,0.0,0.18,0.0,0.18,0.0,0.4,0.0,1.66
2025-09-22 04:00:00+00:00,0.01,0.27,0.0,0.2,0.0,1.24,0.0,0.19,0.0,0.15,0.0,0.37,0.0,1.66
2025-09-22 05:00:00+00:00,0.02,0.23,0.0,0.18,0.0,1.21,0.0,0.39,0.0,0.19,0.0,0.46,0.0,1.56
2025-09-22 06:00:00+00:00,0.05,0.25,0.0,0.21,0.08,1.54,0.0,0.64,0.0,0.15,0.0,0.54,0.0,2.63
2025-09-22 07:00:00+00:00,0.04,0.23,0.0,0.18,0.17,1.64,0.0,0.8,0.0,0.18,0.0,0.78,0.0,2.46
2025-09-22 08:00:00+00:00,0.15,1.34,0.02,0.18,1.01,3.87,0.0,0.73,0.0,0.12,0.0,0.47,0.0,2.79
2025-09-22 09:00:00+00:00,0.64,0.58,0.12,0.19,3.3,6.23,0.0,0.69,0.0,0.22,0.0,0.49,0.0,2.08
2025-09-22 10:00:00+00:00,0.3,0.36,0.07,0.35,2.28,1.93,0.0,0.48,0.0,0.12,0.0,0.37,0.0,1.72
2025-09-22 11:00:00+00:00,0.2,0.7,0.06,0.33,1.86,1.62,0.0,0.68,0.0,0.16,0.0,0.43,0.0,1.64
2025-09-22 12:00:00+00:00,0.14,0.61,0.04,0.35,1.55,1.73,0.0,0.61,0.0,0.12,0.0,0.41,0.0,1.76
2025-09-22 13:00:00+00:00,0.2,0.45,0.05,0.36,1.54,1.64,0.0,0.6,0.0,0.15,0.0,0.36,0.0,1.62
2025-09-22 14:00:00+00:00,0.21,0.42,0.06,0.37,1.73,1.41,0.0,0.56,0.0,0.21,0.0,0.37,0.0,1.51
2025-09-22 15:00:00+00:00,0.06,0.23,0.0,0.26,0.25,1.45,0.0,0.51,0.0,0.15,0.0,0.37,0.0,1.42
2025-09-22 16:00:00+00:00,0.06,0.19,0.0,0.19,0.42,1.6,0.0,0.38,0.0,0.14,0.0,1.26,0.0,1.38
2025-09-22 17:00:00+00:00,0.04,0.26,0.0,0.19,0.01,1.5,0.0,0.15,0.0,0.25,0.0,0.35,0.0,1.52
2025-09-22 18:00:00+00:00,0.01,0.24,0.0,0.17,0.0,1.34,0.0,0.19,0.0,0.36,0.0,0.23,0.0,1.49
2025-09-22 19:00:00+00:00,0.0,0.6,0.0,0.19,0.0,1.16,0.0,0.2,0.0,0.31,0.0,0.33,0.0,1.52
2025-09-22 20:00:00+00:00,0.0,0.23,0.0,0.21,0.0,1.05,0.0,0.18,0.0,0.26,0.0,0.19,0.0,1.5
2025-09-22 21:00:00+00:00,0.0,0.24,0.0,0.18,0.0,0.94,0.0,0.13,0.0,0.25,0.0,0.17,0.0,1.56
2025-09-22 22:00:00+00:00,0.0,0.2,0.0,0.18,0.0,0.9,0.0,0.12,0.0,0.26,0.0,0.32,0.0,1.53
2025-09-22 23:00:00+00:00,0.0,0.23,0.0,0.18,0.0,0.9,0.0,0.11,0.0,0.14,0.0,0.34,0.0,1.52
2025-09-23 00:00:00+00:00,0.0,0.22,0.0,0.18,0.0,0.91,0.0,0.11,0.0,0.17,0.0,0.65,0.0,1.49
2025-09-23 01:00:00+00:00,0.0,0.23,0.0,0.18,0.0,0.93,0.0,0.16,0.0,0.13,0.0,0.39,0.0,1.5
2025-09-23 02:00:00+00:00,0.0,0.23,0.0,0.17,0.0,0.89,0.0,0.1,0.0,0.18,0.0,0.46,0.0,1.48
2025-09-23 03:00:00+00:00,0.0,0.21,0.0,0.17,0.0,0.89,0.0,0.22,0.0,0.13,0.0,0.31,0.0,1.48
2025-09-23 04:00:00+00:00,0.01,0.23,0.0,0.18,0.0,1.02,0.0,0.29,0.0,0.18,0.0,0.32,0.0,1.49
2025-09-23 05:00:00+00:00,0.04,0.56,0.0,0.22,0.08,1.23,0.0,0.29,0.0,0.13,0.0,0.32,0.0,1.61
2025-09-23 06:00:00+00:00,0.05,0.24,0.0,0.5,0.21,6.08,0.0,0.25,0.0,0.18,0.0,0.24,0.0,2.8
2025-09-23 07:00:00+00:00,0.05,0.18,0.01,0.61,0.59,1.47,0.0,0.48,0.0,0.2,0.0,0.23,0.0,2.69
2025-09-23 08:00:00+00:00,0.05,0.2,0.02,0.53,0.9,1.04,0.0,0.47,0.0,0.21,0.0,0.31,0.0,1.79
2025-09-23 09:00:00+00:00,0.16,0.75,0.04,0.5,1.37,1.16,0.0,0.46,0.0,0.22,0.0,0.36,0.0,1.56
2025-09-23 10:00:00+00:00,0.2,1.0,0.06,0.43,1.78,2.52,0.0,0.3,0.0,0.26,0.0,0.43,0.0,1.64
2025-09-23 11:00:00+00:00,0.3,1.46,0.07,0.52,1.92,2.64,0.0,0.47,0.0,0.22,0.0,0.34,0.0,1.89
2025-09-23 12:00:00+00:00,0.74,0.66,0.16,0.52,3.54,1.12,0.0,0.53,0.0,0.16,0.0,0.36,0.0,2.03
2025-09-23 13:00:00+00:00,0.22,0.39,0.07,0.53,1.88,1.59,0.0,0.31,0.0,0.13,0.0,0.37,0.0,1.95
2025-09-23 14:00:00+00:00,0.09,0.44,0.0,0.53,0.36,1.58,0.0,0.57,0.0,0.15,0.0,0.37,0.0,1.59
2025-09-23 15:00:00+00:00,0.09,0.47,0.01,0.46,0.51,1.8,0.0,0.46,0.0,0.13,0.0,0.36,0.0,1.88
2025-09-23 16:00:00+00:00,0.07,0.66,0.0,0.26,0.18,4.14,0.0,0.76,0.0,0.18,0.0,0.43,0.0,1.61
2025-09-23 17:00:00+00:00,0.04,0.25,0.0,0.76,0.0,1.71,0.0,0.41,0.0,0.18,0.0,1.06,0.0,1.52
2025-09-23 18:00:00+00:00,0.01,0.23,0.0,1.32,0.0,1.99,0.0,0.28,0.0,0.18,0.0,0.64,0.0,1.54
2025-09-23 19:00:00+00:00,0.0,0.24,0.0,1.32,0.0,1.66,0.0,0.33,0.0,0.17,0.0,0.56,0.0,1.56
2025-09-23 20:00:00+00:00,0.0,0.21,0.0,1.3,0.0,1.45,0.0,0.23,0.0,0.22,0.0,0.31,0.0,1.54
2025-09-23 21:00:00+00:00,0.0,0.22,0.0,1.29,0.0,2.99,0.0,0.18,0.0,0.16,0.0,0.12,0.0,1.54
2025-09-23 22:00:00+00:00,0.0,0.2,0.0,1.32,0.0,1.94,0.0,0.16,0.0,0.14,0.0,0.31,0.0,1.54
2025-09-23 23:00:00+00:00,0.0,0.21,0.0,1.29,0.0,0.91,0.0,0.23,0.0,0.15,0.0,0.36,0.0,1.55
2025-09-24 00:00:00+00:00,0.0,0.22,0.0,1.29,0.0,0.91,0.0,0.23,0.0,0.15,0.0,0.32,0.0,1.55
2025-09-24 01:00:00+00:00,0.0,0.59,0.0,1.29,0.0,0.92,0.0,0.23,0.0,0.19,0.0,0.32,0.0,1.52
2025-09-24 02:00:00+00:00,0.0,0.23,0.0,1.29,0.0,0.91,0.0,0.17,0.0,0.15,0.0,0.31,0.0,1.53
2025-09-24 03:00:00+00:00,0.0,0.22,0.0,1.29,0.0,1.13,0.0,0.26,0.0,0.16,0.0,0.32,0.0,1.51
2025-09-24 04:00:00+00:00,0.01,0.24,0.0,1.31,0.0,0.99,0.0,0.28,0.0,0.12,0.0,0.33,0.0,1.55
2025-09-24 05:00:00+00:00,0.03,0.31,0.0,1.31,0.01,1.06,0.0,0.31,0.0,0.17,0.0,0.33,0.0,2.11
2025-09-24 06:00:00+00:00,0.11,1.02,0.0,0.93,0.08,4.25,0.0,0.61,0.0,0.13,0.0,0.29,0.0,1.92
2025-09-24 07:00:00+00:00,0.15,1.69,0.01,0.82,0.62,1.33,0.0,0.6,0.0,0.2,0.0,0.2,0.0,1.68
2025-09-24 08:00:00+00:00,0.12,0.65,0.02,0.72,0.86,1.08,0.0,0.64,0.0,0.13,0.0,0.34,0.0,1.79
2025-09-24 09:00:00+00:00,0.13,0.77,0.02,0.79,0.8,1.25,0.0,0.61,0.0,0.23,0.0,0.36,0.0,1.77
2025-09-24 10:00:00+00:00,0.14,0.33,0.04,0.96,1.41,1.7,0.0,0.39,0.0,0.19,0.0,0.35,0.0,1.63
2025-09-24 11:00:00+00:00,0.15,0.91,0.03,0.91,1.21,3.72,0.0,0.42,0.0,0.19,0.0,0.36,0.0,1.67
2025-09-24 12:00:00+00:00,0.12,0.38,0.03,0.87,1.05,1.03,0.0,0.34,0.0,0.15,0.0,0.36,0.0,1.64
2025-09-24 13:00:00+00:00,0.17,0.37,0.04,0.89,1.42,1.06,0.0,0.34,0.0,0.26,0.0,0.37,0.0,1.49
2025-09-24 14:00:00+00:00,0.05,0.13,0.03,0.88,1.08,2.66,0.0,0.35,0.0,0.22,0.0,0.36,0.0,1.49
2025-09-24 15:00:00+00:00,0.04,0.11,0.03,0.73,1.01,1.89,0.0,0.27,0.0,0.25,0.0,0.41,0.0,1.43
2025-09-24 16:00:00+00:00,0.06,0.49,0.01,0.22,0.56,3.59,0.0,0.27,0.0,0.4,0.0,0.4,0.0,1.45
2025-09-24 17:00:00+00:00,0.04,0.23,0.0,0.21,0.0,1.85,0.0,0.21,0.0,0.29,0.0,0.35,0.0,1.42
2025-09-24 18:00:00+00:00,0.01,0.25,0.0,0.2,0.0,1.53,0.0,0.16,0.0,0.29,0.0,0.38,0.0,1.43
2025-09-24 19:00:00+00:00,0.0,0.26,0.0,0.2,0.0,1.23,0.0,0.12,0.0,0.25,0.0,0.4,0.0,1.42
2025-09-24 20:00:00+00:00,0.0,0.24,0.0,0.2,0.0,1.16,0.0,0.11,0.0,0.24,0.0,0.21,0.0,1.42
2025-09-24 21:00:00+00:00,0.0,0.28,0.0,0.18,0.0,1.11,0.0,0.12,0.0,0.19,0.0,0.12,0.0,1.41
2025-09-24 22:00:00+00:00,0.0,0.24,0.0,0.17,0.0,2.08,0.0,0.16,0.0,0.18,0.0,0.37,0.0,1.43
2025-09-24 23:00:00+00:00,0.0,0.25,0.0,0.17,0.0,2.68,0.0,0.22,0.0,0.19,0.0,0.38,0.0,1.4
2025-09-25 00:00:00+00:00,0.0,0.26,0.0,0.21,0.0,0.91,0.0,0.21,0.0,0.16,0.0,0.37,0.0,1.41
2025-09-25 01:00:00+00:00,0.0,0.64,0.0,0.18,0.0,0.91,0.0,0.15,0.0,0.18,0.0,0.37,0.0,1.38
2025-09-25 02:00:00+00:00,0.0,0.21,0.0,0.18,0.0,0.91,0.0,0.18,0.0,0.2,0.0,0.37,0.0,1.41
2025-09-25 03:00:00+00:00,0.0,0.22,0.0,0.18,0.0,0.9,0.0,0.27,0.0,0.13,0.0,0.33,0.0,1.36
2025-09-25 04:00:00+00:00,0.01,0.26,0.0,0.2,0.0,2.59,0.0,0.28,0.0,0.15,0.0,0.33,0.0,1.41
2025-09-25 05:00:00+00:00,0.03,0.91,0.0,0.19,0.0,2.46,0.0,0.45,0.0,0.14,0.0,0.33,0.0,1.51
2025-09-25 06:00:00+00:00,0.1,0.43,0.01,0.19,0.6,1.07,0.0,0.66,0.0,0.17,0.0,0.41,0.0,1.7
2025-09-25 07:00:00+00:00,0.23,0.41,0.08,0.18,1.88,1.2,0.0,0.91,0.0,0.17,0.0,0.37,0.0,1.78
2025-09-25 08:00:00+00:00,0.31,0.39,0.09,0.18,2.47,1.6,0.0,0.94,0.0,0.18,0.0,0.35,0.0,1.92
2025-09-25 09:00:00+00:00,0.58,1.11,0.13,0.19,2.98,1.37,0.0,1.04,0.0,0.12,0.0,0.36,0.0,1.65
2025-09-25 10:00:00+00:00,0.73,0.57,0.23,0.18,3.89,3.16,0.0,0.95,0.0,0.16,0.0,0.37,0.0,1.35
2025-09-25 11:00:00+00:00,0.46,0.41,0.17,0.17,2.9,2.69,0.0,0.92,0.0,0.26,0.0,0.37,0.0,1.36
2025-09-25 12:00:00+00:00,0.18,0.25,0.07,0.31,1.8,1.56,0.0,0.97,0.0,0.27,0.0,0.37,0.0,1.81
2025-09-25 13:00:00+00:00,0.6,1.04,0.18,0.38,3.18,1.82,0.0,0.86,0.0,0.16,0.0,0.37,0.0,1.36
2025-09-25 14:00:00+00:00,0.29,0.41,0.12,0.33,2.19,1.79,0.0,0.85,0.0,0.17,0.0,0.44,0.0,1.39
2025-09-25 15:00:00+00:00,0.17,0.41,0.05,0.35,1.37,1.52,0.0,0.76,0.0,0.16,0.0,0.42,0.0,1.31
2025-09-25 16:00:00+00:00,0.08,0.38,0.01,0.33,0.36,1.88,0.0,0.51,0.0,0.23,0.0,0.43,0.0,1.34
2025-09-25 17:00:00+00:00,0.05,0.26,0.0,0.23,0.0,1.65,0.0,0.2,0.0,0.21,0.0,0.39,0.0,1.33
2025-09-25 18:00:00+00:00,0.01,0.24,0.0,0.22,0.0,1.6,0.0,0.16,0.0,0.2,0.0,0.64,0.0,1.36
2025-09-25 19:00:00+00:00,0.0,0.22,0.0,0.22,0.0,1.37,0.0,0.23,0.0,0.23,0.0,0.65,0.0,1.33
2025-09-25 20:00:00+00:00,0.0,0.62,0.0,0.19,0.0,1.13,0.0,0.18,0.0,0.31,0.0,0.48,0.0,1.37
2025-09-25 21:00:00+00:00,0.0,0.24,0.0,0.18,0.0,0.98,0.0,0.18,0.0,0.16,0.0,0.19,0.0,1.33
2025-09-25 22:00:00+00:00,0.0,0.21,0.0,0.18,0.0,0.94,0.0,0.25,0.0,0.15,0.0,0.09,0.0,1.38
2025-09-25 23:00:00+00:00,0.0,0.22,0.0,0.18,0.0,0.95,0.0,0.24,0.0,0.15,0.0,0.28,0.0,1.34
2025-09-26 00:00:00+00:00,0.0,0.23,0.0,0.18,0.0,0.94,0.0,0.23,0.0,0.13,0.0,0.37,0.0,1.38
2025-09-26 01:00:00+00:00,0.0,0.23,0.0,0.16,0.0,0.95,0.0,0.22,0.0,0.15,0.0,0.37,0.0,1.34
2025-09-26 02:00:00+00:00,0.0,0.24,0.0,0.18,0.0,0.94,0.0,0.18,0.0,0.16,0.0,0.37,0.0,1.37
2025-09-26 03:00:00+00:00,0.0,0.25,0.0,0.2,0.0,0.94,0.0,0.23,0.0,0.19,0.0,0.33,0.0,1.35
2025-09-26 04:00:00+00:00,0.01,0.7,0.0,0.18,0.0,1.0,0.0,0.41,0.0,0.16,0.0,0.32,0.0,1.37
2025-09-26 05:00:00+00:00,0.03,0.58,0.0,0.18,0.0,1.06,0.0,0.44,0.0,0.18,0.0,0.32,0.0,1.78
2025-09-26 06:00:00+00:00,0.08,0.41,0.0,0.23,0.08,1.07,0.0,0.81,0.0,0.2,0.0,0.4,0.0,1.61
2025-09-26 07:00:00+00:00,0.05,0.17,0.01,0.2,0.47,1.55,0.0,1.14,0.0,0.19,0.0,0.33,0.0,1.66
2025-09-26 08:00:00+00:00,0.12,0.23,0.05,0.18,1.51,1.3,0.0,1.03,0.0,0.12,0.0,0.32,0.0,2.29
2025-09-26 09:00:00+00:00,0.4,0.81,0.12,0.27,2.36,1.1,0.0,0.9,0.0,0.16,0.0,0.32,0.0,1.69
2025-09-26 10:00:00+00:00,1.5,0.75,0.33,0.26,5.61,1.3,0.0,0.87,0.0,0.12,0.0,0.33,0.0,1.29
2025-09-26 11:00:00+00:00,1.06,0.71,0.17,0.26,4.31,1.54,0.0,0.97,0.0,0.19,0.0,0.38,0.0,1.22
2025-09-26 12:00:00+00:00,0.37,1.08,0.1,0.26,2.49,1.17,0.0,0.97,0.0,0.14,0.0,0.35,0.0,1.29
2025-09-26 13:00:00+00:00,0.2,0.85,0.05,0.25,1.77,1.77,0.0,1.0,0.0,0.15,0.0,0.31,0.0,1.28
2025-09-26 14:00:00+00:00,0.09,0.4,0.0,0.25,0.6,1.58,0.0,0.99,0.0,0.13,0.0,0.32,0.0,1.33
2025-09-26 15:00:00+00:00,0.1,0.43,0.0,0.2,0.45,1.57,0.0,0.77,0.0,0.14,0.0,0.32,0.0,1.31
2025-09-26 16:00:00+00:00,0.09,0.47,0.0,0.25,0.12,1.71,0.0,0.5,0.0,0.13,0.0,1.01,0.0,1.34
2025-09-26 17:00:00+00:00,0.07,0.82,0.0,0.21,0.0,1.56,0.0,0.23,0.0,0.18,0.0,0.37,0.0,1.44
2025-09-26 18:00:00+00:00,0.01,0.43,0.0,0.2,0.0,1.67,0.0,0.21,0.0,0.66,0.0,0.28,0.0,1.47
2025-09-26 19:00:00+00:00,0.0,0.26,0.0,0.28,0.0,1.67,0.0,0.15,0.0,0.25,0.0,0.51,0.0,1.47
2025-09-26 20:00:00+00:00,0.0,0.21,0.0,0.22,0.0,1.34,0.0,0.15,0.0,0.27,0.0,0.35,0.0,1.46
2025-09-26 21:00:00+00:00,0.0,0.21,0.0,0.18,0.0,1.32,0.0,0.18,0.0,0.2,0.0,0.27,0.0,1.47
2025-09-26 22:00:00+00:00,0.0,0.2,0.0,0.18,0.0,1.07,0.0,0.2,0.0,0.2,0.0,0.24,0.0,1.46
2025-09-26 23:00:00+00:00,0.0,0.22,0.0,0.18,0.0,0.99,0.0,0.24,0.0,0.19,0.0,0.15,0.0,1.48
2025-09-27 00:00:00+00:00,0.0,0.2219672131147541,0.0,0.1822950819672131,0.0,0.9962295081967213,0.0,0.23918032786885246,0.0,0.18885245901639344,0.0,0.1540983606557377,0.0,1.4780327868852459
2025-09-27 01:00:00+00:00,0.0,0.2239344262295082,0.0,0.18459016393442623,0.0,1.0024590163934426,0.0,0.2383606557377049,0.0,0.18770491803278688,0.0,0.1581967213114754,0.0,1.4760655737704917
2025-09-27 02:00:00+00:00,0.0,0.2259016393442623,0.0,0.18688524590163935,0.0,1.008688524590164,0.0,0.23754098360655737,0.0,0.18655737704918032,0.0,0.16229508196721312,0.0,1.4740983606557376
2025-09-27 03:00:00+00:00,0.0,0.2278688524590164,0.0,0.18918032786885244,0.0,1.0149180327868852,0.0,0.23672131147540984,0.0,0.18540983606557376,0.0,0.1663934426229508,0.0,1.4721311475409835
2025-09-27 04:00:00+00:00,0.024754098360655737,0.22983606557377048,0.014754098360655736,0.19147540983606556,0.13278688524590165,1.0211475409836066,0.0,0.23590163934426228,0.0,0.1842622950819672,0.0,0.17049180327868851,0.0,1.4701639344262294
2025-09-27 05:00:00+00:00,0.027704918032786886,0.2318032786885246,0.017704918032786884,0.19377049180327868,0.159344262295082,1.0273770491803278,0.0,0.23508196721311475,0.0,0.18311475409836064,0.0,0.17459016393442622,0.0,1.4681967213114755
2025-09-27 06:00:00+00:00,0.175,0.185,0.055,0.195,2.4000000000000004,1.31,0.0,0.11000000000000001,0.0,0.155,0.0,0.325,0.0,1.31
2025-09-27 07:00:00+00:00,0.77,0.565,0.1,0.24,5.9350000000000005,1.455,0.0,0.11,0.0,0.175,0.0,0.41000000000000003,0.0,1.29
2025-09-27 08:00:00+00:00,1.5750000000000002,0.825,0.22999999999999998,0.325,7.484999999999999,1.3849999999999998,0.0,0.115,0.0,0.195,0.0,0.385,0.0,1.2650000000000001
2025-09-27 09:00:00+00:00,2.2,0.95,0.515,0.32,8.77,1.775,0.0,0.11,0.0,0.18,0.0,0.405,0.0,1.21
2025-09-27 10:00:00+00:00,2.795,1.005,0.815,0.38,9.45,1.755,0.0,0.10500000000000001,0.0,0.24,0.0,0.395,0.0,1.18
2025-09-27 11:00:00+00:00,2.925,1.04,0.915,0.36,9.39,1.455,0.0,0.105,0.0,0.23,0.0,0.43,0.0,1.165
2025-09-27 12:00:00+00:00,2.8049999999999997,1.04,1.0499999999999998,0.36,8.575,1.42,0.0,0.10500000000000001,0.0,0.275,0.0,0.425,0.0,1.14
2025-09-27 13:00:00+00:00,2.41,0.95,1.035,0.26,7.985,1.395,0.0,0.13,0.0,0.21000000000000002,0.0,0.335,0.0,1.0350000000000001
2025-09-27 14:00:00+00:00,1.075,0.735,0.53,0.225,4.925,1.53,0.0,0.14,0.0,0.245,0.0,0.42,0.0,0.95
2025-09-27 15:00:00+00:00,0.44999999999999996,0.365,0.485,0.235,3.49,2.335,0.0,0.12,0.0,0.24,0.0,0.43,0.0,1.0350000000000001
2025-09-27 16:00:00+00:00,0.08,0.24,0.135,0.21,0.995,1.6400000000000001,0.0,0.135,0.0,0.245,0.0,0.405,0.0,1.21
2025-09-27 17:00:00+00:00,0.05,0.31,0.0,0.24,0.025,1.72,0.0,0.14,0.0,0.215,0.0,0.42,0.0,1.3050000000000002
2025-09-27 18:00:00+00:00,0.02,0.29,0.0,0.22,0.0,1.66,0.0,0.14500000000000002,0.0,0.235,0.0,0.45,0.0,1.28
2025-09-27 19:00:00+00:00,0.0,0.29000000000000004,0.0,0.22,0.0,1.505,0.0,0.155,0.0,0.235,0.0,0.445,0.0,1.355
2025-09-27 20:00:00+00:00,0.0,0.255,0.0,0.21500000000000002,0.0,1.44,0.0,0.12,0.0,0.27,0.0,0.395,0.0,1.355
2025-09-27 21:00:00+00:00,0.0,0.25,0.0,0.21000000000000002,0.0,2.48,0.0,0.14,0.0,0.265,0.0,0.19,0.0,1.385
2025-09-27 22:00:00+00:00,0.0,0.22,0.0,0.22,0.0,2.07,0.0,0.1,0.0,0.2,0.0,0.32,0.0,1.29
2025-09-27 23:00:00+00:00,0.0,0.23,0.0,0.2,0.0,1.25,0.0,0.12,0.0,0.16,0.0,0.33,0.0,1.33
2025-09-28 00:00:00+00:00,0.0,0.22,0.0,0.2,0.0,0.94,0.0,0.12,0.0,0.18885245901639344,0.0,0.25,0.0,1.3
2025-09-28 01:00:00+00:00,0.0,0.2239344262295082,0.0,0.2,0.0,0.93,0.0,0.12,0.0,0.16,0.0,0.33,0.0,1.32
2025-09-28 02:00:00+00:00,0.0,0.23,0.0,0.2,0.0,0.93,0.0,0.14,0.0,0.17,0.0,0.32,0.0,1.29
2025-09-28 03:00:00+00:00,0.0,0.22,0.0,0.2,0.0,1.25,0.0,0.14,0.0,0.18,0.0,0.31,0.0,1.33
2025-09-28 04:00:00+00:00,0.01,0.22983606557377048,0.0,0.19147540983606556,0.0,1.44,0.0,0.11,0.0,0.15,0.0,0.33,0.0,1.34
2025-09-28 05:00:00+00:00,0.04,0.2,0.0,0.2,0.27,1.31,0.0,0.14,0.0,0.18311475409836064,0.0,0.33,0.0,1.35
2025-09-28 06:00:00+00:00,0.175,0.185,0.055,0.195,2.4000000000000004,1.31,0.0,0.11000000000000001,0.0,0.155,0.0,0.325,0.0,1.31
2025-09-28 07:00:00+00:00,0.77,0.565,0.1,0.24,5.9350000000000005,1.455,0.0,0.11,0.0,0.175,0.0,0.41000000000000003,0.0,1.29
2025-09-28 08:00:00+00:00,1.5750000000000002,0.825,0.22999999999999998,0.325,7.484999999999999,1.3849999999999998,0.0,0.115,0.0,0.195,0.0,0.385,0.0,1.2650000000000001
2025-09-28 09:00:00+00:00,2.2,0.95,0.515,0.32,8.77,1.775,0.0,0.11,0.0,0.18,0.0,0.405,0.0,1.21
2025-09-28 10:00:00+00:00,2.795,1.005,0.815,0.38,9.45,1.755,0.0,0.10500000000000001,0.0,0.24,0.0,0.395,0.0,1.18
2025-09-28 11:00:00+00:00,2.925,1.04,0.915,0.36,9.39,1.455,0.0,0.105,0.0,0.23,0.0,0.43,0.0,1.165
2025-09-28 12:00:00+00:00,2.8049999999999997,1.04,1.0499999999999998,0.36,8.575,1.42,0.0,0.10500000000000001,0.0,0.275,0.0,0.425,0.0,1.14
2025-09-28 13:00:00+00:00,2.41,0.95,1.035,0.26,7.985,1.395,0.0,0.13,0.0,0.21000000000000002,0.0,0.335,0.0,1.0350000000000001
2025-09-28 14:00:00+00:00,1.075,0.735,0.53,0.225,4.925,1.53,0.0,0.14,0.0,0.245,0.0,0.42,0.0,0.95
2025-09-28 15:00:00+00:00,0.44999999999999996,0.365,0.485,0.235,3.49,2.335,0.0,0.12,0.0,0.24,0.0,0.43,0.0,1.0350000000000001
2025-09-28 16:00:00+00:00,0.08,0.24,0.135,0.21,0.995,1.6400000000000001,0.0,0.135,0.0,0.245,0.0,0.405,0.0,1.21
2025-09-28 17:00:00+00:00,0.05,0.31,0.0,0.24,0.025,1.72,0.0,0.14,0.0,0.215,0.0,0.42,0.0,1.3050000000000002
2025-09-28 18:00:00+00:00,0.02,0.29,0.0,0.22,0.0,1.66,0.0,0.14500000000000002,0.0,0.235,0.0,0.45,0.0,1.28
2025-09-28 19:00:00+00:00,0.0,0.29000000000000004,0.0,0.22,0.0,1.505,0.0,0.155,0.0,0.235,0.0,0.445,0.0,1.355
2025-09-28 20:00:00+00:00,0.0,0.255,0.0,0.21500000000000002,0.0,1.44,0.0,0.12,0.0,0.27,0.0,0.395,0.0,1.355
2025-09-28 21:00:00+00:00,0.0,0.25,0.0,0.21000000000000002,0.0,2.48,0.0,0.14,0.0,0.265,0.0,0.19,0.0,1.385
2025-09-28 22:00:00+00:00,0.0,0.3,0.0,0.2,0.0,1.27,0.0,0.14,0.0,0.224,0.0,0.3,0.0,1.41
2025-09-28 23:00:00+00:00,0.0,0.27,0.0,0.2,0.0,1.26,0.0,0.11499999999999999,0.0,0.225,0.0,0.34,0.0,1.415
2025-09-29 00:00:00+00:00,0.0,0.27,0.0,0.21,0.0,1.185,0.0,0.125,0.0,0.18,0.0,0.33,0.0,1.41
2025-09-29 01:00:00+00:00,0.0,0.31,0.0,0.2,0.0,1.26,0.0,0.11,0.0,0.19,0.0,0.33,0.0,1.43
2025-09-29 02:00:00+00:00,0.0,0.25,0.0,0.2,0.0,1.26,0.0,0.17,0.0,0.18,0.0,0.33,0.0,1.41
2025-09-29 03:00:00+00:00,0.0,0.26,0.0,0.2,0.0,1.15,0.0,0.21,0.0,0.19,0.0,0.33,0.0,1.42
2025-09-29 04:00:00+00:00,0.01,0.27,0.0,0.2,0.0,1.24,0.0,0.25,0.0,0.16,0.0,0.33,0.0,1.47
2025-09-29 05:00:00+00:00,0.04,0.23,0.0,0.21,0.17,1.34,0.0,0.32,0.0,0.19,0.0,0.34,0.0,1.59
2025-09-29 06:00:00+00:00,0.1722950819672131,0.3281967213114754,0.1622950819672131,0.3062295081967213,1.4606557377049183,1.3326229508196723,0.0,0.19491803278688524,0.0,0.12688524590163935,0.0,0.37540983606557377,0.0,1.3718032786885246
2025-09-29 07:00:00+00:00,0.17524590163934425,0.33016393442622954,0.16524590163934424,0.3085245901639344,1.4872131147540986,1.3388524590163935,0.0,0.1940983606557377,0.0,0.1257377049180328,0.0,0.3795081967213115,0.0,1.3698360655737705
2025-09-29 08:00:00+00:00,0.1781967213114754,0.3321311475409836,0.1681967213114754,0.31081967213114753,1.5137704918032788,1.345081967213115,0.0,0.19327868852459018,0.0,0.12459016393442622,0.0,0.3836065573770492,0.0,1.3678688524590166
2025-09-29 09:00:00+00:00,0.18114754098360655,0.3340983606557377,0.17114754098360654,0.31311475409836065,1.5403278688524593,1.351311475409836,0.0,0.19245901639344262,0.0,0.12344262295081967,0.0,0.3877049180327869,0.0,1.3659016393442625
2025-09-29 10:00:00+00:00,0.1840983606557377,0.33606557377049184,0.1740983606557377,0.31540983606557377,1.5668852459016396,1.3575409836065575,0.0,0.1916393442622951,0.0,0.12229508196721312,0.0,0.3918032786885246,0.0,1.3639344262295083
2025-09-29 11:00:00+00:00,0.18704918032786885,0.3380327868852459,0.17704918032786884,0.3177049180327869,1.5934426229508198,1.3637704918032787,0.0,0.19081967213114756,0.0,0.12114754098360656,0.0,0.3959016393442623,0.0,1.3619672131147542
2025-09-29 12:00:00+00:00,0.19,0.34,0.18,0.32,1.62,1.37,0.0,0.19,0.0,0.12,0.0,0.4,0.0,1.36
2025-09-29 13:00:00+00:00,1.35,0.75,0.8,0.34,5.06,1.81,0.0,0.27,0.0,0.15,0.0,0.41,0.0,1.23
2025-09-29 14:00:00+00:00,0.5,1.07,0.83,0.29,4.5,1.68,0.0,0.35,0.0,0.15,0.0,0.41,0.0,0.86
2025-09-29 15:00:00+00:00,0.15,0.49,0.67,0.18,2.84,1.59,0.0,0.19,0.0,0.17,0.0,0.43,0.0,1.27
2025-09-29 16:00:00+00:00,0.1,0.36,0.49,0.15,0.79,1.79,0.0,0.24,0.0,0.24,0.0,0.43,0.0,1.27
2025-09-29 17:00:00+00:00,0.09666666666666668,0.3486666666666667,0.4573333333333333,0.15133333333333332,0.77,1.7533333333333334,0.0,0.284,0.0,0.2373333333333333,0.0,0.434,0.0,1.2893333333333334
2025-09-29 18:00:00+00:00,0.09333333333333334,0.3373333333333333,0.42466666666666664,0.15266666666666667,0.75,1.7166666666666668,0.0,0.328,0.0,0.23466666666666666,0.0,0.438,0.0,1.3086666666666666
2025-09-29 19:00:00+00:00,0.0,0.326,0.0,0.154,0.0,1.68,0.0,0.372,0.0,0.23199999999999998,0.0,0.442,0.0,1.328
2025-09-29 20:00:00+00:00,0.0,0.31466666666666665,0.0,0.15533333333333332,0.0,1.6433333333333333,0.0,0.416,0.0,0.22933333333333333,0.0,0.446,0.0,1.3473333333333333
2025-09-29 21:00:00+00:00,0.0,0.30333333333333334,0.0,0.15666666666666668,0.0,1.6066666666666667,0.0,0.46,0.0,0.22666666666666666,0.0,0.45,0.0,1.3666666666666667
2025-09-29 22:00:00+00:00,0.0,0.292,0.0,0.158,0.0,1.57,0.0,0.504,0.0,0.224,0.0,0.454,0.0,1.3860000000000001
2025-09-29 23:00:00+00:00,0.0,0.27,0.0,0.2,0.0,1.26,0.0,0.11499999999999999,0.0,0.225,0.0,0.34,0.0,1.415
2025-09-30 00:00:00+00:00,0.0,0.27,0.0,0.21,0.0,1.185,0.0,0.125,0.0,0.18,0.0,0.33,0.0,1.41
2025-09-30 01:00:00+00:00,0.0,0.258,0.0,0.162,0.0,1.46,0.0,0.636,0.0,0.216,0.0,0.46599999999999997,0.0,1.444
2025-09-30 02:00:00+00:00,0.0,0.24666666666666667,0.0,0.16333333333333333,0.0,1.4233333333333333,0.0,0.68,0.0,0.21333333333333335,0.0,0.47,0.0,1.4633333333333334
2025-09-30 03:00:00+00:00,0.0,0.23533333333333334,0.0,0.16466666666666668,0.0,1.3866666666666667,0.0,0.724,0.0,0.21066666666666667,0.0,0.474,0.0,1.4826666666666668
2025-09-30 04:00:00+00:00,0.06,0.224,0.09800000000000002,0.166,0.55,1.35,0.0,0.768,0.0,0.20800000000000002,0.0,0.478,0.0,1.502
2025-09-30 05:00:00+00:00,0.056666666666666664,0.21266666666666667,0.06533333333333335,0.16733333333333333,0.53,1.3133333333333335,0.0,0.8119999999999999,0.0,0.20533333333333334,0.0,0.482,0.0,1.5213333333333334
2025-09-30 06:00:00+00:00,0.05333333333333333,0.20133333333333334,0.0326666666666667,0.1686666666666667,0.51,1.2766666666666666,0.0,0.856,0.0,0.2026666666666667,0.0,0.486,0.0,1.5406666666666666
2025-09-30 07:00:00+00:00,0.05,0.19,0.0,0.17,0.49,1.24,0.0,0.9,0.0,0.2,0.0,0.49,0.0,1.56
2025-09-30 08:00:00+00:00,0.15,0.71,0.03,0.16,1.34,1.48,0.0,0.73,0.0,0.13,0.0,0.37,0.0,1.38
2025-09-30 09:00:00+00:00,0.37,0.49,0.1,0.17,2.51,1.74,0.0,0.79,0.0,0.18,0.0,0.37,0.0,1.41
2025-09-30 10:00:00+00:00,0.63,0.52,0.14,0.16,3.46,1.78,0.0,0.69,0.0,0.14,0.0,0.36,0.0,1.43
2025-09-30 11:00:00+00:00,0.63,0.51,0.12,0.16,3.3,1.95,0.0,0.91,0.0,0.16,0.0,0.34,0.0,1.44
2025-09-30 12:00:00+00:00,0.81,0.58,0.17,0.16,4.0,5.99,0.0,0.8,0.0,0.16,0.0,0.4,0.0,1.44
2025-09-30 13:00:00+00:00,0.69,0.52,0.16,0.19,3.49,3.64,0.0,0.75,0.0,0.13,0.0,0.43,0.0,1.43
2025-09-30 14:00:00+00:00,0.33,0.37,0.1,0.16,2.42,1.92,0.0,0.72,0.0,0.18,0.0,0.46,0.0,1.36
2025-09-30 15:00:00+00:00,0.14,0.24,0.05,0.16,1.45,1.84,0.0,0.62,0.0,0.14,0.0,0.42,0.0,1.41
2025-09-30 16:00:00+00:00,0.06,0.23,0.0,0.26,0.13,1.78,0.0,0.55,0.0,0.24,0.0,0.36,0.0,1.32
2025-09-30 17:00:00+00:00,0.04,0.97,0.0,0.24,0.0,3.97,0.0,0.19,0.0,0.64,0.0,0.38,0.0,1.31
2025-09-30 18:00:00+00:00,0.01,0.41,0.0,0.16,0.0,1.63,0.0,0.1,0.0,0.18,0.0,0.39,0.0,1.32
2025-09-30 19:00:00+00:00,0.0,0.23,0.0,0.16,0.0,1.25,0.0,0.1,0.0,0.2,0.0,0.42,0.0,1.32
2025-09-30 20:00:00+00:00,0.0,0.25,0.0,0.16,0.0,1.18,0.0,0.1,0.0,0.16,0.0,0.44,0.0,1.33
2025-09-30 21:00:00+00:00,0.0,0.21,0.0,0.17,0.0,1.19,0.0,0.11,0.0,0.18,0.0,0.3,0.0,1.33
2025-09-30 22:00:00+00:00,0.0,0.21,0.0,0.17,0.0,1.27,0.0,0.11,0.0,0.16,0.0,0.19,0.0,1.34
2025-09-30 23:00:00+00:00,0.0,0.23,0.0,0.16,0.0,1.08,0.0,0.1,0.0,0.14,0.0,0.29,0.0,1.37
2025-10-01 00:00:00+00:00,0.0,0.22,0.0,0.16,0.0,1.01,0.0,0.11,0.0,0.18,0.0,0.42,0.0,1.36
2025-10-01 01:00:00+00:00,0.0,0.62,0.0,0.16,0.0,0.99,0.0,0.11,0.0,0.13,0.0,0.38,0.0,1.37
2025-10-01 02:00:00+00:00,0.0,0.21,0.0,0.18,0.0,1.0,0.0,0.1,0.0,0.17,0.0,0.36,0.0,1.32
2025-10-01 03:00:00+00:00,0.0,0.28,0.0,0.17,0.0,0.97,0.0,0.18,0.0,0.2,0.0,0.37,0.0,1.32
2025-10-01 04:00:00+00:00,0.01,0.24,0.0,0.17,0.0,1.03,0.0,0.25,0.0,0.18,0.0,0.37,0.0,1.32
2025-10-01 05:00:00+00:00,0.03,0.23,0.0,0.16,0.01,1.53,0.0,0.25,0.0,0.3,0.0,0.37,0.0,2.16
2025-10-01 06:00:00+00:00,0.05,0.18,0.0,0.27,0.39,1.48,0.0,0.41,0.0,0.24,0.0,0.38,0.0,1.38
2025-10-01 07:00:00+00:00,0.15,0.46,0.04,0.53,1.18,1.15,0.0,0.79,0.0,0.2,0.0,0.32,0.0,1.35
2025-10-01 08:00:00+00:00,0.64,1.09,0.19,0.68,4.04,1.44,0.0,0.76,0.0,0.22,0.0,0.33,0.0,1.63
2025-10-01 09:00:00+00:00,1.19,0.68,0.36,0.51,5.52,1.24,0.0,0.72,0.0,0.16,0.0,0.32,0.0,1.43
2025-10-01 10:00:00+00:00,2.36,0.84,0.9,0.58,9.3,1.46,0.0,0.59,0.0,0.15,0.0,0.48,0.0,1.47
2025-10-01 11:00:00+00:00,2.5,0.86,1.08,0.59,9.47,1.64,0.0,0.62,0.0,0.17,0.0,0.5,0.0,1.49
2025-10-01 12:00:00+00:00,3.02,0.92,1.3,0.54,9.29,1.5,0.0,0.61,0.0,0.13,0.0,0.5,0.0,1.44
2025-10-01 13:00:00+00:00,2.14,0.86,1.15,0.26,7.5,1.33,0.0,0.62,0.0,0.14,0.0,0.59,0.0,1.28
2025-10-01 14:00:00+00:00,1.21,1.17,1.04,0.2,5.7,1.43,0.0,0.48,0.0,0.17,0.0,0.53,0.0,1.26
2025-10-01 15:00:00+00:00,0.19,0.41,0.46,0.17,2.28,1.61,0.0,0.57,0.0,0.13,0.0,0.46,0.0,1.39
2025-10-01 16:00:00+00:00,0.09,0.47,0.16,0.2,0.38,1.69,0.0,0.47,0.0,0.15,0.0,1.02,0.0,1.24
2025-10-01 17:00:00+00:00,0.05,0.33,0.0,0.17,0.0,1.44,0.0,0.18,0.0,0.17,0.0,0.66,0.0,1.2
2025-10-01 18:00:00+00:00,0.01,0.86,0.0,0.16,0.0,1.45,0.0,0.1,0.0,0.12,0.0,0.48,0.0,1.2
2025-10-01 19:00:00+00:00,0.0,0.34,0.0,0.16,0.0,1.48,0.0,0.12,0.0,0.18,0.0,0.58,0.0,1.2
2025-10-01 20:00:00+00:00,0.0,0.24,0.0,0.16,0.0,1.45,0.0,0.11,0.0,0.19,0.0,0.36,0.0,1.21
2025-10-01 21:00:00+00:00,0.0,0.21,0.0,0.15,0.0,1.2,0.0,0.14,0.0,0.12,0.0,0.18,0.0,1.18
2025-10-01 22:00:00+00:00,0.0,0.21,0.0,0.16,0.0,0.92,0.0,0.11,0.0,0.15,0.0,0.3,0.0,1.2
2025-10-01 23:00:00+00:00,0.0,0.21,0.0,0.16,0.0,0.93,0.0,0.1,0.0,0.15,0.0,0.37,0.0,1.18
2025-10-02 00:00:00+00:00,0.0,0.22,0.0,0.16,0.0,0.92,0.0,0.11,0.0,0.12,0.0,0.38,0.0,1.26
2025-10-02 01:00:00+00:00,0.0,0.22,0.0,0.16,0.0,0.95,0.0,0.11,0.0,0.16,0.0,0.37,0.0,1.23
2025-10-02 02:00:00+00:00,0.0,0.22,0.0,0.16,0.0,0.94,0.0,0.12,0.0,0.17,0.0,0.37,0.0,1.31
2025-10-02 03:00:00+00:00,0.0,0.54,0.0,0.15,0.0,0.92,0.0,0.21,0.0,0.18,0.0,0.38,0.0,1.25
2025-10-02 04:00:00+00:00,0.01,0.21,0.0,0.15,0.0,0.99,0.0,0.32,0.0,0.2,0.0,0.38,0.0,1.31
2025-10-02 05:00:00+00:00,0.03,0.2,0.0,0.25,0.07,1.08,0.0,0.47,0.0,0.18,0.0,0.38,0.0,1.43
2025-10-02 06:00:00+00:00,0.1,0.43,0.01,0.42,0.63,1.24,0.0,0.4,0.0,0.28,0.0,0.42,0.0,1.34
2025-10-02 07:00:00+00:00,0.11,0.24,0.04,0.41,1.4,1.58,0.0,0.64,0.0,0.25,0.0,0.41,0.0,1.76
2025-10-02 08:00:00+00:00,0.41,0.92,0.1,0.4,2.78,1.63,0.0,0.52,0.0,0.2,0.0,0.38,0.0,1.95
2025-10-02 09:00:00+00:00,0.76,0.57,0.22,0.38,3.77,1.34,0.0,0.57,0.0,0.22,0.0,0.47,0.0,1.47
2025-10-02 10:00:00+00:00,2.94,0.96,1.1,0.42,10.7,1.3,0.0,0.42,0.0,0.17,0.0,0.33,0.0,1.35
2025-10-02 11:00:00+00:00,2.72,0.89,1.21,0.41,9.55,1.38,0.0,0.56,0.0,0.16,0.0,0.34,0.0,1.36
2025-10-02 12:00:00+00:00,2.81,0.95,1.35,0.3,8.86,1.4,0.0,0.5,0.0,0.17,0.0,0.33,0.0,1.39
2025-10-02 13:00:00+00:00,2.12,0.88,1.29,0.24,7.57,4.01,0.0,0.43,0.0,0.12,0.0,0.39,0.0,1.24
2025-10-02 14:00:00+00:00,1.12,0.67,1.11,0.23,5.68,5.91,0.0,0.43,0.0,0.15,0.0,0.33,0.0,1.29
2025-10-02 15:00:00+00:00,0.26,0.3,0.55,0.23,3.01,1.49,0.0,0.41,0.0,0.18,0.0,0.4,0.0,1.5
2025-10-02 16:00:00+00:00,0.07,0.17,0.16,0.16,0.37,1.76,0.0,0.24,0.0,0.52,0.0,1.09,0.0,1.4
2025-10-02 17:00:00+00:00,0.05,0.25,0.0,0.2,0.0,1.7,0.0,0.09,0.0,0.26,0.0,0.37,0.0,1.26
2025-10-02 18:00:00+00:00,0.01,0.63,0.0,0.28,0.0,1.88,0.0,0.11,0.0,0.18,0.0,0.42,0.0,1.25
2025-10-02 19:00:00+00:00,0.0,0.5,0.0,0.24,0.0,3.78,0.0,0.13,0.0,0.17,0.0,0.47,0.0,1.21
2025-10-02 20:00:00+00:00,0.0,0.49,0.0,0.18,0.0,1.33,0.0,0.16,0.0,0.19,0.0,0.6,0.0,1.27
2025-10-02 21:00:00+00:00,0.0,0.24,0.0,0.18,0.0,1.01,0.0,0.11,0.0,0.14,0.0,0.31,0.0,1.24
2025-10-02 22:00:00+00:00,0.0,0.21,0.0,0.18,0.0,0.98,0.0,0.11,0.0,0.16,0.0,0.14,0.0,1.28
2025-10-02 23:00:00+00:00,0.0,0.21,0.0,0.2,0.0,2.13,0.0,0.11,0.0,0.15,0.0,0.23,0.0,1.25
2025-10-03 00:00:00+00:00,0.0,0.57,0.0,0.21,0.0,3.1,0.0,0.1,0.0,0.15,0.0,0.37,0.0,1.27
2025-10-03 01:00:00+00:00,0.0,0.21,0.0,0.21,0.0,1.0,0.0,0.11,0.0,0.2,0.0,0.38,0.0,1.3
2025-10-03 02:00:00+00:00,0.0,0.22,0.0,0.21,0.0,0.98,0.0,0.11,0.0,0.13,0.0,0.37,0.0,1.33
2025-10-03 03:00:00+00:00,0.0,0.23,0.0,0.2,0.0,1.0,0.0,0.17,0.0,0.15,0.0,0.35,0.0,1.36
2025-10-03 04:00:00+00:00,0.01,0.26,0.0,0.21,0.0,1.15,0.0,0.26,0.0,0.19,0.0,0.38,0.0,1.36
2025-10-03 05:00:00+00:00,0.07,0.48,0.0,0.21,0.18,3.17,0.0,0.59,0.0,0.2,0.0,0.38,0.0,1.38
2025-10-03 06:00:00+00:00,0.06,0.23,0.01,0.2,0.83,2.14,0.0,0.71,0.0,0.31,0.0,0.4,0.0,1.53
2025-10-03 07:00:00+00:00,0.39,0.68,0.09,0.22,2.42,1.21,0.0,1.01,0.0,0.17,0.0,0.39,0.0,1.38
2025-10-03 08:00:00+00:00,0.69,0.52,0.16,0.24,3.57,1.29,0.0,1.0,0.0,0.18,0.0,0.34,0.0,1.39
2025-10-03 09:00:00+00:00,0.96,0.63,0.2,0.19,4.3,1.11,0.0,0.84,0.0,0.18,0.0,0.33,0.0,1.32
2025-10-03 10:00:00+00:00,1.02,0.63,0.2,0.2,4.3,1.1,0.0,0.72,0.0,0.13,0.0,0.31,0.0,1.31
2025-10-03 11:00:00+00:00,0.9,0.6,0.17,0.19,3.93,4.01,0.0,0.94,0.0,0.17,0.0,0.32,0.0,1.26
2025-10-03 12:00:00+00:00,0.87,0.59,0.21,0.22,3.88,1.16,0.0,0.96,0.0,0.13,0.0,0.32,0.0,1.49
2025-10-03 13:00:00+00:00,0.54,0.45,0.15,0.17,3.07,1.25,0.0,0.86,0.0,0.14,0.0,0.33,0.0,1.38
2025-10-03 14:00:00+00:00,0.27,0.78,0.08,0.17,1.96,1.23,0.0,0.85,0.0,0.16,0.0,0.33,0.0,1.28
2025-10-03 15:00:00+00:00,0.09,0.32,0.02,0.17,0.77,1.56,0.0,0.74,0.0,0.14,0.0,0.6,0.0,1.26
2025-10-03 16:00:00+00:00,0.05,0.2,0.0,0.21,0.23,3.43,0.0,0.4,0.0,0.18,0.0,0.66,0.0,1.27
2025-10-03 17:00:00+00:00,0.03,0.25,0.0,0.2,0.0,2.79,0.0,0.3,0.0,0.16,0.0,0.57,0.0,1.37
2025-10-03 18:00:00+00:00,0.01,0.25,0.0,0.19,0.0,1.23,0.0,0.1,0.0,0.18,0.0,0.58,0.0,1.38
2025-10-03 19:00:00+00:00,0.0,0.24,0.0,0.19,0.0,1.35,0.0,0.24,0.0,0.2,0.0,1.36,0.0,1.4
2025-10-03 20:00:00+00:00,0.0,0.78,0.0,0.29,0.0,1.16,0.0,0.23,0.0,0.15,0.0,0.61,0.0,1.41
2025-10-03 21:00:00+00:00,0.0,0.48,0.0,0.29,0.0,1.08,0.0,0.23,0.0,0.17,0.0,0.43,0.0,1.41
2025-10-03 22:00:00+00:00,0.0,0.21,0.0,0.23,0.0,4.05,0.0,0.11,0.0,0.12,0.0,0.73,0.0,1.5
2025-10-03 23:00:00+00:00,0.0,0.21,0.0,0.2,0.0,1.12,0.0,0.23,0.0,0.15,0.0,0.49,0.0,1.46
2025-10-04 00:00:00+00:00,0.0,0.24,0.0,0.19,0.0,0.97,0.0,0.22,0.0,0.19,0.0,0.35,0.0,1.48
2025-10-04 01:00:00+00:00,0.0,0.23,0.0,0.19,0.0,0.93,0.0,0.22,0.0,0.17,0.0,0.31,0.0,1.44
2025-10-04 02:00:00+00:00,0.0,0.23,0.0,0.19,0.0,0.91,0.0,0.22,0.0,0.16,0.0,0.32,0.0,1.43
2025-10-04 03:00:00+00:00,0.0,0.28,0.0,0.19,0.0,0.96,0.0,0.22,0.0,0.12,0.0,0.32,0.0,1.39
2025-10-04 04:00:00+00:00,0.01,0.88,0.0,0.19,0.0,4.07,0.0,0.19,0.0,0.17,0.0,0.33,0.0,1.43
2025-10-04 05:00:00+00:00,0.03,0.4,0.0,0.17,0.01,1.23,0.0,0.2,0.0,0.18,0.0,0.33,0.0,1.42
2025-10-04 06:00:00+00:00,0.05,0.18,0.01,0.17,0.46,1.05,0.0,0.15,0.0,0.2,0.0,0.33,0.0,1.31
2025-10-04 07:00:00+00:00,0.09,0.18,0.06,0.17,1.58,1.03,0.0,0.14,0.0,0.15,0.0,0.39,0.0,1.27
2025-10-04 08:00:00+00:00,0.58,0.47,0.17,0.18,3.64,1.4,0.0,0.12,0.0,0.18,0.0,0.39,0.0,1.28
2025-10-04 09:00:00+00:00,1.21,0.6,0.43,0.22,6.25,3.24,0.0,0.13,0.0,0.17,0.0,0.56,0.0,1.28
2025-10-04 10:00:00+00:00,1.76,0.77,0.61,0.29,7.59,3.03,0.0,0.08,0.0,0.25,0.0,0.48,0.0,1.24
2025-10-04 11:00:00+00:00,2.38,0.83,0.94,0.24,8.19,1.41,0.0,0.15,0.0,0.17,0.0,0.43,0.0,1.3
2025-10-04 12:00:00+00:00,1.94,0.71,0.82,0.22,5.93,1.36,0.0,0.11,0.0,0.35,0.0,1.15,0.0,1.28
2025-10-04 13:00:00+00:00,0.05,0.14,0.02,0.17,0.94,1.51,0.0,0.18,0.0,0.19,0.0,0.56,0.0,1.32
2025-10-04 14:00:00+00:00,0.15,0.95,0.02,0.17,0.91,1.39,0.0,0.17,0.0,0.17,0.0,0.48,0.0,1.34
2025-10-04 15:00:00+00:00,0.08,0.36,0.0,0.17,0.53,3.32,0.0,0.17,0.0,0.17,0.0,0.45,0.0,1.33
2025-10-04 16:00:00+00:00,0.06,0.23,0.0,0.19,0.08,1.79,0.0,0.18,0.0,0.22,0.0,1.1,0.0,1.31
2025-10-04 17:00:00+00:00,0.03,0.26,0.0,0.17,0.0,1.07,0.0,0.19,0.0,0.21,0.0,0.51,0.0,1.4
2025-10-04 18:00:00+00:00,0.01,0.24,0.0,0.17,0.0,1.48,0.0,0.22,0.0,0.21,0.0,0.42,0.0,1.4
2025-10-04 19:00:00+00:00,0.0,0.24,0.0,0.17,0.0,1.43,0.0,0.2,0.0,0.16,0.0,0.44,0.0,1.36
2025-10-04 20:00:00+00:00,0.0,0.23,0.0,0.17,0.0,1.13,0.0,0.18,0.0,0.18,0.0,0.41,0.0,1.36
2025-10-04 21:00:00+00:00,0.0,0.78,0.0,0.17,0.0,3.6,0.0,0.19,0.0,0.17,0.0,0.5,0.0,1.35
2025-10-04 22:00:00+00:00,0.0,0.47,0.0,0.15,0.0,1.19,0.0,0.22,0.0,0.13,0.0,0.42,0.0,1.38
2025-10-04 23:00:00+00:00,0.0,0.25,0.0,0.15,0.0,0.9,0.0,0.16,0.0,0.19,0.0,0.41,0.0,1.42
2025-10-05 00:00:00+00:00,0.0,0.21,0.0,0.19,0.0,0.9,0.0,0.23,0.0,0.18,0.0,0.4,0.0,1.39
2025-10-05 01:00:00+00:00,0.0,0.21,0.0,0.23,0.0,0.9,0.0,0.23,0.0,0.12,0.0,0.41,0.0,1.41
2025-10-05 02:00:00+00:00,0.0,0.21,0.0,0.23,0.0,0.9,0.0,0.21,0.0,0.16,0.0,0.43,0.0,1.39
2025-10-05 03:00:00+00:00,0.0,0.47,0.0,0.17,0.0,3.84,0.0,0.22,0.0,0.14,0.0,0.43,0.0,1.42
2025-10-05 04:00:00+00:00,0.01,0.77,0.0,0.17,0.0,1.07,0.0,0.23,0.0,0.12,0.0,0.43,0.0,1.38
2025-10-05 05:00:00+00:00,0.03,0.23,0.0,0.16,0.04,1.22,0.0,0.23,0.0,0.18,0.0,0.43,0.0,1.44
2025-10-05 06:00:00+00:00,0.04,0.15,0.01,0.17,0.48,1.11,0.0,0.23,0.0,0.25,0.0,0.42,0.0,1.3
2025-10-05 07:00:00+00:00,0.16,0.22,0.08,0.17,2.33,1.02,0.0,0.19,0.0,0.3,0.0,0.41,0.0,1.28
2025-10-05 08:00:00+00:00,0.91,0.56,0.22,0.22,4.74,1.26,0.0,0.16,0.0,0.23,0.0,0.41,0.0,1.26
2025-10-05 09:00:00+00:00,1.42,0.72,0.37,0.23,6.15,3.93,0.0,0.22,0.0,0.14,0.0,0.48,0.0,1.27
2025-10-05 10:00:00+00:00,1.93,0.78,0.57,0.19,7.38,1.37,0.0,0.15,0.0,0.23,0.0,0.46,0.0,1.28
2025-10-05 11:00:00+00:00,0.64,0.46,0.13,0.16,3.19,1.22,0.0,0.17,0.0,0.21,0.0,0.37,0.0,1.3
2025-10-05 12:00:00+00:00,1.44,0.61,0.64,0.16,5.32,1.38,0.0,0.13,0.0,0.16,0.0,0.41,0.0,1.23
2025-10-05 13:00:00+00:00,1.17,0.56,0.49,0.15,4.82,1.09,0.0,0.15,0.0,0.16,0.0,0.39,0.0,1.26
2025-10-05 14:00:00+00:00,0.36,0.88,0.26,0.19,2.66,2.28,0.0,0.11,0.0,0.18,0.0,0.43,0.0,1.14
2025-10-05 15:00:00+00:00,0.18,0.39,0.21,0.17,1.67,3.96,0.0,0.19,0.0,0.16,0.0,0.94,0.0,1.27
2025-10-05 16:00:00+00:00,0.05,0.19,0.06,0.17,0.2,1.48,0.0,0.21,0.0,1.05,0.0,0.45,0.0,1.24
2025-10-05 17:00:00+00:00,0.03,0.26,0.0,0.17,0.0,1.36,0.0,0.22,0.0,0.81,0.0,1.19,0.0,1.38
2025-10-05 18:00:00+00:00,0.01,0.23,0.0,0.17,0.0,1.05,0.0,0.22,0.0,0.33,0.0,0.63,0.0,1.35
2025-10-05 19:00:00+00:00,0.0,0.23,0.0,0.17,0.0,1.02,0.0,0.22,0.0,0.21,0.0,0.45,0.0,1.4
2025-10-05 20:00:00+00:00,0.0,0.22,0.0,0.16,0.0,2.25,0.0,0.22,0.0,0.19,0.0,0.35,0.0,1.34
2025-10-05 21:00:00+00:00,0.0,0.21,0.0,0.16,0.0,3.0,0.0,0.23,0.0,0.17,0.0,0.44,0.0,1.38
2025-10-05 22:00:00+00:00,0.0,0.85,0.0,0.16,0.0,0.97,0.0,0.16,0.0,0.14,0.0,0.39,0.0,1.37
2025-10-05 23:00:00+00:00,0.0,0.5,0.0,0.16,0.0,0.97,0.0,0.13,0.0,0.16,0.0,0.37,0.0,1.44
2025-10-06 00:00:00+00:00,0.0,0.24,0.0,0.16,0.0,0.97,0.0,0.14,0.0,0.2,0.0,0.38,0.0,1.39
2025-10-06 01:00:00+00:00,0.0,0.23,0.0,0.14,0.0,0.99,0.0,0.13,0.0,0.18,0.0,0.38,0.0,1.41
2025-10-06 02:00:00+00:00,0.0,0.4,0.0,0.14,0.0,2.82,0.0,0.24,0.0,0.16,0.0,0.38,0.0,1.4
2025-10-06 03:00:00+00:00,0.0,0.45,0.0,0.18,0.0,2.07,0.0,0.3,0.0,0.14,0.0,0.38,0.0,1.4
2025-10-06 04:00:00+00:00,0.01,0.25,0.0,0.17,0.0,1.04,0.0,0.35,0.0,0.17,0.0,0.36,0.0,1.39
2025-10-06 05:00:00+00:00,0.02,0.42,0.0,0.17,0.0,1.11,0.0,0.28,0.0,0.18,0.0,0.38,0.0,1.46
2025-10-06 06:00:00+00:00,0.06,0.38,0.0,0.18,0.39,1.61,0.0,0.28,0.0,0.3,0.0,0.47,0.0,1.33
2025-10-06 07:00:00+00:00,0.03,0.06,0.02,0.22,0.95,1.75,0.0,0.39,0.0,0.23,0.0,0.4,0.0,1.39
2025-10-06 08:00:00+00:00,0.39,0.39,0.1,0.33,2.52,3.94,0.0,0.31,0.0,0.25,0.0,0.42,0.0,1.34
2025-10-06 09:00:00+00:00,1.5,0.74,0.4,0.31,6.23,1.28,0.0,0.35,0.0,0.23,0.0,0.37,0.0,1.39
2025-10-06 10:00:00+00:00,1.21,0.67,0.23,0.17,4.66,1.21,0.0,0.35,0.0,0.21,0.0,0.37,0.0,1.32
2025-10-06 11:00:00+00:00,1.27,0.69,0.35,0.18,4.88,1.05,0.0,0.28,0.0,0.18,0.0,0.36,0.0,1.39
2025-10-06 12:00:00+00:00,1.39,1.41,0.49,0.17,5.34,1.04,0.0,0.27,0.0,0.21,0.0,0.37,0.0,1.96
2025-10-06 13:00:00+00:00,1.1,1.7,0.42,0.16,4.7,1.21,0.0,0.38,0.0,0.18,0.0,0.35,0.0,1.94
2025-10-06 14:00:00+00:00,0.34,0.94,0.13,0.16,2.29,4.61,0.0,0.35,0.0,0.21,0.0,0.35,0.0,1.86
2025-10-06 15:00:00+00:00,0.1,0.49,0.0,0.16,0.34,1.72,0.0,0.32,0.0,0.33,0.0,0.36,0.0,1.5
2025-10-06 16:00:00+00:00,0.1,0.5,0.0,0.17,0.03,1.81,0.0,0.35,0.0,0.26,0.0,0.97,0.0,1.34
2025-10-06 17:00:00+00:00,0.04,0.53,0.0,0.19,0.0,1.65,0.0,0.22,0.0,0.51,0.0,0.61,0.0,1.42
2025-10-06 18:00:00+00:00,0.01,0.91,0.0,0.17,0.0,1.75,0.0,0.2,0.0,0.32,0.0,1.25,0.0,1.4
2025-10-06 19:00:00+00:00,0.0,0.31,0.0,0.17,0.0,1.73,0.0,0.23,0.0,0.22,0.0,1.35,0.0,1.4
2025-10-06 20:00:00+00:00,0.0,0.23,0.0,0.16,0.0,4.55,0.0,0.22,0.0,0.16,0.0,1.19,0.0,1.39
2025-10-06 21:00:00+00:00,0.0,0.21,0.0,0.16,0.0,1.2,0.0,0.22,0.0,0.18,0.0,0.16,0.0,1.4
2025-10-06 22:00:00+00:00,0.0,0.21,0.0,0.16,0.0,0.94,0.0,0.21,0.0,0.15,0.0,0.25,0.0,1.4
2025-10-06 23:00:00+00:00,0.0,0.7,0.0,0.16,0.0,0.93,0.0,0.23,0.0,0.16,0.0,0.33,0.0,1.42
2025-10-07 00:00:00+00:00,0.0,0.52,0.0,0.16,0.0,0.92,0.0,0.18,0.0,0.14,0.0,0.33,0.0,1.37
2025-10-07 01:00:00+00:00,0.0,0.36,0.0,0.16,0.0,0.93,0.0,0.23,0.0,0.16,0.0,0.33,0.0,1.43
2025-10-07 02:00:00+00:00,0.0,0.33,0.0,0.16,0.0,3.91,0.0,0.17,0.0,0.13,0.0,0.33,0.0,1.36
2025-10-07 03:00:00+00:00,0.0,0.21,0.0,0.16,0.0,0.93,0.0,0.18,0.0,0.19,0.0,0.32,0.0,1.42
2025-10-07 04:00:00+00:00,0.01,0.25,0.0,0.15,0.0,1.01,0.0,0.3,0.0,0.15,0.0,0.31,0.0,1.48
2025-10-07 05:00:00+00:00,0.04,0.64,0.0,0.15,0.01,1.08,0.0,0.3,0.0,0.26,0.0,0.32,0.0,1.45
2025-10-07 06:00:00+00:00,0.03,0.14,0.02,0.23,0.88,1.27,0.0,0.53,0.0,0.18,0.0,0.39,0.0,1.33
2025-10-07 07:00:00+00:00,0.1,0.17,0.06,0.22,1.82,2.02,0.0,0.67,0.0,0.18,0.0,0.34,0.0,1.68
2025-10-07 08:00:00+00:00,1.2,0.69,0.4,0.37,7.57,4.17,0.0,0.76,0.0,0.12,0.0,0.37,0.0,1.44
2025-10-07 09:00:00+00:00,1.88,0.83,0.75,0.36,8.63,1.46,0.0,0.56,0.0,0.16,0.0,0.38,0.0,2.15
2025-10-07 10:00:00+00:00,2.33,0.91,1.03,0.35,9.3,1.75,0.0,0.5,0.0,0.13,0.0,0.38,0.0,1.37
2025-10-07 11:00:00+00:00,2.61,0.98,1.23,0.39,9.11,1.4,0.0,0.5,0.0,0.17,0.0,0.37,0.0,1.33
2025-10-07 12:00:00+00:00,2.12,1.43,1.12,0.36,7.29,1.43,0.0,0.49,0.0,0.13,0.0,0.43,0.0,1.3
2025-10-07 13:00:00+00:00,1.95,1.34,1.3,0.26,7.29,1.83,0.0,0.57,0.0,0.16,0.0,0.37,0.0,1.15
2025-10-07 14:00:00+00:00,0.86,0.73,1.0,0.22,5.14,4.25,0.0,0.47,0.0,0.14,0.0,0.38,0.0,1.26
2025-10-07 15:00:00+00:00,0.18,0.4,0.53,0.17,2.46,1.47,0.0,0.32,0.0,0.15,0.0,0.38,0.0,1.47
2025-10-07 16:00:00+00:00,0.1,0.95,0.06,0.17,0.12,1.91,0.0,0.3,0.0,0.55,0.0,0.39,0.0,1.26
2025-10-07 17:00:00+00:00,0.04,0.54,0.0,0.19,0.0,1.68,0.0,0.17,0.0,0.21,0.0,0.39,0.0,1.37
2025-10-07 18:00:00+00:00,0.01,0.25,0.0,0.16,0.0,1.49,0.0,0.1,0.0,0.18,0.0,0.89,0.0,1.37
2025-10-07 19:00:00+00:00,0.0,0.24,0.0,0.17,0.0,1.15,0.0,0.18,0.0,0.16,0.0,0.74,0.0,1.39
2025-10-07 20:00:00+00:00,0.0,0.24,0.0,0.21,0.0,4.44,0.0,0.21,0.0,0.16,0.0,0.29,0.0,1.37
2025-10-07 21:00:00+00:00,0.0,0.21,0.0,0.18,0.0,1.0,0.0,0.22,0.0,0.15,0.0,0.16,0.0,1.39
2025-10-07 22:00:00+00:00,0.0,0.22,0.0,0.19,0.0,1.0,0.0,0.15,0.0,0.15,0.0,0.25,0.0,1.37
2025-10-07 23:00:00+00:00,0.0,0.56,0.0,0.19,0.0,0.97,0.0,0.12,0.0,0.15,0.0,0.38,0.0,1.46
2025-10-08 00:00:00+00:00,0.0,0.38,0.0,0.18,0.0,0.96,0.0,0.12,0.0,0.14,0.0,0.38,0.0,1.46
2025-10-08 01:00:00+00:00,0.0,0.52,0.0,0.19,0.0,0.96,0.0,0.17,0.0,0.15,0.0,0.38,0.0,1.46
2025-10-08 02:00:00+00:00,0.0,0.78,0.0,0.19,0.0,3.98,0.0,0.15,0.0,0.14,0.0,0.37,0.0,1.47
2025-10-08 03:00:00+00:00,0.0,0.23,0.0,0.17,0.0,1.02,0.0,0.17,0.0,0.16,0.0,0.36,0.0,1.44
2025-10-08 04:00:00+00:00,0.01,0.22,0.0,0.19,0.0,1.06,0.0,0.25,0.0,0.13,0.0,0.38,0.0,1.5
2025-10-08 05:00:00+00:00,0.01,0.21,0.0,0.17,0.0,1.08,0.0,0.3,0.0,0.19,0.0,0.39,0.0,2.39
2025-10-08 06:00:00+00:00,0.06,0.2,0.0,0.25,0.15,1.08,0.0,0.51,0.0,0.21,0.0,0.45,0.0,1.96
2025-10-08 07:00:00+00:00,0.04,0.11,0.01,0.38,0.71,1.07,0.0,0.64,0.0,0.19,0.0,0.42,0.0,1.39
2025-10-08 08:00:00+00:00,0.12,0.19,0.04,0.45,1.52,4.03,0.0,0.64,0.0,0.12,0.0,0.46,0.0,1.42
2025-10-08 09:00:00+00:00,0.26,0.32,0.07,0.39,2.12,1.17,0.0,0.71,0.0,0.17,0.0,0.36,0.0,1.39
2025-10-08 10:00:00+00:00,0.34,0.37,0.09,0.35,2.43,1.07,0.0,0.66,0.0,0.13,0.0,0.35,0.0,1.39
2025-10-08 11:00:00+00:00,0.51,0.52,0.12,0.37,2.92,1.29,0.0,0.7,0.0,0.16,0.0,0.36,0.0,1.35
2025-10-08 12:00:00+00:00,1.27,0.96,0.51,0.38,5.03,1.19,0.0,0.63,0.0,0.15,0.0,0.35,0.0,1.24
2025-10-08 13:00:00+00:00,1.15,0.63,0.87,0.36,5.51,1.65,0.0,0.55,0.0,0.16,0.0,0.42,0.0,1.27
2025-10-08 14:00:00+00:00,0.36,0.43,0.3,0.33,3.09,4.3,0.0,0.64,0.0,0.16,0.0,0.38,0.0,1.13
2025-10-08 15:00:00+00:00,0.17,0.36,0.21,0.16,1.77,1.86,0.0,0.43,0.0,0.14,0.0,0.42,0.0,1.28
2025-10-08 16:00:00+00:00,0.08,0.22,0.01,0.17,0.23,1.83,0.0,0.29,0.0,0.15,0.0,0.37,0.0,1.25
2025-10-08 17:00:00+00:00,0.04,0.37,0.0,0.18,0.0,1.52,0.0,0.18,0.0,0.14,0.0,0.4,0.0,1.23
2025-10-08 18:00:00+00:00,0.03,0.45,0.0,0.19,0.0,1.54,0.0,0.25,0.0,0.15,0.0,0.38,0.0,1.26
2025-10-08 19:00:00+00:00,0.0,0.24,0.0,0.18,0.0,1.66,0.0,0.2,0.0,0.13,0.0,0.39,0.0,1.22
2025-10-08 20:00:00+00:00,0.0,0.21,0.0,0.17,0.0,3.64,0.0,0.22,0.0,0.16,0.0,0.18,0.0,1.31
2025-10-08 21:00:00+00:00,0.0,0.23,0.0,0.16,0.0,1.07,0.0,0.24,0.0,0.13,0.0,0.15,0.0,1.28
2025-10-08 22:00:00+00:00,0.0,0.2,0.0,0.2,0.0,1.04,0.0,0.18,0.0,0.16,0.0,0.34,0.0,1.31
2025-10-08 23:00:00+00:00,0.0,0.33,0.0,0.18,0.0,1.06,0.0,0.11,0.0,0.12,0.0,0.33,0.0,1.27
2025-10-09 00:00:00+00:00,0.0,0.51,0.0,0.18,0.0,1.1,0.0,0.1,0.0,0.19,0.0,0.32,0.0,1.31
2025-10-09 01:00:00+00:00,0.0,0.69,0.0,0.18,0.0,1.95,0.0,0.1,0.0,0.15,0.0,0.3,0.0,1.29
2025-10-09 02:00:00+00:00,0.0,0.55,0.0,0.18,0.0,3.22,0.0,0.1,0.0,0.19,0.0,0.32,0.0,1.37
2025-10-09 03:00:00+00:00,0.0,0.27,0.0,0.24,0.0,1.1,0.0,0.17,0.0,0.12,0.0,0.32,0.0,1.36
2025-10-09 04:00:00+00:00,0.01,0.25,0.0,0.26,0.0,1.22,0.0,0.23,0.0,0.16,0.0,0.33,0.0,1.37
2025-10-09 05:00:00+00:00,0.02,0.24,0.0,0.18,0.0,1.27,0.0,0.23,0.0,0.13,0.0,0.33,0.0,2.19
2025-10-09 06:00:00+00:00,0.08,0.52,0.0,0.18,0.28,1.33,0.0,0.22,0.0,0.2,0.0,0.39,0.0,2.47
2025-10-09 07:00:00+00:00,0.08,0.71,0.01,0.23,0.74,3.06,0.0,0.22,0.0,0.18,0.0,0.34,0.0,1.75
2025-10-09 08:00:00+00:00,0.04,0.13,0.02,0.25,0.95,2.54,0.0,0.22,0.0,0.18,0.0,0.36,0.0,1.64
2025-10-09 09:00:00+00:00,0.16,0.23,0.06,0.23,1.83,1.51,0.0,0.22,0.0,0.15,0.0,0.34,0.0,1.35
2025-10-09 10:00:00+00:00,0.3,0.29,0.08,0.32,2.26,1.38,0.0,0.22,0.0,0.14,0.0,0.35,0.0,1.37
2025-10-09 11:00:00+00:00,0.17,0.19,0.06,0.25,1.66,1.4,0.0,0.21,0.0,0.15,0.0,0.37,0.0,1.35
2025-10-09 12:00:00+00:00,0.25,0.25,0.07,0.28,1.99,1.77,0.0,0.21,0.0,0.15,0.0,0.36,0.0,1.67
2025-10-09 13:00:00+00:00,0.2,0.32,0.05,0.26,1.74,4.23,0.0,0.21,0.0,0.16,0.0,0.41,0.0,1.64
2025-10-09 14:00:00+00:00,0.13,0.69,0.03,0.25,1.36,2.03,0.0,0.25,0.0,0.15,0.0,0.98,0.0,1.89
2025-10-09 15:00:00+00:00,0.09,0.39,0.0,0.25,0.43,1.7,0.0,0.21,0.0,0.16,0.0,1.12,0.0,1.82
2025-10-09 16:00:00+00:00,0.1,0.54,0.0,0.2,0.04,1.79,0.0,0.21,0.0,0.15,0.0,0.47,0.0,1.9
2025-10-09 17:00:00+00:00,0.02,0.91,0.0,0.18,0.0,1.74,0.0,0.09,0.0,0.21,0.0,0.38,0.0,1.78
2025-10-09 18:00:00+00:00,0.01,0.28,0.0,0.18,0.0,1.74,0.0,0.11,0.0,0.23,0.0,0.42,0.0,1.8
2025-10-09 19:00:00+00:00,0.0,0.29,0.0,0.19,0.0,4.65,0.0,0.13,0.0,0.37,0.0,0.38,0.0,1.78
2025-10-09 20:00:00+00:00,0.0,0.23,0.0,0.18,0.0,1.58,0.0,0.1,0.0,0.32,0.0,0.14,0.0,1.75
2025-10-09 21:00:00+00:00,0.0,0.25,0.0,0.18,0.0,1.05,0.0,0.11,0.0,0.35,0.0,0.28,0.0,1.75
2025-10-09 22:00:00+00:00,0.0,0.22,0.0,0.17,0.0,0.96,0.0,0.11,0.0,0.3,0.0,0.38,0.0,1.73
2025-10-09 23:00:00+00:00,0.0,0.25,0.0,0.17,0.0,0.96,0.0,0.1,0.0,0.25,0.0,0.35,0.0,1.73
2025-10-10 00:00:00+00:00,0.0,0.23,0.0,0.19,0.0,0.94,0.0,0.11,0.0,0.14,0.0,0.31,0.0,1.75
2025-10-10 01:00:00+00:00,0.0,0.56,0.0,0.19,0.0,3.99,0.0,0.11,0.0,0.2,0.0,0.32,0.0,1.71
2025-10-10 02:00:00+00:00,0.0,0.22,0.0,0.18,0.0,0.95,0.0,0.2,0.0,0.17,0.0,0.32,0.0,1.4
2025-10-10 03:00:00+00:00,0.0,0.25,0.0,0.18,0.0,0.94,0.0,0.18,0.0,0.15,0.0,0.36,0.0,1.28
2025-10-10 04:00:00+00:00,0.01,0.23,0.0,0.18,0.0,1.01,0.0,0.29,0.0,0.14,0.0,0.38,0.0,1.32
2025-10-10 05:00:00+00:00,0.03,0.25,0.0,0.24,0.0,1.08,0.0,0.24,0.0,0.15,0.0,0.38,0.0,1.55
2025-10-10 06:00:00+00:00,0.05,0.18,0.0,0.28,0.34,2.13,0.0,0.44,0.0,0.15,0.0,0.45,0.0,2.15
2025-10-10 07:00:00+00:00,0.03,0.1,0.01,0.26,0.72,3.6,0.0,0.49,0.0,0.14,0.0,0.35,0.0,1.97
2025-10-10 08:00:00+00:00,0.08,0.14,0.03,0.18,1.2,1.3,0.0,0.44,0.0,0.15,0.0,0.35,0.0,1.67
2025-10-10 09:00:00+00:00,0.68,0.53,0.22,0.19,3.71,1.23,0.0,0.5,0.0,0.14,0.0,0.36,0.0,1.51
2025-10-10 10:00:00+00:00,2.25,0.88,1.03,0.48,9.17,1.54,0.0,0.48,0.0,0.16,0.0,0.42,0.0,1.56
2025-10-10 11:00:00+00:00,1.95,1.11,0.83,0.42,7.22,1.4,0.0,0.62,0.0,0.13,0.0,0.41,0.0,1.54
2025-10-10 12:00:00+00:00,0.84,1.05,0.4,0.33,4.16,3.54,0.0,0.52,0.0,0.16,0.0,0.42,0.0,1.46
2025-10-10 13:00:00+00:00,1.64,2.63,0.99,0.27,6.27,2.28,0.0,0.48,0.0,0.13,0.0,0.41,0.0,1.3
2025-10-10 14:00:00+00:00,0.46,0.48,0.6,0.24,3.62,1.56,0.0,0.44,0.0,0.16,0.0,0.45,0.0,1.3
2025-10-10 15:00:00+00:00,0.19,1.04,0.47,0.19,2.04,1.47,0.0,0.44,0.0,0.13,0.0,0.4,0.0,1.31
2025-10-10 16:00:00+00:00,0.1,0.5,0.05,0.18,0.2,1.71,0.0,0.46,0.0,0.16,0.0,1.17,0.0,1.2
2025-10-10 17:00:00+00:00,0.04,0.54,0.0,0.19,0.0,1.42,0.0,0.33,0.0,0.13,0.0,0.47,0.0,1.21
2025-10-10 18:00:00+00:00,0.01,0.56,0.0,0.19,0.0,3.62,0.0,0.35,0.0,0.17,0.0,0.39,0.0,1.18
2025-10-10 19:00:00+00:00,0.0,0.88,0.0,0.18,0.0,1.66,0.0,0.3,0.0,0.12,0.0,0.26,0.0,1.19
2025-10-10 20:00:00+00:00,0.0,0.29,0.0,0.18,0.0,1.07,0.0,0.34,0.0,0.17,0.0,0.22,0.0,1.16
2025-10-10 21:00:00+00:00,0.0,0.22,0.0,0.18,0.0,0.96,0.0,0.1,0.0,0.13,0.0,0.3,0.0,1.18
2025-10-10 22:00:00+00:00,0.0,0.24,0.0,0.18,0.0,0.92,0.0,0.11,0.0,0.16,0.0,0.33,0.0,1.19
2025-10-10 23:00:00+00:00,0.0,0.22,0.0,0.18,0.0,0.92,0.0,0.11,0.0,0.13,0.0,0.32,0.0,1.2
2025-10-11 00:00:00+00:00,0.0,0.25,0.0,0.17,0.0,3.83,0.0,0.11,0.0,0.16,0.0,0.33,0.0,1.17
2025-10-11 01:00:00+00:00,0.0,0.22,0.0,0.17,0.0,1.06,0.0,0.1,0.0,0.14,0.0,0.32,0.0,1.2
2025-10-11 02:00:00+00:00,0.0,0.23,0.0,0.21,0.0,0.92,0.0,0.11,0.0,0.19,0.0,0.35,0.0,1.14
2025-10-11 03:00:00+00:00,0.0,0.24,0.0,0.18,0.0,0.92,0.0,0.11,0.0,0.17,0.0,0.38,0.0,1.2
2025-10-11 04:00:00+00:00,0.01,0.63,0.0,0.18,0.0,1.06,0.0,0.1,0.0,0.15,0.0,0.38,0.0,1.18
2025-10-11 05:00:00+00:00,0.01,0.25,0.0,0.19,0.0,1.05,0.0,0.11,0.0,0.15,0.0,0.37,0.0,1.26
2025-10-11 06:00:00+00:00,0.05,0.19,0.0,0.18,0.14,4.05,0.0,0.11,0.0,0.14,0.0,0.37,0.0,1.2
2025-10-11 07:00:00+00:00,0.05,0.12,0.03,0.19,1.01,1.66,0.0,0.11,0.0,0.15,0.0,0.35,0.0,1.24
2025-10-11 08:00:00+00:00,0.11,0.16,0.06,0.18,1.57,1.45,0.0,0.1,0.0,0.14,0.0,0.47,0.0,1.27
2025-10-11 09:00:00+00:00,0.1,0.17,0.05,0.19,1.5,1.14,0.0,0.11,0.0,0.16,0.0,0.37,0.0,1.26
2025-10-11 10:00:00+00:00,0.12,0.19,0.05,0.19,1.59,1.05,0.0,0.11,0.0,0.14,0.0,0.52,0.0,1.26
2025-10-11 11:00:00+00:00,0.22,0.28,0.07,0.18,2.02,1.7,0.0,0.11,0.0,0.18,0.0,0.9,0.0,1.25
2025-10-11 12:00:00+00:00,0.62,0.46,0.31,0.18,3.6,3.59,0.0,0.1,0.0,0.17,0.0,0.6,0.0,1.23
2025-10-11 13:00:00+00:00,1.33,0.69,0.85,0.22,5.71,1.48,0.0,0.11,0.0,0.21,0.0,0.67,0.0,1.21
2025-10-11 14:00:00+00:00,0.52,0.9,0.46,0.21,3.45,1.07,0.0,0.1,0.0,0.16,0.0,0.47,0.0,1.07
2025-10-11 15:00:00+00:00,0.12,0.34,0.09,0.28,1.18,1.46,0.0,0.09,0.0,0.2,0.0,1.27,0.0,1.24
2025-10-11 16:00:00+00:00,0.06,0.21,0.0,0.23,0.16,1.6,0.0,0.06,0.0,0.12,0.0,0.98,0.0,1.22
2025-10-11 17:00:00+00:00,0.03,0.28,0.0,0.18,0.0,3.02,0.0,0.06,0.0,0.16,0.0,0.41,0.0,1.23
2025-10-11 18:00:00+00:00,0.01,0.27,0.0,0.18,0.0,3.15,0.0,0.1,0.0,0.12,0.0,0.48,0.0,1.22
2025-10-11 19:00:00+00:00,0.0,0.23,0.0,0.19,0.0,1.54,0.0,0.14,0.0,0.19,0.0,1.12,0.0,1.2
2025-10-11 20:00:00+00:00,0.0,0.22,0.0,0.18,0.0,1.36,0.0,0.1,0.0,0.16,0.0,0.41,0.0,1.23
2025-10-11 21:00:00+00:00,0.0,0.25,0.0,0.18,0.0,1.04,0.0,0.14,0.0,0.19,0.0,0.38,0.0,1.18
2025-10-11 22:00:00+00:00,0.0,0.29,0.0,0.18,0.0,1.0,0.0,0.11,0.0,0.13,0.0,0.39,0.0,1.22
2025-10-11 23:00:00+00:00,0.0,0.56,0.0,0.18,0.0,3.24,0.0,0.11,0.0,0.15,0.0,0.38,0.0,1.16
2025-10-12 00:00:00+00:00,0.0,0.29,0.0,0.18,0.0,1.7,0.0,0.11,0.0,0.16,0.0,0.42,0.0,1.21
2025-10-12 01:00:00+00:00,0.0,0.27,0.0,0.18,0.0,0.97,0.0,0.1,0.0,0.18,0.0,0.37,0.0,1.17
2025-10-12 02:00:00+00:00,0.0,0.28,0.0,0.18,0.0,0.95,0.0,0.18,0.0,0.16,0.0,0.38,0.0,1.22
2025-10-12 03:00:00+00:00,0.0,0.29,0.0,0.17,0.0,0.95,0.0,0.18,0.0,0.21,0.0,0.37,0.0,1.23
2025-10-12 04:00:00+00:00,0.01,0.26,0.0,0.17,0.0,1.01,0.0,0.23,0.0,0.16,0.0,0.35,0.0,1.27
2025-10-12 05:00:00+00:00,0.01,0.28,0.0,0.19,0.0,4.24,0.0,0.11,0.0,0.15,0.0,0.35,0.0,1.24
2025-10-12 06:00:00+00:00,0.06,0.25,0.0,0.2,0.11,1.24,0.0,0.13,0.0,0.18,0.0,0.39,0.0,1.26
2025-10-12 07:00:00+00:00,0.03,0.12,0.01,0.19,0.56,1.27,0.0,0.13,0.0,0.14,0.0,0.34,0.0,1.25
2025-10-12 08:00:00+00:00,0.08,0.15,0.04,0.18,1.36,1.08,0.0,0.13,0.0,0.16,0.0,0.34,0.0,1.25
2025-10-12 09:00:00+00:00,0.23,0.61,0.07,0.19,1.93,1.36,0.0,0.21,0.0,0.13,0.0,0.33,0.0,1.25
2025-10-12 10:00:00+00:00,0.31,0.35,0.08,0.18,2.32,2.0,0.0,0.19,0.0,0.16,0.0,0.38,0.0,1.24
2025-10-12 11:00:00+00:00,0.51,0.43,0.12,0.18,2.88,4.08,0.0,0.12,0.0,0.16,0.0,0.38,0.0,1.25
2025-10-12 12:00:00+00:00,0.57,0.45,0.21,0.18,3.35,1.34,0.0,0.11,0.0,0.16,0.0,0.41,0.0,1.25
2025-10-12 13:00:00+00:00,0.96,0.58,0.51,0.17,4.34,1.23,0.0,0.09,0.0,0.13,0.0,1.13,0.0,1.31
2025-10-12 14:00:00+00:00,0.22,0.7,0.12,0.18,2.07,1.34,0.0,0.12,0.0,0.16,0.0,0.37,0.0,1.28
2025-10-12 15:00:00+00:00,0.09,0.37,0.01,0.18,0.69,1.75,0.0,0.14,0.0,0.12,0.0,0.37,0.0,1.25
2025-10-12 16:00:00+00:00,0.06,0.26,0.0,0.2,0.12,2.72,0.0,0.08,0.0,0.17,0.0,0.37,0.0,1.27
2025-10-12 17:00:00+00:00,0.02,0.28,0.0,0.28,0.0,3.06,0.0,0.09,0.0,0.15,0.0,0.43,0.0,1.27
2025-10-12 18:00:00+00:00,0.01,0.25,0.0,0.31,0.0,1.59,0.0,0.11,0.0,0.25,0.0,0.45,0.0,1.26
2025-10-12 19:00:00+00:00,0.0,0.28,0.0,0.22,0.0,1.34,0.0,0.11,0.0,0.27,0.0,0.42,0.0,1.26
2025-10-12 20:00:00+00:00,0.0,0.26,0.0,0.19,0.0,1.14,0.0,0.11,0.0,0.35,0.0,0.58,0.0,1.24
2025-10-12 21:00:00+00:00,0.0,0.22,0.0,0.19,0.0,1.13,0.0,0.1,0.0,0.28,0.0,0.35,0.0,1.27
2025-10-12 22:00:00+00:00,0.0,0.24,0.0,0.18,0.0,3.45,0.0,0.1,0.0,0.21,0.0,0.13,0.0,1.22
2025-10-12 23:00:00+00:00,0.0,0.66,0.0,0.18,0.0,1.67,0.0,0.11,0.0,0.19,0.0,0.19,0.0,1.27
2025-10-13 00:00:00+00:00,0.0,0.26,0.0,0.19,0.0,1.03,0.0,0.13,0.0,0.14,0.0,0.37,0.0,1.21
2025-10-13 01:00:00+00:00,0.0,0.27,0.0,0.19,0.0,1.03,0.0,0.14,0.0,0.16,0.0,0.37,0.0,1.28
2025-10-13 02:00:00+00:00,0.0,0.27,0.0,0.19,0.0,1.02,0.0,0.29,0.0,0.12,0.0,0.37,0.0,1.22
2025-10-13 03:00:00+00:00,0.0,0.3,0.0,0.18,0.0,1.01,0.0,0.25,0.0,0.16,0.0,0.35,0.0,1.28
2025-10-13 04:00:00+00:00,0.01,0.27,0.0,0.18,0.0,4.16,0.0,0.25,0.0,0.13,0.0,0.37,0.0,1.23
2025-10-13 05:00:00+00:00,0.02,0.26,0.0,0.19,0.01,1.14,0.0,0.67,0.0,0.17,0.0,0.38,0.0,2.48
2025-10-13 06:00:00+00:00,0.04,0.15,0.02,0.31,0.64,1.54,0.0,0.68,0.0,0.19,0.0,0.39,0.0,1.34
2025-10-13 07:00:00+00:00,0.06,0.12,0.04,0.5,1.33,1.81,0.0,0.61,0.0,0.21,0.0,0.4,0.0,2.08
2025-10-13 08:00:00+00:00,0.66,0.46,0.21,0.4,3.97,2.43,0.0,0.67,0.0,0.3,0.0,0.35,0.0,2.13
2025-10-13 09:00:00+00:00,1.17,1.01,0.58,0.43,6.73,1.38,0.0,0.68,0.0,0.18,0.0,0.34,0.0,1.75
2025-10-13 10:00:00+00:00,0.8,0.47,0.28,0.32,4.11,3.11,0.0,0.67,0.0,0.18,0.0,0.41,0.0,1.49
2025-10-13 11:00:00+00:00,0.17,0.23,0.06,0.32,1.83,1.09,0.0,0.59,0.0,0.17,0.0,0.24,0.0,1.42
2025-10-13 12:00:00+00:00,0.07,0.16,0.04,0.31,1.35,1.05,0.0,0.5,0.0,0.18,0.0,0.36,0.0,1.73
2025-10-13 13:00:00+00:00,0.04,0.1,0.03,0.3,1.07,1.23,0.0,0.64,0.0,0.15,0.0,0.37,0.0,1.86
2025-10-13 14:00:00+00:00,0.1,1.19,0.0,0.24,0.43,1.7,0.0,0.6,0.0,0.15,0.0,0.37,0.0,1.59
2025-10-13 15:00:00+00:00,0.09,0.5,0.0,0.25,0.09,1.45,0.0,0.7,0.0,0.16,0.0,0.37,0.0,1.43
2025-10-13 16:00:00+00:00,0.1,0.53,0.0,0.34,0.0,4.87,0.0,0.49,0.0,0.34,0.0,1.09,0.0,1.28
2025-10-13 17:00:00+00:00,0.01,0.55,0.0,0.31,0.0,1.49,0.0,0.16,0.0,0.54,0.0,0.62,0.0,1.26
2025-10-13 18:00:00+00:00,0.01,0.48,0.0,0.21,0.0,1.47,0.0,0.14,0.0,0.37,0.0,1.11,0.0,1.27
2025-10-13 19:00:00+00:00,0.0,0.25,0.0,0.21,0.0,1.62,0.0,0.18,0.0,0.25,0.0,0.87,0.0,1.22
2025-10-13 20:00:00+00:00,0.0,0.43,0.0,0.2,0.0,1.56,0.0,0.13,0.0,0.3,0.0,0.81,0.0,1.26
2025-10-13 21:00:00+00:00,0.0,0.38,0.0,0.2,0.0,1.32,0.0,0.14,0.0,0.22,0.0,0.29,0.0,1.21
2025-10-13 22:00:00+00:00,0.0,0.23,0.0,0.24,0.0,3.8,0.0,0.14,0.0,0.18,0.0,0.11,0.0,1.25
2025-10-13 23:00:00+00:00,0.0,0.24,0.0,0.21,0.0,0.93,0.0,0.16,0.0,0.16,0.0,0.34,0.0,1.22
2025-10-14 00:00:00+00:00,0.0,0.25,0.0,0.21,0.0,0.96,0.0,0.15,0.0,0.17,0.0,0.33,0.0,1.24
2025-10-14 01:00:00+00:00,0.0,0.3,0.0,0.21,0.0,0.93,0.0,0.18,0.0,0.14,0.0,0.33,0.0,1.24
2025-10-14 02:00:00+00:00,0.0,0.27,0.0,0.21,0.0,0.93,0.0,0.16,0.0,0.15,0.0,0.31,0.0,1.3
2025-10-14 03:00:00+00:00,0.0,0.27,0.0,0.21,0.0,1.47,0.0,0.21,0.0,0.14,0.0,0.33,0.0,1.27
2025-10-14 04:00:00+00:00,0.01,0.28,0.0,0.21,0.0,3.47,0.0,0.28,0.0,0.14,0.0,0.33,0.0,1.31
2025-10-14 05:00:00+00:00,0.02,0.59,0.0,0.21,0.0,1.06,0.0,0.29,0.0,0.18,0.0,0.33,0.0,1.98
2025-10-14 06:00:00+00:00,0.06,0.56,0.0,0.24,0.08,1.13,0.0,0.51,0.0,0.2,0.0,0.33,0.0,2.51
2025-10-14 07:00:00+00:00,0.09,0.36,0.0,0.36,0.51,1.11,0.0,0.79,0.0,0.19,0.0,0.38,0.0,1.93
2025-10-14 08:00:00+00:00,0.12,0.4,0.03,0.3,1.03,1.7,0.0,0.7,0.0,0.17,0.0,0.33,0.0,2.14
2025-10-14 09:00:00+00:00,0.09,0.23,0.04,0.35,1.25,3.31,0.0,0.64,0.0,0.18,0.0,0.31,0.0,1.45
2025-10-14 10:00:00+00:00,0.06,0.29,0.03,0.32,1.25,3.05,0.0,0.58,0.0,0.14,0.0,0.32,0.0,1.46
2025-10-14 11:00:00+00:00,0.06,0.29,0.04,0.48,1.31,1.31,0.0,0.81,0.0,0.16,0.0,0.32,0.0,2.1
2025-10-14 12:00:00+00:00,0.11,0.16,0.06,0.39,1.73,1.28,0.0,0.91,0.0,0.14,0.0,0.33,0.0,1.99
2025-10-14 13:00:00+00:00,0.27,0.81,0.12,0.37,2.37,1.74,0.0,0.79,0.0,0.19,0.0,0.32,0.0,1.95
2025-10-14 14:00:00+00:00,0.22,0.34,0.17,0.36,2.36,1.69,0.0,0.64,0.0,0.15,0.0,0.33,0.0,1.33
2025-10-14 15:00:00+00:00,0.15,0.38,0.39,0.36,1.81,4.02,0.0,0.63,0.0,0.25,0.0,0.32,0.0,1.32
2025-10-14 16:00:00+00:00,0.1,0.52,0.04,0.32,0.11,2.17,0.0,0.44,0.0,0.72,0.0,1.23,0.0,1.24
2025-10-14 17:00:00+00:00,0.03,0.53,0.0,0.17,0.0,1.63,0.0,0.38,0.0,1.1,0.0,0.36,0.0,1.3
2025-10-14 18:00:00+00:00,0.01,0.36,0.0,0.21,0.0,1.57,0.0,0.3,0.0,0.36,0.0,0.39,0.0,1.23
2025-10-14 19:00:00+00:00,0.0,0.7,0.0,0.25,0.0,1.28,0.0,0.15,0.0,0.35,0.0,0.48,0.0,1.28
2025-10-14 20:00:00+00:00,0.0,0.22,0.0,0.16,0.0,1.45,0.0,0.2,0.0,0.17,0.0,0.46,0.0,1.24
2025-10-14 21:00:00+00:00,0.0,0.22,0.0,0.16,0.0,3.8,0.0,0.18,0.0,0.19,0.0,0.44,0.0,1.25
2025-10-14 22:00:00+00:00,0.0,0.22,0.0,0.16,0.0,1.47,0.0,0.11,0.0,0.25,0.0,0.42,0.0,1.23
2025-10-14 23:00:00+00:00,0.0,0.23,0.0,0.15,0.0,1.11,0.0,0.14,0.0,0.27,0.0,0.39,0.0,1.23
2025-10-15 00:00:00+00:00,0.0,0.26,0.0,0.16,0.0,1.07,0.0,0.15,0.0,0.21,0.0,0.36,0.0,1.26
2025-10-15 01:00:00+00:00,0.0,0.27,0.0,0.18,0.0,1.07,0.0,0.22,0.0,0.13,0.0,0.37,0.0,1.29
2025-10-15 02:00:00+00:00,0.0,0.27,0.0,0.16,0.0,1.07,0.0,0.23,0.0,0.16,0.0,0.38,0.0,1.28
2025-10-15 03:00:00+00:00,0.0,0.27,0.0,0.16,0.0,4.12,0.0,0.23,0.0,0.15,0.0,0.38,0.0,1.3
2025-10-15 04:00:00+00:00,0.02,0.31,0.0,0.16,0.0,1.08,0.0,0.22,0.0,0.21,0.0,0.38,0.0,1.31
2025-10-15 05:00:00+00:00,0.02,0.27,0.0,0.16,0.0,1.09,0.0,0.19,0.0,0.21,0.0,0.38,0.0,2.55
2025-10-15 06:00:00+00:00,0.06,0.51,0.0,0.36,0.31,1.21,0.0,0.32,0.0,0.25,0.0,0.47,0.0,2.54
2025-10-15 07:00:00+00:00,0.02,0.07,0.03,0.55,0.89,1.59,0.0,0.47,0.0,0.25,0.0,0.48,0.0,2.51
2025-10-15 08:00:00+00:00,0.09,0.16,0.04,0.46,1.41,1.95,0.0,0.44,0.0,0.21,0.0,0.44,0.0,2.33
2025-10-15 09:00:00+00:00,0.15,0.2,0.05,0.47,1.69,3.92,0.0,0.51,0.0,0.2,0.0,0.36,0.0,2.31
2025-10-15 10:00:00+00:00,0.38,0.37,0.1,0.43,2.5,1.14,0.0,0.4,0.0,0.19,0.0,0.37,0.0,1.9
2025-10-15 11:00:00+00:00,0.54,0.45,0.13,0.43,2.97,1.13,0.0,0.24,0.0,0.18,0.0,0.37,0.0,1.53
2025-10-15 12:00:00+00:00,0.72,0.44,0.29,0.5,3.35,1.01,0.0,0.34,0.0,0.17,0.0,0.37,0.0,1.46
2025-10-15 13:00:00+00:00,0.84,0.65,0.65,0.34,4.36,1.03,0.0,0.23,0.0,0.17,0.0,0.81,0.0,1.43
2025-10-15 14:00:00+00:00,0.6,1.19,0.44,0.44,3.69,4.0,0.0,0.38,0.0,0.19,0.0,0.34,0.0,1.26
2025-10-15 15:00:00+00:00,0.12,0.38,0.13,0.42,1.2,2.73,0.0,0.43,0.0,0.13,0.0,0.19,0.0,1.35
2025-10-15 16:00:00+00:00,0.1,0.48,0.0,0.24,0.06,1.83,0.0,0.28,0.0,0.43,0.0,0.84,0.0,1.26
2025-10-15 17:00:00+00:00,0.02,0.56,0.0,0.19,0.0,1.43,0.0,0.15,0.0,0.49,0.0,0.51,0.0,1.2
2025-10-15 18:00:00+00:00,0.01,0.41,0.0,0.29,0.0,1.48,0.0,0.16,0.0,0.31,0.0,0.56,0.0,1.24
2025-10-15 19:00:00+00:00,0.0,0.21,0.0,0.3,0.0,1.5,0.0,0.17,0.0,0.27,0.0,0.58,0.0,1.21
2025-10-15 20:00:00+00:00,0.0,0.62,0.0,0.21,0.0,3.87,0.0,0.17,0.0,0.2,0.0,0.54,0.0,1.24
2025-10-15 21:00:00+00:00,0.0,0.21,0.0,0.19,0.0,1.33,0.0,0.16,0.0,0.19,0.0,0.28,0.0,1.25
2025-10-15 22:00:00+00:00,0.0,0.21,0.0,0.19,0.0,0.93,0.0,0.16,0.0,0.18,0.0,0.09,0.0,1.25
2025-10-15 23:00:00+00:00,0.0,0.23,0.0,0.19,0.0,0.95,0.0,0.2,0.0,0.24,0.0,0.26,0.0,1.26
2025-10-16 00:00:00+00:00,0.0,0.22,0.0,0.2,0.0,0.94,0.0,0.11,0.0,0.18,0.0,0.37,0.0,1.26
2025-10-16 01:00:00+00:00,0.0,0.26,0.0,0.15,0.0,0.95,0.0,0.1,0.0,0.19,0.0,0.38,0.0,1.27
2025-10-16 02:00:00+00:00,0.0,0.29,0.0,0.15,0.0,4.07,0.0,0.11,0.0,0.18,0.0,0.37,0.0,1.33
2025-10-16 03:00:00+00:00,0.0,0.27,0.0,0.19,0.0,0.97,0.0,0.18,0.0,0.18,0.0,0.37,0.0,1.34
2025-10-16 04:00:00+00:00,0.01,0.27,0.0,0.16,0.0,1.02,0.0,0.34,0.0,0.21,0.0,0.38,0.0,1.34
2025-10-16 05:00:00+00:00,0.01,0.29,0.0,0.17,0.0,1.08,0.0,0.24,0.0,0.24,0.0,0.38,0.0,2.02
2025-10-16 06:00:00+00:00,0.07,0.51,0.0,0.3,0.13,1.1,0.0,0.41,0.0,0.25,0.0,0.36,0.0,1.36
2025-10-16 07:00:00+00:00,0.03,0.15,0.02,0.29,0.93,1.49,0.0,0.7,0.0,0.27,0.0,0.37,0.0,1.59
2025-10-16 08:00:00+00:00,0.08,0.14,0.04,0.24,1.38,4.04,0.0,0.63,0.0,0.25,0.0,0.38,0.0,1.46
2025-10-16 09:00:00+00:00,0.61,0.48,0.14,0.52,3.24,1.56,0.0,0.61,0.0,0.13,0.0,0.37,0.0,1.4
2025-10-16 10:00:00+00:00,0.15,0.22,0.07,0.39,1.73,1.5,0.0,0.51,0.0,0.17,0.0,0.37,0.0,1.98
2025-10-16 11:00:00+00:00,0.5,0.44,0.12,0.45,2.88,1.61,0.0,0.62,0.0,0.14,0.0,0.37,0.0,3.0
2025-10-16 12:00:00+00:00,0.94,0.55,0.53,0.49,4.38,1.32,0.0,0.67,0.0,0.2,0.0,0.36,0.0,2.96
2025-10-16 13:00:00+00:00,0.96,0.55,0.78,0.29,4.67,2.67,0.0,0.75,0.0,0.13,0.0,0.36,0.0,2.94
2025-10-16 14:00:00+00:00,0.54,0.41,0.44,0.29,3.89,2.79,0.0,0.58,0.0,0.17,0.0,0.35,0.0,2.3
2025-10-16 15:00:00+00:00,0.06,0.16,0.16,0.28,1.19,1.85,0.0,0.46,0.0,0.14,0.0,0.41,0.0,2.03
2025-10-16 16:00:00+00:00,0.08,0.79,0.0,0.4,0.09,1.94,0.0,0.21,0.0,0.45,0.0,0.4,0.0,1.81
2025-10-16 17:00:00+00:00,0.01,0.55,0.0,0.31,0.0,1.74,0.0,0.1,0.0,1.24,0.0,0.45,0.0,1.75
2025-10-16 18:00:00+00:00,0.01,0.47,0.0,0.17,0.0,1.65,0.0,0.11,0.0,0.33,0.0,0.48,0.0,1.85
2025-10-16 19:00:00+00:00,0.0,0.24,0.0,0.18,0.0,3.98,0.0,0.1,0.0,0.34,0.0,0.41,0.0,1.9
2025-10-16 20:00:00+00:00,0.0,0.22,0.0,0.26,0.0,1.8,0.0,0.11,0.0,0.35,0.0,0.19,0.0,1.24
2025-10-16 21:00:00+00:00,0.0,0.22,0.0,0.26,0.0,1.13,0.0,0.11,0.0,0.3,0.0,0.18,0.0,1.27
2025-10-16 22:00:00+00:00,0.0,0.21,0.0,0.17,0.0,0.92,0.0,0.1,0.0,0.25,0.0,0.35,0.0,1.26
2025-10-16 23:00:00+00:00,0.0,0.22,0.0,0.16,0.0,0.92,0.0,0.11,0.0,0.16,0.0,0.37,0.0,1.29
2025-10-17 00:00:00+00:00,0.0,0.25,0.0,0.16,0.0,0.92,0.0,0.11,0.0,0.2,0.0,0.38,0.0,1.24
2025-10-17 01:00:00+00:00,0.0,0.62,0.0,0.16,0.0,3.93,0.0,0.1,0.0,0.16,0.0,0.37,0.0,1.29
2025-10-17 02:00:00+00:00,0.0,0.26,0.0,0.16,0.0,0.91,0.0,0.11,0.0,0.14,0.0,0.39,0.0,1.29
2025-10-17 03:00:00+00:00,0.0,0.27,0.0,0.16,0.0,0.92,0.0,0.18,0.0,0.15,0.0,0.38,0.0,1.31
2025-10-17 04:00:00+00:00,0.01,0.27,0.0,0.16,0.0,0.98,0.0,0.24,0.0,0.17,0.0,0.37,0.0,1.29
2025-10-17 05:00:00+00:00,0.01,0.26,0.0,0.16,0.0,1.04,0.0,0.32,0.0,0.21,0.0,0.36,0.0,1.87
2025-10-17 06:00:00+00:00,0.04,0.2,0.0,0.19,0.34,1.34,0.0,0.57,0.0,0.23,0.0,0.38,0.0,1.34
2025-10-17 07:00:00+00:00,0.09,0.19,0.04,0.22,1.29,4.38,0.0,0.42,0.0,0.22,0.0,0.36,0.0,1.41
2025-10-17 08:00:00+00:00,0.35,0.33,0.11,0.31,2.51,1.64,0.0,0.29,0.0,0.19,0.0,0.33,0.0,1.43
2025-10-17 09:00:00+00:00,1.34,0.68,0.44,0.25,6.01,1.34,0.0,0.36,0.0,0.21,0.0,0.7,0.0,1.41
2025-10-17 10:00:00+00:00,0.96,0.57,0.31,0.36,4.32,1.1,0.0,0.26,0.0,0.15,0.0,0.44,0.0,1.37
2025-10-17 11:00:00+00:00,1.01,0.99,0.3,0.23,4.44,1.18,0.0,0.32,0.0,0.19,0.0,0.37,0.0,1.87
2025-10-17 12:00:00+00:00,0.63,0.45,0.24,0.22,3.44,2.62,0.0,0.31,0.0,0.15,0.0,0.34,0.0,1.7
2025-10-17 13:00:00+00:00,0.27,0.28,0.13,0.24,2.09,2.42,0.0,0.28,0.0,0.18,0.0,0.41,0.0,1.2
2025-10-17 14:00:00+00:00,0.18,1.17,0.05,0.22,1.39,1.44,0.0,0.22,0.0,0.16,0.0,0.44,0.0,1.27
2025-10-17 15:00:00+00:00,0.09,0.42,0.0,0.16,0.47,1.44,0.0,0.22,0.0,0.26,0.0,0.41,0.0,1.21
2025-10-17 16:00:00+00:00,0.1,0.5,0.0,0.2,0.02,1.45,0.0,0.25,0.0,0.54,0.0,0.78,0.0,1.26
2025-10-17 17:00:00+00:00,0.01,0.53,0.0,0.16,0.0,1.27,0.0,0.11,0.0,0.85,0.0,1.44,0.0,1.22
2025-10-17 18:00:00+00:00,0.01,0.52,0.0,0.16,0.0,3.95,0.0,0.1,0.0,0.21,0.0,0.62,0.0,1.24
2025-10-17 19:00:00+00:00,0.0,0.84,0.0,0.16,0.0,2.07,0.0,0.11,0.0,0.21,0.0,0.74,0.0,1.21
2025-10-17 20:00:00+00:00,0.0,0.21,0.0,0.17,0.0,1.11,0.0,0.11,0.0,0.2,0.0,1.24,0.0,1.23
2025-10-17 21:00:00+00:00,0.0,0.26,0.0,0.16,0.0,1.11,0.0,0.1,0.0,0.21,0.0,0.4,0.0,1.22
2025-10-17 22:00:00+00:00,0.0,0.22,0.0,0.16,0.0,0.92,0.0,0.11,0.0,0.26,0.0,0.18,0.0,1.25
2025-10-17 23:00:00+00:00,0.0,0.21,0.0,0.16,0.0,0.98,0.0,0.11,0.0,0.17,0.0,0.34,0.0,1.29
2025-10-18 00:00:00+00:00,0.0,0.26,0.0,0.25,0.0,4.07,0.0,0.1,0.0,0.16,0.0,0.39,0.0,1.28
2025-10-18 01:00:00+00:00,0.0,0.26,0.0,0.26,0.0,0.93,0.0,0.11,0.0,0.14,0.0,0.38,0.0,1.3
2025-10-18 02:00:00+00:00,0.0,0.27,0.0,0.19,0.0,0.95,0.0,0.11,0.0,0.19,0.0,0.37,0.0,1.28
2025-10-18 03:00:00+00:00,0.0,0.28,0.0,0.15,0.0,0.96,0.0,0.1,0.0,0.19,0.0,0.36,0.0,1.3
2025-10-18 04:00:00+00:00,0.01,0.27,0.0,0.15,0.0,1.07,0.0,0.11,0.0,0.2,0.0,0.38,0.0,1.27
2025-10-18 05:00:00+00:00,0.02,0.66,0.0,0.18,0.0,1.55,0.0,0.11,0.0,0.21,0.0,0.37,0.0,1.3
2025-10-18 06:00:00+00:00,0.04,0.12,0.02,0.17,0.71,4.08,0.0,0.11,0.0,0.22,0.0,0.39,0.0,1.27
2025-10-18 07:00:00+00:00,0.21,0.24,0.15,0.18,3.34,1.61,0.0,0.1,0.0,0.25,0.0,0.42,0.0,1.31
2025-10-18 08:00:00+00:00,0.86,0.57,0.46,0.27,6.99,1.39,0.0,0.11,0.0,0.16,0.0,0.36,0.0,1.28
2025-10-18 09:00:00+00:00,1.55,0.76,0.81,0.3,8.16,1.33,0.0,0.11,0.0,0.19,0.0,0.37,0.0,1.3
2025-10-18 10:00:00+00:00,2.0,0.83,1.1,0.32,8.85,1.37,0.0,0.11,0.0,0.18,0.0,0.46,0.0,1.29
2025-10-18 11:00:00+00:00,2.25,0.88,1.3,0.32,8.71,2.84,0.0,0.1,0.0,0.84,0.0,0.49,0.0,1.29
2025-10-18 12:00:00+00:00,2.1,0.88,1.39,0.24,7.56,2.84,0.0,0.11,0.0,0.16,0.0,0.59,0.0,1.25
2025-10-18 13:00:00+00:00,1.43,0.74,1.31,0.16,6.25,1.52,0.0,0.1,0.0,0.29,0.0,0.47,0.0,1.22
2025-10-18 14:00:00+00:00,0.6,0.47,0.35,0.17,4.33,1.23,0.0,0.1,0.0,0.28,0.0,0.43,0.0,1.29
2025-10-18 15:00:00+00:00,0.07,0.54,0.4,0.17,1.48,1.25,0.0,0.06,0.0,0.26,0.0,0.37,0.0,1.44
2025-10-18 16:00:00+00:00,0.06,0.25,0.02,0.16,0.05,1.56,0.0,0.08,0.0,0.3,0.0,0.57,0.0,1.26
2025-10-18 17:00:00+00:00,0.01,0.25,0.0,0.16,0.0,3.01,0.0,0.1,0.0,0.26,0.0,0.44,0.0,1.28
2025-10-18 18:00:00+00:00,0.01,0.25,0.0,0.2,0.0,2.96,0.0,0.1,0.0,0.27,0.0,0.73,0.0,1.24
2025-10-18 19:00:00+00:00,0.0,0.24,0.0,0.17,0.0,1.51,0.0,0.1,0.0,0.35,0.0,0.58,0.0,1.25
2025-10-18 20:00:00+00:00,0.0,0.21,0.0,0.17,0.0,1.44,0.0,0.11,0.0,0.33,0.0,0.48,0.0,1.23
2025-10-18 21:00:00+00:00,0.0,0.21,0.0,0.17,0.0,1.24,0.0,0.11,0.0,0.32,0.0,0.43,0.0,1.29
2025-10-18 22:00:00+00:00,0.0,0.22,0.0,0.16,0.0,1.03,0.0,0.12,0.0,0.33,0.0,0.41,0.0,1.26
2025-10-18 23:00:00+00:00,0.0,0.22,0.0,0.16,0.0,2.86,0.0,0.11,0.0,0.22,0.0,0.39,0.0,1.3
2025-10-19 00:00:00+00:00,0.0,0.21,0.0,0.16,0.0,2.32,0.0,0.11,0.0,0.15,0.0,0.38,0.0,1.26
2025-10-19 01:00:00+00:00,0.0,0.22,0.0,0.16,0.0,1.1,0.0,0.11,0.0,0.15,0.0,0.37,0.0,1.29
2025-10-19 02:00:00+00:00,0.0,0.66,0.0,0.16,0.0,1.08,0.0,0.12,0.0,0.17,0.0,0.35,0.0,1.25
2025-10-19 03:00:00+00:00,0.0,0.25,0.0,0.16,0.0,1.08,0.0,0.11,0.0,0.14,0.0,0.38,0.0,1.35
2025-10-19 04:00:00+00:00,0.01,0.27,0.0,0.16,0.0,1.23,0.0,0.11,0.0,0.2,0.0,0.37,0.0,1.29
2025-10-19 05:00:00+00:00,0.01,0.27,0.0,0.16,0.0,4.14,0.0,0.11,0.0,0.81,0.0,0.38,0.0,1.31
2025-10-19 06:00:00+00:00,0.05,0.16,0.0,0.14,0.35,1.69,0.0,0.1,0.0,0.5,0.0,0.39,0.0,1.29
2025-10-19 07:00:00+00:00,0.04,0.08,0.03,0.17,1.22,1.34,0.0,0.11,0.0,0.21,0.0,0.7,0.0,1.31
2025-10-19 08:00:00+00:00,0.31,0.32,0.1,0.18,2.44,1.38,0.0,0.11,0.0,0.26,0.0,0.51,0.0,1.29
2025-10-19 09:00:00+00:00,0.85,0.55,0.26,0.17,4.14,1.17,0.0,0.11,0.0,0.22,0.0,0.55,0.0,1.29
2025-10-19 10:00:00+00:00,1.27,0.7,0.5,0.2,5.69,1.22,0.0,0.1,0.0,0.19,0.0,0.45,0.0,1.3
2025-10-19 11:00:00+00:00,1.34,0.72,0.64,0.19,5.97,4.44,0.0,0.11,0.0,0.21,0.0,0.46,0.0,1.3
2025-10-19 12:00:00+00:00,0.97,1.0,0.38,0.19,4.22,1.45,0.0,0.11,0.0,0.23,0.0,0.46,0.0,1.31
2025-10-19 13:00:00+00:00,0.9,0.58,0.5,0.19,4.29,1.44,0.0,0.09,0.0,0.25,0.0,1.01,0.0,1.27
2025-10-19 14:00:00+00:00,0.22,0.27,0.13,0.2,2.08,1.38,0.0,0.1,0.0,0.22,0.0,0.23,0.0,1.32
2025-10-19 15:00:00+00:00,0.03,0.12,0.04,0.19,0.85,1.9,0.0,0.1,0.0,0.22,0.0,0.22,0.0,1.24
2025-10-19 16:00:00+00:00,0.06,0.25,0.0,0.2,0.03,1.68,0.0,0.1,0.0,0.21,0.0,0.41,0.0,1.27
2025-10-19 17:00:00+00:00,0.01,0.26,0.0,0.19,0.0,4.37,0.0,0.09,0.0,0.32,0.0,0.39,0.0,1.2
2025-10-19 18:00:00+00:00,0.01,0.25,0.0,0.19,0.0,1.61,0.0,0.11,0.0,0.29,0.0,1.07,0.0,1.25
2025-10-19 19:00:00+00:00,0.0,0.24,0.0,0.18,0.0,1.52,0.0,0.11,0.0,0.34,0.0,0.26,0.0,1.19
2025-10-19 20:00:00+00:00,0.0,0.22,0.0,0.2,0.0,1.46,0.0,0.11,0.0,0.33,0.0,0.17,0.0,1.28
2025-10-19 21:00:00+00:00,0.0,0.29,0.0,0.21,0.0,1.37,0.0,0.1,0.0,0.23,0.0,0.44,0.0,1.25
2025-10-19 22:00:00+00:00,0.0,0.87,0.0,0.19,0.0,1.92,0.0,0.11,0.0,0.14,0.0,0.42,0.0,1.29
2025-10-19 23:00:00+00:00,0.0,0.25,0.0,0.19,0.0,3.37,0.0,0.11,0.0,0.17,0.0,0.38,0.0,1.26
2025-10-20 00:00:00+00:00,0.0,0.24,0.0,0.19,0.0,1.12,0.0,0.1,0.0,0.15,0.0,0.36,0.0,1.28
2025-10-20 01:00:00+00:00,0.0,0.25,0.0,0.19,0.0,1.1,0.0,0.11,0.0,0.2,0.0,0.36,0.0,1.32
2025-10-20 02:00:00+00:00,0.0,0.26,0.0,0.24,0.0,1.11,0.0,0.25,0.0,0.14,0.0,0.38,0.0,1.33
2025-10-20 03:00:00+00:00,0.0,0.26,0.0,0.27,0.0,1.12,0.0,0.25,0.0,0.16,0.0,0.38,0.0,1.32
2025-10-20 04:00:00+00:00,0.01,0.29,0.0,0.19,0.0,3.08,0.0,0.27,0.0,0.14,0.0,0.39,0.0,1.3
2025-10-20 05:00:00+00:00,0.01,0.26,0.0,0.16,0.0,2.37,0.0,0.46,0.0,0.28,0.0,0.43,0.0,1.57
2025-10-20 06:00:00+00:00,0.07,0.24,0.0,0.17,0.14,1.67,0.0,0.98,0.0,0.16,0.0,0.47,0.0,1.47
2025-10-20 07:00:00+00:00,0.07,0.16,0.01,0.18,0.82,1.95,0.0,1.07,0.0,0.19,0.0,0.41,0.0,1.76
2025-10-20 08:00:00+00:00,0.21,0.69,0.05,0.15,1.78,1.5,0.0,1.03,0.0,0.2,0.0,0.35,0.0,1.61
2025-10-20 09:00:00+00:00,0.07,0.12,0.03,0.64,1.28,1.93,0.0,0.68,0.0,0.2,0.0,0.37,0.0,1.68
2025-10-20 10:00:00+00:00,0.11,0.17,0.03,0.61,1.52,3.59,0.0,0.78,0.0,0.17,0.0,0.37,0.0,1.95
2025-10-20 11:00:00+00:00,0.12,0.18,0.04,0.59,1.65,1.24,0.0,0.87,0.0,0.18,0.0,0.37,0.0,2.22
2025-10-20 12:00:00+00:00,0.19,0.23,0.05,0.58,1.84,1.18,0.0,0.82,0.0,0.22,0.0,0.37,0.0,2.2
2025-10-20 13:00:00+00:00,0.35,0.34,0.12,0.58,2.48,1.62,0.0,0.82,0.0,0.22,0.0,0.36,0.0,1.94
2025-10-20 14:00:00+00:00,0.21,1.15,0.04,0.48,1.37,1.83,0.0,1.0,0.0,0.27,0.0,0.36,0.0,1.75
2025-10-20 15:00:00+00:00,0.1,0.43,0.0,0.27,0.21,1.73,0.0,0.66,0.0,0.22,0.0,0.44,0.0,1.52
2025-10-20 16:00:00+00:00,0.09,0.52,0.0,0.18,0.05,5.0,0.0,0.28,0.0,0.22,0.0,0.89,0.0,1.4
2025-10-20 17:00:00+00:00,0.01,0.52,0.0,0.17,0.0,1.73,0.0,0.1,0.0,0.27,0.0,0.56,0.0,1.42
2025-10-20 18:00:00+00:00,0.01,0.51,0.0,0.17,0.0,1.93,0.0,0.09,0.0,0.28,0.0,1.24,0.0,1.41
2025-10-20 19:00:00+00:00,0.0,0.48,0.0,0.16,0.0,1.57,0.0,0.11,0.0,0.23,0.0,0.6,0.0,1.43
2025-10-20 20:00:00+00:00,0.0,0.6,0.0,0.17,0.0,1.38,0.0,0.11,0.0,0.23,0.0,0.44,0.0,1.42
2025-10-20 21:00:00+00:00,0.0,0.25,0.0,0.14,0.0,1.23,0.0,0.1,0.0,0.17,0.0,0.19,0.0,1.43
2025-10-20 22:00:00+00:00,0.0,0.26,0.0,0.15,0.0,4.11,0.0,0.11,0.0,0.21,0.0,0.33,0.0,1.46
2025-10-20 23:00:00+00:00,0.0,0.28,0.0,0.28,0.0,1.08,0.0,0.11,0.0,0.16,0.0,0.36,0.0,1.45
2025-10-21 00:00:00+00:00,0.0,0.27,0.0,0.26,0.0,1.03,0.0,0.1,0.0,0.19,0.0,0.37,0.0,1.36
2025-10-21 01:00:00+00:00,0.0,0.27,0.0,0.22,0.0,1.02,0.0,0.11,0.0,0.13,0.0,0.38,0.0,1.36
2025-10-21 02:00:00+00:00,0.0,0.27,0.0,0.16,0.0,1.01,0.0,0.11,0.0,0.21,0.0,0.38,0.0,1.36
2025-10-21 03:00:00+00:00,0.0,0.27,0.0,0.17,0.0,1.24,0.0,0.17,0.0,0.18,0.0,0.38,0.0,1.35
2025-10-21 04:00:00+00:00,0.01,0.28,0.0,0.17,0.0,3.9,0.0,0.25,0.0,0.18,0.0,0.38,0.0,1.36
2025-10-21 05:00:00+00:00,0.01,0.7,0.0,0.22,0.0,1.35,0.0,0.24,0.0,0.16,0.0,0.38,0.0,1.56
2025-10-21 06:00:00+00:00,0.05,0.2,0.0,0.34,0.26,1.82,0.0,0.6,0.0,0.18,0.0,0.42,0.0,1.69
2025-10-21 07:00:00+00:00,0.06,0.12,0.04,0.42,1.27,1.49,0.0,0.8,0.0,0.19,0.0,0.4,0.0,1.71
2025-10-21 08:00:00+00:00,0.28,0.29,0.11,0.42,2.3,1.56,0.0,0.74,0.0,0.22,0.0,0.47,0.0,1.71
2025-10-21 09:00:00+00:00,0.95,0.6,0.44,0.46,5.37,2.76,0.0,0.82,0.0,0.16,0.0,0.4,0.0,1.6
2025-10-21 10:00:00+00:00,1.36,0.71,0.68,0.41,6.64,3.46,0.0,0.69,0.0,0.17,0.0,0.42,0.0,1.44
2025-10-21 11:00:00+00:00,1.87,0.83,1.17,0.39,7.56,1.56,0.0,0.87,0.0,0.17,0.0,0.42,0.0,1.5
2025-10-21 12:00:00+00:00,1.16,0.59,0.77,0.25,5.14,1.18,0.0,0.72,0.0,0.14,0.0,0.42,0.0,1.62
2025-10-21 13:00:00+00:00,0.81,0.53,0.53,0.27,3.79,1.51,0.0,0.68,0.0,0.15,0.0,0.49,0.0,1.61
2025-10-21 14:00:00+00:00,0.26,0.25,0.08,0.22,2.01,1.66,0.0,0.58,0.0,0.13,0.0,0.41,0.0,1.36
2025-10-21 15:00:00+00:00,0.08,0.76,0.0,0.2,0.13,3.2,0.0,0.49,0.0,0.16,0.0,0.49,0.0,1.29
2025-10-21 16:00:00+00:00,0.08,0.54,0.0,0.18,0.0,3.3,0.0,0.13,0.0,1.12,0.0,0.9,0.0,1.26
2025-10-21 17:00:00+00:00,0.01,0.39,0.0,0.17,0.0,1.82,0.0,0.06,0.0,0.2,0.0,0.94,0.0,1.28
2025-10-21 18:00:00+00:00,0.01,0.25,0.0,0.17,0.0,1.79,0.0,0.08,0.0,0.18,0.0,0.62,0.0,1.25
2025-10-21 19:00:00+00:00,0.0,0.24,0.0,0.17,0.0,1.5,0.0,0.09,0.0,0.16,0.0,1.06,0.0,1.28
2025-10-21 20:00:00+00:00,0.0,0.23,0.0,0.17,0.0,1.23,0.0,0.11,0.0,0.17,0.0,0.26,0.0,1.29
2025-10-21 21:00:00+00:00,0.0,0.22,0.0,0.17,0.0,2.63,0.0,0.11,0.0,0.15,0.0,0.1,0.0,1.31
2025-10-21 22:00:00+00:00,0.0,0.24,0.0,0.16,0.0,2.42,0.0,0.11,0.0,0.14,0.0,0.32,0.0,1.29
2025-10-21 23:00:00+00:00,0.0,0.23,0.0,0.15,0.0,0.96,0.0,0.1,0.0,0.16,0.0,0.33,0.0,1.32
2025-10-22 00:00:00+00:00,0.0,0.64,0.0,0.14,0.0,0.96,0.0,0.11,0.0,0.14,0.0,0.33,0.0,1.27
2025-10-22 01:00:00+00:00,0.0,0.23,0.0,0.19,0.0,0.98,0.0,0.11,0.0,0.15,0.0,0.33,0.0,1.3
2025-10-22 02:00:00+00:00,0.0,0.22,0.0,0.16,0.0,0.96,0.0,0.1,0.0,0.16,0.0,0.33,0.0,1.26
2025-10-22 03:00:00+00:00,0.0,0.22,0.0,0.17,0.0,3.03,0.0,0.17,0.0,0.13,0.0,0.33,0.0,1.32
2025-10-22 04:00:00+00:00,0.01,0.21,0.0,0.17,0.0,2.19,0.0,0.24,0.0,0.16,0.0,0.35,0.0,1.29
2025-10-22 05:00:00+00:00,0.01,0.21,0.0,0.24,0.0,1.12,0.0,0.24,0.0,0.28,0.0,0.3,0.0,2.9
2025-10-22 06:00:00+00:00,0.05,0.27,0.0,0.28,0.01,1.14,0.0,0.61,0.0,0.28,0.0,0.28,0.0,2.06
2025-10-22 07:00:00+00:00,0.05,0.19,0.0,0.2,0.2,1.53,0.0,1.03,0.0,0.24,0.0,0.44,0.0,1.76
2025-10-22 08:00:00+00:00,0.04,0.11,0.0,0.24,0.52,1.83,0.0,1.13,0.0,0.18,0.0,0.8,0.0,2.45
2025-10-22 09:00:00+00:00,0.38,0.33,0.12,0.3,2.43,4.14,0.0,1.22,0.0,0.67,0.0,0.48,0.0,2.21
2025-10-22 10:00:00+00:00,0.61,0.48,0.13,0.25,3.31,1.6,0.0,0.84,0.0,0.17,0.0,0.47,0.0,1.62
2025-10-22 11:00:00+00:00,0.54,0.81,0.13,0.34,2.88,1.6,0.0,0.72,0.0,0.19,0.0,0.46,0.0,1.67
2025-10-22 12:00:00+00:00,0.73,0.54,0.25,0.29,3.7,1.47,0.0,0.92,0.0,0.19,0.0,0.47,0.0,1.51
2025-10-22 13:00:00+00:00,0.64,0.48,0.25,0.26,3.36,1.38,0.0,0.61,0.0,0.18,0.0,0.43,0.0,1.45
2025-10-22 14:00:00+00:00,0.15,0.53,0.05,0.38,1.43,1.74,0.0,0.86,0.0,0.29,0.0,0.42,0.0,1.35
2025-10-22 15:00:00+00:00,0.12,1.1,0.01,0.42,0.45,4.88,0.0,0.62,0.0,0.15,0.0,0.43,0.0,1.36
2025-10-22 16:00:00+00:00,0.08,0.53,0.0,0.19,0.02,1.73,0.0,0.64,0.0,0.4,0.0,0.41,0.0,2.34
2025-10-22 17:00:00+00:00,0.01,0.55,0.0,0.16,0.0,1.69,0.0,0.37,0.0,0.17,0.0,0.38,0.0,1.95
2025-10-22 18:00:00+00:00,0.01,0.53,0.0,0.17,0.0,1.86,0.0,0.14,0.0,0.2,0.0,0.4,0.0,1.4
2025-10-22 19:00:00+00:00,0.0,0.55,0.0,0.17,0.0,1.8,0.0,0.14,0.0,0.21,0.0,0.43,0.0,1.32
2025-10-22 20:00:00+00:00,0.0,0.87,0.0,0.17,0.0,1.57,0.0,0.15,0.0,0.17,0.0,0.44,0.0,1.33
2025-10-22 21:00:00+00:00,0.0,0.26,0.0,0.15,0.0,4.11,0.0,0.15,0.0,0.16,0.0,0.37,0.0,1.33
2025-10-22 22:00:00+00:00,0.0,0.22,0.0,0.15,0.0,1.06,0.0,0.15,0.0,0.13,0.0,0.37,0.0,1.41
2025-10-22 23:00:00+00:00,0.0,0.25,0.0,0.17,0.0,0.96,0.0,0.15,0.0,0.16,0.0,0.38,0.0,1.38
2025-10-23 00:00:00+00:00,0.0,0.21,0.0,0.17,0.0,0.93,0.0,0.14,0.0,0.13,0.0,0.34,0.0,1.37
2025-10-23 01:00:00+00:00,0.0,0.22,0.0,0.14,0.0,0.92,0.0,0.15,0.0,0.16,0.0,0.33,0.0,1.35
2025-10-23 02:00:00+00:00,0.0,0.24,0.0,0.15,0.0,0.96,0.0,0.15,0.0,0.14,0.0,0.32,0.0,1.33
2025-10-23 03:00:00+00:00,0.0,0.22,0.0,0.19,0.0,3.94,0.0,0.22,0.0,0.2,0.0,0.32,0.0,1.35
2025-10-23 04:00:00+00:00,0.01,0.22,0.0,0.16,0.0,0.97,0.0,0.28,0.0,0.13,0.0,0.32,0.0,1.32
2025-10-23 05:00:00+00:00,0.01,0.6,0.0,0.21,0.0,1.18,0.0,0.4,0.0,0.25,0.0,0.34,0.0,1.56
2025-10-23 06:00:00+00:00,0.06,0.25,0.0,0.37,0.01,1.6,0.0,0.57,0.0,0.16,0.0,0.47,0.0,1.42
2025-10-23 07:00:00+00:00,0.09,0.19,0.0,0.36,0.23,1.61,0.0,0.74,0.0,0.16,0.0,0.38,0.0,1.88
2025-10-23 08:00:00+00:00,0.07,0.16,0.01,0.42,0.71,1.83,0.0,0.76,0.0,0.14,0.0,0.37,0.0,1.82
2025-10-23 09:00:00+00:00,0.13,0.31,0.0,0.31,0.19,4.1,0.0,0.62,0.0,0.18,0.0,0.76,0.0,1.78
2025-10-23 10:00:00+00:00,0.27,0.31,0.05,0.59,1.32,1.54,0.0,0.78,0.0,0.16,0.0,0.48,0.0,1.41
2025-10-23 11:00:00+00:00,0.29,0.3,0.07,0.35,2.17,1.53,0.0,0.83,0.0,0.15,0.0,0.4,0.0,1.43
2025-10-23 12:00:00+00:00,0.46,0.39,0.13,0.3,2.67,1.04,0.0,0.78,0.0,0.14,0.0,0.41,0.0,1.39
2025-10-23 13:00:00+00:00,0.64,0.46,0.34,0.39,3.67,1.02,0.0,0.58,0.0,0.15,0.0,0.41,0.0,1.32
2025-10-23 14:00:00+00:00,0.2,0.23,0.23,0.35,2.31,2.8,0.0,0.59,0.0,0.14,0.0,0.42,0.0,1.38
2025-10-23 15:00:00+00:00,0.08,0.53,0.22,0.19,1.06,3.13,0.0,0.62,0.0,0.15,0.0,0.5,0.0,1.32
2025-10-23 16:00:00+00:00,0.07,0.4,0.0,0.21,0.01,1.89,0.0,0.58,0.0,0.36,0.0,1.01,0.0,1.23
2025-10-23 17:00:00+00:00,0.02,0.63,0.0,0.17,0.0,1.7,0.0,0.29,0.0,0.41,0.0,0.58,0.0,1.29
2025-10-23 18:00:00+00:00,0.02,0.57,0.0,0.17,0.0,1.27,0.0,0.3,0.0,0.22,0.0,0.66,0.0,1.23
2025-10-23 19:00:00+00:00,0.0,0.38,0.0,0.17,0.0,1.24,0.0,0.39,0.0,0.19,0.0,0.66,0.0,1.28
2025-10-23 20:00:00+00:00,0.0,0.35,0.0,0.17,0.0,3.38,0.0,0.32,0.0,0.22,0.0,0.61,0.0,1.23
2025-10-23 21:00:00+00:00,0.0,0.64,0.0,0.15,0.0,2.05,0.0,0.31,0.0,0.23,0.0,0.32,0.0,1.27
2025-10-23 22:00:00+00:00,0.0,0.34,0.0,0.16,0.0,0.89,0.0,0.3,0.0,0.21,0.0,0.14,0.0,1.3
2025-10-23 23:00:00+00:00,0.0,0.36,0.0,0.16,0.0,0.89,0.0,0.24,0.0,0.17,0.0,0.31,0.0,1.29
2025-10-24 00:00:00+00:00,0.0,0.35,0.0,0.17,0.0,0.89,0.0,0.24,0.0,0.2,0.0,0.37,0.0,1.3
2025-10-24 01:00:00+00:00,0.0,0.34,0.0,0.15,0.0,0.89,0.0,0.24,0.0,0.21,0.0,0.37,0.0,1.3
2025-10-24 02:00:00+00:00,0.0,0.36,0.0,0.15,0.0,3.85,0.0,0.23,0.0,0.22,0.0,0.35,0.0,1.28
2025-10-24 03:00:00+00:00,0.0,0.35,0.0,0.15,0.0,0.96,0.0,0.31,0.0,0.16,0.0,0.37,0.0,1.28
2025-10-24 04:00:00+00:00,0.01,0.36,0.0,0.14,0.0,0.96,0.0,0.38,0.0,0.17,0.0,0.38,0.0,1.3
2025-10-24 05:00:00+00:00,0.01,0.33,0.0,0.21,0.0,1.02,0.0,0.58,0.0,0.16,0.0,0.37,0.0,1.61
2025-10-24 06:00:00+00:00,0.08,0.68,0.0,0.39,0.12,1.03,0.0,0.59,0.0,0.2,0.0,0.31,0.0,1.54
2025-10-24 07:00:00+00:00,0.11,0.16,0.17,0.29,2.64,1.32,0.0,0.65,0.0,0.15,0.0,0.17,0.0,1.31
2025-10-24 08:00:00+00:00,0.44,0.39,0.28,0.43,4.73,4.59,0.0,0.71,0.0,0.17,0.0,0.32,0.0,1.34
2025-10-24 09:00:00+00:00,1.15,0.62,0.6,0.64,5.99,1.11,0.0,0.56,0.0,0.12,0.0,0.39,0.0,1.38
2025-10-24 10:00:00+00:00,1.97,0.85,1.13,0.73,9.13,1.19,0.0,0.52,0.0,0.16,0.0,0.38,0.0,1.46
2025-10-24 11:00:00+00:00,1.88,0.81,1.26,0.63,7.93,1.14,0.0,0.62,0.0,0.12,0.0,0.37,0.0,1.36
2025-10-24 12:00:00+00:00,1.97,0.88,1.51,0.53,7.54,1.0,0.0,0.48,0.0,0.16,0.0,0.37,0.0,1.44
2025-10-24 13:00:00+00:00,1.47,0.8,1.08,0.3,6.49,1.6,0.0,0.56,0.0,0.12,0.0,0.36,0.0,1.16
2025-10-24 14:00:00+00:00,0.43,0.36,0.2,0.38,4.1,3.76,0.0,0.54,0.0,0.19,0.0,0.35,0.0,1.12
2025-10-24 15:00:00+00:00,0.1,0.86,0.24,0.29,1.0,1.38,0.0,0.5,0.0,0.27,0.0,0.36,0.0,1.24
2025-10-24 16:00:00+00:00,0.11,0.63,0.0,0.31,0.01,1.6,0.0,0.33,0.0,0.41,0.0,0.39,0.0,1.25
2025-10-24 17:00:00+00:00,0.01,0.35,0.0,0.25,0.0,1.64,0.0,0.15,0.0,0.31,0.0,0.43,0.0,1.24
2025-10-24 18:00:00+00:00,0.01,0.33,0.0,0.2,0.0,1.64,0.0,0.14,0.0,0.23,0.0,0.46,0.0,1.24
2025-10-24 19:00:00+00:00,0.0,0.33,0.0,0.17,0.0,1.64,0.0,0.15,0.0,0.23,0.0,1.14,0.0,1.18
2025-10-24 20:00:00+00:00,0.0,0.33,0.0,0.17,0.0,1.64,0.0,0.16,0.0,0.18,0.0,0.27,0.0,1.23
2025-10-24 21:00:00+00:00,0.0,0.31,0.0,0.18,0.0,1.64,0.0,0.15,0.0,0.18,0.0,0.18,0.0,1.17
2025-10-24 22:00:00+00:00,0.0,0.31,0.0,0.2,0.0,1.64,0.0,0.14,0.0,0.14,0.0,0.36,0.0,1.22
2025-10-24 23:00:00+00:00,0.0,0.31,0.0,0.2,0.0,1.64,0.0,0.14,0.0,0.14,0.0,0.41,0.0,1.17
2025-10-25 00:00:00+00:00,0.0,0.51,0.0,0.2,0.0,1.64,0.0,0.15,0.0,0.19,0.0,0.4,0.0,1.21
2025-10-25 01:00:00+00:00,0.0,0.54,0.0,0.2,0.0,1.64,0.0,0.15,0.0,0.16,0.0,0.39,0.0,1.28
2025-10-25 02:00:00+00:00,0.0,0.35,0.0,0.19,0.0,1.64,0.0,0.17,0.0,0.17,0.0,0.41,0.0,1.29
2025-10-25 03:00:00+00:00,0.0,0.33,0.0,0.2,0.0,1.64,0.0,0.14,0.0,0.13,0.0,0.41,0.0,1.3
2025-10-25 04:00:00+00:00,0.02,0.34,0.0,0.22,0.0,1.64,0.0,0.16,0.0,0.15,0.0,0.41,0.0,1.31
2025-10-25 05:00:00+00:00,0.02,0.34,0.0,0.28,0.0,1.64,0.0,0.15,0.0,0.16,0.0,0.42,0.0,1.32
2025-10-25 06:00:00+00:00,0.07,0.3,0.0,0.29,0.0,1.64,0.0,0.17,0.0,0.17,0.0,0.41,0.0,1.31
2025-10-25 07:00:00+00:00,0.04,0.15,0.01,0.25,0.0,1.64,0.0,0.14,0.0,0.19,0.0,0.38,0.0,1.3
2025-10-25 08:00:00+00:00,0.06,0.11,0.04,0.2,0.0,1.64,0.0,0.15,0.0,0.16,0.0,0.34,0.0,1.31
2025-10-25 09:00:00+00:00,0.11,0.17,0.05,0.2,0.0,1.64,0.0,0.15,0.0,0.16,0.0,0.44,0.0,1.27
2025-10-25 10:00:00+00:00,0.06,0.12,0.03,0.2,0.0,1.64,0.0,0.15,0.0,0.13,0.0,0.49,0.0,1.3
2025-10-25 11:00:00+00:00,0.09,0.58,0.01,0.21,0.0,1.64,0.0,0.14,0.0,0.22,0.0,0.5,0.0,1.31
2025-10-25 12:00:00+00:00,0.04,0.14,0.01,0.2,0.0,1.64,0.0,0.15,0.0,0.18,0.0,0.54,0.0,1.29
2025-10-25 13:00:00+00:00,0.05,0.13,0.01,0.2,0.0,1.64,0.0,0.15,0.0,0.15,0.0,0.51,0.0,1.33
2025-10-25 14:00:00+00:00,0.04,0.15,0.01,0.2,0.0,1.64,0.0,0.15,0.0,0.14,0.0,0.63,0.0,1.27
2025-10-25 15:00:00+00:00,0.07,0.25,0.0,0.21,0.0,1.64,0.0,0.14,0.0,0.14,0.0,1.06,0.0,1.35
2025-10-25 16:00:00+00:00,0.06,0.32,0.0,0.2,0.0,1.64,0.0,0.15,0.0,0.18,0.0,0.37,0.0,1.26
2025-10-25 17:00:00+00:00,0.02,0.36,0.0,0.19,0.0,1.64,0.0,0.15,0.0,0.18,0.0,0.48,0.0,1.36
2025-10-25 18:00:00+00:00,0.02,0.34,0.0,0.18,0.0,1.64,0.0,0.14,0.0,0.2,0.0,0.58,0.0,1.27
2025-10-25 19:00:00+00:00,0.0,0.35,0.0,0.2,0.0,1.64,0.0,0.13,0.0,0.16,0.0,0.48,0.0,1.29
2025-10-25 20:00:00+00:00,0.0,0.35,0.0,0.21,0.0,1.64,0.0,0.14,0.0,0.17,0.0,0.35,0.0,1.28
2025-10-25 21:00:00+00:00,0.0,0.72,0.0,0.2,0.0,1.64,0.0,0.15,0.0,0.19,0.0,0.2,0.0,1.27
2025-10-25 22:00:00+00:00,0.0,0.34,0.0,0.2,0.0,1.64,0.0,0.15,0.0,0.2,0.0,0.26,0.0,1.27
2025-10-25 23:00:00+00:00,0.0,0.33,0.0,0.2,0.0,1.64,0.0,0.14,0.0,0.21,0.0,0.37,0.0,1.27
2025-10-26 00:00:00+00:00,0.0,0.33999999999999997,0.0,0.195,0.0,1.64,0.0,0.145,0.0,0.19999999999999998,0.0,0.37,0.0,1.2750000000000001
2025-10-26 01:00:00+00:00,0.0,0.35,0.0,0.19,0.0,1.64,0.0,0.15,0.0,0.19,0.0,0.37,0.0,1.28
2025-10-26 02:00:00+00:00,0.0,0.34,0.0,0.2,0.0,1.64,0.0,0.15,0.0,0.16,0.0,0.38,0.0,1.26
2025-10-26 03:00:00+00:00,0.0,0.32,0.0,0.2,0.0,1.64,0.0,0.14,0.0,0.16,0.0,0.38,0.0,1.28
2025-10-26 04:00:00+00:00,0.0,0.32,0.0,0.2,0.0,1.64,0.0,0.15,0.0,0.14,0.0,0.38,0.0,1.26
2025-10-26 05:00:00+00:00,0.01,0.33,0.0,0.19,0.0,1.64,0.0,0.15,0.0,0.17,0.0,0.38,0.0,1.27
2025-10-26 06:00:00+00:00,0.06,0.67,0.0,0.19,0.0,1.64,0.0,0.15,0.0,0.19,0.0,0.37,0.0,1.29
2025-10-26 07:00:00+00:00,0.07,0.28,0.0,0.2,0.0,1.64,0.0,0.14,0.0,0.15,0.0,0.37,0.0,1.27
2025-10-26 08:00:00+00:00,0.23,0.25,0.08,0.25,0.0,1.64,0.0,0.15,0.0,0.19,0.0,0.48,0.0,1.3
2025-10-26 09:00:00+00:00,0.62,0.41,0.37,0.3,0.0,1.64,0.0,0.15,0.0,0.16,0.0,1.01,0.0,1.25
2025-10-26 10:00:00+00:00,1.26,0.67,0.55,0.33,0.0,1.64,0.0,0.14,0.0,0.15,0.0,0.58,0.0,1.28
2025-10-26 11:00:00+00:00,1.38,0.72,0.86,0.34,0.0,1.64,0.0,0.15,0.0,0.15,0.0,0.65,0.0,1.26
2025-10-26 12:00:00+00:00,1.25,0.56,0.66,0.2,0.0,1.64,0.0,0.15,0.0,0.16,0.0,0.43,0.0,1.28
2025-10-26 13:00:00+00:00,0.75,0.47,0.48,0.14,0.0,1.64,0.0,0.15,0.0,0.2,0.0,0.4,0.0,1.17
2025-10-26 14:00:00+00:00,0.24,0.24,0.1,0.17,0.0,1.64,0.0,0.14,0.0,0.16,0.0,0.45,0.0,1.33
2025-10-26 15:00:00+00:00,0.08,0.63,0.0,0.18,0.0,1.64,0.0,0.15,0.0,0.17,0.0,0.49,0.0,1.23
2025-10-26 16:00:00+00:00,0.07,0.31,0.0,0.18,0.0,1.64,0.0,0.15,0.0,0.14,0.0,0.9,0.0,1.24
2025-10-26 17:00:00+00:00,0.02,0.31,0.0,0.18,0.0,1.64,0.0,0.14,0.0,0.15,0.0,0.6,0.0,1.24
2025-10-26 18:00:00+00:00,0.03,0.32,0.0,0.17,0.0,1.64,0.0,0.21,0.0,0.16,0.0,0.66,0.0,1.26
2025-10-26 19:00:00+00:00,0.03,0.31,0.0,0.15,0.0,1.64,0.0,0.15,0.0,0.16,0.0,0.59,0.0,1.21
2025-10-26 20:00:00+00:00,0.0,0.34,0.0,0.17,0.0,1.64,0.0,0.15,0.0,0.2,0.0,0.52,0.0,1.27
2025-10-26 21:00:00+00:00,0.0,0.36,0.0,0.2,0.0,1.64,0.0,0.14,0.0,0.14,0.0,0.24,0.0,1.27
2025-10-26 22:00:00+00:00,0.0,0.61,0.0,0.21,0.0,1.64,0.0,0.15,0.0,0.17,0.0,0.15,0.0,1.28
2025-10-26 23:00:00+00:00,0.0,0.47,0.0,0.2,0.0,1.64,0.0,0.15,0.0,0.18,0.0,0.32,0.0,1.28
2025-10-27 00:00:00+00:00,0.0,0.78,0.0,0.2,0.0,1.64,0.0,0.15,0.0,0.18,0.0,0.39,0.0,1.27
2025-10-27 01:00:00+00:00,0.0,0.35,0.0,0.21,0.0,1.64,0.0,0.14,0.0,0.2,0.0,0.38,0.0,1.29
2025-10-27 02:00:00+00:00,0.0,0.35,0.0,0.21,0.0,1.64,0.0,0.15,0.0,0.15,0.0,0.37,0.0,1.25
2025-10-27 03:00:00+00:00,0.0,0.35,0.0,0.21,0.0,1.64,0.0,0.15,0.0,0.15,0.0,0.37,0.0,1.32
2025-10-27 04:00:00+00:00,0.0,0.36,0.0,0.21,0.0,1.64,0.0,0.14,0.0,0.17,0.0,0.37,0.0,1.25
2025-10-27 05:00:00+00:00,0.01,0.32,0.0,0.21,0.0,1.64,0.0,0.15,0.0,0.18,0.0,0.35,0.0,1.32
2025-10-27 06:00:00+00:00,0.04,0.36,0.0,0.21,0.0,1.64,0.0,0.17,0.0,0.21,0.0,0.37,0.0,1.57
2025-10-27 07:00:00+00:00,0.07,0.29,0.0,0.34,0.0,1.64,0.0,0.64,0.0,0.19,0.0,0.45,0.0,1.95
2025-10-27 08:00:00+00:00,0.06,0.29,0.0,0.73,0.0,1.64,0.0,0.88,0.0,0.19,0.0,0.39,0.0,1.71
2025-10-27 09:00:00+00:00,0.07,0.31,0.0,0.69,0.0,1.64,0.0,1.01,0.0,0.2,0.0,0.42,0.0,1.7
2025-10-27 10:00:00+00:00,0.06,0.5,0.02,0.64,0.7,1.66,0.0,0.94,0.0,0.17,0.0,0.5,0.0,1.64
2025-10-27 11:00:00+00:00,0.03,0.08,0.02,0.53,0.87,2.95,0.0,0.61,0.0,0.17,0.0,0.49,0.0,1.56
2025-10-27 12:00:00+00:00,0.05,0.17,0.01,0.68,0.7,2.3,0.0,0.9,0.0,0.18,0.0,0.46,0.0,1.88
2025-10-27 13:00:00+00:00,0.06,0.19,0.0,0.7,0.52,1.81,0.0,1.14,0.0,0.22,0.0,0.39,0.0,1.64
2025-10-27 14:00:00+00:00,0.11,0.55,0.0,0.76,0.29,1.9,0.0,1.05,0.0,0.18,0.0,0.41,0.0,1.64
2025-10-27 15:00:00+00:00,0.13,0.7,0.0,0.6,0.12,1.84,0.0,1.0,0.0,0.14,0.0,0.41,0.0,1.49
2025-10-27 16:00:00+00:00,0.1,1.09,0.0,0.26,0.0,1.9,0.0,0.88,0.0,0.18,0.0,0.41,0.0,1.46
2025-10-27 17:00:00+00:00,0.02,0.87,0.0,0.22,0.0,3.81,0.0,0.69,0.0,0.17,0.0,0.42,0.0,1.42
2025-10-27 18:00:00+00:00,0.02,0.71,0.0,0.22,0.0,3.17,0.0,0.71,0.0,0.2,0.0,0.44,0.0,1.38
2025-10-27 19:00:00+00:00,0.03,0.6,0.0,0.22,0.0,1.7,0.0,0.69,0.0,0.21,0.0,0.41,0.0,1.37
2025-10-27 20:00:00+00:00,0.0,0.63,0.0,0.23,0.0,1.43,0.0,0.61,0.0,0.18,0.0,0.66,0.0,1.38
2025-10-27 21:00:00+00:00,0.0,0.64,0.0,0.21,0.0,1.37,0.0,0.54,0.0,0.21,0.0,0.45,0.0,1.36
2025-10-27 22:00:00+00:00,0.0,0.61,0.0,0.22,0.0,1.13,0.0,0.17,0.0,0.18,0.0,0.21,0.0,1.37
2025-10-27 23:00:00+00:00,0.0,0.64,0.0,0.24,0.0,3.9,0.0,0.17,0.0,0.18,0.0,0.21,0.0,1.35
2025-10-28 00:00:00+00:00,0.0,0.63,0.0,0.22,0.0,1.07,0.0,0.17,0.0,0.17,0.0,0.38,0.0,1.35
2025-10-28 01:00:00+00:00,0.0,1.01,0.0,0.22,0.0,0.97,0.0,0.16,0.0,0.14,0.0,0.38,0.0,1.35
2025-10-28 02:00:00+00:00,0.0,0.61,0.0,0.22,0.0,0.89,0.0,0.18,0.0,0.18,0.0,0.38,0.0,1.35
2025-10-28 03:00:00+00:00,0.0,0.6,0.0,0.22,0.0,0.88,0.0,0.17,0.0,0.15,0.0,0.37,0.0,1.35
2025-10-28 04:00:00+00:00,0.0,0.59,0.0,0.22,0.0,1.0,0.0,0.23,0.0,0.14,0.0,0.36,0.0,1.35
2025-10-28 05:00:00+00:00,0.02,0.62,0.0,0.23,0.0,3.97,0.0,0.31,0.0,0.18,0.0,0.37,0.0,1.35
2025-10-28 06:00:00+00:00,0.09,0.6,0.0,0.22,0.19,1.01,0.0,0.31,0.0,0.18,0.0,0.45,0.0,1.34
2025-10-28 07:00:00+00:00,0.12,0.32,0.08,0.29,1.8,1.41,0.0,0.34,0.0,0.21,0.0,0.43,0.0,1.54
2025-10-28 08:00:00+00:00,0.36,0.4,0.39,0.4,4.83,1.68,0.0,0.49,0.0,0.17,0.0,0.33,0.0,2.29
2025-10-28 09:00:00+00:00,0.78,0.58,0.65,0.49,6.91,1.16,0.0,0.35,0.0,0.14,0.0,0.32,0.0,2.37
2025-10-28 10:00:00+00:00,1.27,0.77,0.86,0.45,6.95,2.75,0.0,0.42,0.0,0.16,0.0,0.32,0.0,2.2
2025-10-28 11:00:00+00:00,1.45,1.27,0.9,0.34,7.35,2.85,0.0,0.62,0.0,0.13,0.0,0.31,0.0,1.8
2025-10-28 12:00:00+00:00,1.12,0.73,0.72,0.25,5.55,1.55,0.0,0.65,0.0,0.16,0.0,0.32,0.0,1.38
2025-10-28 13:00:00+00:00,0.84,0.64,0.63,0.25,5.35,1.48,0.0,0.51,0.0,0.18,0.0,0.39,0.0,1.37
2025-10-28 14:00:00+00:00,0.31,0.36,0.16,0.24,3.99,1.32,0.0,0.46,0.0,0.16,0.0,0.33,0.0,1.46
2025-10-28 15:00:00+00:00,0.12,0.61,0.25,0.22,0.88,1.47,0.0,0.53,0.0,0.16,0.0,0.31,0.0,1.4
2025-10-28 16:00:00+00:00,0.07,0.49,0.0,0.26,0.0,3.7,0.0,0.29,0.0,0.13,0.0,0.42,0.0,1.33
2025-10-28 17:00:00+00:00,0.01,0.26,0.0,0.23,0.0,2.83,0.0,0.48,0.0,0.16,0.0,1.05,0.0,1.27
2025-10-28 18:00:00+00:00,0.01,0.29,0.0,0.18,0.0,1.5,0.0,0.2,0.0,0.15,0.0,0.34,0.0,1.24
2025-10-28 19:00:00+00:00,0.01,0.28,0.0,0.18,0.0,1.69,0.0,0.2,0.0,0.18,0.0,0.33,0.0,1.26
2025-10-28 20:00:00+00:00,0.0,0.65,0.0,0.17,0.0,1.59,0.0,0.2,0.0,0.17,0.0,0.34,0.0,1.23
2025-10-28 21:00:00+00:00,0.0,0.24,0.0,0.18,0.0,1.33,0.0,0.2,0.0,0.14,0.0,0.41,0.0,1.28
2025-10-28 22:00:00+00:00,0.0,0.25,0.0,0.18,0.0,3.44,0.0,0.19,0.0,0.17,0.0,0.22,0.0,1.26
2025-10-28 23:00:00+00:00,0.0,0.25,0.0,0.16,0.0,1.66,0.0,0.2,0.0,0.14,0.0,0.18,0.0,1.27
2025-10-29 00:00:00+00:00,0.0,0.24,0.0,0.16,0.0,0.98,0.0,0.2,0.0,0.16,0.0,0.35,0.0,1.28
2025-10-29 01:00:00+00:00,0.0,0.25,0.0,0.2,0.0,0.97,0.0,0.19,0.0,0.2,0.0,0.37,0.0,1.36
2025-10-29 02:00:00+00:00,0.0,0.25,0.0,0.17,0.0,0.96,0.0,0.2,0.0,0.13,0.0,0.35,0.0,1.38
2025-10-29 03:00:00+00:00,0.0,0.24,0.0,0.17,0.0,0.98,0.0,0.21,0.0,0.18,0.0,0.36,0.0,1.34
2025-10-29 04:00:00+00:00,0.0,0.28,0.0,0.17,0.0,3.99,0.0,0.2,0.0,0.18,0.0,0.37,0.0,1.37
2025-10-29 05:00:00+00:00,0.02,0.28,0.0,0.18,0.0,1.05,0.0,0.29,0.0,0.17,0.0,0.38,0.0,1.31
2025-10-29 06:00:00+00:00,0.07,0.57,0.0,0.19,0.37,1.17,0.0,0.29,0.0,0.19,0.0,0.4,0.0,2.2
2025-10-29 07:00:00+00:00,0.11,0.17,0.22,0.22,2.7,1.19,0.0,0.5,0.0,0.16,0.0,0.42,0.0,2.6
2025-10-29 08:00:00+00:00,0.62,0.51,0.55,0.46,6.7,1.3,0.0,0.41,0.0,0.15,0.0,0.35,0.0,2.1
2025-10-29 09:00:00+00:00,1.1,0.68,0.81,0.56,7.25,1.41,0.0,0.42,0.0,0.16,0.0,0.36,0.0,1.88
2025-10-29 10:00:00+00:00,1.44,0.78,1.03,0.59,7.72,4.38,0.0,0.42,0.0,0.14,0.0,0.33,0.0,1.78
2025-10-29 11:00:00+00:00,1.33,0.76,0.84,0.38,6.28,1.49,0.0,0.25,0.0,0.17,0.0,0.32,0.0,1.51
2025-10-29 12:00:00+00:00,1.24,0.71,0.69,0.41,5.26,1.51,0.0,0.26,0.0,0.14,0.0,0.43,0.0,1.57
2025-10-29 13:00:00+00:00,0.66,0.52,0.38,0.39,3.9,1.48,0.0,0.26,0.0,0.18,0.0,0.5,0.0,1.43
2025-10-29 14:00:00+00:00,0.14,0.21,0.07,0.35,1.58,1.74,0.0,0.25,0.0,0.17,0.0,0.42,0.0,1.46
2025-10-29 15:00:00+00:00,0.07,0.67,0.0,0.4,0.36,2.06,0.0,0.24,0.0,0.15,0.0,0.37,0.0,1.29
2025-10-29 16:00:00+00:00,0.07,0.56,0.0,0.5,0.0,4.86,0.0,0.26,0.0,0.15,0.0,0.36,0.0,1.28
2025-10-29 17:00:00+00:00,0.01,0.31,0.0,0.49,0.0,1.87,0.0,0.28,0.0,0.13,0.0,0.35,0.0,1.25
2025-10-29 18:00:00+00:00,0.01,0.27,0.0,0.37,0.0,1.87,0.0,0.13,0.0,0.17,0.0,0.39,0.0,1.31
2025-10-29 19:00:00+00:00,0.01,0.28,0.0,0.18,0.0,1.8,0.0,0.14,0.0,0.14,0.0,0.51,0.0,1.26
2025-10-29 20:00:00+00:00,0.0,0.27,0.0,0.18,0.0,1.82,0.0,0.14,0.0,0.18,0.0,0.46,0.0,1.31
2025-10-29 21:00:00+00:00,0.0,0.25,0.0,0.18,0.0,1.92,0.0,0.13,0.0,0.14,0.0,0.42,0.0,1.26
2025-10-29 22:00:00+00:00,0.0,0.23,0.0,0.18,0.0,3.97,0.0,0.13,0.0,0.15,0.0,0.42,0.0,1.3
2025-10-29 23:00:00+00:00,0.0,0.25,0.0,0.17,0.0,1.08,0.0,0.14,0.0,0.28,0.0,0.4,0.0,1.24
2025-10-30 00:00:00+00:00,0.0,0.61,0.0,0.15,0.0,1.12,0.0,0.14,0.0,0.18,0.0,0.41,0.0,1.32
2025-10-30 01:00:00+00:00,0.0,0.29,0.0,0.15,0.0,1.01,0.0,0.13,0.0,0.19,0.0,0.39,0.0,1.29
2025-10-30 02:00:00+00:00,0.0,0.29,0.0,0.19,0.0,0.98,0.0,0.14,0.0,0.17,0.0,0.36,0.0,1.35
2025-10-30 03:00:00+00:00,0.0,0.3,0.0,0.16,0.0,1.98,0.0,0.14,0.0,0.16,0.0,0.37,0.0,1.29
2025-10-30 04:00:00+00:00,0.0,0.31,0.0,0.17,0.0,2.99,0.0,0.19,0.0,0.19,0.0,0.37,0.0,1.34
2025-10-30 05:00:00+00:00,0.01,0.3,0.0,0.17,0.0,1.0,0.0,0.34,0.0,0.16,0.0,0.36,0.0,1.26
2025-10-30 06:00:00+00:00,0.02,0.28,0.0,0.17,0.02,1.07,0.0,0.57,0.0,0.19,0.0,0.36,0.0,2.26
2025-10-30 07:00:00+00:00,0.06,0.21,0.0,0.35,0.38,1.44,0.0,0.55,0.0,0.2,0.0,0.47,0.0,1.63
2025-10-30 08:00:00+00:00,0.04,0.13,0.01,0.52,0.78,1.62,0.0,0.64,0.0,0.29,0.0,0.35,0.0,1.59
2025-10-30 09:00:00+00:00,0.12,0.2,0.05,0.67,1.64,3.02,0.0,0.68,0.0,0.28,0.0,0.36,0.0,1.58
2025-10-30 10:00:00+00:00,0.4,0.42,0.11,0.68,2.77,2.37,0.0,0.66,0.0,0.17,0.0,0.37,0.0,1.43
2025-10-30 11:00:00+00:00,0.5,0.8,0.12,0.61,2.85,1.48,0.0,0.44,0.0,0.14,0.0,0.37,0.0,1.4
2025-10-30 12:00:00+00:00,0.15,0.2,0.05,0.65,1.76,1.74,0.0,0.74,0.0,0.16,0.0,0.37,0.0,1.43
2025-10-30 13:00:00+00:00,0.05,0.14,0.03,0.58,1.26,1.7,0.0,0.91,0.0,0.14,0.0,0.37,0.0,1.38
2025-10-30 14:00:00+00:00,0.03,0.11,0.02,0.56,0.96,1.32,0.0,1.0,0.0,0.17,0.0,0.36,0.0,1.43
2025-10-30 15:00:00+00:00,0.11,1.29,0.0,0.54,0.29,4.49,0.0,1.03,0.0,0.15,0.0,0.37,0.0,1.34
2025-10-30 16:00:00+00:00,0.06,0.56,0.0,0.49,0.0,1.94,0.0,0.77,0.0,0.13,0.0,0.35,0.0,1.32
2025-10-30 17:00:00+00:00,0.01,0.55,0.0,0.18,0.0,1.75,0.0,0.43,0.0,0.24,0.0,0.36,0.0,1.3
2025-10-30 18:00:00+00:00,0.01,0.57,0.0,0.19,0.0,1.78,0.0,0.25,0.0,0.26,0.0,0.78,0.0,1.29
2025-10-30 19:00:00+00:00,0.01,0.56,0.0,0.18,0.0,1.66,0.0,0.41,0.0,0.25,0.0,0.54,0.0,1.32
2025-10-30 20:00:00+00:00,0.0,0.83,0.0,0.18,0.0,1.55,0.0,0.3,0.0,0.27,0.0,0.57,0.0,1.33
2025-10-30 21:00:00+00:00,0.0,0.27,0.0,0.19,0.0,4.36,0.0,0.32,0.0,0.17,0.0,0.39,0.0,1.37
2025-10-30 22:00:00+00:00,0.0,0.28,0.0,0.18,0.0,1.28,0.0,0.13,0.0,0.18,0.0,0.39,0.0,1.36
2025-10-30 23:00:00+00:00,0.0,0.29,0.0,0.17,0.0,1.06,0.0,0.14,0.0,0.18,0.0,0.36,0.0,1.38
2025-10-31 00:00:00+00:00,0.0,0.3,0.0,0.17,0.0,1.09,0.0,0.13,0.0,0.16,0.0,0.37,0.0,1.36
2025-10-31 01:00:00+00:00,0.0,0.28,0.0,0.16,0.0,1.13,0.0,0.14,0.0,0.21,0.0,0.38,0.0,1.37
2025-10-31 02:00:00+00:00,0.0,0.29,0.0,0.15,0.0,1.49,0.0,0.14,0.0,0.19,0.0,0.38,0.0,1.36
2025-10-31 03:00:00+00:00,0.0,0.29,0.0,0.21,0.0,3.91,0.0,0.13,0.0,0.19,0.0,0.38,0.0,1.37
2025-10-31 04:00:00+00:00,0.0,0.28,0.0,0.29,0.0,1.04,0.0,0.21,0.0,0.2,0.0,0.37,0.0,1.34
2025-10-31 05:00:00+00:00,0.01,0.29,0.0,0.18,0.0,1.04,0.0,0.28,0.0,0.18,0.0,0.38,0.0,1.33
2025-10-31 06:00:00+00:00,0.06,0.57,0.01,0.18,0.37,1.18,0.0,0.5,0.0,0.24,0.0,0.45,0.0,1.45
2025-10-31 07:00:00+00:00,0.12,0.17,0.18,0.24,2.42,1.22,0.0,0.78,0.0,0.17,0.0,0.34,0.0,1.38
2025-10-31 08:00:00+00:00,0.53,0.47,0.47,0.39,5.76,3.18,0.0,0.91,0.0,0.15,0.0,0.35,0.0,1.48
2025-10-31 09:00:00+00:00,0.92,0.63,0.65,0.44,6.49,2.66,0.0,0.83,0.0,0.16,0.0,0.35,0.0,1.42
2025-10-31 10:00:00+00:00,1.13,0.68,0.74,0.41,6.29,1.49,0.0,0.76,0.0,0.14,0.0,0.38,0.0,1.4
2025-10-31 11:00:00+00:00,1.2,0.7,0.74,0.38,5.94,1.52,0.0,0.72,0.0,0.14,0.0,0.37,0.0,1.8
2025-10-31 12:00:00+00:00,0.77,0.57,0.42,0.27,4.12,1.39,0.0,0.71,0.0,0.15,0.0,0.38,0.0,1.93
2025-10-31 13:00:00+00:00,0.52,0.44,0.35,0.17,3.65,1.59,0.0,0.78,0.0,0.13,0.0,0.38,0.0,1.34
2025-10-31 14:00:00+00:00,0.12,0.21,0.12,0.17,1.95,4.63,0.0,0.66,0.0,0.15,0.0,0.37,0.0,1.33
2025-10-31 15:00:00+00:00,0.05,0.21,0.02,0.16,0.56,2.25,0.0,0.55,0.0,0.15,0.0,0.35,0.0,1.32
2025-10-31 16:00:00+00:00,0.08,1.47,0.0,0.17,0.0,1.47,0.0,0.62,0.0,0.13,0.0,0.54,0.0,1.33
2025-10-31 17:00:00+00:00,0.01,0.52,0.0,0.2,0.0,1.67,0.0,0.4,0.0,0.16,0.0,0.53,0.0,1.28
2025-10-31 18:00:00+00:00,0.01,0.52,0.0,0.17,0.0,1.76,0.0,0.2,0.0,0.16,0.0,0.51,0.0,1.31
2025-10-31 19:00:00+00:00,0.01,0.54,0.0,0.18,0.0,1.89,0.0,0.12,0.0,0.14,0.0,0.45,0.0,1.29
2025-10-31 20:00:00+00:00,0.0,0.52,0.0,0.17,0.0,5.02,0.0,0.09,0.0,0.21,0.0,0.44,0.0,1.34
2025-10-31 21:00:00+00:00,0.0,0.81,0.0,0.17,0.0,1.77,0.0,0.11,0.0,0.23,0.0,0.43,0.0,1.32
2025-10-31 22:00:00+00:00,0.0,0.24,0.0,0.17,0.0,1.41,0.0,0.11,0.0,0.26,0.0,0.41,0.0,1.33
2025-10-31 23:00:00+00:00,0.0,0.21,0.0,0.17,0.0,1.29,0.0,0.11,0.0,0.21,0.0,0.37,0.0,1.33
2025-11-01 00:00:00+00:00,0.0,0.22,0.0,0.17,0.0,1.29,0.0,0.11,0.0,0.2,0.0,0.37,0.0,1.31
2025-11-01 01:00:00+00:00,0.0,0.22,0.0,0.16,0.0,1.3,0.0,0.1,0.0,0.23,0.0,0.38,0.0,1.37
2025-11-01 02:00:00+00:00,0.0,0.21,0.0,0.17,0.0,4.42,0.0,0.11,0.0,0.17,0.0,0.38,0.0,1.41
2025-11-01 03:00:00+00:00,0.0,0.22,0.0,0.16,0.0,1.29,0.0,0.11,0.0,0.16,0.0,0.37,0.0,1.43
2025-11-01 04:00:00+00:00,0.0,0.24,0.0,0.17,0.0,1.28,0.0,0.1,0.0,0.18,0.0,0.33,0.0,1.39
2025-11-01 05:00:00+00:00,0.01,0.27,0.0,0.16,0.0,1.34,0.0,0.11,0.0,0.16,0.0,0.32,0.0,1.44
2025-11-01 06:00:00+00:00,0.06,0.65,0.0,0.17,0.09,1.44,0.0,0.1,0.0,0.26,0.0,0.36,0.0,1.38
2025-11-01 07:00:00+00:00,0.03,0.1,0.01,0.2,0.72,2.95,0.0,0.11,0.0,0.23,0.0,0.38,0.0,1.42
2025-11-01 08:00:00+00:00,0.22,0.25,0.07,0.17,2.05,3.91,0.0,0.11,0.0,0.23,0.0,0.38,0.0,1.36
2025-11-01 09:00:00+00:00,0.43,0.39,0.14,0.17,2.77,1.85,0.0,0.1,0.0,0.31,0.0,0.45,0.0,1.41
2025-11-01 10:00:00+00:00,0.46,0.41,0.11,0.17,2.85,1.35,0.0,0.11,0.0,0.29,0.0,0.42,0.0,1.39
2025-11-01 11:00:00+00:00,0.28,0.31,0.08,0.17,2.15,1.46,0.0,0.1,0.0,1.78,0.0,0.81,0.0,1.38
2025-11-01 12:00:00+00:00,0.11,0.17,0.04,0.17,1.38,1.83,0.0,0.1,0.0,0.38,0.0,0.6,0.0,1.4
2025-11-01 13:00:00+00:00,0.05,0.18,0.0,0.17,0.47,3.75,0.0,0.1,0.0,0.27,0.0,0.47,0.0,1.38
2025-11-01 14:00:00+00:00,0.05,0.2,0.0,0.19,0.25,2.08,0.0,0.09,0.0,0.28,0.0,0.33,0.0,1.39
2025-11-01 15:00:00+00:00,0.06,0.23,0.0,0.18,0.11,1.6,0.0,0.1,0.0,0.28,0.0,0.32,0.0,1.37
2025-11-01 16:00:00+00:00,0.03,0.68,0.0,0.17,0.0,1.72,0.0,0.1,0.0,0.25,0.0,0.33,0.0,1.41
2025-11-01 17:00:00+00:00,0.01,0.25,0.0,0.16,0.0,1.84,0.0,0.09,0.0,0.22,0.0,0.33,0.0,1.37
2025-11-01 18:00:00+00:00,0.01,0.25,0.0,0.16,0.0,1.73,0.0,0.1,0.0,0.19,0.0,0.32,0.0,1.4
2025-11-01 19:00:00+00:00,0.01,0.25,0.0,0.17,0.0,4.82,0.0,0.09,0.0,0.18,0.0,0.32,0.0,1.4
2025-11-01 20:00:00+00:00,0.0,0.27,0.0,0.19,0.0,1.69,0.0,0.1,0.0,0.24,0.0,0.32,0.0,1.4
2025-11-01 21:00:00+00:00,0.0,0.24,0.0,0.17,0.0,1.58,0.0,0.1,0.0,0.28,0.0,0.31,0.0,1.4
2025-11-01 22:00:00+00:00,0.0,0.26,0.0,0.17,0.0,1.28,0.0,0.09,0.0,0.29,0.0,0.37,0.0,1.4
2025-11-01 23:00:00+00:00,0.0,0.25,0.0,0.17,0.0,1.24,0.0,0.1,0.0,0.2,0.0,0.42,0.0,1.41
2025-11-02 00:00:00+00:00,0.0,0.27,0.0,0.17,0.0,1.63,0.0,0.1,0.0,0.19,0.0,0.33,0.0,1.38
2025-11-02 01:00:00+00:00,0.0,0.27,0.0,0.22,0.0,3.86,0.0,0.09,0.0,0.16,0.0,0.33,0.0,1.41
2025-11-02 02:00:00+00:00,0.0,0.27,0.0,0.26,0.0,1.11,0.0,0.1,0.0,0.17,0.0,0.33,0.0,1.38
2025-11-02 03:00:00+00:00,0.0,0.63,0.0,0.24,0.0,1.06,0.0,0.09,0.0,0.15,0.0,0.32,0.0,1.42
2025-11-02 04:00:00+00:00,0.0,0.26,0.0,0.17,0.0,1.05,0.0,0.1,0.0,0.16,0.0,0.31,0.0,1.37
2025-11-02 05:00:00+00:00,0.01,0.24,0.0,0.17,0.0,1.11,0.0,0.1,0.0,0.16,0.0,0.32,0.0,1.43
2025-11-02 06:00:00+00:00,0.03,0.21,0.0,0.17,0.0,3.01,0.0,0.09,0.0,0.17,0.0,0.35,0.0,1.38
2025-11-02 07:00:00+00:00,0.05,0.19,0.0,0.16,0.16,2.51,0.0,0.1,0.0,0.21,0.0,0.37,0.0,1.44
2025-11-02 08:00:00+00:00,0.04,0.13,0.01,0.17,0.62,1.23,0.0,0.09,0.0,0.31,0.0,0.42,0.0,1.37
2025-11-02 09:00:00+00:00,0.03,0.08,0.02,0.19,0.95,1.19,0.0,0.11,0.0,0.34,0.0,0.39,0.0,1.44
2025-11-02 10:00:00+00:00,0.07,0.16,0.02,0.18,1.0,1.43,0.0,0.1,0.0,0.26,0.0,0.59,0.0,1.39
2025-11-02 11:00:00+00:00,0.04,0.15,0.0,0.18,0.53,1.43,0.0,0.09,0.0,0.91,0.0,0.51,0.0,1.43
2025-11-02 12:00:00+00:00,0.06,0.55,0.0,0.18,0.52,4.58,0.0,0.1,0.0,0.56,0.0,0.55,0.0,1.38
2025-11-02 13:00:00+00:00,0.04,0.12,0.0,0.17,0.69,1.87,0.0,0.1,0.0,0.24,0.0,0.54,0.0,1.42
2025-11-02 14:00:00+00:00,0.06,0.22,0.0,0.18,0.17,1.65,0.0,0.09,0.0,0.22,0.0,0.53,0.0,1.38
2025-11-02 15:00:00+00:00,0.06,0.26,0.0,0.18,0.12,1.5,0.0,0.1,0.0,0.28,0.0,0.52,0.0,1.4
2025-11-02 16:00:00+00:00,0.05,0.29,0.0,0.18,0.01,2.03,0.0,0.09,0.0,0.3,0.0,0.41,0.0,1.4
2025-11-02 17:00:00+00:00,0.01,0.29,0.0,0.17,0.0,1.87,0.0,0.1,0.0,0.25,0.0,0.41,0.0,1.39
2025-11-02 18:00:00+00:00,0.01,0.28,0.0,0.17,0.0,4.49,0.0,0.1,0.0,0.28,0.0,0.42,0.0,1.4
2025-11-02 19:00:00+00:00,0.01,0.29,0.0,0.17,0.0,1.23,0.0,0.09,0.0,0.3,0.0,0.39,0.0,1.39
2025-11-02 20:00:00+00:00,0.0,0.28,0.0,0.16,0.0,1.64,0.0,0.1,0.0,0.26,0.0,0.42,0.0,1.41
2025-11-02 21:00:00+00:00,0.0,0.25,0.0,0.17,0.0,1.56,0.0,0.1,0.0,0.22,0.0,0.39,0.0,1.38
2025-11-02 22:00:00+00:00,0.0,0.73,0.0,0.18,0.0,1.15,0.0,0.11,0.0,0.27,0.0,0.46,0.0,1.41
2025-11-02 23:00:00+00:00,0.0,0.49,0.0,0.17,0.0,2.73,0.0,0.11,0.0,0.19,0.0,0.4,0.0,1.39
2025-11-03 00:00:00+00:00,0.0,0.25,0.0,0.16,0.0,2.47,0.0,0.12,0.0,0.17,0.0,0.37,0.0,1.41
2025-11-03 01:00:00+00:00,0.0,0.28,0.0,0.16,0.0,1.0,0.0,0.11,0.0,0.19,0.0,0.39,0.0,1.4
2025-11-03 02:00:00+00:00,0.0,0.27,0.0,0.17,0.0,1.0,0.0,0.1,0.0,0.17,0.0,0.37,0.0,1.41
2025-11-03 03:00:00+00:00,0.0,0.24,0.0,0.22,0.0,1.01,0.0,0.25,0.0,0.17,0.0,0.36,0.0,1.4
2025-11-03 04:00:00+00:00,0.0,0.27,0.0,0.29,0.0,1.01,0.0,0.26,0.0,0.22,0.0,0.38,0.0,1.41
2025-11-03 05:00:00+00:00,0.01,0.27,0.0,0.22,0.0,4.16,0.0,0.41,0.0,0.16,0.0,0.38,0.0,1.42
2025-11-03 06:00:00+00:00,0.04,0.23,0.0,0.2,0.23,1.26,0.0,0.39,0.0,0.18,0.0,0.47,0.0,1.94
2025-11-03 07:00:00+00:00,0.15,0.21,0.23,0.35,2.4,1.48,0.0,0.85,0.0,0.17,0.0,0.4,0.0,2.15
2025-11-03 08:00:00+00:00,0.35,0.58,0.34,0.43,4.16,1.93,0.0,1.18,0.0,0.18,0.0,0.35,0.0,2.07
2025-11-03 09:00:00+00:00,0.9,0.61,0.57,0.51,6.08,2.35,0.0,1.04,0.0,0.22,0.0,0.37,0.0,2.18
2025-11-03 10:00:00+00:00,1.15,0.65,0.55,0.56,5.33,2.28,0.0,0.96,0.0,0.2,0.0,0.36,0.0,2.15
2025-11-03 11:00:00+00:00,1.78,0.8,1.4,0.51,8.25,2.72,0.0,0.71,0.0,0.16,0.0,0.32,0.0,2.07
2025-11-03 12:00:00+00:00,1.42,0.65,0.98,0.45,6.15,1.38,0.0,0.83,0.0,0.2,0.0,0.33,0.0,1.99
2025-11-03 13:00:00+00:00,1.07,0.64,0.28,0.53,5.16,1.47,0.0,0.9,0.0,0.17,0.0,0.33,0.0,1.69
2025-11-03 14:00:00+00:00,0.38,0.35,0.12,0.48,3.66,1.61,0.0,0.89,0.0,0.18,0.0,0.33,0.0,1.78
2025-11-03 15:00:00+00:00,0.05,0.19,0.19,0.47,0.53,1.66,0.0,0.8,0.0,0.14,0.0,0.33,0.0,1.41
2025-11-03 16:00:00+00:00,0.08,1.43,0.0,0.42,0.0,2.28,0.0,1.04,0.0,0.18,0.0,0.35,0.0,1.34
2025-11-03 17:00:00+00:00,0.01,0.5,0.0,0.28,0.0,4.88,0.0,0.8,0.0,0.31,0.0,0.57,0.0,1.33
2025-11-03 18:00:00+00:00,0.01,0.52,0.0,1.54,0.0,1.9,0.0,0.19,0.0,0.39,0.0,0.49,0.0,1.32
2025-11-03 19:00:00+00:00,0.01,0.52,0.0,0.22,0.0,1.72,0.0,0.16,0.0,0.24,0.0,0.58,0.0,1.33
2025-11-03 20:00:00+00:00,0.0,0.52,0.0,0.24,0.0,1.53,0.0,0.17,0.0,0.19,0.0,0.57,0.0,1.31
2025-11-03 21:00:00+00:00,0.0,0.68,0.0,0.24,0.0,1.29,0.0,0.17,0.0,0.16,0.0,0.47,0.0,1.36
2025-11-03 22:00:00+00:00,0.0,0.22,0.0,0.21,0.0,2.53,0.0,0.17,0.0,0.15,0.0,0.41,0.0,1.33
2025-11-03 23:00:00+00:00,0.0,0.21,0.0,0.22,0.0,3.16,0.0,0.16,0.0,0.16,0.0,0.38,0.0,1.36
2025-11-04 00:00:00+00:00,0.0,0.24,0.0,0.27,0.0,1.19,0.0,0.17,0.0,0.16,0.0,0.37,0.0,1.38
2025-11-04 01:00:00+00:00,0.0,0.27,0.0,0.23,0.0,1.19,0.0,0.17,0.0,0.15,0.0,0.36,0.0,1.41
2025-11-04 02:00:00+00:00,0.0,0.27,0.0,0.23,0.0,1.24,0.0,0.16,0.0,0.13,0.0,0.37,0.0,1.38
2025-11-04 03:00:00+00:00,0.0,0.25,0.0,0.23,0.0,1.21,0.0,0.17,0.0,0.16,0.0,0.37,0.0,1.41
2025-11-04 04:00:00+00:00,0.0,0.29,0.0,0.23,0.0,3.37,0.0,0.23,0.0,0.13,0.0,0.39,0.0,1.38
2025-11-04 05:00:00+00:00,0.01,0.28,0.0,0.24,0.0,2.46,0.0,0.32,0.0,0.18,0.0,0.38,0.0,1.46
2025-11-04 06:00:00+00:00,0.05,0.45,0.0,0.24,0.12,1.38,0.0,0.32,0.0,0.2,0.0,0.38,0.0,1.57
2025-11-04 07:00:00+00:00,0.1,0.28,0.15,0.38,1.76,1.91,0.0,0.74,0.0,0.21,0.0,0.44,0.0,1.63
2025-11-04 08:00:00+00:00,0.45,0.41,0.52,0.59,6.02,1.93,0.0,0.96,0.0,0.2,0.0,0.39,0.0,1.52
2025-11-04 09:00:00+00:00,1.02,0.63,0.93,0.56,7.73,1.41,0.0,1.0,0.0,0.18,0.0,0.46,0.0,1.64
2025-11-04 10:00:00+00:00,1.35,0.72,1.19,0.58,7.95,4.53,0.0,0.94,0.0,0.15,0.0,0.37,0.0,1.8
2025-11-04 11:00:00+00:00,1.59,0.76,1.36,0.45,7.55,1.57,0.0,0.63,0.0,0.15,0.0,0.37,0.0,1.47
2025-11-04 12:00:00+00:00,1.31,0.7,1.32,0.48,6.13,1.42,0.0,0.82,0.0,0.14,0.0,0.38,0.0,1.71
2025-11-04 13:00:00+00:00,0.88,0.58,0.2,0.29,4.9,1.5,0.0,0.8,0.0,0.15,0.0,0.38,0.0,1.78
2025-11-04 14:00:00+00:00,0.2,0.23,0.09,0.38,2.75,1.42,0.0,0.93,0.0,0.14,0.0,0.36,0.0,1.5
2025-11-04 15:00:00+00:00,0.05,0.2,0.15,0.33,0.41,1.55,0.0,0.95,0.0,0.14,0.0,0.36,0.0,1.43
2025-11-04 16:00:00+00:00,0.05,0.81,0.0,0.36,0.0,4.94,0.0,1.15,0.0,0.17,0.0,1.02,0.0,1.31
2025-11-04 17:00:00+00:00,0.01,0.63,0.0,0.24,0.0,1.84,0.0,0.79,0.0,0.26,0.0,0.54,0.0,1.3
2025-11-04 18:00:00+00:00,0.01,0.35,0.0,0.21,0.0,1.91,0.0,0.31,0.0,0.38,0.0,0.59,0.0,1.3
2025-11-04 19:00:00+00:00,0.01,0.34,0.0,0.21,0.0,1.73,0.0,0.24,0.0,0.34,0.0,0.62,0.0,1.29
2025-11-04 20:00:00+00:00,0.0,0.35,0.0,0.21,0.0,1.74,0.0,0.24,0.0,0.2,0.0,0.61,0.0,1.3
2025-11-04 21:00:00+00:00,0.0,0.29,0.0,0.22,0.0,2.06,0.0,0.25,0.0,0.15,0.0,0.57,0.0,1.32
2025-11-04 22:00:00+00:00,0.0,0.31,0.0,0.22,0.0,4.29,0.0,0.24,0.0,0.17,0.0,0.4,0.0,1.29
2025-11-04 23:00:00+00:00,0.0,0.33,0.0,0.22,0.0,1.29,0.0,0.25,0.0,0.15,0.0,0.38,0.0,1.37
2025-11-05 00:00:00+00:00,0.0,0.36,0.0,0.21,0.0,1.3,0.0,0.25,0.0,0.17,0.0,0.36,0.0,1.39
2025-11-05 01:00:00+00:00,0.0,0.35,0.0,0.21,0.0,1.29,0.0,0.26,0.0,0.14,0.0,0.38,0.0,1.42
2025-11-05 02:00:00+00:00,0.0,0.74,0.0,0.26,0.0,1.31,0.0,0.25,0.0,0.14,0.0,0.39,0.0,1.38
2025-11-05 03:00:00+00:00,0.0,0.34,0.0,0.23,0.0,3.12,0.0,0.25,0.0,0.15,0.0,0.39,0.0,1.42
2025-11-05 04:00:00+00:00,0.0,0.37,0.0,0.23,0.0,2.76,0.0,0.31,0.0,0.13,0.0,0.37,0.0,1.38
2025-11-05 05:00:00+00:00,0.01,0.36,0.0,0.24,0.0,1.36,0.0,0.42,0.0,0.2,0.0,0.38,0.0,1.43
2025-11-05 06:00:00+00:00,0.05,0.29,0.0,0.24,0.09,1.43,0.0,0.39,0.0,0.19,0.0,0.38,0.0,2.09
2025-11-05 07:00:00+00:00,0.05,0.15,0.03,0.3,0.99,1.43,0.0,0.74,0.0,0.22,0.0,0.38,0.0,2.01
2025-11-05 08:00:00+00:00,0.16,0.19,0.1,0.59,2.12,1.41,0.0,0.96,0.0,0.18,0.0,0.52,0.0,2.47
2025-11-05 09:00:00+00:00,0.72,0.52,0.43,0.64,4.66,4.59,0.0,0.95,0.0,0.18,0.0,0.48,0.0,2.84
2025-11-05 10:00:00+00:00,1.26,0.73,1.07,0.63,7.51,1.42,0.0,1.03,0.0,0.14,0.0,0.37,0.0,2.07
2025-11-05 11:00:00+00:00,1.36,0.73,1.05,0.51,6.8,1.47,0.0,0.72,0.0,0.18,0.0,0.37,0.0,1.48
2025-11-05 12:00:00+00:00,1.29,0.74,1.23,0.55,6.1,1.4,0.0,0.96,0.0,0.18,0.0,0.37,0.0,1.55
2025-11-05 13:00:00+00:00,0.91,1.02,0.16,0.46,5.01,1.46,0.0,0.84,0.0,0.15,0.0,0.37,0.0,1.52
2025-11-05 14:00:00+00:00,0.24,0.24,0.08,0.41,3.15,1.72,0.0,0.9,0.0,0.17,0.0,0.42,0.0,1.65
2025-11-05 15:00:00+00:00,0.07,0.31,0.17,0.37,0.38,4.81,0.0,0.91,0.0,0.16,0.0,0.38,0.0,1.8
2025-11-05 16:00:00+00:00,0.06,1.12,0.0,0.46,0.0,1.88,0.0,0.86,0.0,0.18,0.0,0.41,0.0,1.76
2025-11-05 17:00:00+00:00,0.01,0.51,0.0,0.74,0.0,1.94,0.0,0.51,0.0,0.26,0.0,0.43,0.0,1.39
2025-11-05 18:00:00+00:00,0.01,0.51,0.0,0.31,0.0,1.96,0.0,0.15,0.0,0.45,0.0,0.42,0.0,1.42
2025-11-05 19:00:00+00:00,0.01,0.52,0.0,0.31,0.0,1.86,0.0,0.1,0.0,0.32,0.0,0.52,0.0,1.36
2025-11-05 20:00:00+00:00,0.0,0.5,0.0,0.43,0.0,2.73,0.0,0.11,0.0,0.29,0.0,1.02,0.0,1.39
2025-11-05 21:00:00+00:00,0.0,0.33,0.0,0.26,0.0,3.85,0.0,0.11,0.0,0.26,0.0,0.62,0.0,1.38
2025-11-05 22:00:00+00:00,0.0,0.62,0.0,0.26,0.0,1.51,0.0,0.1,0.0,0.25,0.0,0.6,0.0,1.43
2025-11-05 23:00:00+00:00,0.0,0.25,0.0,0.36,0.0,1.3,0.0,0.11,0.0,0.13,0.0,0.37,0.0,1.42
2025-11-06 00:00:00+00:00,0.0,0.27,0.0,0.38,0.0,1.3,0.0,0.13,0.0,0.16,0.0,0.38,0.0,1.44
2025-11-06 01:00:00+00:00,0.0,0.27,0.0,0.36,0.0,1.3,0.0,0.1,0.0,0.13,0.0,0.38,0.0,1.42
2025-11-06 02:00:00+00:00,0.0,0.25,0.0,0.29,0.0,3.6,0.0,0.11,0.0,0.16,0.0,0.38,0.0,1.44
2025-11-06 03:00:00+00:00,0.0,0.27,0.0,0.27,0.0,2.08,0.0,0.1,0.0,0.16,0.0,0.37,0.0,1.42
2025-11-06 04:00:00+00:00,0.0,0.27,0.0,0.31,0.0,1.29,0.0,0.18,0.0,0.2,0.0,0.38,0.0,1.44
2025-11-06 05:00:00+00:00,0.01,0.26,0.0,0.32,0.0,1.36,0.0,0.26,0.0,0.19,0.0,0.37,0.0,1.54
2025-11-06 06:00:00+00:00,0.04,0.23,0.0,0.3,0.05,1.42,0.0,0.39,0.0,0.22,0.0,0.36,0.0,2.12
2025-11-06 07:00:00+00:00,0.04,0.11,0.01,0.48,0.72,1.58,0.0,0.66,0.0,0.27,0.0,0.36,0.0,2.51
2025-11-06 08:00:00+00:00,0.11,0.53,0.05,0.4,1.43,5.02,0.0,0.68,0.0,0.27,0.0,0.45,0.0,2.55
2025-11-06 09:00:00+00:00,0.2,0.24,0.07,0.46,1.94,1.64,0.0,0.76,0.0,0.2,0.0,0.42,0.0,2.52
2025-11-06 10:00:00+00:00,0.49,0.42,0.15,0.46,2.88,1.79,0.0,0.64,0.0,0.16,0.0,0.41,0.0,2.37
2025-11-06 11:00:00+00:00,0.6,0.47,0.32,0.41,3.43,1.55,0.0,0.65,0.0,0.17,0.0,0.4,0.0,1.8
2025-11-06 12:00:00+00:00,0.47,0.38,0.35,0.4,3.17,1.45,0.0,0.7,0.0,0.13,0.0,0.39,0.0,1.9
2025-11-06 13:00:00+00:00,0.16,0.22,0.19,0.37,2.06,3.54,0.0,0.83,0.0,0.16,0.0,0.37,0.0,1.63
2025-11-06 14:00:00+00:00,0.1,0.17,0.09,0.26,1.47,2.94,0.0,0.71,0.0,0.13,0.0,0.36,0.0,1.53
2025-11-06 15:00:00+00:00,0.06,0.2,0.0,0.26,0.19,1.76,0.0,0.74,0.0,0.16,0.0,0.4,0.0,1.41
2025-11-06 16:00:00+00:00,0.03,0.31,0.0,0.64,0.0,1.74,0.0,0.72,0.0,0.31,0.0,0.42,0.0,1.44
2025-11-06 17:00:00+00:00,0.01,0.36,0.0,0.31,0.0,1.89,0.0,0.32,0.0,0.48,0.0,0.42,0.0,1.4
2025-11-06 18:00:00+00:00,0.01,0.96,0.0,0.19,0.0,2.0,0.0,0.1,0.0,0.73,0.0,0.54,0.0,1.45
2025-11-06 19:00:00+00:00,0.02,0.43,0.0,0.19,0.0,4.93,0.0,0.11,0.0,0.42,0.0,0.59,0.0,1.4
2025-11-06 20:00:00+00:00,0.0,0.37,0.0,0.19,0.0,1.89,0.0,0.1,0.0,0.42,0.0,0.6,0.0,1.45
2025-11-06 21:00:00+00:00,0.0,0.35,0.0,0.19,0.0,1.69,0.0,0.11,0.0,0.4,0.0,0.54,0.0,1.4
2025-11-06 22:00:00+00:00,0.0,0.33,0.0,0.19,0.0,1.44,0.0,0.11,0.0,0.29,0.0,0.49,0.0,1.44
2025-11-06 23:00:00+00:00,0.0,0.34,0.0,0.19,0.0,1.21,0.0,0.1,0.0,0.27,0.0,0.38,0.0,1.4
2025-11-07 00:00:00+00:00,0.0,0.34,0.0,0.19,0.0,2.64,0.0,0.11,0.0,0.16,0.0,0.38,0.0,1.42
2025-11-07 01:00:00+00:00,0.0,0.32,0.0,0.2,0.0,3.05,0.0,0.11,0.0,0.22,0.0,0.37,0.0,1.42
2025-11-07 02:00:00+00:00,0.0,0.36,0.0,0.28,0.0,1.25,0.0,0.1,0.0,0.19,0.0,0.37,0.0,1.41
2025-11-07 03:00:00+00:00,0.0,0.41,0.0,0.28,0.0,1.29,0.0,0.11,0.0,0.2,0.0,0.37,0.0,1.43
2025-11-07 04:00:00+00:00,0.0,0.64,0.0,0.21,0.0,1.29,0.0,0.17,0.0,0.22,0.0,0.35,0.0,1.4
2025-11-07 05:00:00+00:00,0.01,0.36,0.0,0.18,0.0,1.34,0.0,0.26,0.0,0.23,0.0,0.37,0.0,1.43
2025-11-07 06:00:00+00:00,0.03,0.35,0.0,0.2,0.01,4.51,0.0,0.34,0.0,0.29,0.0,0.37,0.0,2.32
2025-11-07 07:00:00+00:00,0.06,0.25,0.01,0.22,0.5,1.43,0.0,0.63,0.0,0.24,0.0,0.38,0.0,2.77
2025-11-07 08:00:00+00:00,0.05,0.14,0.03,0.42,0.95,1.67,0.0,0.69,0.0,0.2,0.0,0.46,0.0,2.4
2025-11-07 09:00:00+00:00,0.05,0.11,0.04,0.59,1.26,1.77,0.0,0.63,0.0,0.17,0.0,0.42,0.0,2.43
2025-11-07 10:00:00+00:00,0.1,0.15,0.06,0.51,1.68,1.62,0.0,0.7,0.0,0.21,0.0,0.42,0.0,2.34
2025-11-07 11:00:00+00:00,0.17,0.21,0.08,0.47,2.02,2.76,0.0,0.71,0.0,0.17,0.0,0.4,0.0,1.8
2025-11-07 12:00:00+00:00,0.08,0.11,0.06,0.61,1.64,3.76,0.0,0.78,0.0,0.18,0.0,0.41,0.0,1.57
2025-11-07 13:00:00+00:00,0.06,0.11,0.05,0.51,1.45,1.77,0.0,0.68,0.0,0.12,0.0,0.4,0.0,1.58
2025-11-07 14:00:00+00:00,0.07,0.55,0.02,0.49,0.79,2.03,0.0,0.79,0.0,0.24,0.0,0.42,0.0,1.63
2025-11-07 15:00:00+00:00,0.09,0.4,0.0,0.52,0.04,1.77,0.0,0.81,0.0,0.21,0.0,0.42,0.0,1.47
2025-11-07 16:00:00+00:00,0.05,0.54,0.0,0.51,0.0,1.64,0.0,0.81,0.0,0.25,0.0,0.42,0.0,1.42
2025-11-07 17:00:00+00:00,0.01,0.56,0.0,0.47,0.0,4.79,0.0,0.28,0.0,0.15,0.0,0.42,0.0,1.42
2025-11-07 18:00:00+00:00,0.01,0.75,0.0,0.19,0.0,2.06,0.0,0.11,0.0,0.17,0.0,0.86,0.0,1.42
2025-11-07 19:00:00+00:00,0.01,0.27,0.0,0.19,0.0,1.71,0.0,0.11,0.0,0.22,0.0,1.12,0.0,1.41
2025-11-07 20:00:00+00:00,0.0,0.29,0.0,0.23,0.0,1.68,0.0,0.1,0.0,0.28,0.0,0.64,0.0,1.44
2025-11-07 21:00:00+00:00,0.0,0.27,0.0,0.2,0.0,1.71,0.0,0.11,0.0,0.35,0.0,0.66,0.0,1.4
2025-11-07 22:00:00+00:00,0.0,0.24,0.0,0.2,0.0,2.08,0.0,0.11,0.0,0.35,0.0,0.51,0.0,1.42
2025-11-07 23:00:00+00:00,0.0,0.25,0.0,0.21,0.0,3.74,0.0,0.1,0.0,0.2,0.0,0.38,0.0,1.41
2025-11-08 00:00:00+00:00,0.0,0.27,0.0,0.2,0.0,1.27,0.0,0.11,0.0,0.13,0.0,0.38,0.0,1.43
2025-11-08 01:00:00+00:00,0.0,0.27,0.0,0.2,0.0,1.25,0.0,0.11,0.0,0.15,0.0,0.37,0.0,1.41
2025-11-08 02:00:00+00:00,0.0,0.25,0.0,0.2,0.0,1.24,0.0,0.1,0.0,0.13,0.0,0.37,0.0,1.43
2025-11-08 03:00:00+00:00,0.0,0.25,0.0,0.2,0.0,1.27,0.0,0.11,0.0,0.18,0.0,0.36,0.0,1.42
2025-11-08 04:00:00+00:00,0.0,0.67,0.0,0.28,0.0,4.14,0.0,0.1,0.0,0.17,0.0,0.37,0.0,1.42
2025-11-08 05:00:00+00:00,0.01,0.24,0.0,0.27,0.0,1.74,0.0,0.11,0.0,0.21,0.0,0.38,0.0,1.43
2025-11-08 06:00:00+00:00,0.03,0.26,0.0,0.21,0.0,1.56,0.0,0.11,0.0,0.17,0.0,0.38,0.0,1.42
2025-11-08 07:00:00+00:00,0.06,0.19,0.0,0.2,0.26,1.39,0.0,0.1,0.0,0.21,0.0,0.45,0.0,1.43
2025-11-08 08:00:00+00:00,0.03,0.07,0.03,0.2,0.95,1.52,0.0,0.11,0.0,0.41,0.0,0.41,0.0,1.42
2025-11-08 09:00:00+00:00,0.06,0.12,0.04,0.23,1.31,2.25,0.0,0.11,0.0,0.34,0.0,0.52,0.0,1.44
2025-11-08 10:00:00+00:00,0.15,0.22,0.07,0.21,1.76,3.91,0.0,0.1,0.0,0.25,0.0,0.48,0.0,1.4
2025-11-08 11:00:00+00:00,0.26,0.3,0.09,0.2,2.1,1.4,0.0,0.11,0.0,0.27,0.0,0.55,0.0,1.43
2025-11-08 12:00:00+00:00,0.5,0.43,0.2,0.21,2.95,1.34,0.0,0.17,0.0,0.24,0.0,0.56,0.0,1.4
2025-11-08 13:00:00+00:00,0.46,0.4,0.27,0.18,3.1,1.39,0.0,0.12,0.0,0.24,0.0,0.45,0.0,1.44
2025-11-08 14:00:00+00:00,0.2,0.24,0.18,0.17,2.23,1.6,0.0,0.1,0.0,0.21,0.0,0.51,0.0,1.45
2025-11-08 15:00:00+00:00,0.06,0.6,0.02,0.18,0.32,4.62,0.0,0.11,0.0,0.16,0.0,0.42,0.0,1.41
2025-11-08 16:00:00+00:00,0.03,0.25,0.0,0.17,0.0,2.09,0.0,0.11,0.0,0.31,0.0,0.42,0.0,1.37
2025-11-08 17:00:00+00:00,0.01,0.27,0.0,0.17,0.0,1.61,0.0,0.1,0.0,0.4,0.0,0.41,0.0,1.37
2025-11-08 18:00:00+00:00,0.01,0.28,0.0,0.2,0.0,1.6,0.0,0.11,0.0,1.35,0.0,0.4,0.0,1.38
2025-11-08 19:00:00+00:00,0.01,0.27,0.0,0.2,0.0,1.54,0.0,0.11,0.0,0.4,0.0,0.41,0.0,1.35
2025-11-08 20:00:00+00:00,0.0,0.31,0.0,0.19,0.0,1.98,0.0,0.1,0.0,0.27,0.0,0.42,0.0,1.45
2025-11-08 21:00:00+00:00,0.0,0.27,0.0,0.18,0.0,4.1,0.0,0.11,0.0,0.29,0.0,0.41,0.0,1.4
2025-11-08 22:00:00+00:00,0.0,0.28,0.0,0.21,0.0,1.28,0.0,0.11,0.0,0.29,0.0,0.41,0.0,1.45
2025-11-08 23:00:00+00:00,0.0,0.24,0.0,0.21,0.0,1.28,0.0,0.1,0.0,0.29,0.0,0.4,0.0,1.4
2025-11-09 00:00:00+00:00,0.0,0.26,0.0,0.2,0.0,1.28,0.0,0.11,0.0,0.28,0.0,0.42,0.0,1.44
2025-11-09 01:00:00+00:00,0.0,0.67,0.0,0.2,0.0,1.29,0.0,0.11,0.0,0.36,0.0,0.4,0.0,1.4
2025-11-09 02:00:00+00:00,0.0,0.24,0.0,0.2,0.0,3.78,0.0,0.1,0.0,0.24,0.0,0.39,0.0,1.42
2025-11-09 03:00:00+00:00,0.0,0.25,0.0,0.2,0.0,2.08,0.0,0.11,0.0,0.18,0.0,0.38,0.0,1.4
2025-11-09 04:00:00+00:00,0.0,0.27,0.0,0.2,0.0,1.29,0.0,0.11,0.0,0.21,0.0,0.38,0.0,1.41
2025-11-09 05:00:00+00:00,0.01,0.28,0.0,0.29,0.0,1.36,0.0,0.1,0.0,0.17,0.0,0.38,0.0,1.42
2025-11-09 06:00:00+00:00,0.03,0.24,0.0,0.3,0.0,1.51,0.0,0.11,0.0,0.21,0.0,0.37,0.0,1.4
2025-11-09 07:00:00+00:00,0.05,0.17,0.0,0.24,0.24,1.77,0.0,0.11,0.0,0.17,0.0,0.37,0.0,1.43
2025-11-09 08:00:00+00:00,0.02,0.06,0.02,0.2,0.85,4.59,0.0,0.1,0.0,0.17,0.0,0.37,0.0,1.4
2025-11-09 09:00:00+00:00,0.04,0.09,0.04,0.21,1.1,1.41,0.0,0.11,0.0,0.18,0.0,0.61,0.0,1.45
2025-11-09 10:00:00+00:00,0.18,0.23,0.07,0.18,1.82,1.48,0.0,0.11,0.0,0.18,0.0,0.65,0.0,1.4
2025-11-09 11:00:00+00:00,0.24,0.64,0.07,0.19,1.89,1.81,0.0,0.11,0.0,0.17,0.0,0.84,0.0,1.46
2025-11-09 12:00:00+00:00,0.23,0.27,0.1,0.23,2.0,1.92,0.0,0.1,0.0,0.31,0.0,0.61,0.0,1.39
2025-11-09 13:00:00+00:00,0.03,0.11,0.02,0.2,0.85,3.69,0.0,0.11,0.0,0.25,0.0,0.61,0.0,1.46
2025-11-09 14:00:00+00:00,0.04,0.1,0.01,0.2,0.53,2.56,0.0,0.11,0.0,0.25,0.0,0.79,0.0,1.39
2025-11-09 15:00:00+00:00,0.06,0.19,0.0,0.21,0.2,1.59,0.0,0.1,0.0,0.24,0.0,0.75,0.0,1.43
2025-11-09 16:00:00+00:00,0.03,0.27,0.0,0.2,0.0,2.04,0.0,0.11,0.0,0.24,0.0,1.91,0.0,1.4
2025-11-09 17:00:00+00:00,0.01,0.27,0.0,0.2,0.0,1.74,0.0,0.11,0.0,0.26,0.0,0.56,0.0,1.43
2025-11-09 18:00:00+00:00,0.01,0.3,0.0,0.2,0.0,1.91,0.0,0.1,0.0,0.3,0.0,0.87,0.0,1.41
2025-11-09 19:00:00+00:00,0.01,0.3,0.0,0.2,0.0,4.91,0.0,0.11,0.0,0.31,0.0,0.62,0.0,1.42
2025-11-09 20:00:00+00:00,0.0,0.6,0.0,0.2,0.0,1.44,0.0,0.11,0.0,0.31,0.0,0.64,0.0,1.42
2025-11-09 21:00:00+00:00,0.0,0.67,0.0,0.2,0.0,1.38,0.0,0.1,0.0,0.25,0.0,0.58,0.0,1.39
2025-11-09 22:00:00+00:00,0.0,0.25,0.0,0.2,0.0,1.33,0.0,0.11,0.0,0.19,0.0,0.18,0.0,1.42
2025-11-09 23:00:00+00:00,0.0,0.25,0.0,0.2,0.0,1.29,0.0,0.11,0.0,0.15,0.0,0.21,0.0,1.39
2025-11-10 00:00:00+00:00,0.0,0.25,0.0,0.19,0.0,2.93,0.0,0.1,0.0,0.16,0.0,0.38,0.0,1.42
2025-11-10 01:00:00+00:00,0.0,0.27,0.0,0.21,0.0,2.87,0.0,0.1,0.0,0.13,0.0,0.37,0.0,1.4
2025-11-10 02:00:00+00:00,0.0,0.23,0.0,0.21,0.0,1.21,0.0,0.11,0.0,0.16,0.0,0.39,0.0,1.43
2025-11-10 03:00:00+00:00,0.0,0.27,0.0,0.2,0.0,1.2,0.0,0.26,0.0,0.17,0.0,0.38,0.0,1.41
2025-11-10 04:00:00+00:00,0.0,0.29,0.0,0.2,0.0,1.16,0.0,0.25,0.0,0.17,0.0,0.38,0.0,1.42
2025-11-10 05:00:00+00:00,0.01,0.24,0.0,0.2,0.0,1.28,0.0,0.25,0.0,0.18,0.0,0.38,0.0,1.41
2025-11-10 06:00:00+00:00,0.02,0.66,0.0,0.2,0.0,4.67,0.0,0.29,0.0,0.29,0.0,0.38,0.0,2.22
2025-11-10 07:00:00+00:00,0.06,0.24,0.0,0.45,0.17,2.0,0.0,0.78,0.0,0.37,0.0,0.37,0.0,1.74
2025-11-10 08:00:00+00:00,0.03,0.1,0.02,0.48,0.82,2.29,0.0,1.01,0.0,0.24,0.0,0.41,0.0,2.0
2025-11-10 09:00:00+00:00,0.05,0.1,0.04,0.54,1.26,1.97,0.0,1.03,0.0,0.25,0.0,0.42,0.0,2.33
2025-11-10 10:00:00+00:00,0.09,0.17,0.05,0.49,1.48,2.31,0.0,0.98,0.0,0.17,0.0,0.42,0.0,2.12
2025-11-10 11:00:00+00:00,0.05,0.1,0.04,0.71,1.22,1.84,0.0,0.88,0.0,0.14,0.0,0.42,0.0,2.03
2025-11-10 12:00:00+00:00,0.02,0.06,0.03,0.76,1.03,2.01,0.0,0.98,0.0,0.15,0.0,0.42,0.0,2.75
2025-11-10 13:00:00+00:00,0.02,0.06,0.02,0.69,0.88,4.03,0.0,1.1,0.0,0.16,0.0,0.42,0.0,2.74
2025-11-10 14:00:00+00:00,0.05,0.1,0.01,0.73,0.61,1.88,0.0,1.05,0.0,0.21,0.0,0.41,0.0,2.56
2025-11-10 15:00:00+00:00,0.13,0.27,0.0,0.81,0.04,1.95,0.0,1.05,0.0,0.15,0.0,0.51,0.0,1.96
2025-11-10 16:00:00+00:00,0.03,0.29,0.0,0.77,0.0,1.96,0.0,0.83,0.0,0.22,0.0,0.57,0.0,1.54
2025-11-10 17:00:00+00:00,0.01,0.69,0.0,0.83,0.0,1.94,0.0,0.56,0.0,0.52,0.0,0.99,0.0,1.44
2025-11-10 18:00:00+00:00,0.01,0.31,0.0,0.6,0.0,5.05,0.0,0.27,0.0,0.34,0.0,0.67,0.0,1.42
2025-11-10 19:00:00+00:00,0.01,0.29,0.0,0.23,0.0,2.0,0.0,0.25,0.0,0.36,0.0,0.51,0.0,1.42
2025-11-10 20:00:00+00:00,0.0,0.29,0.0,0.26,0.0,1.87,0.0,0.41,0.0,0.29,0.0,0.47,0.0,1.42
2025-11-10 21:00:00+00:00,0.0,0.24,0.0,0.24,0.0,1.75,0.0,0.32,0.0,0.24,0.0,0.57,0.0,1.4
2025-11-10 22:00:00+00:00,0.0,0.26,0.0,0.21,0.0,1.51,0.0,0.25,0.0,0.23,0.0,0.15,0.0,1.41
2025-11-10 23:00:00+00:00,0.0,0.27,0.0,0.21,0.0,1.77,0.0,0.26,0.0,0.19,0.0,0.16,0.0,1.41
2025-11-11 00:00:00+00:00,0.0,0.27,0.0,0.21,0.0,4.04,0.0,0.26,0.0,0.2,0.0,0.38,0.0,1.41
2025-11-11 01:00:00+00:00,0.0,0.25,0.0,0.21,0.0,1.22,0.0,0.25,0.0,0.17,0.0,0.38,0.0,1.4
2025-11-11 02:00:00+00:00,0.0,0.26,0.0,0.18,0.0,1.27,0.0,0.31,0.0,0.18,0.0,0.38,0.0,1.42
2025-11-11 03:00:00+00:00,0.0,0.68,0.0,0.2,0.0,1.24,0.0,0.26,0.0,0.12,0.0,0.37,0.0,1.41
2025-11-11 04:00:00+00:00,0.0,0.22,0.0,0.25,0.0,1.28,0.0,0.42,0.0,0.17,0.0,0.39,0.0,1.43
2025-11-11 05:00:00+00:00,0.01,0.25,0.0,0.3,0.0,3.88,0.0,0.52,0.0,0.13,0.0,0.37,0.0,1.4
2025-11-11 06:00:00+00:00,0.08,0.24,0.0,0.31,0.07,2.35,0.0,0.46,0.0,0.2,0.0,0.37,0.0,1.71
2025-11-11 07:00:00+00:00,0.06,0.12,0.12,0.38,1.3,1.99,0.0,0.55,0.0,0.21,0.0,0.37,0.0,2.05
2025-11-11 08:00:00+00:00,0.29,0.3,0.44,0.68,4.11,1.57,0.0,0.69,0.0,0.2,0.0,0.45,0.0,2.26
2025-11-11 09:00:00+00:00,0.67,0.5,0.74,0.68,6.36,1.4,0.0,0.67,0.0,0.13,0.0,0.39,0.0,2.19
2025-11-11 10:00:00+00:00,1.06,0.66,1.04,0.61,7.01,1.56,0.0,0.66,0.0,0.17,0.0,0.39,0.0,2.23
2025-11-11 11:00:00+00:00,1.22,0.69,1.23,0.63,6.85,4.56,0.0,0.52,0.0,0.17,0.0,0.41,0.0,2.28
2025-11-11 12:00:00+00:00,1.17,0.69,0.94,0.6,5.75,1.57,0.0,0.62,0.0,0.18,0.0,0.41,0.0,2.55
2025-11-11 13:00:00+00:00,0.69,1.09,0.11,0.6,4.16,1.58,0.0,0.69,0.0,0.13,0.0,0.4,0.0,2.49
2025-11-11 14:00:00+00:00,0.14,0.2,0.12,0.57,2.01,1.53,0.0,0.74,0.0,0.14,0.0,0.46,0.0,2.66
2025-11-11 15:00:00+00:00,0.05,0.2,0.02,0.49,0.35,1.91,0.0,0.61,0.0,0.15,0.0,0.41,0.0,2.78
2025-11-11 16:00:00+00:00,0.03,0.24,0.0,0.45,0.0,3.15,0.0,0.74,0.0,0.14,0.0,0.45,0.0,3.23
2025-11-11 17:00:00+00:00,0.01,0.25,0.0,0.67,0.0,4.19,0.0,0.51,0.0,0.29,0.0,0.46,0.0,2.1
2025-11-11 18:00:00+00:00,0.01,0.25,0.0,0.78,0.0,1.98,0.0,0.1,0.0,0.31,0.0,0.68,0.0,1.78
2025-11-11 19:00:00+00:00,0.01,0.23,0.0,0.25,0.0,1.8,0.0,0.12,0.0,0.71,0.0,0.62,0.0,1.67
2025-11-11 20:00:00+00:00,0.0,0.25,0.0,0.19,0.0,1.77,0.0,0.11,0.0,0.32,0.0,0.56,0.0,1.66
2025-11-11 21:00:00+00:00,0.0,0.26,0.0,0.19,0.0,1.45,0.0,0.11,0.0,0.21,0.0,0.41,0.0,1.7
2025-11-11 22:00:00+00:00,0.0,0.27,0.0,0.2,0.0,3.57,0.0,0.1,0.0,0.14,0.0,0.38,0.0,1.54
2025-11-11 23:00:00+00:00,0.0,0.27,0.0,0.2,0.0,2.4,0.0,0.13,0.0,0.17,0.0,0.37,0.0,1.55
2025-11-12 00:00:00+00:00,0.0,0.63,0.0,0.22,0.0,1.3,0.0,0.11,0.0,0.12,0.0,0.38,0.0,1.5
2025-11-12 01:00:00+00:00,0.0,0.29,0.0,0.21,0.0,1.29,0.0,0.12,0.0,0.17,0.0,0.38,0.0,1.48
2025-11-12 02:00:00+00:00,0.0,0.26,0.0,0.21,0.0,1.29,0.0,0.11,0.0,0.17,0.0,0.37,0.0,1.43
2025-11-12 03:00:00+00:00,0.0,0.27,0.0,0.22,0.0,1.29,0.0,0.11,0.0,0.24,0.0,0.37,0.0,1.44
2025-11-12 04:00:00+00:00,0.0,0.3,0.0,0.2,0.0,4.51,0.0,0.19,0.0,0.19,0.0,0.35,0.0,1.42
2025-11-12 05:00:00+00:00,0.01,0.54,0.0,0.21,0.0,1.36,0.0,0.29,0.0,0.21,0.0,0.37,0.0,2.57
2025-11-12 06:00:00+00:00,0.04,0.29,0.0,0.29,0.06,1.5,0.0,0.35,0.0,0.23,0.0,0.49,0.0,2.63
2025-11-12 07:00:00+00:00,0.03,0.1,0.02,0.35,0.82,1.46,0.0,0.54,0.0,0.24,0.0,0.44,0.0,1.63
2025-11-12 08:00:00+00:00,0.14,0.19,0.08,0.46,1.79,1.48,0.0,0.76,0.0,0.18,0.0,0.42,0.0,1.69
2025-11-12 09:00:00+00:00,0.52,0.78,0.25,0.62,3.21,1.87,0.0,0.67,0.0,0.2,0.0,0.43,0.0,2.08
2025-11-12 10:00:00+00:00,1.0,0.63,0.87,0.6,6.63,4.25,0.0,0.81,0.0,0.15,0.0,0.41,0.0,1.72
2025-11-12 11:00:00+00:00,1.04,0.64,0.93,0.55,5.89,1.48,0.0,0.79,0.0,0.36,0.0,0.33,0.0,1.46
2025-11-12 12:00:00+00:00,0.87,0.58,0.6,0.46,4.67,1.46,0.0,0.77,0.0,0.22,0.0,0.12,0.0,1.65
2025-11-12 13:00:00+00:00,0.51,0.43,0.22,0.58,3.46,1.41,0.0,0.73,0.0,0.14,0.0,0.12,0.0,1.62
2025-11-12 14:00:00+00:00,0.07,0.13,0.1,0.38,1.49,1.61,0.0,0.81,0.0,0.15,0.0,0.37,0.0,1.76
2025-11-12 15:00:00+00:00,0.05,0.21,0.01,0.4,0.29,3.74,0.0,0.89,0.0,0.16,0.0,0.43,0.0,1.43
2025-11-12 16:00:00+00:00,0.03,0.23,0.0,0.58,0.0,3.4,0.0,1.06,0.0,0.26,0.0,0.5,0.0,1.57
2025-11-12 17:00:00+00:00,0.01,0.25,0.0,0.71,0.0,1.96,0.0,0.67,0.0,0.36,0.0,0.49,0.0,1.39
2025-11-12 18:00:00+00:00,0.01,0.31,0.0,0.36,0.0,1.91,0.0,0.39,0.0,0.6,0.0,1.08,0.0,1.39
2025-11-12 19:00:00+00:00,0.01,0.54,0.0,0.2,0.0,1.95,0.0,0.15,0.0,0.77,0.0,0.47,0.0,1.35
2025-11-12 20:00:00+00:00,0.0,0.26,0.0,0.19,0.0,1.89,0.0,0.11,0.0,0.3,0.0,0.46,0.0,1.42
2025-11-12 21:00:00+00:00,0.0,0.27,0.0,0.19,0.0,4.35,0.0,0.1,0.0,0.24,0.0,0.65,0.0,1.4
2025-11-12 22:00:00+00:00,0.0,0.27,0.0,0.19,0.0,2.05,0.0,0.11,0.0,0.17,0.0,0.42,0.0,1.45
2025-11-12 23:00:00+00:00,0.0,0.25,0.0,0.2,0.0,1.17,0.0,0.11,0.0,0.12,0.0,0.38,0.0,1.43
2025-11-13 00:00:00+00:00,0.0,0.29,0.0,0.22,0.0,1.17,0.0,0.11,0.0,0.16,0.0,0.38,0.0,1.45
2025-11-13 01:00:00+00:00,0.0,0.28,0.0,0.22,0.0,1.19,0.0,0.1,0.0,0.14,0.0,0.37,0.0,1.43
2025-11-13 02:00:00+00:00,0.0,0.25,0.0,0.22,0.0,1.24,0.0,0.11,0.0,0.2,0.0,0.37,0.0,1.44
2025-11-13 03:00:00+00:00,0.0,0.29,0.0,0.21,0.0,4.49,0.0,0.11,0.0,0.17,0.0,0.36,0.0,1.44
2025-11-13 04:00:00+00:00,0.0,0.25,0.0,0.22,0.0,1.29,0.0,0.1,0.0,0.21,0.0,0.37,0.0,1.44
2025-11-13 05:00:00+00:00,0.01,0.63,0.0,0.21,0.0,1.37,0.0,0.3,0.0,0.18,0.0,0.38,0.0,1.53
2025-11-13 06:00:00+00:00,0.03,0.27,0.0,0.2,0.07,1.42,0.0,0.14,0.0,0.22,0.0,0.37,0.0,1.8
2025-11-13 07:00:00+00:00,0.03,0.09,0.04,0.25,0.93,1.66,0.0,0.56,0.0,0.18,0.0,0.46,0.0,2.88
2025-11-13 08:00:00+00:00,0.2,0.23,0.23,0.47,2.65,3.48,0.0,0.67,0.0,0.17,0.0,0.37,0.0,2.75
2025-11-13 09:00:00+00:00,0.41,0.39,0.44,0.56,4.6,3.25,0.0,0.68,0.0,0.16,0.0,0.17,0.0,2.73
2025-11-13 10:00:00+00:00,0.95,0.6,0.91,0.52,6.42,1.41,0.0,0.68,0.0,0.14,0.0,0.14,0.0,2.67
2025-11-13 11:00:00+00:00,1.14,0.65,1.2,0.46,6.61,1.45,0.0,0.53,0.0,0.15,0.0,0.4,0.0,2.0
2025-11-13 12:00:00+00:00,0.99,0.62,0.76,0.46,5.22,1.5,0.0,0.72,0.0,0.18,0.0,0.42,0.0,2.51
2025-11-13 13:00:00+00:00,0.56,0.47,0.16,0.32,3.82,1.5,0.0,0.65,0.0,0.22,0.0,0.42,0.0,2.81
2025-11-13 14:00:00+00:00,0.12,0.53,0.08,0.35,2.03,3.82,0.0,0.74,0.0,0.15,0.0,0.42,0.0,2.28
2025-11-13 15:00:00+00:00,0.06,0.24,0.01,0.36,0.23,2.55,0.0,0.95,0.0,0.22,0.0,0.42,0.0,1.69
2025-11-13 16:00:00+00:00,0.02,0.28,0.0,0.51,0.0,1.65,0.0,0.94,0.0,0.19,0.0,0.47,0.0,1.44
2025-11-13 17:00:00+00:00,0.01,0.25,0.0,0.32,0.0,1.82,0.0,0.44,0.0,0.23,0.0,0.58,0.0,1.38
2025-11-13 18:00:00+00:00,0.01,0.25,0.0,0.2,0.0,1.73,0.0,0.22,0.0,0.25,0.0,0.51,0.0,1.41
2025-11-13 19:00:00+00:00,0.01,0.24,0.0,0.18,0.0,1.73,0.0,0.21,0.0,0.37,0.0,0.46,0.0,1.36
2025-11-13 20:00:00+00:00,0.0,0.25,0.0,0.18,0.0,4.8,0.0,0.2,0.0,0.36,0.0,0.46,0.0,1.39
2025-11-13 21:00:00+00:00,0.0,0.23,0.0,0.22,0.0,1.61,0.0,0.21,0.0,0.23,0.0,0.45,0.0,1.44
2025-11-13 22:00:00+00:00,0.0,0.27,0.0,0.18,0.0,1.5,0.0,0.21,0.0,0.15,0.0,0.54,0.0,1.46
2025-11-13 23:00:00+00:00,0.0,0.69,0.0,0.19,0.0,1.26,0.0,0.2,0.0,0.16,0.0,0.17,0.0,1.45
2025-11-14 00:00:00+00:00,0.0,0.28,0.0,0.22,0.0,1.26,0.0,0.24,0.0,0.15,0.0,0.18,0.0,1.46
2025-11-14 01:00:00+00:00,0.0,0.31,0.0,0.21,0.0,1.34,0.0,0.23,0.0,0.17,0.0,0.37,0.0,1.44
2025-11-14 02:00:00+00:00,0.0,0.3,0.0,0.21,0.0,4.38,0.0,0.21,0.0,0.17,0.0,0.37,0.0,1.42
2025-11-14 03:00:00+00:00,0.0,0.28,0.0,0.21,0.0,1.25,0.0,0.27,0.0,0.21,0.0,0.37,0.0,1.44
2025-11-14 04:00:00+00:00,0.0,0.3,0.0,0.21,0.0,1.26,0.0,0.43,0.0,0.26,0.0,0.39,0.0,1.42
2025-11-14 05:00:00+00:00,0.01,0.28,0.0,0.47,0.0,1.31,0.0,0.5,0.0,0.21,0.0,0.38,0.0,1.44
2025-11-14 06:00:00+00:00,0.05,0.27,0.0,0.21,0.09,1.38,0.0,0.58,0.0,0.2,0.0,0.38,0.0,1.52
2025-11-14 07:00:00+00:00,0.04,0.14,0.02,0.2,0.7,3.55,0.0,0.84,0.0,0.15,0.0,0.49,0.0,1.73
2025-11-14 08:00:00+00:00,0.15,0.46,0.1,0.21,1.75,3.51,0.0,0.98,0.0,0.18,0.0,0.42,0.0,1.42
2025-11-14 09:00:00+00:00,0.53,0.5,0.28,0.2,3.75,1.74,0.0,0.86,0.0,0.15,0.0,0.41,0.0,1.57
2025-11-14 10:00:00+00:00,0.98,0.62,0.6,0.21,5.44,1.36,0.0,0.76,0.0,0.16,0.0,0.37,0.0,1.63
2025-11-14 11:00:00+00:00,0.84,0.58,0.46,0.22,4.47,1.36,0.0,0.69,0.0,0.13,0.0,0.37,0.0,1.85
2025-11-14 12:00:00+00:00,0.6,0.55,0.34,0.2,3.64,1.36,0.0,0.86,0.0,0.17,0.0,0.37,0.0,1.54
2025-11-14 13:00:00+00:00,0.27,0.39,0.16,0.27,2.43,3.85,0.0,0.72,0.0,0.12,0.0,0.39,0.0,1.6
2025-11-14 14:00:00+00:00,0.14,0.19,0.09,0.23,1.64,2.73,0.0,0.72,0.0,0.17,0.0,0.51,0.0,1.69
2025-11-14 15:00:00+00:00,0.07,0.27,0.0,0.27,0.13,1.92,0.0,0.62,0.0,0.14,0.0,0.45,0.0,1.43
2025-11-14 16:00:00+00:00,0.02,0.28,0.0,0.35,0.0,1.78,0.0,0.69,0.0,0.18,0.0,0.52,0.0,1.39
2025-11-14 17:00:00+00:00,0.01,0.64,0.0,0.31,0.0,1.83,0.0,0.43,0.0,0.17,0.0,0.44,0.0,1.41
2025-11-14 18:00:00+00:00,0.01,0.27,0.0,0.22,0.0,1.89,0.0,0.1,0.0,0.26,0.0,0.55,0.0,1.39
2025-11-14 19:00:00+00:00,0.01,0.26,0.0,0.21,0.0,4.84,0.0,0.1,0.0,0.26,0.0,0.45,0.0,1.41
2025-11-14 20:00:00+00:00,0.0,0.26,0.0,0.21,0.0,1.74,0.0,0.1,0.0,0.34,0.0,1.03,0.0,1.41
2025-11-14 21:00:00+00:00,0.0,0.26,0.0,0.24,0.0,1.61,0.0,0.11,0.0,0.3,0.0,0.39,0.0,1.41
2025-11-14 22:00:00+00:00,0.0,0.3,0.0,0.18,0.0,1.5,0.0,0.11,0.0,0.33,0.0,0.13,0.0,1.44
2025-11-14 23:00:00+00:00,0.0,0.28,0.0,0.23,0.0,1.26,0.0,0.11,0.0,0.22,0.0,0.14,0.0,1.55
2025-11-15 00:00:00+00:00,0.0,0.27,0.0,0.21,0.0,1.56,0.0,0.1,0.0,0.19,0.0,0.31,0.0,1.4
2025-11-15 01:00:00+00:00,0.0,0.29,0.0,0.21,0.0,4.24,0.0,0.11,0.0,0.12,0.0,0.33,0.0,1.41
2025-11-15 02:00:00+00:00,0.0,0.3,0.0,0.2,0.0,1.27,0.0,0.11,0.0,0.18,0.0,0.34,0.0,1.4
2025-11-15 03:00:00+00:00,0.0,0.7,0.0,0.18,0.0,1.26,0.0,0.11,0.0,0.12,0.0,0.37,0.0,1.4
2025-11-15 04:00:00+00:00,0.0,0.29,0.0,0.18,0.0,1.26,0.0,0.1,0.0,0.16,0.0,0.38,0.0,1.41
2025-11-15 05:00:00+00:00,0.01,0.29,0.0,0.18,0.0,1.31,0.0,0.11,0.0,0.13,0.0,0.38,0.0,1.4
2025-11-15 06:00:00+00:00,0.03,0.26,0.0,0.19,0.02,3.33,0.0,0.11,0.0,0.19,0.0,0.38,0.0,1.41
2025-11-15 07:00:00+00:00,0.04,0.12,0.16,0.19,1.13,2.61,0.0,0.1,0.0,0.14,0.0,0.33,0.0,1.4
2025-11-15 08:00:00+00:00,0.14,0.19,0.36,0.29,3.1,1.52,0.0,0.11,0.0,0.16,0.0,0.41,0.0,1.41
2025-11-15 09:00:00+00:00,0.65,0.5,0.75,0.32,6.11,1.46,0.0,0.11,0.0,0.12,0.0,0.68,0.0,1.38
2025-11-15 10:00:00+00:00,1.08,0.68,1.11,0.31,7.31,1.42,0.0,0.1,0.0,0.18,0.0,0.42,0.0,1.36
2025-11-15 11:00:00+00:00,1.22,0.69,1.14,0.25,6.89,1.34,0.0,0.11,0.0,0.25,0.0,0.51,0.0,1.29
2025-11-15 12:00:00+00:00,0.6,0.49,0.26,0.17,3.74,4.32,0.0,0.1,0.0,0.25,0.0,0.51,0.0,1.39
2025-11-15 13:00:00+00:00,0.18,0.62,0.13,0.21,1.78,1.52,0.0,0.1,0.0,0.22,0.0,0.56,0.0,1.34
2025-11-15 14:00:00+00:00,0.04,0.13,0.03,0.18,0.74,1.58,0.0,0.05,0.0,0.24,0.0,0.49,0.0,1.37
2025-11-15 15:00:00+00:00,0.06,0.28,0.01,0.19,0.19,1.9,0.0,0.06,0.0,0.21,0.0,0.41,0.0,1.31
2025-11-15 16:00:00+00:00,0.02,0.29,0.0,0.2,0.0,1.64,0.0,0.09,0.0,0.2,0.0,0.37,0.0,1.33
2025-11-15 17:00:00+00:00,0.01,0.27,0.0,0.19,0.0,1.5,0.0,0.09,0.0,0.15,0.0,0.36,0.0,1.29
2025-11-15 18:00:00+00:00,0.01,0.27,0.0,0.19,0.0,4.61,0.0,0.11,0.0,0.19,0.0,0.34,0.0,1.32
2025-11-15 19:00:00+00:00,0.01,0.26,0.0,0.19,0.0,1.12,0.0,0.11,0.0,0.17,0.0,0.33,0.0,1.29
2025-11-15 20:00:00+00:00,0.0,0.28,0.0,0.19,0.0,1.08,0.0,0.13,0.0,0.49,0.0,0.32,0.0,1.31
2025-11-15 21:00:00+00:00,0.0,0.25,0.0,0.19,0.0,1.06,0.0,0.1,0.0,0.33,0.0,0.93,0.0,1.32
2025-11-15 22:00:00+00:00,0.0,0.25,0.0,0.19,0.0,1.16,0.0,0.11,0.0,0.29,0.0,0.33,0.0,1.33
2025-11-15 23:00:00+00:00,0.0,0.26142857142857145,0.0,0.21,0.0,1.1647619047619047,0.0,0.11142857142857143,0.0,0.29047619047619044,0.0,0.3414285714285714,0.0,1.3338095238095238
2025-11-16 00:00:00+00:00,0.0,0.27285714285714285,0.0,0.23,0.0,1.1695238095238094,0.0,0.11285714285714286,0.0,0.2909523809523809,0.0,0.35285714285714287,0.0,1.3376190476190477
2025-11-16 01:00:00+00:00,0.0,0.2842857142857143,0.0,0.25,0.0,1.1742857142857142,0.0,0.11428571428571428,0.0,0.2914285714285714,0.0,0.36428571428571427,0.0,1.3414285714285714
2025-11-16 02:00:00+00:00,0.0,0.2957142857142857,0.0,0.27,0.0,1.179047619047619,0.0,0.11571428571428571,0.0,0.2919047619047619,0.0,0.3757142857142857,0.0,1.3452380952380953
2025-11-16 03:00:00+00:00,0.0,0.30714285714285716,0.0,0.29,0.0,1.1838095238095236,0.0,0.11714285714285715,0.0,0.29238095238095235,0.0,0.3871428571428571,0.0,1.349047619047619
2025-11-16 04:00:00+00:00,0.0,0.31857142857142856,0.0,0.31,0.0,1.1885714285714286,0.0,0.11857142857142858,0.0,0.2928571428571428,0.0,0.3985714285714286,0.0,1.352857142857143
2025-11-16 05:00:00+00:00,0.01,0.29,0.0,0.21,0.0,1.33,0.0,0.11,0.0,0.19,0.0,0.38,0.0,1.42
2025-11-16 06:00:00+00:00,0.03,0.35,0.0,0.21,0.0,1.51,0.0,0.11,0.0,0.19,0.0,0.37,0.0,1.4
2025-11-16 07:00:00+00:00,0.05,0.19,0.0,0.21,0.31,1.77,0.0,0.11,0.0,0.21,0.0,0.38,0.0,1.42
2025-11-16 08:00:00+00:00,0.05,0.19,0.03,0.22,0.95,1.52,0.0,0.1,0.0,0.19,0.0,0.38,0.0,1.4
2025-11-16 09:00:00+00:00,0.09,0.15,0.06,0.21,1.71,1.85,0.0,0.11,0.0,0.21,0.0,0.52,0.0,1.42
2025-11-16 10:00:00+00:00,0.22,0.27,0.11,0.21,2.53,1.48,0.0,0.11,0.0,0.2,0.0,0.48,0.0,1.4
2025-11-16 11:00:00+00:00,0.28,0.47,0.09,0.2,2.15,1.43,0.0,0.11,0.0,0.23,0.0,0.55,0.0,1.41
2025-11-16 12:00:00+00:00,0.3,0.32,0.1,0.18,2.86,1.82,0.0,0.1,0.0,0.26,0.0,0.51,0.0,1.4
2025-11-16 13:00:00+00:00,0.01,0.42142857142857143,0.0,0.49,0.0,1.2314285714285713,0.0,0.13142857142857145,0.0,0.29714285714285715,0.0,0.5014285714285714,0.0,1.387142857142857
2025-11-16 14:00:00+00:00,0.01,0.43285714285714283,0.0,0.51,0.0,1.2361904761904763,0.0,0.13285714285714287,0.0,0.2976190476190476,0.0,0.5128571428571428,0.0,1.390952380952381
2025-11-16 15:00:00+00:00,0.01,0.4442857142857143,0.0,0.53,0.0,1.240952380952381,0.0,0.13428571428571429,0.0,0.2980952380952381,0.0,0.5242857142857142,0.0,1.3947619047619046
2025-11-16 16:00:00+00:00,0.01,0.4557142857142857,0.0,0.5499999999999999,0.0,1.2457142857142858,0.0,0.13571428571428573,0.0,0.29857142857142854,0.0,0.5357142857142857,0.0,1.3985714285714286
2025-11-16 17:00:00+00:00,0.01,0.46714285714285714,0.0,0.57,0.0,1.2504761904761905,0.0,0.13714285714285715,0.0,0.29904761904761906,0.0,0.5471428571428572,0.0,1.4023809523809523
2025-11-16 18:00:00+00:00,0.01,0.47857142857142854,0.0,0.59,0.0,1.2552380952380953,0.0,0.1385714285714286,0.0,0.2995238095238095,0.0,0.5585714285714285,0.0,1.4061904761904762
2025-11-16 19:00:00+00:00,0.01,0.49,0.0,0.61,0.0,1.26,0.0,0.14,0.0,0.3,0.0,0.57,0.0,1.41
2025-11-16 20:00:00+00:00,0.0,0.29,0.0,0.65,0.0,1.26,0.0,0.17,0.0,0.3,0.0,1.35,0.0,1.4
2025-11-16 21:00:00+00:00,0.0,0.44,0.0,0.44,0.0,1.44,0.0,0.18,0.0,0.22,0.0,0.38,0.0,1.42
2025-11-16 22:00:00+00:00,0.0,0.49,0.0,0.2,0.0,1.34,0.0,0.13,0.0,0.22,0.0,0.18,0.0,1.4
2025-11-16 23:00:00+00:00,0.0,0.28,0.0,0.2,0.0,4.43,0.0,0.12,0.0,0.22,0.0,0.4,0.0,1.41
2025-11-17 00:00:00+00:00,0.0,0.27,0.0,0.2,0.0,1.28,0.0,0.13,0.0,0.2,0.0,0.39,0.0,1.4
2025-11-17 01:00:00+00:00,0.0,0.29,0.0,0.19,0.0,1.29,0.0,0.11,0.0,0.19,0.0,0.38,0.0,1.43
2025-11-17 02:00:00+00:00,0.0,0.28,0.0,0.22,0.0,1.29,0.0,0.11,0.0,0.18,0.0,0.38,0.0,1.4
2025-11-17 03:00:00+00:00,0.0,0.3,0.0,0.3,0.0,1.28,0.0,0.24,0.0,0.18,0.0,0.38,0.0,1.43
2025-11-17 04:00:00+00:00,0.0,0.64,0.0,0.26,0.0,1.49,0.0,0.29,0.0,0.18,0.0,0.36,0.0,1.39
2025-11-17 05:00:00+00:00,0.01,0.29,0.0,0.21,0.0,4.21,0.0,0.34,0.0,0.21,0.0,0.37,0.0,1.43
2025-11-17 06:00:00+00:00,0.01,0.28,0.0,0.31,0.0,1.35,0.0,0.42,0.0,0.19,0.0,0.38,0.0,1.72
2025-11-17 07:00:00+00:00,0.06,0.26,0.0,0.36,0.09,1.61,0.0,0.99,0.0,0.17,0.0,0.48,0.0,1.77
2025-11-17 08:00:00+00:00,0.06,0.26,0.0,0.6,0.18,2.07,0.0,1.18,0.0,0.17,0.0,0.43,0.0,2.1
2025-11-17 09:00:00+00:00,0.05,0.18,0.0,0.62,0.34,1.91,0.0,1.02,0.0,0.19,0.0,0.46,0.0,1.71
2025-11-17 10:00:00+00:00,0.07,0.34,0.0,0.8,0.52,3.47,0.0,1.15,0.0,0.21,0.0,0.42,0.0,1.78
2025-11-17 11:00:00+00:00,0.04,0.14,0.0,0.82,0.47,1.84,0.0,0.95,0.0,0.22,0.0,0.42,0.0,2.2
2025-11-17 12:00:00+00:00,0.04,0.15,0.0,0.85,0.42,1.64,0.0,1.19,0.0,0.18,0.0,0.41,0.0,2.42
2025-11-17 13:00:00+00:00,0.16,0.18,0.07,0.79,1.97,1.67,0.0,1.15,0.0,0.2,0.0,0.41,0.0,1.95
2025-11-17 14:00:00+00:00,0.18,0.59,0.06,0.84,2.43,1.87,0.0,1.1,0.0,0.23,0.0,0.42,0.0,1.69
2025-11-17 15:00:00+00:00,0.06,0.22,0.01,0.79,0.29,1.62,0.0,1.03,0.0,0.22,0.0,0.55,0.0,1.47
2025-11-17 16:00:00+00:00,0.03,0.35,0.0,0.74,0.0,3.96,0.0,0.96,0.0,0.2,0.0,0.48,0.0,1.58
2025-11-17 17:00:00+00:00,0.01,0.48,0.0,0.58,0.0,3.27,0.0,0.46,0.0,0.63,0.0,1.46,0.0,1.5
2025-11-17 18:00:00+00:00,0.01,0.47,0.0,0.18,0.0,1.83,0.0,0.17,0.0,0.19,0.0,0.74,0.0,1.41
2025-11-17 19:00:00+00:00,0.01,0.48,0.0,0.2,0.0,1.93,0.0,0.15,0.0,0.25,0.0,0.63,0.0,1.42
2025-11-17 20:00:00+00:00,0.0,0.47,0.0,0.21,0.0,1.89,0.0,0.16,0.0,0.26,0.0,0.62,0.0,1.44
2025-11-17 21:00:00+00:00,0.0,0.44,0.0,0.2,0.0,1.55,0.0,0.15,0.0,0.29,0.0,0.7,0.0,1.43
2025-11-17 22:00:00+00:00,0.0,0.44,0.0,0.2,0.0,4.64,0.0,0.15,0.0,0.19,0.0,0.33,0.0,1.44
2025-11-17 23:00:00+00:00,0.0,0.43,0.0,0.28,0.0,1.12,0.0,0.14,0.0,0.24,0.0,0.34,0.0,1.44
2025-11-18 00:00:00+00:00,0.0,0.82,0.0,0.29,0.0,1.13,0.0,0.15,0.0,0.21,0.0,0.38,0.0,1.43
2025-11-18 01:00:00+00:00,0.0,0.44,0.0,0.25,0.0,1.16,0.0,0.15,0.0,0.24,0.0,0.39,0.0,1.44
2025-11-18 02:00:00+00:00,0.0,0.46,0.0,0.21,0.0,1.16,0.0,0.14,0.0,0.16,0.0,0.38,0.0,1.42
2025-11-18 03:00:00+00:00,0.0,0.45,0.0,0.19,0.0,1.25,0.0,0.17,0.0,0.19,0.0,0.36,0.0,1.45
2025-11-18 04:00:00+00:00,0.0,0.45,0.0,0.2,0.0,4.32,0.0,0.23,0.0,0.17,0.0,0.37,0.0,1.41
2025-11-18 05:00:00+00:00,0.01,0.45,0.0,0.25,0.0,1.22,0.0,0.37,0.0,0.24,0.0,0.38,0.0,1.46
2025-11-18 06:00:00+00:00,0.04,0.45,0.0,0.21,0.01,1.31,0.0,0.37,0.0,0.25,0.0,0.39,0.0,1.67
2025-11-18 07:00:00+00:00,0.08,0.29,0.17,0.22,1.07,1.4,0.0,0.7,0.0,0.26,0.0,0.38,0.0,1.62
2025-11-18 08:00:00+00:00,0.17,0.26,0.56,0.42,4.06,1.32,0.0,0.72,0.0,0.19,0.0,0.4,0.0,1.56
2025-11-18 09:00:00+00:00,0.56,0.8,0.93,0.54,7.17,3.24,0.0,0.81,0.0,0.21,0.0,0.42,0.0,1.6
2025-11-18 10:00:00+00:00,0.94,0.81,1.16,0.62,7.85,2.62,0.0,0.84,0.0,0.14,0.0,0.4,0.0,1.51
2025-11-18 11:00:00+00:00,0.42,0.4,0.57,0.41,3.75,1.4,0.0,0.66,0.0,0.17,0.0,0.4,0.0,1.52
2025-11-18 12:00:00+00:00,0.9,0.64,0.45,0.32,5.31,1.24,0.0,0.68,0.0,0.12,0.0,0.48,0.0,1.64
2025-11-18 13:00:00+00:00,0.66,0.55,0.11,0.31,4.55,1.28,0.0,0.74,0.0,0.16,0.0,0.41,0.0,1.82
2025-11-18 14:00:00+00:00,0.11,0.27,0.05,0.39,1.64,1.62,0.0,0.77,0.0,0.14,0.0,0.43,0.0,2.07
2025-11-18 15:00:00+00:00,0.08,0.39,0.0,0.46,0.15,4.76,0.0,0.83,0.0,0.2,0.0,0.42,0.0,1.94
2025-11-18 16:00:00+00:00,0.04,0.39,0.0,0.57,0.0,2.13,0.0,0.88,0.0,0.17,0.0,0.47,0.0,2.17
2025-11-18 17:00:00+00:00,0.01,0.43,0.0,0.58,0.0,1.88,0.0,0.64,0.0,0.29,0.0,1.37,0.0,1.73
2025-11-18 18:00:00+00:00,0.01,0.43,0.0,0.67,0.0,1.86,0.0,0.16,0.0,0.17,0.0,0.61,0.0,1.47
2025-11-18 19:00:00+00:00,0.01,0.84,0.0,0.5,0.0,1.9,0.0,0.15,0.0,0.27,0.0,0.71,0.0,1.47
2025-11-18 20:00:00+00:00,0.0,0.46,0.0,0.21,0.0,1.79,0.0,0.14,0.0,0.3,0.0,0.59,0.0,1.48
2025-11-18 21:00:00+00:00,0.0,0.45,0.0,0.22,0.0,4.76,0.0,0.15,0.0,0.31,0.0,0.7,0.0,1.43
2025-11-18 22:00:00+00:00,0.0,0.43,0.0,0.23,0.0,1.32,0.0,0.14,0.0,0.18,0.0,0.46,0.0,1.44
2025-11-18 23:00:00+00:00,0.0,0.44,0.0,0.23,0.0,1.17,0.0,0.15,0.0,0.2,0.0,0.22,0.0,1.41
2025-11-19 00:00:00+00:00,0.0,0.43,0.0,0.24,0.0,1.14,0.0,0.17,0.0,0.19,0.0,0.13,0.0,1.44
2025-11-19 01:00:00+00:00,0.0,0.45,0.0,0.24,0.0,1.14,0.0,0.14,0.0,0.23,0.0,0.31,0.0,1.42
2025-11-19 02:00:00+00:00,0.0,0.43,0.0,0.24,0.0,1.97,0.0,0.15,0.0,0.23,0.0,0.37,0.0,1.44
2025-11-19 03:00:00+00:00,0.0,0.43,0.0,0.23,0.0,3.63,0.0,0.14,0.0,0.26,0.0,0.38,0.0,1.42
2025-11-19 04:00:00+00:00,0.0,0.98,0.0,0.24,0.0,1.12,0.0,0.22,0.0,0.2,0.0,0.37,0.0,1.43
2025-11-19 05:00:00+00:00,0.01,0.65,0.0,0.24,0.0,1.14,0.0,0.3,0.0,0.25,0.0,0.37,0.0,1.42
2025-11-19 06:00:00+00:00,0.03,0.44,0.0,0.23,0.01,1.17,0.0,0.29,0.0,0.23,0.0,0.37,0.0,2.28
2025-11-19 07:00:00+00:00,0.08,0.34,0.08,0.26,0.73,1.27,0.0,0.54,0.0,0.27,0.0,0.39,0.0,1.66
2025-11-19 08:00:00+00:00,0.14,0.24,0.48,0.47,3.63,3.59,0.0,0.69,0.0,0.18,0.0,0.48,0.0,1.59
2025-11-19 09:00:00+00:00,0.34,0.37,0.75,0.54,6.36,1.98,0.0,0.71,0.0,0.21,0.0,0.4,0.0,1.53
2025-11-19 10:00:00+00:00,0.44,0.45,0.73,0.48,5.4,1.12,0.0,0.78,0.0,0.12,0.0,0.41,0.0,1.48
2025-11-19 11:00:00+00:00,0.8,0.62,0.91,0.46,5.77,1.13,0.0,0.65,0.0,0.17,0.0,0.42,0.0,1.45
2025-11-19 12:00:00+00:00,0.65,0.55,0.43,0.24,4.46,1.12,0.0,0.66,0.0,0.13,0.0,0.42,0.0,1.51
2025-11-19 13:00:00+00:00,0.25,0.31,0.18,0.33,2.67,1.32,0.0,0.69,0.0,0.18,0.0,0.42,0.0,1.73
2025-11-19 14:00:00+00:00,0.12,0.65,0.07,0.38,1.25,5.06,0.0,0.68,0.0,0.16,0.0,0.42,0.0,1.67
2025-11-19 15:00:00+00:00,0.08,0.33,0.0,0.61,0.18,1.6,0.0,0.82,0.0,0.2,0.0,0.42,0.0,1.67
2025-11-19 16:00:00+00:00,0.03,0.39,0.0,0.58,0.0,1.27,0.0,0.63,0.0,0.19,0.0,0.4,0.0,1.52
2025-11-19 17:00:00+00:00,0.01,0.41,0.0,1.05,0.0,1.68,0.0,0.3,0.0,0.17,0.0,1.18,0.0,1.39
2025-11-19 18:00:00+00:00,0.01,0.43,0.0,1.0,0.0,1.74,0.0,0.14,0.0,0.27,0.0,0.52,0.0,1.41
2025-11-19 19:00:00+00:00,0.01,0.44,0.0,0.26,0.0,2.02,0.0,0.15,0.0,0.37,0.0,0.52,0.0,1.4
2025-11-19 20:00:00+00:00,0.0,0.43,0.0,0.27,0.0,4.84,0.0,0.15,0.0,0.39,0.0,0.59,0.0,1.41
2025-11-19 21:00:00+00:00,0.0,0.42,0.0,0.26,0.0,1.65,0.0,0.15,0.0,0.26,0.0,0.58,0.0,1.39
2025-11-19 22:00:00+00:00,0.0,0.42,0.0,0.28,0.0,1.2,0.0,0.23,0.0,0.15,0.0,0.39,0.0,1.42
2025-11-19 23:00:00+00:00,0.0,0.53,0.0,0.28,0.0,0.98,0.0,0.17,0.0,0.17,0.0,0.15,0.0,1.39
2025-11-20 00:00:00+00:00,0.0,0.65,0.0,0.28,0.0,0.97,0.0,0.15,0.0,0.13,0.0,0.2,0.0,1.42
2025-11-20 01:00:00+00:00,0.0,0.42,0.0,0.28,0.0,2.37,0.0,0.15,0.0,0.19,0.0,0.37,0.0,1.38
2025-11-20 02:00:00+00:00,0.0,0.41,0.0,0.28,0.0,2.86,0.0,0.14,0.0,0.18,0.0,0.38,0.0,1.42
2025-11-20 03:00:00+00:00,0.0,0.4,0.0,0.28,0.0,0.96,0.0,0.15,0.0,0.2,0.0,0.38,0.0,1.37
2025-11-20 04:00:00+00:00,0.0,0.42,0.0,0.28,0.0,0.96,0.0,0.24,0.0,0.19,0.0,0.38,0.0,1.43
2025-11-20 05:00:00+00:00,0.01,0.4,0.0,0.29,0.0,1.02,0.0,0.28,0.0,0.21,0.0,0.37,0.0,1.37
2025-11-20 06:00:00+00:00,0.02,0.4,0.0,0.28,0.0,1.14,0.0,0.47,0.0,0.23,0.0,0.39,0.0,1.81
2025-11-20 07:00:00+00:00,0.08,0.3,0.01,0.3,0.42,3.8,0.0,0.67,0.0,0.24,0.0,0.5,0.0,1.65
2025-11-20 08:00:00+00:00,0.16,0.26,0.15,0.43,2.36,1.64,0.0,0.87,0.0,0.22,0.0,0.36,0.0,1.47
2025-11-20 09:00:00+00:00,0.35,0.8,0.33,0.55,3.67,1.09,0.0,1.07,0.0,0.18,0.0,0.38,0.0,1.41
2025-11-20 10:00:00+00:00,0.41,0.38,0.42,0.5,3.43,1.31,0.0,0.91,0.0,0.19,0.0,0.38,0.0,1.45
2025-11-20 11:00:00+00:00,0.84,0.57,0.78,0.43,5.68,1.15,0.0,0.8,0.0,0.13,0.0,0.38,0.0,1.41
2025-11-20 12:00:00+00:00,0.09,0.24,0.03,0.55,1.19,1.42,0.0,0.85,0.0,0.16,0.0,0.37,0.0,1.58
2025-11-20 13:00:00+00:00,0.05,0.11,0.0,0.7,0.44,4.65,0.0,0.86,0.0,0.14,0.0,0.38,0.0,1.8
2025-11-20 14:00:00+00:00,0.04,0.1,0.0,0.67,0.46,1.23,0.0,0.68,0.0,0.19,0.0,0.37,0.0,2.05
2025-11-20 15:00:00+00:00,0.08,0.25,0.0,0.54,0.06,1.82,0.0,0.76,0.0,0.15,0.0,0.36,0.0,1.94
2025-11-20 16:00:00+00:00,0.05,0.3,0.0,0.51,0.0,1.89,0.0,0.78,0.0,0.19,0.0,0.37,0.0,1.63
2025-11-20 17:00:00+00:00,0.04,0.39,0.0,0.49,0.0,1.53,0.0,0.47,0.0,0.27,0.0,0.38,0.0,1.46
2025-11-20 18:00:00+00:00,0.04,0.36,0.0,0.2,0.0,2.58,0.0,0.33,0.0,0.33,0.0,1.25,0.0,1.39
2025-11-20 19:00:00+00:00,0.04,0.44,0.0,0.2,0.0,4.07,0.0,0.29,0.0,0.4,0.0,0.59,0.0,1.44
2025-11-20 20:00:00+00:00,0.0,0.72,0.0,0.18,0.0,1.78,0.0,0.29,0.0,0.37,0.0,1.07,0.0,1.38
2025-11-20 21:00:00+00:00,0.0,0.37,0.0,0.19,0.0,1.69,0.0,0.2,0.0,0.3,0.0,0.68,0.0,1.43
2025-11-20 22:00:00+00:00,0.0,0.34,0.0,0.24,0.0,1.31,0.0,0.18,0.0,0.32,0.0,0.58,0.0,1.4
2025-11-20 23:00:00+00:00,0.0,0.36,0.0,0.2,0.0,1.07,0.0,0.12,0.0,0.24,0.0,0.79,0.0,1.43
2025-11-21 00:00:00+00:00,0.0,0.36,0.0,0.2,0.0,3.67,0.0,0.15,0.0,0.27,0.0,0.19,0.0,1.4
2025-11-21 01:00:00+00:00,0.0,0.35,0.0,0.2,0.0,1.71,0.0,0.23,0.0,0.26,0.0,0.31,0.0,1.41
2025-11-21 02:00:00+00:00,0.0,0.34,0.0,0.2,0.0,1.04,0.0,0.12,0.0,0.28,0.0,0.38,0.0,1.42
2025-11-21 03:00:00+00:00,0.0,0.36,0.0,0.2,0.0,1.03,0.0,0.14,0.0,0.23,0.0,0.38,0.0,1.4
2025-11-21 04:00:00+00:00,0.0,0.34,0.0,0.19,0.0,1.02,0.0,0.17,0.0,0.26,0.0,0.38,0.0,1.43
2025-11-21 05:00:00+00:00,0.02,0.79,0.0,0.2,0.0,1.23,0.0,0.26,0.0,0.2,0.0,0.37,0.0,1.4
2025-11-21 06:00:00+00:00,0.02,0.35,0.0,0.2,0.0,4.5,0.0,0.26,0.0,0.29,0.0,0.49,0.0,1.65
2025-11-21 07:00:00+00:00,0.07,0.36,0.0,0.21,0.03,1.76,0.0,0.63,0.0,0.28,0.0,0.52,0.0,1.96
2025-11-21 08:00:00+00:00,0.07,0.34,0.01,1.33,0.23,1.48,0.0,1.17,0.0,0.23,0.0,0.44,0.0,2.32
2025-11-21 09:00:00+00:00,0.07,0.31,0.02,1.56,0.49,1.58,0.0,1.11,0.0,0.2,0.0,0.42,0.0,1.65
2025-11-21 10:00:00+00:00,0.05,0.19,0.05,1.57,1.05,1.25,0.0,1.31,0.0,0.27,0.0,0.42,0.0,2.04
2025-11-21 11:00:00+00:00,0.09,0.22,0.04,1.56,1.39,3.33,0.0,0.89,0.0,0.19,0.0,0.41,0.0,1.5
2025-11-21 12:00:00+00:00,0.14,0.24,0.07,0.97,1.87,2.67,0.0,1.26,0.0,0.21,0.0,0.43,0.0,1.57
2025-11-21 13:00:00+00:00,0.06,0.14,0.03,1.53,1.19,1.6,0.0,1.21,0.0,0.18,0.0,0.4,0.0,1.52
2025-11-21 14:00:00+00:00,0.05,0.2,0.02,1.6,0.84,1.86,0.0,1.21,0.0,0.2,0.0,0.41,0.0,1.85
2025-11-21 15:00:00+00:00,0.09,0.79,0.0,1.56,0.06,1.68,0.0,1.25,0.0,0.17,0.0,0.44,0.0,2.31
2025-11-21 16:00:00+00:00,0.03,0.37,0.0,1.46,0.0,1.51,0.0,0.92,0.0,0.2,0.0,0.54,0.0,2.38
2025-11-21 17:00:00+00:00,0.02,0.38,0.0,0.2,0.0,5.1,0.0,0.47,0.0,0.19,0.0,0.51,0.0,1.83
2025-11-21 18:00:00+00:00,0.02,0.37,0.0,0.2,0.0,1.76,0.0,0.19,0.0,0.26,0.0,0.44,0.0,1.42
2025-11-21 19:00:00+00:00,0.02,0.36,0.0,0.22,0.0,1.75,0.0,0.1,0.0,0.18,0.0,0.55,0.0,1.41
2025-11-21 20:00:00+00:00,0.0,0.37,0.0,0.21,0.0,1.64,0.0,0.13,0.0,0.21,0.0,0.95,0.0,1.41
2025-11-21 21:00:00+00:00,0.0,0.36,0.0,0.21,0.0,1.27,0.0,0.11,0.0,0.18,0.0,0.38,0.0,1.41
2025-11-21 22:00:00+00:00,0.0,0.35,0.0,0.19,0.0,3.14,0.0,0.18,0.0,0.22,0.0,0.19,0.0,1.41
2025-11-21 23:00:00+00:00,0.0,0.35,0.0,0.2,0.0,2.23,0.0,0.11,0.0,0.18,0.0,0.3,0.0,1.41
2025-11-22 00:00:00+00:00,0.0,0.36,0.0,0.25,0.0,1.08,0.0,0.11,0.0,0.21,0.0,0.42,0.0,1.4
2025-11-22 01:00:00+00:00,0.0,0.35,0.0,0.21,0.0,1.08,0.0,0.13,0.0,0.19,0.0,0.42,0.0,1.41
2025-11-22 02:00:00+00:00,0.0,0.72,0.0,0.21,0.0,1.08,0.0,0.12,0.0,0.2,0.0,0.43,0.0,1.4
2025-11-22 03:00:00+00:00,0.0,0.36,0.0,0.21,0.0,1.1,0.0,0.11,0.0,0.19,0.0,0.38,0.0,1.42
2025-11-22 04:00:00+00:00,0.0,0.35,0.0,0.21,0.0,4.32,0.0,0.11,0.0,0.19,0.0,0.37,0.0,1.39
2025-11-22 05:00:00+00:00,0.02,0.36,0.0,0.21,0.0,1.16,0.0,0.12,0.0,0.2,0.0,0.36,0.0,1.42
2025-11-22 06:00:00+00:00,0.02,0.35,0.0,0.21,0.0,1.29,0.0,0.11,0.0,0.19,0.0,0.37,0.0,1.39
2025-11-22 07:00:00+00:00,0.06,0.28,0.01,0.22,0.32,1.42,0.0,0.11,0.0,0.21,0.0,0.38,0.0,1.42
2025-11-22 08:00:00+00:00,0.29,0.27,0.44,0.25,3.52,1.21,0.0,0.1,0.0,0.18,0.0,0.38,0.0,1.39
2025-11-22 09:00:00+00:00,0.49,0.39,0.87,0.37,6.84,3.43,0.0,0.12,0.0,0.2,0.0,0.47,0.0,1.42
2025-11-22 10:00:00+00:00,0.53,0.41,0.5,0.27,4.84,2.24,0.0,0.14,0.0,0.17,0.0,1.01,0.0,1.41
2025-11-22 11:00:00+00:00,0.38,0.69,0.28,0.16,3.1,1.4,0.0,0.1,0.0,0.18,0.0,0.49,0.0,1.41
2025-11-22 12:00:00+00:00,0.43,0.32,0.32,0.17,3.55,1.17,0.0,0.11,0.0,0.12,0.0,0.39,0.0,1.41
2025-11-22 13:00:00+00:00,0.09,0.14,0.14,0.2,1.73,1.13,0.0,0.11,0.0,0.18,0.0,0.41,0.0,1.42
2025-11-22 14:00:00+00:00,0.05,0.12,0.08,0.18,1.5,1.12,0.0,0.1,0.0,0.15,0.0,0.41,0.0,1.37
2025-11-22 15:00:00+00:00,0.07,0.34,0.0,0.28,0.13,4.64,0.0,0.13,0.0,0.19,0.0,0.42,0.0,1.45
2025-11-22 16:00:00+00:00,0.03,0.38,0.0,0.28,0.0,1.83,0.0,0.15,0.0,0.17,0.0,0.41,0.0,1.4
2025-11-22 17:00:00+00:00,0.02,0.38,0.0,0.24,0.0,1.69,0.0,0.1,0.0,0.15,0.0,0.41,0.0,1.41
2025-11-22 18:00:00+00:00,0.02,0.38,0.0,0.21,0.0,1.72,0.0,0.11,0.0,0.21,0.0,0.41,0.0,1.41
2025-11-22 19:00:00+00:00,0.02,0.38,0.0,0.22,0.0,1.85,0.0,0.11,0.0,0.21,0.0,0.5,0.0,1.41
2025-11-22 20:00:00+00:00,0.0,0.39,0.0,0.21,0.0,3.55,0.0,0.14,0.0,0.2,0.0,0.63,0.0,1.41
2025-11-22 21:00:00+00:00,0.0,0.6,0.0,0.22,0.0,3.38,0.0,0.15,0.0,0.19,0.0,0.53,0.0,1.43
2025-11-22 22:00:00+00:00,0.0,0.55,0.0,0.22,0.0,1.42,0.0,0.11,0.0,0.21,0.0,0.26,0.0,1.4
2025-11-22 23:00:00+00:00,0.0,0.38,0.0,0.22,0.0,1.27,0.0,0.11,0.0,0.18,0.0,0.15,0.0,1.42
2025-11-23 00:00:00+00:00,0.0,0.37,0.0,0.21,0.0,1.27,0.0,0.1,0.0,0.21,0.0,0.38,0.0,1.41
2025-11-23 01:00:00+00:00,0.0,0.39,0.0,0.21,0.0,1.27,0.0,0.12,0.0,0.18,0.0,0.37,0.0,1.42
2025-11-23 02:00:00+00:00,0.0,0.36,0.0,0.25,0.0,4.52,0.0,0.11,0.0,0.21,0.0,0.37,0.0,1.42
2025-11-23 03:00:00+00:00,0.0,0.39,0.0,0.22,0.0,1.27,0.0,0.1,0.0,0.18,0.0,0.37,0.0,1.42
2025-11-23 04:00:00+00:00,0.0,0.38,0.0,0.22,0.0,1.27,0.0,0.11,0.0,0.21,0.0,0.36,0.0,1.41
2025-11-23 05:00:00+00:00,0.02,0.36,0.0,0.22,0.0,1.33,0.0,0.11,0.0,0.19,0.0,0.39,0.0,1.42
2025-11-23 06:00:00+00:00,0.03,0.38,0.0,0.22,0.0,1.39,0.0,0.1,0.0,0.2,0.0,0.38,0.0,1.41
2025-11-23 07:00:00+00:00,0.07,0.64,0.01,0.21,0.45,3.12,0.0,0.11,0.0,0.2,0.0,0.47,0.0,1.41
2025-11-23 08:00:00+00:00,0.06,0.19,0.08,0.22,1.32,3.02,0.0,0.11,0.0,0.19,0.0,0.57,0.0,1.4
2025-11-23 09:00:00+00:00,0.16,0.2,0.5,0.21,4.36,1.69,0.0,0.1,0.0,0.2,0.0,1.02,0.0,1.39
2025-11-23 10:00:00+00:00,0.31,0.27,0.32,0.22,3.64,1.36,0.0,0.11,0.0,0.18,0.0,0.48,0.0,1.41
2025-11-23 11:00:00+00:00,0.88,0.54,1.02,0.21,6.0,1.54,0.0,0.11,0.0,0.21,0.0,0.6,0.0,1.4
2025-11-23 12:00:00+00:00,0.3,0.27,0.21,0.2,2.86,1.51,0.0,0.1,0.0,0.18,0.0,0.42,0.0,1.43
2025-11-23 13:00:00+00:00,0.1,0.18,0.05,0.2,1.49,4.72,0.0,0.11,0.0,0.2,0.0,0.42,0.0,1.4
2025-11-23 14:00:00+00:00,0.07,0.29,0.0,0.2,0.46,1.4,0.0,0.11,0.0,0.16,0.0,0.43,0.0,1.41
2025-11-23 15:00:00+00:00,0.08,0.41,0.0,0.25,0.03,1.19,0.0,0.1,0.0,0.2,0.0,0.62,0.0,1.39
2025-11-23 16:00:00+00:00,0.02,0.99,0.0,0.32,0.0,1.34,0.0,0.11,0.0,0.16,0.0,0.66,0.0,1.41
2025-11-23 17:00:00+00:00,0.02,0.46,0.0,0.31,0.0,1.69,0.0,0.11,0.0,0.21,0.0,0.68,0.0,1.39
2025-11-23 18:00:00+00:00,0.02,0.37,0.0,0.28,0.0,3.08,0.0,0.1,0.0,0.32,0.0,0.62,0.0,1.41
2025-11-23 19:00:00+00:00,0.02,0.37,0.0,0.22,0.0,2.95,0.0,0.11,0.0,0.4,0.0,0.71,0.0,1.39
2025-11-23 20:00:00+00:00,0.0,0.38,0.0,0.22,0.0,1.23,0.0,0.11,0.0,0.31,0.0,1.41,0.0,1.42
2025-11-23 21:00:00+00:00,0.0,0.35,0.0,0.23,0.0,1.18,0.0,0.13,0.0,0.31,0.0,0.53,0.0,1.39
2025-11-23 22:00:00+00:00,0.0,0.37,0.0,0.22,0.0,1.33,0.0,0.1,0.0,0.3,0.0,0.41,0.0,1.42
2025-11-23 23:00:00+00:00,0.0,0.35,0.0,0.21,0.0,1.17,0.0,0.11,0.0,0.27,0.0,0.16,0.0,1.39
2025-11-24 00:00:00+00:00,0.0,0.35,0.0,0.21,0.0,4.36,0.0,0.11,0.0,0.21,0.0,0.26,0.0,1.42
2025-11-24 01:00:00+00:00,0.0,0.8,0.0,0.21,0.0,1.08,0.0,0.13,0.0,0.19,0.0,0.37,0.0,1.38
2025-11-24 02:00:00+00:00,0.0,0.35,0.0,0.21,0.0,1.08,0.0,0.1,0.0,0.21,0.0,0.36,0.0,1.42
2025-11-24 03:00:00+00:00,0.0,0.35,0.0,0.2,0.0,1.08,0.0,0.3,0.0,0.17,0.0,0.37,0.0,1.38
2025-11-24 04:00:00+00:00,0.0,0.35,0.0,0.21,0.0,1.07,0.0,0.26,0.0,0.21,0.0,0.38,0.0,1.42
2025-11-24 05:00:00+00:00,0.02,0.35,0.0,0.25,0.0,2.96,0.0,0.26,0.0,0.17,0.0,0.39,0.0,1.38
2025-11-24 06:00:00+00:00,0.02,0.34,0.0,0.29,0.0,2.7,0.0,0.29,0.0,0.23,0.0,0.45,0.0,2.28
2025-11-24 07:00:00+00:00,0.07,0.35,0.0,0.51,0.04,1.25,0.0,0.94,0.0,0.21,0.0,0.43,0.0,2.61
2025-11-24 08:00:00+00:00,0.07,0.29,0.0,0.8,0.23,1.78,0.0,1.02,0.0,0.25,0.0,0.38,0.0,2.02
2025-11-24 09:00:00+00:00,0.06,0.26,0.0,0.81,0.44,2.02,0.0,1.09,0.0,0.23,0.0,0.36,0.0,3.16
2025-11-24 10:00:00+00:00,0.05,0.21,0.01,1.0,0.71,1.51,0.0,1.04,0.0,0.24,0.0,0.37,0.0,1.8
2025-11-24 11:00:00+00:00,0.07,0.17,0.02,0.95,1.09,3.44,0.0,0.87,0.0,0.23,0.0,0.37,0.0,1.66
2025-11-24 12:00:00+00:00,0.06,0.45,0.02,0.96,0.99,1.5,0.0,0.84,0.0,0.23,0.0,0.38,0.0,2.22
2025-11-24 13:00:00+00:00,0.08,0.5,0.0,0.98,0.23,1.86,0.0,0.91,0.0,0.23,0.0,0.38,0.0,1.83
2025-11-24 14:00:00+00:00,0.08,0.38,0.0,1.05,0.02,2.02,0.0,1.09,0.0,0.24,0.0,0.39,0.0,1.83
2025-11-24 15:00:00+00:00,0.08,0.37,0.0,1.05,0.0,1.92,0.0,0.87,0.0,0.33,0.0,0.38,0.0,1.67
2025-11-24 16:00:00+00:00,0.02,0.37,0.0,0.97,0.0,2.15,0.0,0.8,0.0,0.28,0.0,0.36,0.0,1.62
2025-11-24 17:00:00+00:00,0.02,0.36,0.0,0.41,0.0,5.09,0.0,0.72,0.0,0.9,0.0,0.56,0.0,1.4
2025-11-24 18:00:00+00:00,0.02,0.35,0.0,0.25,0.0,1.83,0.0,0.3,0.0,1.9,0.0,0.45,0.0,1.43
2025-11-24 19:00:00+00:00,0.02,0.36,0.0,0.31,0.0,1.82,0.0,0.26,0.0,0.44,0.0,0.53,0.0,1.4
2025-11-24 20:00:00+00:00,0.0,0.37,0.0,0.28,0.0,1.79,0.0,0.29,0.0,0.35,0.0,0.58,0.0,1.43
2025-11-24 21:00:00+00:00,0.0,0.34,0.0,0.24,0.0,1.66,0.0,0.29,0.0,0.32,0.0,0.54,0.0,1.41
2025-11-24 22:00:00+00:00,0.0,0.33,0.0,0.24,0.0,3.31,0.0,0.26,0.0,0.41,0.0,1.36,0.0,1.42
2025-11-24 23:00:00+00:00,0.0,0.71,0.0,0.24,0.0,2.09,0.0,0.27,0.0,0.34,0.0,0.27,0.0,1.39
2025-11-25 00:00:00+00:00,0.0,0.36,0.0,0.24,0.0,1.02,0.0,0.29,0.0,0.27,0.0,0.12,0.0,1.39
2025-11-25 01:00:00+00:00,0.0,0.34,0.0,0.24,0.0,1.0,0.0,0.26,0.0,0.2,0.0,0.33,0.0,1.39
2025-11-25 02:00:00+00:00,0.0,0.34,0.0,0.24,0.0,0.98,0.0,0.27,0.0,0.19,0.0,0.38,0.0,1.38
2025-11-25 03:00:00+00:00,0.0,0.35,0.0,0.24,0.0,1.02,0.0,0.27,0.0,0.2,0.0,0.38,0.0,1.4
2025-11-25 04:00:00+00:00,0.0,0.34,0.0,0.23,0.0,4.27,0.0,0.43,0.0,0.16,0.0,0.38,0.0,1.38
2025-11-25 05:00:00+00:00,0.02,0.36,0.0,0.23,0.0,1.04,0.0,0.43,0.0,0.19,0.0,0.37,0.0,1.39
2025-11-25 06:00:00+00:00,0.02,0.34,0.0,0.27,0.0,1.11,0.0,0.51,0.0,0.21,0.0,0.38,0.0,1.52
2025-11-25 07:00:00+00:00,0.06,0.3,0.0,0.57,0.17,1.15,0.0,0.86,0.0,0.27,0.0,0.48,0.0,2.56
2025-11-25 08:00:00+00:00,0.06,0.14,0.05,0.63,1.13,1.14,0.0,0.72,0.0,0.24,0.0,0.41,0.0,2.35
2025-11-25 09:00:00+00:00,0.14,0.56,0.05,0.66,1.62,2.58,0.0,0.88,0.0,0.2,0.0,0.41,0.0,2.32
2025-11-25 10:00:00+00:00,0.12,0.16,0.05,0.83,1.64,3.23,0.0,0.91,0.0,0.2,0.0,0.42,0.0,2.28
2025-11-25 11:00:00+00:00,0.08,0.18,0.03,0.7,1.13,1.65,0.0,0.86,0.0,0.22,0.0,0.42,0.0,2.25
2025-11-25 12:00:00+00:00,0.05,0.13,0.04,0.8,1.18,1.55,0.0,0.97,0.0,0.23,0.0,0.42,0.0,2.37
2025-11-25 13:00:00+00:00,0.05,0.21,0.03,0.87,0.81,1.5,0.0,0.95,0.0,0.17,0.0,0.42,0.0,2.51
2025-11-25 14:00:00+00:00,0.07,0.31,0.0,0.81,0.23,1.59,0.0,1.09,0.0,0.19,0.0,0.42,0.0,2.42
2025-11-25 15:00:00+00:00,0.08,0.37,0.0,0.71,0.04,5.02,0.0,1.06,0.0,0.15,0.0,0.4,0.0,2.32
2025-11-25 16:00:00+00:00,0.02,0.36,0.0,0.66,0.0,1.82,0.0,0.93,0.0,0.29,0.0,0.55,0.0,2.14
2025-11-25 17:00:00+00:00,0.02,0.38,0.0,0.67,0.0,1.88,0.0,0.61,0.0,0.46,0.0,1.27,0.0,1.61
2025-11-25 18:00:00+00:00,0.02,0.36,0.0,0.35,0.0,1.84,0.0,0.31,0.0,0.49,0.0,0.62,0.0,1.38
2025-11-25 19:00:00+00:00,0.02,0.74,0.0,0.23,0.0,1.8,0.0,0.31,0.0,0.36,0.0,1.35,0.0,1.39
2025-11-25 20:00:00+00:00,0.0,0.4,0.0,0.23,0.0,2.2,0.0,0.3,0.0,0.19,0.0,1.18,0.0,1.37
2025-11-25 21:00:00+00:00,0.0,0.35,0.0,0.21,0.0,3.99,0.0,0.31,0.0,0.22,0.0,0.52,0.0,1.38
2025-11-25 22:00:00+00:00,0.0,0.42,0.0,0.21,0.0,1.07,0.0,0.31,0.0,0.23,0.0,0.46,0.0,1.38
2025-11-25 23:00:00+00:00,0.0,0.6,0.0,0.21,0.0,1.03,0.0,0.3,0.0,0.22,0.0,0.37,0.0,1.38
2025-11-26 00:00:00+00:00,0.0,0.37,0.0,0.21,0.0,1.04,0.0,0.31,0.0,0.22,0.0,0.38,0.0,1.4
2025-11-26 01:00:00+00:00,0.0,0.34,0.0,0.22,0.0,1.05,0.0,0.32,0.0,0.27,0.0,0.38,0.0,1.38
2025-11-26 02:00:00+00:00,0.0,0.34,0.0,0.22,0.0,3.36,0.0,0.31,0.0,0.22,0.0,0.38,0.0,1.4
2025-11-26 03:00:00+00:00,0.0,0.45,0.0,0.21,0.0,2.05,0.0,0.31,0.0,0.22,0.0,0.38,0.0,1.38
2025-11-26 04:00:00+00:00,0.0,0.61,0.0,0.21,0.0,1.06,0.0,0.37,0.0,0.16,0.0,0.38,0.0,1.41
2025-11-26 05:00:00+00:00,0.02,0.35,0.0,0.21,0.0,1.16,0.0,0.45,0.0,0.25,0.0,0.38,0.0,1.37
2025-11-26 06:00:00+00:00,0.02,0.34,0.0,0.29,0.0,1.2,0.0,0.51,0.0,0.22,0.0,0.48,0.0,2.73
2025-11-26 07:00:00+00:00,0.05,0.33,0.0,0.4,0.06,1.22,0.0,0.94,0.0,0.21,0.0,0.46,0.0,2.54
2025-11-26 08:00:00+00:00,0.07,0.28,0.0,0.7,0.35,4.91,0.0,1.14,0.0,0.19,0.0,0.58,0.0,2.44
2025-11-26 09:00:00+00:00,0.11,0.17,0.06,0.73,1.47,1.56,0.0,0.99,0.0,0.19,0.0,0.63,0.0,2.51
2025-11-26 10:00:00+00:00,0.13,0.16,0.06,0.74,1.67,1.62,0.0,0.96,0.0,0.2,0.0,0.45,0.0,2.5
2025-11-26 11:00:00+00:00,0.05,0.12,0.03,0.69,1.15,1.66,0.0,0.74,0.0,0.19,0.0,0.42,0.0,2.32
2025-11-26 12:00:00+00:00,0.07,0.13,0.04,0.82,1.24,1.47,0.0,0.89,0.0,0.28,0.0,0.41,0.0,1.97
2025-11-26 13:00:00+00:00,0.06,0.56,0.02,0.92,0.9,3.13,0.0,0.91,0.0,0.14,0.0,0.41,0.0,2.21
2025-11-26 14:00:00+00:00,0.06,0.27,0.0,0.71,0.37,3.67,0.0,0.98,0.0,0.16,0.0,0.4,0.0,2.86
2025-11-26 15:00:00+00:00,0.08,0.39,0.0,0.72,0.01,1.91,0.0,1.18,0.0,0.18,0.0,0.41,0.0,2.45
2025-11-26 16:00:00+00:00,0.03,0.37,0.0,0.65,0.0,1.87,0.0,1.12,0.0,0.3,0.0,0.42,0.0,1.39
2025-11-26 17:00:00+00:00,0.02,0.38,0.0,0.83,0.0,2.02,0.0,0.72,0.0,0.63,0.0,1.09,0.0,1.43
2025-11-26 18:00:00+00:00,0.02,0.36,0.0,0.22,0.0,1.82,0.0,0.52,0.0,0.55,0.0,0.54,0.0,1.39
2025-11-26 19:00:00+00:00,0.02,0.38,0.0,0.22,0.0,5.21,0.0,0.31,0.0,0.34,0.0,0.45,0.0,1.43
2025-11-26 20:00:00+00:00,0.0,0.37,0.0,0.21,0.0,1.82,0.0,0.25,0.0,0.33,0.0,0.42,0.0,1.36
2025-11-26 21:00:00+00:00,0.0,0.36,0.0,0.2,0.0,1.53,0.0,0.24,0.0,0.22,0.0,0.49,0.0,1.42
2025-11-26 22:00:00+00:00,0.0,0.34,0.0,0.23,0.0,1.34,0.0,0.28,0.0,0.18,0.0,0.94,0.0,1.36
2025-11-26 23:00:00+00:00,0.0,0.72,0.0,0.23,0.0,1.1,0.0,0.27,0.0,0.18,0.0,0.18,0.0,1.42
2025-11-27 00:00:00+00:00,0.0,0.36,0.0,0.22,0.0,2.13,0.0,0.28,0.0,0.19,0.0,0.29,0.0,1.36
2025-11-27 01:00:00+00:00,0.0,0.34,0.0,0.22,0.0,3.32,0.0,0.31,0.0,0.21,0.0,0.42,0.0,1.42
2025-11-27 02:00:00+00:00,0.0,0.35,0.0,0.22,0.0,1.11,0.0,0.25,0.0,0.18,0.0,0.42,0.0,1.37
2025-11-27 03:00:00+00:00,0.0,0.35,0.0,0.22,0.0,1.11,0.0,0.26,0.0,0.21,0.0,0.41,0.0,1.42
2025-11-27 04:00:00+00:00,0.0,0.36,0.0,0.22,0.0,1.19,0.0,0.35,0.0,0.21,0.0,0.4,0.0,1.38
2025-11-27 05:00:00+00:00,0.02,0.34,0.0,0.23,0.0,1.27,0.0,0.4,0.0,0.27,0.0,0.41,0.0,1.41
2025-11-27 06:00:00+00:00,0.02,0.36,0.0,0.24,0.0,4.38,0.0,0.63,0.0,0.23,0.0,0.4,0.0,2.43
2025-11-27 07:00:00+00:00,0.06,0.25,0.11,0.28,0.56,2.31,0.0,0.79,0.0,0.27,0.0,0.42,0.0,1.51
2025-11-27 08:00:00+00:00,0.11,0.17,0.55,1.67,3.23,1.72,0.0,0.87,0.0,0.22,0.0,0.42,0.0,1.49
2025-11-27 09:00:00+00:00,0.39,0.71,0.71,1.64,6.2,1.24,0.0,0.61,0.0,0.18,0.0,0.42,0.0,1.56
2025-11-27 10:00:00+00:00,0.89,0.58,1.11,1.62,7.53,1.19,0.0,0.61,0.0,0.15,0.0,0.41,0.0,1.52
2025-11-27 11:00:00+00:00,1.3,0.71,1.24,1.29,7.74,1.99,0.0,0.57,0.0,0.14,0.0,0.41,0.0,1.46
2025-11-27 12:00:00+00:00,0.78,0.52,0.2,0.41,5.0,3.95,0.0,0.78,0.0,0.16,0.0,0.4,0.0,1.66
2025-11-27 13:00:00+00:00,0.65,0.48,0.11,0.43,4.37,1.46,0.0,0.77,0.0,0.13,0.0,0.42,0.0,1.61
2025-11-27 14:00:00+00:00,0.12,0.22,0.07,0.29,1.58,1.22,0.0,0.8,0.0,0.18,0.0,0.41,0.0,1.6
2025-11-27 15:00:00+00:00,0.08,0.32,0.0,0.39,0.09,1.83,0.0,0.81,0.0,0.15,0.0,0.42,0.0,1.58
2025-11-27 16:00:00+00:00,0.03,0.34,0.0,0.58,0.0,1.76,0.0,0.82,0.0,0.19,0.0,0.42,0.0,1.65
2025-11-27 17:00:00+00:00,0.02,0.32,0.0,0.6,0.0,3.7,0.0,0.64,0.0,0.45,0.0,0.53,0.0,1.43
2025-11-27 18:00:00+00:00,0.02,0.73,0.0,0.5,0.0,3.2,0.0,0.45,0.0,0.41,0.0,1.13,0.0,1.49
2025-11-27 19:00:00+00:00,0.02,0.49,0.0,0.28,0.0,1.65,0.0,0.3,0.0,0.19,0.0,0.42,0.0,1.41
2025-11-27 20:00:00+00:00,0.0,0.39,0.0,0.22,0.0,1.89,0.0,0.3,0.0,0.25,0.0,0.4,0.0,1.47
2025-11-27 21:00:00+00:00,0.0,0.36,0.0,0.23,0.0,1.8,0.0,0.2,0.0,0.22,0.0,0.5,0.0,1.42
2025-11-27 22:00:00+00:00,0.0,0.37,0.0,0.22,0.0,1.46,0.0,0.17,0.0,0.2,0.0,0.51,0.0,1.46
2025-11-27 23:00:00+00:00,0.0,0.36,0.0,0.21,0.0,4.12,0.0,0.16,0.0,0.22,0.0,0.22,0.0,1.42
2025-11-28 00:00:00+00:00,0.0,0.37,0.0,0.22,0.0,1.56,0.0,0.17,0.0,0.18,0.0,0.29,0.0,1.44
2025-11-28 01:00:00+00:00,0.0,0.38,0.0,0.24,0.0,1.13,0.0,0.22,0.0,0.2,0.0,0.42,0.0,1.42
2025-11-28 02:00:00+00:00,0.0,0.37,0.0,0.22,0.0,1.13,0.0,0.16,0.0,0.19,0.0,0.42,0.0,1.45
2025-11-28 03:00:00+00:00,0.0,0.37,0.0,0.22,0.0,1.13,0.0,0.23,0.0,0.19,0.0,0.4,0.0,1.43
2025-11-28 04:00:00+00:00,0.0,0.81,0.0,0.22,0.0,1.27,0.0,0.26,0.0,0.2,0.0,0.41,0.0,1.44
2025-11-28 05:00:00+00:00,0.02,0.63,0.0,0.22,0.0,4.49,0.0,0.36,0.0,0.18,0.0,0.41,0.0,1.44
2025-11-28 06:00:00+00:00,0.03,0.47,0.0,0.23,0.0,1.37,0.0,0.54,0.0,0.22,0.0,0.42,0.0,2.4
2025-11-28 07:00:00+00:00,0.07,0.32,0.19,0.25,0.59,1.45,0.0,0.75,0.0,0.18,0.0,0.42,0.0,1.57
2025-11-28 08:00:00+00:00,0.07,0.18,0.56,0.46,3.19,1.36,0.0,0.93,0.0,0.21,0.0,0.42,0.0,1.41
2025-11-28 09:00:00+00:00,0.47,0.35,0.65,0.51,6.88,1.4,0.0,0.93,0.0,0.16,0.0,0.42,0.0,1.45
2025-11-28 10:00:00+00:00,0.82,0.56,1.15,0.52,7.65,3.11,0.0,0.79,0.0,0.15,0.0,0.41,0.0,1.41
2025-11-28 11:00:00+00:00,0.95,0.6,1.21,0.39,6.93,2.52,0.0,0.8,0.0,0.14,0.0,0.4,0.0,1.43
2025-11-28 12:00:00+00:00,0.78,0.52,0.24,0.35,4.7,1.42,0.0,0.75,0.0,0.15,0.0,0.41,0.0,1.35
2025-11-28 13:00:00+00:00,0.38,0.31,0.16,0.39,3.18,1.6,0.0,0.78,0.0,0.15,0.0,0.42,0.0,1.5
2025-11-28 14:00:00+00:00,0.07,0.55,0.06,0.35,1.05,2.06,0.0,0.83,0.0,0.16,0.0,0.43,0.0,1.44
2025-11-28 15:00:00+00:00,0.07,0.31,0.0,0.73,0.1,1.87,0.0,1.02,0.0,0.18,0.0,0.42,0.0,1.39
2025-11-28 16:00:00+00:00,0.02,0.34,0.0,0.65,0.0,4.27,0.0,0.94,0.0,0.12,0.0,0.42,0.0,1.39
2025-11-28 17:00:00+00:00,0.02,0.35,0.0,0.19,0.0,2.54,0.0,0.48,0.0,0.18,0.0,0.42,0.0,1.44
2025-11-28 18:00:00+00:00,0.02,0.4,0.0,0.21,0.0,1.82,0.0,0.29,0.0,0.19,0.0,0.4,0.0,1.42
2025-11-28 19:00:00+00:00,0.02,0.39,0.0,0.19,0.0,1.89,0.0,0.17,0.0,0.22,0.0,0.5,0.0,1.44
2025-11-28 20:00:00+00:00,0.0,0.4,0.0,0.22,0.0,1.44,0.0,0.15,0.0,0.17,0.0,1.04,0.0,1.4
2025-11-28 21:00:00+00:00,0.0,0.37,0.0,0.22,0.0,1.45,0.0,0.1,0.0,0.18,0.0,0.73,0.0,1.43
2025-11-28 22:00:00+00:00,0.0,0.36,0.0,0.21,0.0,4.62,0.0,0.11,0.0,0.17,0.0,1.07,0.0,1.41
2025-11-28 23:00:00+00:00,0.0,0.36,0.0,0.21,0.0,1.1,0.0,0.11,0.0,0.21,0.0,0.16,0.0,1.42
2025-11-29 00:00:00+00:00,0.0,0.35,0.0,0.21,0.0,1.09,0.0,0.12,0.0,0.24,0.0,0.2,0.0,1.42
2025-11-29 01:00:00+00:00,0.0,0.74,0.0,0.2,0.0,1.09,0.0,0.11,0.0,0.22,0.0,0.37,0.0,1.42
2025-11-29 02:00:00+00:00,0.0,0.37,0.0,0.22,0.0,1.1,0.0,0.16,0.0,0.18,0.0,0.35,0.0,1.42
2025-11-29 03:00:00+00:00,0.0,0.35,0.0,0.24,0.0,1.67,0.0,0.13,0.0,0.21,0.0,0.36,0.0,1.4
2025-11-29 04:00:00+00:00,0.0,0.37,0.0,0.21,0.0,3.79,0.0,0.11,0.0,0.17,0.0,0.37,0.0,1.42
2025-11-29 05:00:00+00:00,0.02,0.35,0.0,0.21,0.0,1.15,0.0,0.1,0.0,0.23,0.0,0.38,0.0,1.39
2025-11-29 06:00:00+00:00,0.01,0.37,0.0,0.21,0.0,1.21,0.0,0.11,0.0,0.21,0.0,0.37,0.0,1.44
2025-11-29 07:00:00+00:00,0.05,0.28,0.0,0.22,0.28,1.21,0.0,0.11,0.0,0.21,0.0,0.38,0.0,1.39
2025-11-29 08:00:00+00:00,0.05,0.18,0.03,0.22,0.9,1.25,0.0,0.1,0.0,0.19,0.0,0.38,0.0,1.44
2025-11-29 09:00:00+00:00,0.09,0.15,0.06,0.21,1.71,3.53,0.0,0.11,0.0,0.21,0.0,0.77,0.0,1.38
2025-11-29 10:00:00+00:00,0.22,0.56,0.21,0.21,2.53,2.82,0.0,0.15,0.0,0.2,0.0,0.55,0.0,1.44
2025-11-29 11:00:00+00:00,0.66,0.47,0.94,0.21,5.56,1.38,0.0,0.1,0.0,0.23,0.0,1.04,0.0,1.39
2025-11-29 12:00:00+00:00,0.76,0.53,0.09,0.18,5.12,1.2,0.0,0.11,0.0,0.26,0.0,0.43,0.0,1.43
2025-11-29 13:00:00+00:00,0.38,0.34,0.07,0.18,3.48,1.23,0.0,0.1,0.0,0.25,0.0,0.51,0.0,1.35
2025-11-29 14:00:00+00:00,0.07,0.2,0.04,0.19,1.37,1.52,0.0,0.15,0.0,0.25,0.0,0.38,0.0,1.48
2025-11-29 15:00:00+00:00,0.07,0.34,0.0,0.2,0.07,4.99,0.0,0.13,0.0,0.24,0.0,0.46,0.0,1.42
2025-11-29 16:00:00+00:00,0.02,0.32,0.0,0.16,0.0,1.69,0.0,0.16,0.0,0.28,0.0,0.4,0.0,1.41
2025-11-29 17:00:00+00:00,0.02,0.36,0.0,0.16,0.0,1.77,0.0,0.11,0.0,0.28,0.0,0.5,0.0,1.39
2025-11-29 18:00:00+00:00,0.02,0.4,0.0,0.21,0.0,1.79,0.0,0.16,0.0,0.27,0.0,0.39,0.0,1.41
2025-11-29 19:00:00+00:00,0.02,0.38,0.0,0.21,0.0,1.73,0.0,0.21,0.0,0.23,0.0,1.12,0.0,1.42
2025-11-29 20:00:00+00:00,0.0,0.77,0.0,0.21,0.0,1.4,0.0,0.2,0.0,0.33,0.0,0.48,0.0,1.42
2025-11-29 21:00:00+00:00,0.0,0.36,0.0,0.22,0.0,4.6,0.0,0.1,0.0,0.33,0.0,0.43,0.0,1.45
2025-11-29 22:00:00+00:00,0.0,0.37,0.0,0.21,0.0,1.29,0.0,0.11,0.0,0.31,0.0,0.41,0.0,1.42
2025-11-29 23:00:00+00:00,0.0,0.36,0.0,0.21,0.0,1.26,0.0,0.12,0.0,0.23,0.0,0.44,0.0,1.45
2025-11-30 00:00:00+00:00,0.0,0.36,0.0,0.26,0.0,1.27,0.0,0.12,0.0,0.15,0.0,0.44,0.0,1.4
2025-11-30 01:00:00+00:00,0.0,0.36,0.0,0.29,0.0,1.27,0.0,0.12,0.0,0.2,0.0,0.4,0.0,1.45
2025-11-30 02:00:00+00:00,0.0,0.35,0.0,0.28,0.0,2.21,0.0,0.11,0.0,0.2,0.0,0.43,0.0,1.41
2025-11-30 03:00:00+00:00,0.0,0.36,0.0,0.2,0.0,3.66,0.0,0.13,0.0,0.22,0.0,0.37,0.0,1.46
2025-11-30 04:00:00+00:00,0.0,0.35,0.0,0.2,0.0,1.26,0.0,0.15,0.0,0.18,0.0,0.47,0.0,1.41
2025-11-30 05:00:00+00:00,0.02,0.77,0.0,0.2,0.0,1.42,0.0,0.16,0.0,0.2,0.0,0.42,0.0,1.44
2025-11-30 06:00:00+00:00,0.02,0.35,0.0,0.19,0.0,1.55,0.0,0.13,0.0,0.19,0.0,0.44,0.0,1.4
2025-11-30 07:00:00+00:00,0.07,0.29,0.0,0.22,0.31,1.46,0.0,0.13,0.0,0.31,0.0,1.01,0.0,1.44
2025-11-30 08:00:00+00:00,0.05,0.19,0.02,0.22,0.9,3.92,0.0,0.1,0.0,0.29,0.0,0.38,0.0,1.42
2025-11-30 09:00:00+00:00,0.06,0.14,0.03,0.21,1.32,2.69,0.0,0.16,0.0,0.22,0.0,0.38,0.0,1.42
2025-11-30 10:00:00+00:00,0.11,0.18,0.05,0.21,1.6,1.75,0.0,0.17,0.0,0.29,0.0,0.48,0.0,1.41
2025-11-30 11:00:00+00:00,0.14,0.21,0.07,0.21,1.98,1.68,0.0,0.16,0.0,0.19,0.0,0.39,0.0,1.41
2025-11-30 12:00:00+00:00,0.1,0.28,0.02,0.2,1.18,1.82,0.0,0.11,0.0,0.44,0.0,0.43,0.0,1.43
2025-11-30 13:00:00+00:00,0.04,0.14,0.02,0.21,1.02,1.62,0.0,0.1,0.0,0.22,0.0,0.39,0.0,1.41
2025-11-30 14:00:00+00:00,0.07,0.42,0.0,0.22,0.41,4.75,0.0,0.13,0.0,0.26,0.0,0.49,0.0,1.43
2025-11-30 15:00:00+00:00,0.09,0.57,0.0,0.22,0.06,1.81,0.0,0.1,0.0,0.26,0.0,0.4,0.0,1.4
2025-11-30 16:00:00+00:00,0.02,0.35,0.0,0.21,0.0,1.96,0.0,0.11,0.0,0.23,0.0,0.4,0.0,1.43
2025-11-30 17:00:00+00:00,0.02,0.41,0.0,0.2,0.0,1.73,0.0,0.17,0.0,0.27,0.0,0.43,0.0,1.4
2025-11-30 18:00:00+00:00,0.02,0.4,0.0,0.21,0.0,1.67,0.0,0.1,0.0,0.58,0.0,0.32,0.0,1.43
2025-11-30 19:00:00+00:00,0.02,0.38,0.0,0.19,0.0,2.99,0.0,0.13,0.0,0.48,0.0,0.16,0.0,1.4
2025-11-30 20:00:00+00:00,0.0,0.4,0.0,0.2,0.0,2.9,0.0,0.12,0.0,0.36,0.0,0.36,0.0,1.43
2025-11-30 21:00:00+00:00,0.0,0.35,0.0,0.23,0.0,1.33,0.0,0.15,0.0,0.27,0.0,0.17,0.0,1.41
2025-11-30 22:00:00+00:00,0.0,0.35,0.0,0.2,0.0,1.13,0.0,0.13,0.0,0.22,0.0,0.15,0.0,1.42
2025-11-30 23:00:00+00:00,0.0,0.36,0.0,0.2,0.0,1.11,0.0,0.12,0.0,0.17,0.0,0.37,0.0,1.41
2025-12-01 00:00:00+00:00,0.0,0.35,0.0,0.21,0.0,1.12,0.0,0.18,0.0,0.21,0.0,0.37,0.0,1.42
2025-12-01 01:00:00+00:00,0.0,0.78,0.0,0.21,0.0,4.21,0.0,0.14,0.0,0.18,0.0,0.36,0.0,1.41
2025-12-01 02:00:00+00:00,0.0,0.35,0.0,0.29,0.0,1.38,0.0,0.11,0.0,0.2,0.0,0.36,0.0,1.42
2025-12-01 03:00:00+00:00,0.0,0.37,0.0,0.28,0.0,1.14,0.0,0.32,0.0,0.18,0.0,0.35,0.0,1.42
2025-12-01 04:00:00+00:00,0.0,0.35,0.0,0.21,0.0,1.14,0.0,0.28,0.0,0.23,0.0,0.37,0.0,1.42
2025-12-01 05:00:00+00:00,0.01,0.37,0.0,0.21,0.0,1.2,0.0,0.29,0.0,0.2,0.0,0.37,0.0,1.42
2025-12-01 06:00:00+00:00,0.01,0.32,0.0,0.21,0.0,1.91,0.0,0.31,0.0,0.26,0.0,0.37,0.0,1.42
2025-12-01 07:00:00+00:00,0.07,0.33,0.0,0.4,0.19,4.11,0.0,1.01,0.0,0.25,0.0,0.38,0.0,2.33
2025-12-01 08:00:00+00:00,0.06,0.22,0.0,0.68,0.6,1.84,0.0,1.23,0.0,0.26,0.0,0.36,0.0,3.03
2025-12-01 09:00:00+00:00,0.05,0.19,0.01,0.54,0.78,1.69,0.0,1.18,0.0,0.22,0.0,0.38,0.0,2.66
2025-12-01 10:00:00+00:00,0.04,0.14,0.02,0.53,1.06,1.48,0.0,1.16,0.0,0.24,0.0,0.35,0.0,2.51
2025-12-01 11:00:00+00:00,0.04,0.15,0.01,0.44,0.91,1.63,0.0,0.93,0.0,0.21,0.0,0.37,0.0,1.71
2025-12-01 12:00:00+00:00,0.07,0.59,0.01,0.47,0.92,3.88,0.0,1.06,0.0,0.23,0.0,0.37,0.0,1.67
2025-12-01 13:00:00+00:00,0.06,0.23,0.0,0.51,0.61,1.55,0.0,1.02,0.0,0.21,0.0,0.37,0.0,1.66
2025-12-01 14:00:00+00:00,0.08,0.31,0.0,0.5,0.25,1.94,0.0,1.12,0.0,0.22,0.0,0.37,0.0,1.63
2025-12-01 15:00:00+00:00,0.08,0.35,0.0,0.4,0.02,1.94,0.0,1.27,0.0,0.22,0.0,0.36,0.0,1.42
2025-12-01 16:00:00+00:00,0.02,0.43,0.0,0.5,0.0,1.73,0.0,1.11,0.0,0.23,0.0,0.37,0.0,1.44
2025-12-01 17:00:00+00:00,0.02,0.4,0.0,0.27,0.0,1.79,0.0,0.74,0.0,0.33,0.0,0.36,0.0,1.4
2025-12-01 18:00:00+00:00,0.02,0.39,0.0,0.25,0.0,4.99,0.0,0.39,0.0,0.27,0.0,0.36,0.0,1.46
2025-12-01 19:00:00+00:00,0.02,0.38,0.0,0.2,0.0,2.26,0.0,0.36,0.0,0.51,0.0,0.38,0.0,1.39
2025-12-01 20:00:00+00:00,0.0,0.38,0.0,0.2,0.0,1.69,0.0,0.39,0.0,0.33,0.0,0.38,0.0,1.45
2025-12-01 21:00:00+00:00,0.0,0.35,0.0,0.2,0.0,1.45,0.0,0.38,0.0,0.36,0.0,0.42,0.0,1.4
2025-12-01 22:00:00+00:00,0.0,0.81,0.0,0.24,0.0,1.46,0.0,0.37,0.0,0.3,0.0,1.0,0.0,1.43
2025-12-01 23:00:00+00:00,0.0,0.36,0.0,0.29,0.0,1.51,0.0,0.37,0.0,0.29,0.0,0.18,0.0,1.4
2025-12-02 00:00:00+00:00,0.0,0.35,0.0,0.31,0.0,4.22,0.0,0.44,0.0,0.2,0.0,0.12,0.0,1.45
2025-12-02 01:00:00+00:00,0.0,0.36,0.0,0.2,0.0,1.21,0.0,0.39,0.0,0.2,0.0,0.36,0.0,1.41
2025-12-02 02:00:00+00:00,0.0,0.36,0.0,0.2,0.0,1.21,0.0,0.39,0.0,0.16,0.0,0.35,0.0,1.42
2025-12-02 03:00:00+00:00,0.0,0.37,0.0,0.2,0.0,1.18,0.0,0.41,0.0,0.2,0.0,0.38,0.0,1.42
2025-12-02 04:00:00+00:00,0.0,0.36,0.0,0.2,0.0,1.17,0.0,0.44,0.0,0.18,0.0,0.37,0.0,1.42
2025-12-02 05:00:00+00:00,0.02,0.37,0.0,0.21,0.0,3.44,0.0,0.51,0.0,0.21,0.0,0.37,0.0,1.45
2025-12-02 06:00:00+00:00,0.03,0.36,0.0,0.26,0.0,2.61,0.0,0.52,0.0,0.25,0.0,0.37,0.0,1.72
2025-12-02 07:00:00+00:00,0.08,0.33,0.0,0.33,0.17,1.63,0.0,0.88,0.0,0.24,0.0,0.38,0.0,1.62
2025-12-02 08:00:00+00:00,0.07,0.42,0.01,0.25,0.65,1.4,0.0,1.25,0.0,0.23,0.0,0.36,0.0,1.91
2025-12-02 09:00:00+00:00,0.06,0.32,0.03,0.46,1.13,1.29,0.0,1.41,0.0,0.2,0.0,0.37,0.0,1.97
2025-12-02 10:00:00+00:00,0.09,0.15,0.04,0.32,1.54,1.65,0.0,1.34,0.0,0.19,0.0,0.36,0.0,1.89
2025-12-02 11:00:00+00:00,0.12,0.17,0.05,0.35,1.67,5.32,0.0,1.09,0.0,0.19,0.0,0.38,0.0,1.82
2025-12-02 12:00:00+00:00,0.11,0.15,0.05,0.39,1.6,1.8,0.0,1.27,0.0,0.18,0.0,0.37,0.0,1.94
2025-12-02 13:00:00+00:00,0.02,0.05,0.02,0.44,1.04,1.64,0.0,1.32,0.0,0.19,0.0,0.37,0.0,1.79
2025-12-02 14:00:00+00:00,0.05,0.15,0.0,0.41,0.43,1.94,0.0,1.39,0.0,0.18,0.0,0.37,0.0,2.22
2025-12-02 15:00:00+00:00,0.07,0.27,0.0,0.52,0.01,1.99,0.0,1.42,0.0,0.19,0.0,0.37,0.0,2.88
2025-12-02 16:00:00+00:00,0.01,0.3,0.0,0.54,0.0,3.4,0.0,1.18,0.0,0.31,0.0,0.35,0.0,2.14
2025-12-02 17:00:00+00:00,0.01,0.3,0.0,0.38,0.0,3.81,0.0,0.48,0.0,0.25,0.0,0.37,0.0,1.39
2025-12-02 18:00:00+00:00,0.02,0.81,0.0,0.22,0.0,1.83,0.0,0.15,0.0,0.23,0.0,0.45,0.0,1.46
2025-12-02 19:00:00+00:00,0.01,0.51,0.0,0.22,0.0,1.73,0.0,0.15,0.0,0.32,0.0,0.39,0.0,1.4
2025-12-02 20:00:00+00:00,0.0,0.27,0.0,0.23,0.0,1.51,0.0,0.14,0.0,0.32,0.0,0.32,0.0,1.45
2025-12-02 21:00:00+00:00,0.0,0.26,0.0,0.23,0.0,1.22,0.0,0.15,0.0,0.35,0.0,0.22,0.0,1.41
2025-12-02 22:00:00+00:00,0.0,0.25,0.0,0.22,0.0,4.14,0.0,0.14,0.0,0.37,0.0,0.28,0.0,1.44
2025-12-02 23:00:00+00:00,0.0,0.26,0.0,0.25,0.0,1.32,0.0,0.15,0.0,0.33,0.0,0.16,0.0,1.43
2025-12-03 00:00:00+00:00,0.0,0.25,0.0,0.32,0.0,1.05,0.0,0.15,0.0,0.22,0.0,0.15,0.0,1.43
2025-12-03 01:00:00+00:00,0.0,0.26,0.0,0.3,0.0,1.04,0.0,0.14,0.0,0.22,0.0,0.37,0.0,1.43
2025-12-03 02:00:00+00:00,0.0,0.25,0.0,0.25,0.0,1.04,0.0,0.15,0.0,0.18,0.0,0.38,0.0,1.42
2025-12-03 03:00:00+00:00,0.0,0.65,0.0,0.25,0.0,1.42,0.0,0.15,0.0,0.21,0.0,0.37,0.0,1.45
2025-12-03 04:00:00+00:00,0.0,0.25,0.0,0.23,0.0,3.99,0.0,0.21,0.0,0.2,0.0,0.37,0.0,1.41
2025-12-03 05:00:00+00:00,0.01,0.27,0.0,0.23,0.0,1.1,0.0,0.32,0.0,0.22,0.0,0.37,0.0,1.46
2025-12-03 06:00:00+00:00,0.01,0.25,0.0,0.23,0.0,1.37,0.0,0.46,0.0,0.24,0.0,0.37,0.0,2.36
2025-12-03 07:00:00+00:00,0.06,0.26,0.0,0.32,0.07,1.77,0.0,0.87,0.0,0.27,0.0,0.36,0.0,3.21
2025-12-03 08:00:00+00:00,0.05,0.18,0.0,0.44,0.33,1.76,0.0,1.03,0.0,0.2,0.0,0.37,0.0,3.25
2025-12-03 09:00:00+00:00,0.04,0.15,0.0,0.41,0.55,4.02,0.0,1.04,0.0,0.2,0.0,0.32,0.0,3.21
2025-12-03 10:00:00+00:00,0.03,0.1,0.01,0.42,0.73,2.57,0.0,0.99,0.0,0.2,0.0,0.4,0.0,3.05
2025-12-03 11:00:00+00:00,0.03,0.07,0.01,0.54,0.77,1.87,0.0,0.94,0.0,0.19,0.0,0.14,0.0,1.9
2025-12-03 12:00:00+00:00,0.03,0.1,0.0,0.35,0.65,1.78,0.0,0.95,0.0,0.24,0.0,0.16,0.0,1.66
2025-12-03 13:00:00+00:00,0.06,0.53,0.0,0.42,0.37,1.67,0.0,1.08,0.0,0.2,0.0,0.3,0.0,1.73
2025-12-03 14:00:00+00:00,0.07,0.26,0.0,0.75,0.04,1.87,0.0,1.2,0.0,0.2,0.0,0.29,0.0,2.02
2025-12-03 15:00:00+00:00,0.07,0.27,0.0,0.83,0.0,5.18,0.0,1.16,0.0,0.21,0.0,0.29,0.0,2.33
2025-12-03 16:00:00+00:00,0.01,0.3,0.0,0.49,0.0,1.9,0.0,0.96,0.0,0.31,0.0,0.3,0.0,2.25
2025-12-03 17:00:00+00:00,0.01,0.27,0.0,0.41,0.0,2.0,0.0,0.61,0.0,0.5,0.0,0.3,0.0,1.96
2025-12-03 18:00:00+00:00,0.01,0.3,0.0,0.21,0.0,1.89,0.0,0.2,0.0,0.4,0.0,0.3,0.0,1.5
2025-12-03 19:00:00+00:00,0.01,0.28,0.0,0.21,0.0,1.9,0.0,0.21,0.0,0.28,0.0,0.3,0.0,1.46
2025-12-03 20:00:00+00:00,0.0,0.27,0.0,0.21,0.0,3.13,0.0,0.2,0.0,0.25,0.0,0.3,0.0,1.49
2025-12-03 21:00:00+00:00,0.0,0.26,0.0,0.21,0.0,3.08,0.0,0.26,0.0,0.22,0.0,0.31,0.0,1.47
2025-12-03 22:00:00+00:00,0.0,0.25,0.0,0.25,0.0,1.07,0.0,0.26,0.0,0.31,0.0,0.17,0.0,1.48
2025-12-03 23:00:00+00:00,0.0,0.7,0.0,0.29,0.0,1.05,0.0,0.26,0.0,0.34,0.0,0.13,0.0,1.47
2025-12-04 00:00:00+00:00,0.0,0.26,0.0,0.26,0.0,1.04,0.0,0.24,0.0,0.28,0.0,0.26,0.0,1.47
2025-12-04 01:00:00+00:00,0.0,0.25,0.0,0.21,0.0,1.04,0.0,0.23,0.0,0.28,0.0,0.31,0.0,1.46
2025-12-04 02:00:00+00:00,0.0,0.27,0.0,0.21,0.0,3.93,0.0,0.26,0.0,0.22,0.0,0.3,0.0,1.47
2025-12-04 03:00:00+00:00,0.0,0.26,0.0,0.19,0.0,1.5,0.0,0.25,0.0,0.26,0.0,0.29,0.0,1.47
2025-12-04 04:00:00+00:00,0.0,0.26,0.0,0.19,0.0,1.05,0.0,0.3,0.0,0.28,0.0,0.31,0.0,1.46
2025-12-04 05:00:00+00:00,0.01,0.26,0.0,0.23,0.0,1.12,0.0,0.39,0.0,0.28,0.0,0.29,0.0,1.47
2025-12-04 06:00:00+00:00,0.01,0.25,0.0,0.27,0.0,1.41,0.0,0.38,0.0,0.34,0.0,0.3,0.0,1.74
2025-12-04 07:00:00+00:00,0.06,0.26,0.0,0.47,0.02,2.01,0.0,0.63,0.0,0.29,0.0,0.29,0.0,2.65
2025-12-04 08:00:00+00:00,0.05,0.19,0.0,0.63,0.33,4.69,0.0,1.22,0.0,0.25,0.0,0.31,0.0,2.25
2025-12-04 09:00:00+00:00,0.07,0.93,0.01,0.86,0.61,1.66,0.0,1.28,0.0,0.2,0.0,0.3,0.0,1.8
2025-12-04 10:00:00+00:00,0.03,0.06,0.02,0.95,1.09,1.67,0.0,1.19,0.0,0.23,0.0,0.29,0.0,1.76
2025-12-04 11:00:00+00:00,0.03,0.05,0.02,0.89,1.15,1.89,0.0,0.94,0.0,0.21,0.0,0.3,0.0,1.68
2025-12-04 12:00:00+00:00,0.03,0.06,0.03,0.87,1.1,1.31,0.0,1.25,0.0,0.21,0.0,0.29,0.0,1.77
2025-12-04 13:00:00+00:00,0.03,0.1,0.02,0.92,0.91,3.59,0.0,1.16,0.0,0.22,0.0,0.29,0.0,1.86
2025-12-04 14:00:00+00:00,0.05,0.22,0.0,0.86,0.22,2.06,0.0,1.21,0.0,0.22,0.0,0.29,0.0,2.3
2025-12-04 15:00:00+00:00,0.07,0.29,0.0,0.78,0.04,1.89,0.0,1.29,0.0,0.22,0.0,0.3,0.0,1.97
2025-12-04 16:00:00+00:00,0.02,0.33,0.0,0.71,0.0,1.8,0.0,1.03,0.0,0.21,0.0,0.31,0.0,1.6
2025-12-04 17:00:00+00:00,0.02,0.42,0.0,0.7,0.0,1.83,0.0,0.59,0.0,0.3,0.0,0.3,0.0,1.53
2025-12-04 18:00:00+00:00,0.02,0.58,0.0,0.32,0.0,1.87,0.0,0.11,0.0,1.21,0.0,0.31,0.0,1.48
2025-12-04 19:00:00+00:00,0.02,0.67,0.0,0.23,0.0,5.2,0.0,0.12,0.0,0.35,0.0,0.32,0.0,1.48
2025-12-04 20:00:00+00:00,0.0,0.43,0.0,0.22,0.0,1.76,0.0,0.12,0.0,0.37,0.0,0.49,0.0,1.5
2025-12-04 21:00:00+00:00,0.0,0.41,0.0,0.22,0.0,1.72,0.0,0.11,0.0,0.28,0.0,0.18,0.0,1.46
2025-12-04 22:00:00+00:00,0.0,0.39,0.0,0.21,0.0,1.41,0.0,0.12,0.0,0.26,0.0,0.18,0.0,1.49
2025-12-04 23:00:00+00:00,0.0,0.4,0.0,0.26,0.0,1.14,0.0,0.14,0.0,0.19,0.0,0.15,0.0,1.47
2025-12-05 00:00:00+00:00,0.0,0.59,0.0,0.31,0.0,2.22,0.0,0.11,0.0,0.14,0.0,0.13,0.0,1.5
2025-12-05 01:00:00+00:00,0.0,0.61,0.0,0.29,0.0,3.36,0.0,0.12,0.0,0.19,0.0,0.29,0.0,1.46
2025-12-05 02:00:00+00:00,0.0,0.42,0.0,0.22,0.0,1.19,0.0,0.16,0.0,0.18,0.0,0.31,0.0,1.49
2025-12-05 03:00:00+00:00,0.0,0.42,0.0,0.22,0.0,1.2,0.0,0.13,0.0,0.2,0.0,0.29,0.0,1.47
2025-12-05 04:00:00+00:00,0.0,0.82,0.0,0.21,0.0,1.22,0.0,0.25,0.0,0.18,0.0,0.29,0.0,1.5
2025-12-05 05:00:00+00:00,0.02,0.39,0.0,0.21,0.0,1.3,0.0,0.29,0.0,0.21,0.0,0.29,0.0,1.47
2025-12-05 06:00:00+00:00,0.02,0.39,0.0,0.33,0.0,4.07,0.0,0.32,0.0,0.21,0.0,0.3,0.0,1.63
2025-12-05 07:00:00+00:00,0.07,0.38,0.0,0.24,0.12,2.25,0.0,0.54,0.0,0.35,0.0,0.3,0.0,2.05
2025-12-05 08:00:00+00:00,0.06,0.23,0.02,0.36,0.71,1.71,0.0,0.53,0.0,0.24,0.0,0.22,0.0,1.71
2025-12-05 09:00:00+00:00,0.06,0.18,0.03,0.44,1.13,1.38,0.0,0.77,0.0,0.2,0.0,0.14,0.0,1.6
2025-12-05 10:00:00+00:00,0.12,0.17,0.06,0.44,1.76,1.24,0.0,0.76,0.0,0.89,0.0,0.23,0.0,1.63
2025-12-05 11:00:00+00:00,0.05,0.16,0.01,0.39,1.02,1.72,0.0,0.65,0.0,0.62,0.0,0.29,0.0,1.63
2025-12-05 12:00:00+00:00,0.06,0.28,0.0,0.41,0.47,5.28,0.0,0.69,0.0,0.19,0.0,0.3,0.0,1.59
2025-12-05 13:00:00+00:00,0.08,0.33,0.0,0.51,0.17,1.65,0.0,0.68,0.0,0.18,0.0,0.3,0.0,1.8
2025-12-05 14:00:00+00:00,0.09,0.79,0.0,0.57,0.18,1.87,0.0,0.7,0.0,0.19,0.0,0.3,0.0,1.8
2025-12-05 15:00:00+00:00,0.1,0.45,0.0,0.72,0.0,1.77,0.0,0.71,0.0,0.18,0.0,0.3,0.0,1.9
2025-12-05 16:00:00+00:00,0.02,0.42,0.0,0.78,0.0,1.81,0.0,0.73,0.0,0.36,0.0,0.29,0.0,2.2
2025-12-05 17:00:00+00:00,0.02,0.46,0.0,0.31,0.0,3.65,0.0,0.76,0.0,0.45,0.0,0.94,0.0,1.53
2025-12-05 18:00:00+00:00,0.02,0.44,0.0,0.21,0.0,3.32,0.0,0.61,0.0,0.39,0.0,0.44,0.0,1.47
2025-12-05 19:00:00+00:00,0.02,0.41,0.0,0.19,0.0,1.49,0.0,0.46,0.0,0.5,0.0,0.33,0.0,1.5
2025-12-05 20:00:00+00:00,0.0,0.43,0.0,0.2,0.0,1.61,0.0,0.17,0.0,0.44,0.0,0.28,0.0,1.47
2025-12-05 21:00:00+00:00,0.0,0.4,0.0,0.23,0.0,1.44,0.0,0.16,0.0,0.34,0.0,0.14,0.0,1.49
2025-12-05 22:00:00+00:00,0.0,0.39,0.0,0.2,0.0,1.41,0.0,0.17,0.0,0.41,0.0,0.24,0.0,1.47
2025-12-05 23:00:00+00:00,0.0,0.4,0.0,0.2,0.0,4.37,0.0,0.19,0.0,0.28,0.0,0.2,0.0,1.46
2025-12-06 00:00:00+00:00,0.0,0.86,0.0,0.25,0.0,1.36,0.0,0.26,0.0,0.22,0.0,0.12,0.0,1.45
2025-12-06 01:00:00+00:00,0.0,0.4,0.0,0.29,0.0,1.25,0.0,0.21,0.0,0.15,0.0,0.26,0.0,1.46
2025-12-06 02:00:00+00:00,0.0,0.42,0.0,0.28,0.0,1.23,0.0,0.16,0.0,0.24,0.0,0.29,0.0,1.48
2025-12-06 03:00:00+00:00,0.0,0.41,0.0,0.2,0.0,1.17,0.0,0.22,0.0,0.2,0.0,0.28,0.0,1.47
2025-12-06 04:00:00+00:00,0.0,0.42,0.0,0.2,0.0,1.76,0.0,0.19,0.0,0.22,0.0,0.3,0.0,1.46
2025-12-06 05:00:00+00:00,0.02,0.4,0.0,0.2,0.0,4.0,0.0,0.16,0.0,0.21,0.0,0.3,0.0,1.46
2025-12-06 06:00:00+00:00,0.02,0.41,0.0,0.2,0.0,1.51,0.0,0.24,0.0,0.2,0.0,0.3,0.0,1.46
2025-12-06 07:00:00+00:00,0.06,0.31,0.01,0.21,0.31,1.33,0.0,0.16,0.0,0.76,0.0,0.29,0.0,1.47
2025-12-06 08:00:00+00:00,0.06,0.22,0.03,0.19,0.9,1.39,0.0,0.18,0.0,0.45,0.0,0.3,0.0,1.46
2025-12-06 09:00:00+00:00,0.17,0.23,0.11,0.2,2.12,1.52,0.0,0.21,0.0,0.23,0.0,0.24,0.0,1.45
2025-12-06 10:00:00+00:00,0.08,0.15,0.03,0.23,1.41,3.85,0.0,0.22,0.0,0.18,0.0,0.95,0.0,1.49
2025-12-06 11:00:00+00:00,0.24,0.59,0.11,0.2,1.95,2.6,0.0,0.19,0.0,0.42,0.0,0.2,0.0,1.74
2025-12-06 12:00:00+00:00,0.17,0.2,0.13,0.2,2.28,1.46,0.0,0.16,0.0,0.25,0.0,0.3,0.0,1.64
2025-12-06 13:00:00+00:00,0.08,0.16,0.07,0.2,1.53,1.12,0.0,0.19,0.0,0.29,0.0,0.37,0.0,1.59
2025-12-06 14:00:00+00:00,0.05,0.22,0.03,0.21,0.83,1.12,0.0,0.16,0.0,0.31,0.0,0.44,0.0,1.64
2025-12-06 15:00:00+00:00,0.08,0.37,0.0,0.22,0.06,1.56,0.0,0.17,0.0,0.81,0.0,0.31,0.0,1.45
2025-12-06 16:00:00+00:00,0.02,0.42,0.0,0.2,0.0,4.97,0.0,0.23,0.0,0.28,0.0,0.52,0.0,1.47
2025-12-06 17:00:00+00:00,0.02,0.44,0.0,0.2,0.0,1.6,0.0,0.18,0.0,0.3,0.0,0.5,0.0,1.44
2025-12-06 18:00:00+00:00,0.02,0.43,0.0,0.2,0.0,1.63,0.0,0.17,0.0,0.35,0.0,0.3,0.0,1.47
2025-12-06 19:00:00+00:00,0.02,0.44,0.0,0.21,0.0,1.61,0.0,0.16,0.0,0.31,0.0,0.42,0.0,1.45
2025-12-06 20:00:00+00:00,0.0,0.82,0.0,0.21,0.0,1.75,0.0,0.17,0.0,0.28,0.0,0.14,0.0,1.47
2025-12-06 21:00:00+00:00,0.0,0.41,0.0,0.19,0.0,2.7,0.0,0.17,0.0,0.27,0.0,0.19,0.0,1.45
2025-12-06 22:00:00+00:00,0.0,0.41,0.0,0.19,0.0,3.05,0.0,0.16,0.0,0.31,0.0,0.28,0.0,1.45
2025-12-06 23:00:00+00:00,0.0,0.41,0.0,0.23,0.0,1.06,0.0,0.19,0.0,0.32,0.0,0.15,0.0,1.46
2025-12-07 00:00:00+00:00,0.0,0.43,0.0,0.2,0.0,1.07,0.0,0.18,0.0,0.31,0.0,0.26,0.0,1.43
2025-12-07 01:00:00+00:00,0.0,0.41,0.0,0.23,0.0,1.04,0.0,0.17,0.0,0.3,0.0,0.28,0.0,1.48
2025-12-07 02:00:00+00:00,0.0,0.39,0.0,0.29,0.0,1.03,0.0,0.17,0.0,0.27,0.0,0.31,0.0,1.42
2025-12-07 03:00:00+00:00,0.0,0.39,0.0,0.29,0.0,3.54,0.0,0.19,0.0,0.21,0.0,0.3,0.0,1.49
2025-12-07 04:00:00+00:00,0.0,0.39,0.0,0.2,0.0,1.86,0.0,0.19,0.0,0.26,0.0,0.31,0.0,1.43
2025-12-07 05:00:00+00:00,0.02,0.73,0.0,0.21,0.0,1.16,0.0,0.17,0.0,0.25,0.0,0.3,0.0,1.48
2025-12-07 06:00:00+00:00,0.02,0.47,0.0,0.2,0.0,1.39,0.0,0.18,0.0,0.24,0.0,0.3,0.0,1.43
2025-12-07 07:00:00+00:00,0.08,0.67,0.0,0.2,0.06,1.17,0.0,0.22,0.0,0.34,0.0,0.31,0.0,1.47
2025-12-07 08:00:00+00:00,0.07,0.31,0.01,0.21,0.56,1.24,0.0,0.24,0.0,0.27,0.0,0.28,0.0,1.45
2025-12-07 09:00:00+00:00,0.07,0.24,0.03,0.21,0.99,4.66,0.0,0.25,0.0,0.34,0.0,0.3,0.0,1.45
2025-12-07 10:00:00+00:00,0.11,0.19,0.07,0.19,1.7,1.2,0.0,0.16,0.0,0.27,0.0,0.3,0.0,1.46
2025-12-07 11:00:00+00:00,0.11,0.2,0.06,0.2,1.45,1.75,0.0,0.23,0.0,0.86,0.0,0.31,0.0,1.45
2025-12-07 12:00:00+00:00,0.05,0.19,0.01,0.23,0.8,1.66,0.0,0.18,0.0,0.48,0.0,0.3,0.0,1.47
2025-12-07 13:00:00+00:00,0.07,0.27,0.0,0.21,0.5,1.25,0.0,0.15,0.0,0.24,0.0,0.29,0.0,1.43
2025-12-07 14:00:00+00:00,0.08,0.78,0.0,0.22,0.17,1.93,0.0,0.16,0.0,0.34,0.0,0.65,0.0,1.48
2025-12-07 15:00:00+00:00,0.08,0.4,0.0,0.22,0.0,3.99,0.0,0.15,0.0,0.29,0.0,0.9,0.0,1.42
2025-12-07 16:00:00+00:00,0.02,0.42,0.0,0.21,0.0,2.0,0.0,0.16,0.0,0.52,0.0,0.18,0.0,1.49
2025-12-07 17:00:00+00:00,0.02,0.45,0.0,0.21,0.0,1.73,0.0,0.15,0.0,0.54,0.0,0.4,0.0,1.43
2025-12-07 18:00:00+00:00,0.02,0.43,0.0,0.21,0.0,1.51,0.0,0.17,0.0,0.35,0.0,0.45,0.0,1.48
2025-12-07 19:00:00+00:00,0.02,0.46,0.0,0.21,0.0,1.17,0.0,0.16,0.0,0.38,0.0,0.88,0.0,1.44
2025-12-07 20:00:00+00:00,0.0,0.44,0.0,0.21,0.0,3.3,0.0,0.15,0.0,0.36,0.0,0.46,0.0,1.47
2025-12-07 21:00:00+00:00,0.0,0.38,0.0,0.21,0.0,2.62,0.0,0.16,0.0,0.37,0.0,0.14,0.0,1.45
2025-12-07 22:00:00+00:00,0.0,0.41,0.0,0.2,0.0,1.14,0.0,0.15,0.0,0.25,0.0,0.16,0.0,1.45
2025-12-07 23:00:00+00:00,0.0,0.41,0.0,0.2,0.0,1.15,0.0,0.16,0.0,0.21,0.0,0.29,0.0,1.46
2025-12-08 00:00:00+00:00,0.0,0.81,0.0,0.18,0.0,1.12,0.0,0.15,0.0,0.21,0.0,0.28,0.0,1.43
2025-12-08 01:00:00+00:00,0.0,0.41,0.0,0.21,0.0,1.12,0.0,0.16,0.0,0.18,0.0,0.31,0.0,1.47
2025-12-08 02:00:00+00:00,0.0,0.39,0.0,0.23,0.0,4.14,0.0,0.16,0.0,0.22,0.0,0.3,0.0,1.43
2025-12-08 03:00:00+00:00,0.0,0.35,0.0,0.29,0.0,1.37,0.0,0.31,0.0,0.17,0.0,0.3,0.0,1.47
2025-12-08 04:00:00+00:00,0.0,0.39,0.0,0.29,0.0,1.12,0.0,0.31,0.0,0.28,0.0,0.3,0.0,1.43
2025-12-08 05:00:00+00:00,0.02,0.37,0.0,0.23,0.0,1.19,0.0,0.3,0.0,0.26,0.0,0.31,0.0,1.48
2025-12-08 06:00:00+00:00,0.02,0.43,0.0,0.2,0.0,1.25,0.0,0.41,0.0,0.35,0.0,0.3,0.0,1.78
2025-12-08 07:00:00+00:00,0.06,0.44,0.0,0.34,0.01,1.5,0.0,1.15,0.0,0.26,0.0,0.19,0.0,1.9
2025-12-08 08:00:00+00:00,0.07,0.32,0.02,0.45,0.48,5.03,0.0,1.41,0.0,0.16,0.0,0.13,0.0,2.82
2025-12-08 09:00:00+00:00,0.07,0.2,0.23,0.45,2.94,2.05,0.0,1.34,0.0,0.31,0.0,0.21,0.0,2.42
2025-12-08 10:00:00+00:00,0.28,0.29,0.4,0.47,3.6,1.66,0.0,1.32,0.0,0.15,0.0,0.25,0.0,2.23
2025-12-08 11:00:00+00:00,0.44,0.74,0.45,0.44,4.12,1.69,0.0,0.92,0.0,0.2,0.0,0.27,0.0,1.84
2025-12-08 12:00:00+00:00,0.44,0.38,0.2,0.4,3.81,1.45,0.0,1.12,0.0,0.16,0.0,0.26,0.0,1.75
2025-12-08 13:00:00+00:00,0.08,0.15,0.1,0.38,1.63,2.43,0.0,1.1,0.0,0.16,0.0,0.26,0.0,1.7
2025-12-08 14:00:00+00:00,0.06,0.25,0.05,0.39,0.85,3.54,0.0,1.19,0.0,0.15,0.0,0.23,0.0,1.56
2025-12-08 15:00:00+00:00,0.08,0.37,0.0,0.49,0.08,1.89,0.0,1.02,0.0,0.14,0.0,0.25,0.0,1.42
2025-12-08 16:00:00+00:00,0.02,0.41,0.0,0.32,0.0,1.88,0.0,0.42,0.0,0.28,0.0,0.3,0.0,1.43
2025-12-08 17:00:00+00:00,0.02,0.39,0.0,0.22,0.0,1.9,0.0,0.43,0.0,0.25,0.0,0.3,0.0,1.4
2025-12-08 18:00:00+00:00,0.02,0.38,0.0,0.22,0.0,1.69,0.0,0.31,0.0,0.78,0.0,0.32,0.0,1.42
2025-12-08 19:00:00+00:00,0.02,0.38,0.0,0.22,0.0,2.3,0.0,0.32,0.0,0.41,0.0,0.32,0.0,1.4
2025-12-08 20:00:00+00:00,0.0,0.39,0.0,0.23,0.0,4.87,0.0,0.31,0.0,0.44,0.0,0.38,0.0,1.49
2025-12-08 21:00:00+00:00,0.0,0.77,0.0,0.23,0.0,1.74,0.0,0.33,0.0,0.38,0.0,0.32,0.0,1.47
2025-12-08 22:00:00+00:00,0.0,0.39,0.0,0.22,0.0,1.5,0.0,0.33,0.0,0.27,0.0,0.16,0.0,1.49
2025-12-08 23:00:00+00:00,0.0,0.41,0.0,0.3,0.0,1.26,0.0,0.32,0.0,0.25,0.0,0.17,0.0,1.46
2025-12-09 00:00:00+00:00,0.0,0.43,0.0,0.32,0.0,1.25,0.0,0.33,0.0,0.25,0.0,0.3,0.0,1.48
2025-12-09 01:00:00+00:00,0.0,0.43,0.0,0.27,0.0,1.87,0.0,0.33,0.0,0.28,0.0,0.31,0.0,1.44
2025-12-09 02:00:00+00:00,0.0,0.43,0.0,0.21,0.0,3.94,0.0,0.32,0.0,0.25,0.0,0.3,0.0,1.47
2025-12-09 03:00:00+00:00,0.0,0.42,0.0,0.22,0.0,1.21,0.0,0.33,0.0,0.3,0.0,0.29,0.0,1.45
2025-12-09 04:00:00+00:00,0.0,0.42,0.0,0.25,0.0,1.22,0.0,0.4,0.0,0.24,0.0,0.3,0.0,1.47
2025-12-09 05:00:00+00:00,0.02,0.41,0.0,0.23,0.0,1.29,0.0,0.46,0.0,0.22,0.0,0.28,0.0,1.46
2025-12-09 06:00:00+00:00,0.02,0.78,0.0,0.28,0.0,1.58,0.0,0.47,0.0,0.24,0.0,0.23,0.0,1.64
2025-12-09 07:00:00+00:00,0.07,0.4,0.0,0.4,0.05,3.62,0.0,0.63,0.0,0.2,0.0,0.12,0.0,1.75
2025-12-09 08:00:00+00:00,0.06,0.24,0.02,0.39,0.83,3.38,0.0,0.8,0.0,0.19,0.0,0.22,0.0,1.94
2025-12-09 09:00:00+00:00,0.07,0.19,0.05,0.44,1.35,1.43,0.0,0.72,0.0,0.17,0.0,0.31,0.0,1.91
2025-12-09 10:00:00+00:00,0.07,0.15,0.04,0.37,1.35,1.65,0.0,0.69,0.0,0.2,0.0,0.29,0.0,1.69
2025-12-09 11:00:00+00:00,0.17,0.2,0.11,0.34,2.0,1.79,0.0,0.68,0.0,0.17,0.0,0.3,0.0,1.75
2025-12-09 12:00:00+00:00,0.21,0.22,0.16,0.4,2.42,1.4,0.0,0.72,0.0,0.2,0.0,0.29,0.0,1.64
2025-12-09 13:00:00+00:00,0.06,0.15,0.06,0.39,1.3,4.1,0.0,0.71,0.0,0.14,0.0,0.28,0.0,1.65
2025-12-09 14:00:00+00:00,0.1,0.45,0.01,0.42,0.56,2.68,0.0,0.57,0.0,0.15,0.0,0.3,0.0,1.5
2025-12-09 15:00:00+00:00,0.1,0.85,0.0,0.55,0.05,1.98,0.0,0.68,0.0,0.25,0.0,0.3,0.0,1.56
2025-12-09 16:00:00+00:00,0.02,0.23,0.0,0.6,0.0,1.87,0.0,0.64,0.0,0.43,0.0,0.3,0.0,1.48
2025-12-09 17:00:00+00:00,0.01,0.25,0.0,0.65,0.0,1.86,0.0,0.3,0.0,0.32,0.0,0.3,0.0,1.51
2025-12-09 18:00:00+00:00,0.01,0.28,0.0,0.33,0.0,1.8,0.0,0.27,0.0,0.93,0.0,0.3,0.0,1.45
2025-12-09 19:00:00+00:00,0.01,0.3,0.0,0.21,0.0,5.21,0.0,0.23,0.0,0.6,0.0,0.36,0.0,1.46
2025-12-09 20:00:00+00:00,0.0,0.3,0.0,0.22,0.0,1.8,0.0,0.17,0.0,0.78,0.0,0.35,0.0,1.46
2025-12-09 21:00:00+00:00,0.0,0.3,0.0,0.21,0.0,1.6,0.0,0.17,0.0,0.37,0.0,0.21,0.0,1.44
2025-12-09 22:00:00+00:00,0.0,0.28,0.0,0.21,0.0,1.35,0.0,0.16,0.0,0.26,0.0,0.22,0.0,1.47
2025-12-09 23:00:00+00:00,0.0,0.25,0.0,0.21,0.0,1.16,0.0,0.17,0.0,0.25,0.0,0.2,0.0,1.42
2025-12-10 00:00:00+00:00,0.0,0.55,0.0,0.23,0.0,1.4,0.0,0.16,0.0,0.24,0.0,0.3,0.0,1.49
2025-12-10 01:00:00+00:00,0.0,0.38,0.0,0.3,0.0,4.43,0.0,0.2,0.0,0.23,0.0,0.3,0.0,1.42
2025-12-10 02:00:00+00:00,0.0,0.25,0.0,0.3,0.0,1.24,0.0,0.17,0.0,0.26,0.0,0.3,0.0,1.48
2025-12-10 03:00:00+00:00,0.0,0.27,0.0,0.26,0.0,1.25,0.0,0.16,0.0,0.2,0.0,0.3,0.0,1.43
2025-12-10 04:00:00+00:00,0.0,0.26,0.0,0.2,0.0,1.25,0.0,0.17,0.0,0.23,0.0,0.28,0.0,1.46
2025-12-10 05:00:00+00:00,0.01,0.25,0.0,0.2,0.0,1.33,0.0,0.17,0.0,0.23,0.0,0.3,0.0,1.45
2025-12-10 06:00:00+00:00,0.01,0.5,0.0,0.23,0.0,3.12,0.0,0.27,0.0,0.37,0.0,0.3,0.0,2.51
2025-12-10 07:00:00+00:00,0.06,0.67,0.1,0.29,0.51,3.15,0.0,0.82,0.0,0.25,0.0,0.23,0.0,2.24
2025-12-10 08:00:00+00:00,0.14,0.17,0.29,0.27,2.18,1.76,0.0,1.12,0.0,0.2,0.0,0.14,0.0,1.81
2025-12-10 09:00:00+00:00,0.29,0.31,0.27,0.39,3.11,1.54,0.0,1.04,0.0,0.19,0.0,0.21,0.0,1.72
2025-12-10 10:00:00+00:00,0.29,0.61,0.13,0.39,2.78,1.35,0.0,1.12,0.0,0.14,0.0,0.3,0.0,1.69
2025-12-10 11:00:00+00:00,0.72,0.62,0.34,0.37,4.05,1.53,0.0,0.93,0.0,0.17,0.0,0.28,0.0,1.69
2025-12-10 12:00:00+00:00,0.18,0.25,0.13,0.34,2.34,4.19,0.0,1.02,0.0,0.12,0.0,0.25,0.0,1.78
2025-12-10 13:00:00+00:00,0.3,0.29,0.15,0.34,2.59,2.53,0.0,0.98,0.0,0.16,0.0,0.27,0.0,1.58
2025-12-10 14:00:00+00:00,0.05,0.14,0.04,0.28,0.77,2.0,0.0,0.97,0.0,0.14,0.0,0.3,0.0,1.59
2025-12-10 15:00:00+00:00,0.06,0.25,0.0,0.58,0.06,1.86,0.0,1.13,0.0,0.18,0.0,0.28,0.0,1.54
2025-12-10 16:00:00+00:00,0.01,0.23,0.0,0.74,0.0,1.73,0.0,0.9,0.0,0.22,0.0,0.25,0.0,1.51
2025-12-10 17:00:00+00:00,0.01,0.21,0.0,0.59,0.0,1.97,0.0,0.42,0.0,0.34,0.0,0.96,0.0,1.5
2025-12-10 18:00:00+00:00,0.01,0.27,0.0,0.47,0.0,4.99,0.0,0.36,0.0,0.47,0.0,0.32,0.0,1.48
2025-12-10 19:00:00+00:00,0.01,0.28,0.0,0.21,0.0,2.35,0.0,0.25,0.0,0.53,0.0,0.3,0.0,1.48
2025-12-10 20:00:00+00:00,0.0,0.28,0.0,0.22,0.0,1.71,0.0,0.34,0.0,0.28,0.0,0.46,0.0,1.49
2025-12-10 21:00:00+00:00,0.0,0.62,0.0,0.21,0.0,1.41,0.0,0.17,0.0,0.22,0.0,0.34,0.0,1.46
2025-12-10 22:00:00+00:00,0.0,0.3,0.0,0.21,0.0,1.3,0.0,0.1,0.0,0.2,0.0,0.78,0.0,1.49
2025-12-10 23:00:00+00:00,0.0,0.25,0.0,0.21,0.0,1.26,0.0,0.1,0.0,0.18,0.0,0.16,0.0,1.45
2025-12-11 00:00:00+00:00,0.0,0.28,0.0,0.2,0.0,4.65,0.0,0.11,0.0,0.16,0.0,0.25,0.0,1.48
2025-12-11 01:00:00+00:00,0.0,0.28,0.0,0.21,0.0,1.26,0.0,0.1,0.0,0.15,0.0,0.25,0.0,1.44
2025-12-11 02:00:00+00:00,0.0,0.28,0.0,0.21,0.0,1.26,0.0,0.11,0.0,0.16,0.0,0.24,0.0,1.49
2025-12-11 03:00:00+00:00,0.0,0.26,0.0,0.21,0.0,1.25,0.0,0.11,0.0,0.13,0.0,0.25,0.0,1.44
2025-12-11 04:00:00+00:00,0.0,0.25,0.0,0.24,0.0,1.26,0.0,0.17,0.0,0.18,0.0,0.25,0.0,1.49
2025-12-11 05:00:00+00:00,0.01,0.25,0.0,0.3,0.0,1.84,0.0,0.26,0.0,0.17,0.0,0.26,0.0,1.57
2025-12-11 06:00:00+00:00,0.01,0.75,0.0,0.27,0.0,4.29,0.0,0.33,0.0,0.26,0.0,0.18,0.0,1.7
2025-12-11 07:00:00+00:00,0.05,0.28,0.0,0.27,0.05,1.42,0.0,0.95,0.0,0.25,0.0,0.12,0.0,1.64
2025-12-11 08:00:00+00:00,0.05,0.17,0.01,0.37,0.45,1.6,0.0,1.27,0.0,0.25,0.0,0.25,0.0,2.24
2025-12-11 09:00:00+00:00,0.02,0.06,0.03,0.42,0.95,1.39,0.0,1.32,0.0,0.16,0.0,0.29,0.0,1.89
2025-12-11 10:00:00+00:00,0.03,0.09,0.03,0.38,1.01,1.52,0.0,1.26,0.0,0.19,0.0,0.29,0.0,1.65
2025-12-11 11:00:00+00:00,0.02,0.07,0.02,0.55,0.96,3.57,0.0,1.19,0.0,0.15,0.0,0.3,0.0,1.65
2025-12-11 12:00:00+00:00,0.03,0.11,0.01,0.37,0.66,3.02,0.0,1.19,0.0,0.22,0.0,0.3,0.0,1.59
2025-12-11 13:00:00+00:00,0.05,0.17,0.0,0.43,0.42,1.45,0.0,1.23,0.0,0.17,0.0,0.3,0.0,1.78
2025-12-11 14:00:00+00:00,0.05,0.2,0.0,0.47,0.38,1.8,0.0,0.96,0.0,0.22,0.0,0.3,0.0,2.3
2025-12-11 15:00:00+00:00,0.08,0.36,0.0,1.35,0.02,1.71,0.0,0.82,0.0,0.15,0.0,0.3,0.0,2.33
2025-12-11 16:00:00+00:00,0.01,0.3,0.0,0.41,0.0,1.7,0.0,0.86,0.0,0.15,0.0,0.3,0.0,1.52
2025-12-11 17:00:00+00:00,0.01,0.67,0.0,0.22,0.0,4.68,0.0,0.29,0.0,0.17,0.0,0.28,0.0,1.53
2025-12-11 18:00:00+00:00,0.01,0.3,0.0,0.21,0.0,2.32,0.0,0.1,0.0,0.16,0.0,0.95,0.0,1.48
2025-12-11 19:00:00+00:00,0.01,0.28,0.0,0.21,0.0,1.68,0.0,0.15,0.0,0.19,0.0,0.53,0.0,1.49
2025-12-11 20:00:00+00:00,0.0,0.4,0.0,0.2,0.0,1.44,0.0,0.12,0.0,0.22,0.0,0.31,0.0,1.47
2025-12-11 21:00:00+00:00,0.0,0.52,0.0,0.2,0.0,1.64,0.0,0.11,0.0,0.23,0.0,0.33,0.0,1.46
2025-12-11 22:00:00+00:00,0.0,0.27,0.0,0.24,0.0,1.33,0.0,0.13,0.0,0.14,0.0,0.37,0.0,1.49
2025-12-11 23:00:00+00:00,0.0,0.27,0.0,0.21,0.0,4.59,0.0,0.12,0.0,0.18,0.0,0.71,0.0,1.47
2025-12-12 00:00:00+00:00,0.0,0.29,0.0,0.21,0.0,1.25,0.0,0.14,0.0,0.16,0.0,0.12,0.0,1.48
2025-12-12 01:00:00+00:00,0.0,0.27,0.0,0.21,0.0,1.25,0.0,0.11,0.0,0.2,0.0,0.22,0.0,1.46
2025-12-12 02:00:00+00:00,0.0,0.66,0.0,0.21,0.0,1.23,0.0,0.11,0.0,0.16,0.0,0.3,0.0,1.49
2025-12-12 03:00:00+00:00,0.0,0.28,0.0,0.21,0.0,1.18,0.0,0.11,0.0,0.17,0.0,0.3,0.0,1.46
2025-12-12 04:00:00+00:00,0.0,0.28,0.0,0.21,0.0,2.09,0.0,0.17,0.0,0.22,0.0,0.3,0.0,1.49
2025-12-12 05:00:00+00:00,0.01,0.28,0.0,0.21,0.0,3.74,0.0,0.27,0.0,0.3,0.0,0.3,0.0,1.54
2025-12-12 06:00:00+00:00,0.01,0.28,0.0,0.3,0.0,1.33,0.0,0.47,0.0,0.34,0.0,0.29,0.0,1.82
2025-12-12 07:00:00+00:00,0.05,0.26,0.0,0.3,0.06,1.35,0.0,0.71,0.0,0.36,0.0,0.21,0.0,1.61
2025-12-12 08:00:00+00:00,0.05,0.17,0.0,0.22,0.42,1.75,0.0,0.62,0.0,0.24,0.0,0.12,0.0,1.74
2025-12-12 09:00:00+00:00,0.1,0.16,0.07,0.2,1.53,1.86,0.0,0.64,0.0,0.16,0.0,0.22,0.0,1.81
2025-12-12 10:00:00+00:00,0.15,0.22,0.08,0.2,1.88,3.82,0.0,0.57,0.0,0.2,0.0,0.31,0.0,1.8
2025-12-12 11:00:00+00:00,0.51,0.41,0.22,0.24,3.53,2.79,0.0,0.5,0.0,0.13,0.0,0.3,0.0,1.68
2025-12-12 12:00:00+00:00,0.59,0.47,0.28,0.21,4.28,1.39,0.0,0.65,0.0,0.16,0.0,0.3,0.0,1.63
2025-12-12 13:00:00+00:00,0.16,0.58,0.13,0.21,1.87,1.78,0.0,0.69,0.0,0.12,0.0,0.29,0.0,1.86
2025-12-12 14:00:00+00:00,0.04,0.17,0.01,0.22,0.51,1.83,0.0,0.49,0.0,0.15,0.0,0.3,0.0,2.32
2025-12-12 15:00:00+00:00,0.06,0.25,0.0,0.23,0.02,1.52,0.0,0.43,0.0,0.14,0.0,0.29,0.0,1.97
2025-12-12 16:00:00+00:00,0.01,0.26,0.0,0.25,0.0,4.96,0.0,0.43,0.0,0.34,0.0,0.29,0.0,1.5
2025-12-12 17:00:00+00:00,0.01,0.27,0.0,0.21,0.0,2.04,0.0,0.24,0.0,0.49,0.0,0.31,0.0,1.49
2025-12-12 18:00:00+00:00,0.01,0.3,0.0,0.21,0.0,1.82,0.0,0.12,0.0,0.25,0.0,0.35,0.0,1.5
2025-12-12 19:00:00+00:00,0.01,0.3,0.0,0.21,0.0,1.77,0.0,0.12,0.0,0.22,0.0,0.17,0.0,1.49
2025-12-12 20:00:00+00:00,0.0,0.3,0.0,0.21,0.0,1.77,0.0,0.1,0.0,0.24,0.0,0.29,0.0,1.46
2025-12-12 21:00:00+00:00,0.0,0.28,0.0,0.21,0.0,1.57,0.0,0.11,0.0,0.27,0.0,0.33,0.0,1.48
2025-12-12 22:00:00+00:00,0.0,0.25,0.0,0.19,0.0,4.48,0.0,0.1,0.0,0.28,0.0,0.33,0.0,1.45
2025-12-12 23:00:00+00:00,0.0,0.67,0.0,0.2,0.0,1.12,0.0,0.11,0.0,0.28,0.0,0.28,0.0,1.48
2025-12-13 00:00:00+00:00,0.0,0.27,0.0,0.24,0.0,1.14,0.0,0.11,0.0,0.2,0.0,0.29,0.0,1.47
2025-12-13 01:00:00+00:00,0.0,0.3,0.0,0.21,0.0,1.12,0.0,0.1,0.0,0.2,0.0,0.3,0.0,1.49
2025-12-13 02:00:00+00:00,0.0,0.27,0.0,0.21,0.0,1.17,0.0,0.11,0.0,0.15,0.0,0.3,0.0,1.46
2025-12-13 03:00:00+00:00,0.0,0.24,0.0,0.21,0.0,2.27,0.0,0.1,0.0,0.21,0.0,0.3,0.0,1.47
2025-12-13 04:00:00+00:00,0.0,0.27,0.0,0.21,0.0,3.36,0.0,0.1,0.0,0.18,0.0,0.29,0.0,1.45
2025-12-13 05:00:00+00:00,0.01,0.27,0.0,0.21,0.0,1.18,0.0,0.12,0.0,0.21,0.0,0.29,0.0,1.48
2025-12-13 06:00:00+00:00,0.01,0.25,0.0,0.21,0.0,1.39,0.0,0.12,0.0,0.2,0.0,0.31,0.0,1.47
2025-12-13 07:00:00+00:00,0.04,0.28,0.0,0.28,0.02,1.31,0.0,0.12,0.0,0.34,0.0,0.29,0.0,1.47
2025-12-13 08:00:00+00:00,0.04,0.15,0.02,0.28,0.63,1.3,0.0,0.13,0.0,0.24,0.0,0.32,0.0,1.47
2025-12-13 09:00:00+00:00,0.04,0.53,0.03,0.22,0.9,3.62,0.0,0.1,0.0,0.33,0.0,0.31,0.0,1.46
2025-12-13 10:00:00+00:00,0.03,0.06,0.04,0.21,1.21,2.34,0.0,0.13,0.0,0.26,0.0,0.3,0.0,1.49
2025-12-13 11:00:00+00:00,0.07,0.11,0.05,0.21,1.4,1.35,0.0,0.1,0.0,0.67,0.0,0.3,0.0,1.44
2025-12-13 12:00:00+00:00,0.02,0.05,0.03,0.2,0.95,1.43,0.0,0.1,0.0,0.23,0.0,0.4,0.0,1.49
2025-12-13 13:00:00+00:00,0.03,0.09,0.02,0.23,0.7,1.24,0.0,0.11,0.0,0.25,0.0,0.39,0.0,1.44
2025-12-13 14:00:00+00:00,0.06,0.2,0.0,0.23,0.25,1.3,0.0,0.1,0.0,0.24,0.0,0.39,0.0,1.51
2025-12-13 15:00:00+00:00,0.07,0.29,0.0,0.23,0.0,4.31,0.0,0.11,0.0,0.27,0.0,0.31,0.0,1.44
2025-12-13 16:00:00+00:00,0.01,0.3,0.0,0.21,0.0,1.7,0.0,0.11,0.0,0.23,0.0,0.4,0.0,1.49
2025-12-13 17:00:00+00:00,0.01,0.3,0.0,0.21,0.0,1.62,0.0,0.1,0.0,0.27,0.0,0.41,0.0,1.45
2025-12-13 18:00:00+00:00,0.01,0.29,0.0,0.21,0.0,1.66,0.0,0.11,0.0,0.25,0.0,1.16,0.0,1.49
2025-12-13 19:00:00+00:00,0.01,0.59,0.0,0.21,0.0,1.29,0.0,0.11,0.0,0.23,0.0,0.68,0.0,1.47
2025-12-13 20:00:00+00:00,0.0,0.3,0.0,0.21,0.0,1.28,0.0,0.1,0.0,0.2,0.0,0.45,0.0,1.47
2025-12-13 21:00:00+00:00,0.0,0.28,0.0,0.21,0.0,4.7,0.0,0.11,0.0,0.21,0.0,0.49,0.0,1.47
2025-12-13 22:00:00+00:00,0.0,0.26,0.0,0.21,0.0,1.14,0.0,0.1,0.0,0.24,0.0,0.82,0.0,1.46
2025-12-13 23:00:00+00:00,0.0,0.25,0.0,0.21,0.0,1.07,0.0,0.11,0.0,0.24,0.0,0.52,0.0,1.48
2025-12-14 00:00:00+00:00,0.0,0.27,0.0,0.21,0.0,1.08,0.0,0.11,0.0,0.2,0.0,0.33,0.0,1.45
2025-12-14 01:00:00+00:00,0.0,0.25,0.0,0.2,0.0,1.08,0.0,0.1,0.0,0.2,0.0,0.31,0.0,1.49
2025-12-14 02:00:00+00:00,0.0,0.36,0.0,0.21,0.0,2.25,0.0,0.11,0.0,0.18,0.0,0.32,0.0,1.45
2025-12-14 03:00:00+00:00,0.0,0.91,0.0,0.23,0.0,3.38,0.0,0.1,0.0,0.2,0.0,0.31,0.0,1.5
2025-12-14 04:00:00+00:00,0.0,0.28,0.0,0.21,0.0,1.09,0.0,0.11,0.0,0.21,0.0,0.31,0.0,1.44
2025-12-14 05:00:00+00:00,0.01,0.26,0.0,0.21,0.0,1.16,0.0,0.11,0.0,0.2,0.0,0.31,0.0,1.5
2025-12-14 06:00:00+00:00,0.01,0.3,0.0,0.21,0.0,1.29,0.0,0.1,0.0,0.22,0.0,0.3,0.0,1.45
2025-12-14 07:00:00+00:00,0.04,0.26,0.0,0.25,0.01,1.38,0.0,0.11,0.0,0.28,0.0,0.31,0.0,1.48
2025-12-14 08:00:00+00:00,0.05,0.17,0.0,0.31,0.38,3.44,0.0,0.1,0.0,0.24,0.0,0.3,0.0,1.47
2025-12-14 09:00:00+00:00,0.03,0.1,0.02,0.29,0.79,2.58,0.0,0.11,0.0,0.18,0.0,0.73,0.0,1.49
2025-12-14 10:00:00+00:00,0.03,0.05,0.04,0.22,1.14,1.34,0.0,0.11,0.0,0.23,0.0,1.49,0.0,1.47
2025-12-14 11:00:00+00:00,0.06,0.11,0.06,0.21,1.43,1.44,0.0,0.1,0.0,0.32,0.0,1.07,0.0,1.47
2025-12-14 12:00:00+00:00,0.15,0.55,0.08,0.21,1.57,1.19,0.0,0.11,0.0,0.23,0.0,1.08,0.0,1.47
2025-12-14 13:00:00+00:00,0.07,0.14,0.04,0.22,1.27,1.63,0.0,0.1,0.0,0.2,0.0,1.05,0.0,1.47
2025-12-14 14:00:00+00:00,0.05,0.17,0.0,0.21,0.31,4.67,0.0,0.11,0.0,0.24,0.0,0.74,0.0,1.48
2025-12-14 15:00:00+00:00,0.07,0.28,0.0,0.22,0.01,1.51,0.0,0.11,0.0,0.24,0.0,1.13,0.0,1.46
2025-12-14 16:00:00+00:00,0.02,0.3,0.0,0.24,0.0,1.96,0.0,0.1,0.0,0.3,0.0,2.57,0.0,1.48
2025-12-14 17:00:00+00:00,0.01,0.29,0.0,0.21,0.0,1.57,0.0,0.11,0.0,0.37,0.0,2.45,0.0,1.46
2025-12-14 18:00:00+00:00,0.01,0.28,0.0,0.21,0.0,1.59,0.0,0.11,0.0,0.24,0.0,2.15,0.0,1.48
2025-12-14 19:00:00+00:00,0.01,0.3,0.0,0.22,0.0,2.04,0.0,0.1,0.0,0.27,0.0,0.66,0.0,1.47
2025-12-14 20:00:00+00:00,0.0,0.28,0.0,0.21,0.0,4.86,0.0,0.11,0.0,0.21,0.0,0.58,0.0,1.49
2025-12-14 21:00:00+00:00,0.0,0.27,0.0,0.21,0.0,1.29,0.0,0.1,0.0,0.22,0.0,0.63,0.0,1.47
2025-12-14 22:00:00+00:00,0.0,0.71,0.0,0.21,0.0,1.16,0.0,0.11,0.0,0.22,0.0,1.29,0.0,1.49
2025-12-14 23:00:00+00:00,0.0,0.25,0.0,0.21,0.0,1.12,0.0,0.11,0.0,0.24,0.0,1.05,0.0,1.46
2025-12-15 00:00:00+00:00,0.0,0.27,0.0,0.21,0.0,1.13,0.0,0.1,0.0,0.18,0.0,0.43,0.0,1.49
2025-12-15 01:00:00+00:00,0.0,0.27,0.0,0.21,0.0,3.02,0.0,0.11,0.0,0.2,0.0,0.44,0.0,1.46
2025-12-15 02:00:00+00:00,0.0,0.26,0.0,0.21,0.0,2.65,0.0,0.1,0.0,0.16,0.0,0.39,0.0,1.49
2025-12-15 03:00:00+00:00,0.0,0.29,0.0,0.2,0.0,1.13,0.0,0.26,0.0,0.17,0.0,0.37,0.0,1.46
2025-12-15 04:00:00+00:00,0.0,0.26,0.0,0.2,0.0,1.12,0.0,0.26,0.0,0.21,0.0,0.37,0.0,1.49
2025-12-15 05:00:00+00:00,0.01,0.27,0.0,0.23,0.0,1.18,0.0,0.25,0.0,0.22,0.0,0.35,0.0,1.46
2025-12-15 06:00:00+00:00,0.01,0.26,0.0,0.21,0.0,1.25,0.0,0.5,0.0,0.2,0.0,0.33,0.0,1.75
2025-12-15 07:00:00+00:00,0.04,0.29,0.0,0.43,0.01,4.39,0.0,1.0,0.0,0.22,0.0,0.33,0.0,1.89
2025-12-15 08:00:00+00:00,0.05,0.2,0.0,0.73,0.32,2.08,0.0,1.18,0.0,0.19,0.0,0.13,0.0,2.62
2025-12-15 09:00:00+00:00,0.05,0.52,0.02,0.7,0.71,1.57,0.0,1.11,0.0,0.3,0.0,0.3,0.0,2.41
2025-12-15 10:00:00+00:00,0.02,0.04,0.03,0.79,1.06,1.22,0.0,1.2,0.0,0.26,0.0,0.49,0.0,1.82
2025-12-15 11:00:00+00:00,0.02,0.05,0.03,0.66,1.11,1.23,0.0,0.97,0.0,0.25,0.0,0.41,0.0,1.91
2025-12-15 12:00:00+00:00,0.04,0.09,0.04,0.64,1.21,1.93,0.0,1.05,0.0,0.22,0.0,0.41,0.0,2.1
2025-12-15 13:00:00+00:00,0.03,0.1,0.02,0.74,0.79,4.78,0.0,1.09,0.0,0.27,0.0,0.43,0.0,2.53
2025-12-15 14:00:00+00:00,0.06,0.24,0.0,0.74,0.27,1.76,0.0,1.16,0.0,0.27,0.0,0.4,0.0,2.72
2025-12-15 15:00:00+00:00,0.07,0.29,0.0,0.57,0.01,1.87,0.0,1.13,0.0,0.26,0.0,0.54,0.0,2.46
2025-12-15 16:00:00+00:00,0.01,0.28,0.0,0.51,0.0,1.89,0.0,1.12,0.0,0.29,0.0,0.49,0.0,3.11
2025-12-15 17:00:00+00:00,0.01,0.29,0.0,0.47,0.0,1.73,0.0,0.64,0.0,0.39,0.0,0.5,0.0,1.67
2025-12-15 18:00:00+00:00,0.01,0.29,0.0,0.48,0.0,3.52,0.0,0.37,0.0,0.34,0.0,0.52,0.0,1.43
2025-12-15 19:00:00+00:00,0.01,0.69,0.0,0.51,0.0,3.36,0.0,0.3,0.0,0.34,0.0,0.71,0.0,1.48
2025-12-15 20:00:00+00:00,0.0,0.29,0.0,0.48,0.0,1.67,0.0,0.25,0.0,0.4,0.0,1.21,0.0,1.43
2025-12-15 21:00:00+00:00,0.0,0.26,0.0,0.48,0.0,1.42,0.0,0.26,0.0,0.36,0.0,0.16,0.0,1.48
2025-12-15 22:00:00+00:00,0.0,0.27,0.0,0.48,0.0,1.27,0.0,0.26,0.0,0.37,0.0,0.11,0.0,1.43
2025-12-15 23:00:00+00:00,0.0,0.27,0.0,0.48,0.0,1.07,0.0,0.25,0.0,0.27,0.0,0.29,0.0,1.48
2025-12-16 00:00:00+00:00,0.0,0.26,0.0,0.48,0.0,4.34,0.0,0.25,0.0,0.24,0.0,0.3,0.0,1.45
2025-12-16 01:00:00+00:00,0.0,0.27,0.0,0.48,0.0,1.13,0.0,0.27,0.0,0.18,0.0,0.31,0.0,1.46
2025-12-16 02:00:00+00:00,0.0,0.26,0.0,0.48,0.0,1.06,0.0,0.27,0.0,0.18,0.0,0.31,0.0,1.46
2025-12-16 03:00:00+00:00,0.0,0.26,0.0,0.48,0.0,1.06,0.0,0.26,0.0,0.19,0.0,0.27,0.0,1.46
2025-12-16 04:00:00+00:00,0.0,0.7,0.0,0.47,0.0,1.06,0.0,0.34,0.0,0.2,0.0,0.13,0.0,1.47
2025-12-16 05:00:00+00:00,0.01,0.52,0.0,0.5,0.0,2.15,0.0,0.42,0.0,0.21,0.0,0.16,0.0,1.45
2025-12-16 06:00:00+00:00,0.01,0.38,0.0,0.56,0.0,3.56,0.0,0.41,0.0,0.21,0.0,0.29,0.0,2.2
2025-12-16 07:00:00+00:00,0.04,0.27,0.0,0.82,0.0,1.21,0.0,0.47,0.0,0.28,0.0,0.31,0.0,2.1
2025-12-16 08:00:00+00:00,0.06,0.25,0.0,0.6,0.13,1.17,0.0,0.73,0.0,0.26,0.0,0.4,0.0,1.8
2025-12-16 09:00:00+00:00,0.05,0.17,0.01,0.7,0.47,1.24,0.0,0.89,0.0,0.24,0.0,0.35,0.0,3.03
2025-12-16 10:00:00+00:00,0.03,0.1,0.02,0.75,0.78,1.69,0.0,0.92,0.0,0.18,0.0,0.35,0.0,2.07
2025-12-16 11:00:00+00:00,0.04,0.08,0.05,0.62,1.28,4.62,0.0,0.75,0.0,0.22,0.0,0.34,0.0,1.72
2025-12-16 12:00:00+00:00,0.02,0.05,0.04,0.56,1.16,2.64,0.0,0.88,0.0,0.17,0.0,0.34,0.0,1.64
2025-12-16 13:00:00+00:00,0.02,0.05,0.04,0.55,1.08,1.38,0.0,0.95,0.0,0.21,0.0,0.32,0.0,1.65
2025-12-16 14:00:00+00:00,0.06,0.5,0.01,0.49,0.45,1.28,0.0,1.09,0.0,0.18,0.0,0.34,0.0,1.76
2025-12-16 15:00:00+00:00,0.07,0.26,0.0,0.5,0.03,1.67,0.0,1.04,0.0,0.21,0.0,0.35,0.0,2.31
2025-12-16 16:00:00+00:00,0.01,0.29,0.0,0.48,0.0,1.92,0.0,1.02,0.0,0.19,0.0,0.44,0.0,2.33
2025-12-16 17:00:00+00:00,0.01,0.31,0.0,0.48,0.0,5.32,0.0,0.64,0.0,0.21,0.0,1.23,0.0,1.45
2025-12-16 18:00:00+00:00,0.01,0.28,0.0,0.47,0.0,1.78,0.0,0.42,0.0,0.53,0.0,0.62,0.0,1.45
2025-12-16 19:00:00+00:00,0.01,0.29,0.0,0.47,0.0,1.5,0.0,0.3,0.0,0.26,0.0,0.5,0.0,1.44
2025-12-16 20:00:00+00:00,0.0,0.29,0.0,0.49,0.0,1.48,0.0,0.31,0.0,0.24,0.0,0.41,0.0,1.45
2025-12-16 21:00:00+00:00,0.0,0.26,0.0,0.49,0.0,1.63,0.0,0.1,0.0,0.2,0.0,0.75,0.0,1.44
2025-12-16 22:00:00+00:00,0.0,0.27,0.0,0.48,0.0,3.23,0.0,0.14,0.0,0.26,0.0,0.8,0.0,1.46
2025-12-16 23:00:00+00:00,0.0,0.42,0.0,0.48,0.0,2.83,0.0,0.11,0.0,0.24,0.0,0.15,0.0,1.46
2025-12-17 00:00:00+00:00,0.0,0.49,0.0,0.48,0.0,1.27,0.0,0.13,0.0,0.19,0.0,0.25,0.0,1.45
2025-12-17 01:00:00+00:00,0.0,0.26,0.0,0.47,0.0,1.27,0.0,0.21,0.0,0.21,0.0,0.31,0.0,1.45
2025-12-17 02:00:00+00:00,0.0,0.27,0.0,0.47,0.0,1.27,0.0,0.13,0.0,0.18,0.0,0.31,0.0,1.44
2025-12-17 03:00:00+00:00,0.0,0.26,0.0,0.48,0.0,1.27,0.0,0.09,0.0,0.21,0.0,0.29,0.0,1.45
2025-12-17 04:00:00+00:00,0.0,0.28,0.0,0.48,0.0,4.57,0.0,0.17,0.0,0.16,0.0,0.3,0.0,1.43
2025-12-17 05:00:00+00:00,0.01,0.29,0.0,0.48,0.0,1.53,0.0,0.23,0.0,0.2,0.0,0.29,0.0,1.45
2025-12-17 06:00:00+00:00,0.01,0.27,0.0,0.51,0.0,1.59,0.0,0.23,0.0,0.21,0.0,0.31,0.0,1.44
2025-12-17 07:00:00+00:00,0.05,0.24,0.0,0.57,0.1,1.85,0.0,0.56,0.0,0.21,0.0,0.31,0.0,1.68
2025-12-17 08:00:00+00:00,0.05,0.11,0.1,0.92,1.37,1.88,0.0,0.77,0.0,0.2,0.0,0.3,0.0,2.02
2025-12-17 09:00:00+00:00,0.07,0.46,0.07,0.85,1.45,2.19,0.0,0.74,0.0,0.19,0.0,0.47,0.0,2.03
2025-12-17 10:00:00+00:00,0.15,0.2,0.09,0.93,1.89,4.12,0.0,0.73,0.0,0.2,0.0,0.38,0.0,1.83
2025-12-17 11:00:00+00:00,0.22,0.28,0.12,0.86,2.29,1.41,0.0,0.87,0.0,0.17,0.0,0.33,0.0,1.74
2025-12-17 12:00:00+00:00,0.13,0.21,0.09,0.99,1.97,1.73,0.0,0.6,0.0,0.2,0.0,0.34,0.0,1.65
2025-12-17 13:00:00+00:00,0.02,0.05,0.04,1.08,1.18,1.53,0.0,0.65,0.0,0.15,0.0,0.43,0.0,1.71
2025-12-17 14:00:00+00:00,0.04,0.14,0.02,1.04,0.57,1.46,0.0,0.69,0.0,0.17,0.0,0.4,0.0,2.42
2025-12-17 15:00:00+00:00,0.06,0.22,0.0,0.95,0.16,4.07,0.0,0.7,0.0,0.15,0.0,0.38,0.0,2.16
2025-12-17 16:00:00+00:00,0.02,0.28,0.0,0.88,0.0,3.11,0.0,0.71,0.0,0.24,0.0,0.45,0.0,1.69
2025-12-17 17:00:00+00:00,0.01,0.28,0.0,0.69,0.0,1.83,0.0,0.26,0.0,0.48,0.0,0.93,0.0,1.65
2025-12-17 18:00:00+00:00,0.01,0.3,0.0,0.23,0.0,1.75,0.0,0.1,0.0,0.6,0.0,0.51,0.0,1.48
2025-12-17 19:00:00+00:00,0.01,0.67,0.0,1.1,0.0,1.89,0.0,0.1,0.0,0.35,0.0,0.39,0.0,1.43
2025-12-17 20:00:00+00:00,0.0,0.28,0.0,1.4,0.0,1.9,0.0,0.11,0.0,0.21,0.0,0.44,0.0,1.48
2025-12-17 21:00:00+00:00,0.0,0.27,0.0,1.4,0.0,5.19,0.0,0.1,0.0,0.19,0.0,0.23,0.0,1.41
2025-12-17 22:00:00+00:00,0.0,0.27,0.0,1.43,0.0,1.56,0.0,0.1,0.0,0.21,0.0,0.23,0.0,1.46
2025-12-17 23:00:00+00:00,0.0,0.26,0.0,1.4,0.0,1.25,0.0,0.1,0.0,0.19,0.0,0.41,0.0,1.39
2025-12-18 00:00:00+00:00,0.0,0.28,0.0,1.4,0.0,1.26,0.0,0.09,0.0,0.22,0.0,0.31,0.0,1.46
2025-12-18 01:00:00+00:00,0.0,0.26,0.0,1.4,0.0,1.27,0.0,0.1,0.0,0.17,0.0,0.31,0.0,1.41
2025-12-18 02:00:00+00:00,0.0,0.27,0.0,1.4,0.0,1.66,0.0,0.1,0.0,0.21,0.0,0.29,0.0,1.44
2025-12-18 03:00:00+00:00,0.0,0.27,0.0,1.41,0.0,4.32,0.0,0.09,0.0,0.17,0.0,0.18,0.0,1.42
2025-12-18 04:00:00+00:00,0.0,0.72,0.0,1.41,0.0,1.25,0.0,0.17,0.0,0.21,0.0,0.14,0.0,1.43
2025-12-18 05:00:00+00:00,0.01,0.54,0.0,1.41,0.0,1.39,0.0,0.25,0.0,0.26,0.0,0.27,0.0,1.43
2025-12-18 06:00:00+00:00,0.01,0.27,0.0,1.45,0.0,1.4,0.0,0.24,0.0,0.31,0.0,0.31,0.0,1.44
2025-12-18 07:00:00+00:00,0.04,0.26,0.0,1.52,0.06,1.8,0.0,0.48,0.0,0.33,0.0,0.4,0.0,2.35
2025-12-18 08:00:00+00:00,0.04,0.14,0.01,1.09,0.57,4.13,0.0,0.88,0.0,0.22,0.0,0.38,0.0,2.11
2025-12-18 09:00:00+00:00,0.02,0.05,0.03,1.44,1.07,3.22,0.0,0.94,0.0,0.18,0.0,0.35,0.0,1.69
2025-12-18 10:00:00+00:00,0.08,0.13,0.05,0.87,1.48,1.78,0.0,1.11,0.0,0.21,0.0,0.32,0.0,1.53
2025-12-18 11:00:00+00:00,0.15,0.2,0.08,0.86,1.86,1.79,0.0,0.87,0.0,0.16,0.0,0.34,0.0,1.61
2025-12-18 12:00:00+00:00,0.15,0.21,0.11,0.94,1.93,1.64,0.0,1.03,0.0,0.19,0.0,0.35,0.0,1.5
2025-12-18 13:00:00+00:00,0.1,0.49,0.11,0.81,1.5,1.83,0.0,1.08,0.0,0.15,0.0,0.34,0.0,1.56
2025-12-18 14:00:00+00:00,0.04,0.15,0.02,0.77,0.62,5.31,0.0,1.14,0.0,0.19,0.0,0.34,0.0,1.47
2025-12-18 15:00:00+00:00,0.07,0.25,0.0,0.78,0.06,1.78,0.0,1.21,0.0,0.13,0.0,0.98,0.0,1.45
2025-12-18 16:00:00+00:00,0.02,0.3,0.0,0.54,0.0,1.69,0.0,1.22,0.0,0.29,0.0,0.46,0.0,1.4
2025-12-18 17:00:00+00:00,0.01,0.29,0.0,0.21,0.0,1.87,0.0,0.7,0.0,0.26,0.0,0.33,0.0,1.44
2025-12-18 18:00:00+00:00,0.01,0.28,0.0,0.21,0.0,1.83,0.0,0.58,0.0,0.31,0.0,0.5,0.0,1.45
2025-12-18 19:00:00+00:00,0.01,0.3,0.0,0.21,0.0,2.58,0.0,0.44,0.0,0.17,0.0,0.38,0.0,1.44
2025-12-18 20:00:00+00:00,0.0,0.29,0.0,0.22,0.0,4.62,0.0,0.36,0.0,0.22,0.0,0.56,0.0,1.43
2025-12-18 21:00:00+00:00,0.0,0.26,0.0,0.21,0.0,1.59,0.0,0.22,0.0,0.22,0.0,0.41,0.0,1.41
2025-12-18 22:00:00+00:00,0.0,0.27,0.0,0.2,0.0,1.5,0.0,0.2,0.0,0.32,0.0,0.23,0.0,1.43
2025-12-18 23:00:00+00:00,0.0,0.63,0.0,0.2,0.0,1.26,0.0,0.23,0.0,0.29,0.0,0.19,0.0,1.4
2025-12-19 00:00:00+00:00,0.0,0.26,0.0,0.24,0.0,1.26,0.0,0.22,0.0,0.3,0.0,0.3,0.0,1.45
2025-12-19 01:00:00+00:00,0.0,0.27,0.0,0.21,0.0,3.45,0.0,0.35,0.0,0.29,0.0,0.29,0.0,1.4
2025-12-19 02:00:00+00:00,0.0,0.27,0.0,0.21,0.0,2.55,0.0,0.39,0.0,0.33,0.0,0.31,0.0,1.45
2025-12-19 03:00:00+00:00,0.0,0.27,0.0,0.21,0.0,1.27,0.0,0.36,0.0,0.25,0.0,0.31,0.0,1.42
2025-12-19 04:00:00+00:00,0.0,0.26,0.0,0.21,0.0,1.32,0.0,0.35,0.0,0.24,0.0,0.3,0.0,1.45
2025-12-19 05:00:00+00:00,0.01,0.27,0.0,0.22,0.0,1.33,0.0,0.34,0.0,0.18,0.0,0.3,0.0,1.41
2025-12-19 06:00:00+00:00,0.01,0.26,0.0,0.21,0.0,1.39,0.0,0.47,0.0,0.2,0.0,0.3,0.0,1.75
2025-12-19 07:00:00+00:00,0.04,0.28,0.0,0.26,0.02,4.82,0.0,0.96,0.0,0.22,0.0,0.5,0.0,2.48
2025-12-19 08:00:00+00:00,0.04,0.17,0.01,0.71,0.48,1.41,0.0,1.24,0.0,0.24,0.0,0.43,0.0,2.94
2025-12-19 09:00:00+00:00,0.05,0.45,0.03,1.73,1.12,1.4,0.0,1.13,0.0,0.19,0.0,0.36,0.0,2.59
2025-12-19 10:00:00+00:00,0.04,0.06,0.04,1.24,1.32,1.4,0.0,1.14,0.0,0.19,0.0,0.34,0.0,2.45
2025-12-19 11:00:00+00:00,0.02,0.05,0.03,1.1,1.18,1.4,0.0,1.05,0.0,0.16,0.0,0.35,0.0,1.49
2025-12-19 12:00:00+00:00,0.02,0.05,0.03,1.14,1.02,2.03,0.0,1.14,0.0,0.17,0.0,0.33,0.0,1.9
2025-12-19 13:00:00+00:00,0.02,0.06,0.02,1.15,0.95,4.3,0.0,1.17,0.0,0.16,0.0,0.3,0.0,1.75
2025-12-19 14:00:00+00:00,0.05,0.18,0.01,1.12,0.45,1.42,0.0,1.09,0.0,0.17,0.0,0.3,0.0,1.64
2025-12-19 15:00:00+00:00,0.08,0.35,0.0,1.11,0.03,1.4,0.0,1.2,0.0,0.21,0.0,0.29,0.0,1.48
2025-12-19 16:00:00+00:00,0.01,0.3,0.0,1.1,0.0,1.53,0.0,1.04,0.0,0.2,0.0,1.07,0.0,1.4
2025-12-19 17:00:00+00:00,0.01,0.3,0.0,0.96,0.0,1.87,0.0,0.6,0.0,0.15,0.0,0.31,0.0,1.41
2025-12-19 18:00:00+00:00,0.01,0.28,0.0,0.3,0.0,3.87,0.0,0.49,0.0,0.17,0.0,0.4,0.0,1.39
2025-12-19 19:00:00+00:00,0.01,0.68,0.0,0.3,0.0,3.47,0.0,0.25,0.0,0.17,0.0,0.35,0.0,1.4
2025-12-19 20:00:00+00:00,0.0,0.29,0.0,0.3,0.0,1.51,0.0,0.29,0.0,0.21,0.0,0.32,0.0,1.37
2025-12-19 21:00:00+00:00,0.0,0.25,0.0,0.31,0.0,1.41,0.0,0.11,0.0,0.16,0.0,0.82,0.0,1.39
2025-12-19 22:00:00+00:00,0.0,0.27,0.0,0.31,0.0,1.34,0.0,0.1,0.0,0.17,0.0,0.29,0.0,1.4
2025-12-19 23:00:00+00:00,0.0,0.25,0.0,0.3,0.0,1.26,0.0,0.11,0.0,0.15,0.0,0.3,0.0,1.38
2025-12-20 00:00:00+00:00,0.0,0.28,0.0,0.28,0.0,4.42,0.0,0.13,0.0,0.18,0.0,0.3,0.0,1.38
2025-12-20 01:00:00+00:00,0.0,0.26,0.0,0.28,0.0,1.52,0.0,0.26,0.0,0.16,0.0,0.3,0.0,1.39
2025-12-20 02:00:00+00:00,0.0,0.26,0.0,0.32,0.0,1.26,0.0,0.25,0.0,0.16,0.0,0.3,0.0,1.39
2025-12-20 03:00:00+00:00,0.0,0.27,0.0,0.3,0.0,1.27,0.0,0.26,0.0,0.14,0.0,0.3,0.0,1.41
2025-12-20 04:00:00+00:00,0.0,0.88,0.0,0.31,0.0,1.25,0.0,0.26,0.0,0.18,0.0,0.3,0.0,1.39
2025-12-20 05:00:00+00:00,0.01,0.36,0.0,0.31,0.0,1.78,0.0,0.25,0.0,0.15,0.0,0.3,0.0,1.38
2025-12-20 06:00:00+00:00,0.01,0.28,0.0,0.3,0.0,4.42,0.0,0.26,0.0,0.28,0.0,0.3,0.0,1.39
2025-12-20 07:00:00+00:00,0.05,0.23,0.0,0.26,0.12,1.37,0.0,0.26,0.0,0.6,0.0,0.28,0.0,1.38
2025-12-20 08:00:00+00:00,0.04,0.1,0.07,0.21,0.8,1.39,0.0,0.25,0.0,0.22,0.0,0.31,0.0,1.41
2025-12-20 09:00:00+00:00,0.14,0.18,0.23,0.21,3.01,1.38,0.0,0.27,0.0,0.17,0.0,0.26,0.0,1.38
2025-12-20 10:00:00+00:00,0.29,0.33,0.6,0.22,5.79,1.36,0.0,0.26,0.0,0.17,0.0,0.14,0.0,1.4
2025-12-20 11:00:00+00:00,0.37,0.37,0.48,0.25,5.05,3.37,0.0,0.24,0.0,0.17,0.0,0.19,0.0,1.39
2025-12-20 12:00:00+00:00,0.41,0.39,0.11,0.18,3.78,2.82,0.0,0.26,0.0,0.15,0.0,0.3,0.0,1.4
2025-12-20 13:00:00+00:00,0.18,0.66,0.14,0.17,2.25,1.32,0.0,0.26,0.0,0.18,0.0,0.31,0.0,1.36
2025-12-20 14:00:00+00:00,0.07,0.17,0.05,0.15,1.41,1.32,0.0,0.26,0.0,0.13,0.0,0.28,0.0,1.41
2025-12-20 15:00:00+00:00,0.07,0.23,0.0,0.21,0.04,1.57,0.0,0.25,0.0,0.16,0.0,0.3,0.0,1.39
2025-12-20 16:00:00+00:00,0.02,0.26,0.0,0.19,0.0,1.78,0.0,0.26,0.0,0.14,0.0,0.29,0.0,1.37
2025-12-20 17:00:00+00:00,0.01,0.3,0.0,0.19,0.0,3.81,0.0,0.26,0.0,0.14,0.0,0.31,0.0,1.39
2025-12-20 18:00:00+00:00,0.01,0.31,0.0,0.18,0.0,2.75,0.0,0.25,0.0,0.16,0.0,0.3,0.0,1.38
2025-12-20 19:00:00+00:00,0.01,0.28,0.0,0.17,0.0,1.37,0.0,0.26,0.0,0.14,0.0,0.31,0.0,1.4
2025-12-20 20:00:00+00:00,0.0,0.29,0.0,0.2,0.0,1.46,0.0,0.26,0.0,0.17,0.0,0.3,0.0,1.37
2025-12-20 21:00:00+00:00,0.0,0.28,0.0,0.2,0.0,1.72,0.0,0.1,0.0,0.16,0.0,0.29,0.0,1.4
2025-12-20 22:00:00+00:00,0.0,0.26,0.0,0.2,0.0,1.47,0.0,0.11,0.0,0.16,0.0,0.3,0.0,1.39
2025-12-20 23:00:00+00:00,0.0,0.27,0.0,0.21,0.0,3.75,0.0,0.11,0.0,0.16,0.0,0.29,0.0,1.4
2025-12-21 00:00:00+00:00,0.0,0.67,0.0,0.21,0.0,2.26,0.0,0.1,0.0,0.16,0.0,0.31,0.0,1.39
2025-12-21 01:00:00+00:00,0.0,0.28,0.0,0.21,0.0,1.25,0.0,0.25,0.0,0.15,0.0,0.31,0.0,1.4
2025-12-21 02:00:00+00:00,0.0,0.26,0.0,0.19,0.0,1.25,0.0,0.26,0.0,0.16,0.0,0.3,0.0,1.4
2025-12-21 03:00:00+00:00,0.0,0.27,0.0,0.19,0.0,1.27,0.0,0.25,0.0,0.13,0.0,0.3,0.0,1.39
2025-12-21 04:00:00+00:00,0.0,0.26,0.0,0.23,0.0,1.26,0.0,0.26,0.0,0.16,0.0,0.3,0.0,1.4
2025-12-21 05:00:00+00:00,0.01,0.27,0.0,0.21,0.0,4.43,0.0,0.26,0.0,0.17,0.0,0.29,0.0,1.4
2025-12-21 06:00:00+00:00,0.01,0.26,0.0,0.21,0.0,1.77,0.0,0.25,0.0,0.16,0.0,0.3,0.0,1.4
2025-12-21 07:00:00+00:00,0.05,0.25,0.0,0.21,0.03,1.37,0.0,0.26,0.0,0.22,0.0,0.3,0.0,1.39
2025-12-21 08:00:00+00:00,0.06,0.23,0.0,0.22,0.22,1.36,0.0,0.26,0.0,0.2,0.0,0.31,0.0,1.4
2025-12-21 09:00:00+00:00,0.04,0.14,0.01,0.22,0.5,1.38,0.0,0.25,0.0,0.2,0.0,0.31,0.0,1.39
2025-12-21 10:00:00+00:00,0.05,0.44,0.03,0.21,1.15,1.33,0.0,0.26,0.0,0.18,0.0,0.3,0.0,1.4
2025-12-21 11:00:00+00:00,0.01,0.03,0.03,0.21,1.08,5.07,0.0,0.26,0.0,0.14,0.0,0.29,0.0,1.37
2025-12-21 12:00:00+00:00,0.04,0.12,0.01,0.28,0.73,1.6,0.0,0.25,0.0,0.17,0.0,0.3,0.0,1.41
2025-12-21 13:00:00+00:00,0.05,0.16,0.0,0.3,0.51,1.68,0.0,0.26,0.0,0.16,0.0,0.28,0.0,1.38
2025-12-21 14:00:00+00:00,0.06,0.23,0.0,0.32,0.22,1.49,0.0,0.26,0.0,0.13,0.0,0.3,0.0,1.41
2025-12-21 15:00:00+00:00,0.08,0.29,0.0,0.31,0.0,1.38,0.0,0.25,0.0,0.15,0.0,0.3,0.0,1.37
2025-12-21 16:00:00+00:00,0.01,0.28,0.0,0.29,0.0,1.89,0.0,0.26,0.0,0.15,0.0,0.31,0.0,1.39
2025-12-21 17:00:00+00:00,0.01,0.3,0.0,0.32,0.0,4.95,0.0,0.26,0.0,0.19,0.0,0.3,0.0,1.39
2025-12-21 18:00:00+00:00,0.01,0.28,0.0,0.32,0.0,1.7,0.0,0.25,0.0,0.2,0.0,0.29,0.0,1.39
2025-12-21 19:00:00+00:00,0.01,0.64,0.0,0.31,0.0,1.61,0.0,0.26,0.0,0.17,0.0,0.3,0.0,1.4
2025-12-21 20:00:00+00:00,0.0,0.28,0.0,0.3,0.0,1.46,0.0,0.26,0.0,0.18,0.0,0.29,0.0,1.38
2025-12-21 21:00:00+00:00,0.0,0.26,0.0,0.3,0.0,1.2,0.0,0.1,0.0,0.16,0.0,0.29,0.0,1.4
2025-12-21 22:00:00+00:00,0.0,0.27,0.0,0.3,0.0,2.93,0.0,0.11,0.0,0.14,0.0,0.3,0.0,1.38
2025-12-21 23:00:00+00:00,0.0,0.25,0.0,0.3,0.0,2.96,0.0,0.11,0.0,0.18,0.0,0.31,0.0,1.41
2025-12-22 00:00:00+00:00,0.0,0.28,0.0,0.3,0.0,1.18,0.0,0.1,0.0,0.15,0.0,0.31,0.0,1.37
2025-12-22 01:00:00+00:00,0.0,0.25,0.0,0.3,0.0,1.17,0.0,0.25,0.0,0.18,0.0,0.3,0.0,1.41
2025-12-22 02:00:00+00:00,0.0,0.26,0.0,0.3,0.0,1.16,0.0,0.25,0.0,0.17,0.0,0.3,0.0,1.37
2025-12-22 03:00:00+00:00,0.0,0.52,0.0,0.3,0.0,1.17,0.0,0.25,0.0,0.15,0.0,0.3,0.0,1.41
2025-12-22 04:00:00+00:00,0.0,0.8,0.0,0.28,0.0,3.97,0.0,0.26,0.0,0.19,0.0,0.28,0.0,1.38
2025-12-22 05:00:00+00:00,0.01,0.26,0.0,0.29,0.0,1.94,0.0,0.25,0.0,0.16,0.0,0.3,0.0,1.43
2025-12-22 06:00:00+00:00,0.01,0.27,0.0,0.32,0.0,1.76,0.0,0.26,0.0,0.16,0.0,0.3,0.0,1.42
2025-12-22 07:00:00+00:00,0.05,0.3,0.0,0.42,0.03,1.86,0.0,0.41,0.0,0.16,0.0,0.31,0.0,1.56
2025-12-22 08:00:00+00:00,0.07,0.28,0.0,0.58,0.39,1.34,0.0,0.41,0.0,0.18,0.0,0.3,0.0,1.75
2025-12-22 09:00:00+00:00,0.06,0.17,0.03,0.74,0.87,1.43,0.0,0.4,0.0,0.23,0.0,0.29,0.0,1.66
2025-12-22 10:00:00+00:00,0.17,0.21,0.09,0.71,2.17,4.36,0.0,0.42,0.0,0.2,0.0,0.31,0.0,1.64
2025-12-22 11:00:00+00:00,0.36,0.36,0.15,0.65,2.8,1.19,0.0,0.46,0.0,0.2,0.0,0.29,0.0,1.52
2025-12-22 12:00:00+00:00,0.05,0.09,0.06,0.64,1.52,1.52,0.0,0.41,0.0,0.18,0.0,0.29,0.0,1.55
2025-12-22 13:00:00+00:00,0.04,0.12,0.03,0.58,0.91,1.73,0.0,0.39,0.0,0.15,0.0,0.3,0.0,1.98
2025-12-22 14:00:00+00:00,0.07,0.58,0.01,0.55,0.54,1.56,0.0,0.42,0.0,0.16,0.0,0.31,0.0,1.84
2025-12-22 15:00:00+00:00,0.08,0.35,0.0,0.51,0.04,2.9,0.0,0.41,0.0,0.15,0.0,0.3,0.0,1.42
2025-12-22 16:00:00+00:00,0.02,0.38,0.0,1.08,0.0,4.17,0.0,0.4,0.0,0.13,0.0,0.3,0.0,1.43
2025-12-22 17:00:00+00:00,0.02,0.37,0.0,0.98,0.0,1.4,0.0,0.41,0.0,0.15,0.0,0.29,0.0,1.38
2025-12-22 18:00:00+00:00,0.02,0.39,0.0,0.2,0.0,1.46,0.0,0.42,0.0,0.15,0.0,0.3,0.0,1.42
2025-12-22 19:00:00+00:00,0.02,0.39,0.0,0.22,0.0,1.9,0.0,0.39,0.0,0.15,0.0,0.28,0.0,1.38
2025-12-22 20:00:00+00:00,0.0,0.37,0.0,0.23,0.0,1.93,0.0,0.4,0.0,0.17,0.0,0.3,0.0,1.42
2025-12-22 21:00:00+00:00,0.0,0.36,0.0,0.21,0.0,3.44,0.0,0.25,0.0,0.15,0.0,0.3,0.0,1.39
2025-12-22 22:00:00+00:00,0.0,0.35,0.0,0.21,0.0,2.89,0.0,0.27,0.0,0.17,0.0,0.3,0.0,1.4
2025-12-22 23:00:00+00:00,0.0,0.37,0.0,0.21,0.0,1.07,0.0,0.26,0.0,0.18,0.0,0.3,0.0,1.39
2025-12-23 00:00:00+00:00,0.0,0.5,0.0,0.21,0.0,1.06,0.0,0.25,0.0,0.16,0.0,0.29,0.0,1.39
2025-12-23 01:00:00+00:00,0.0,0.59,0.0,0.21,0.0,1.06,0.0,0.41,0.0,0.19,0.0,0.3,0.0,1.41
2025-12-23 02:00:00+00:00,0.0,0.35,0.0,0.21,0.0,1.06,0.0,0.42,0.0,0.17,0.0,0.29,0.0,1.39
2025-12-23 03:00:00+00:00,0.0,0.37,0.0,0.21,0.0,3.71,0.0,0.4,0.0,0.17,0.0,0.29,0.0,1.43
2025-12-23 04:00:00+00:00,0.0,0.35,0.0,0.21,0.0,1.96,0.0,0.42,0.0,0.18,0.0,0.29,0.0,1.39
2025-12-23 05:00:00+00:00,0.01,0.36,0.0,0.21,0.0,1.12,0.0,0.41,0.0,0.15,0.0,0.3,0.0,1.42
2025-12-23 06:00:00+00:00,0.01,0.33,0.0,0.2,0.0,1.18,0.0,0.45,0.0,0.15,0.0,0.3,0.0,1.38
2025-12-23 07:00:00+00:00,0.04,0.34,0.0,0.22,0.0,1.21,0.0,0.64,0.0,0.15,0.0,0.3,0.0,2.14
2025-12-23 08:00:00+00:00,0.05,0.21,0.0,0.75,0.23,1.17,0.0,0.53,0.0,0.15,0.0,0.3,0.0,1.42
2025-12-23 09:00:00+00:00,0.05,0.19,0.0,1.63,0.4,4.76,0.0,0.63,0.0,0.22,0.0,0.3,0.0,1.47
2025-12-23 10:00:00+00:00,0.05,0.51,0.01,1.59,0.67,1.79,0.0,0.54,0.0,0.22,0.0,0.28,0.0,1.45
2025-12-23 11:00:00+00:00,0.03,0.12,0.01,1.46,0.69,1.85,0.0,0.48,0.0,0.19,0.0,0.3,0.0,1.45
2025-12-23 12:00:00+00:00,0.04,0.13,0.01,1.45,0.69,1.71,0.0,0.61,0.0,0.17,0.0,0.3,0.0,1.45
2025-12-23 13:00:00+00:00,0.05,0.18,0.0,0.34,0.41,1.41,0.0,0.52,0.0,0.14,0.0,0.31,0.0,1.44
2025-12-23 14:00:00+00:00,0.07,0.28,0.0,0.22,0.09,1.48,0.0,0.55,0.0,0.17,0.0,0.3,0.0,1.48
2025-12-23 15:00:00+00:00,0.07,0.29,0.0,0.23,0.0,4.47,0.0,0.52,0.0,0.16,0.0,0.29,0.0,1.38
2025-12-23 16:00:00+00:00,0.01,0.28,0.0,0.21,0.0,1.32,0.0,0.43,0.0,0.16,0.0,0.3,0.0,1.41
2025-12-23 17:00:00+00:00,0.01,0.29,0.0,0.21,0.0,1.18,0.0,0.26,0.0,0.17,0.0,0.29,0.0,1.38
2025-12-23 18:00:00+00:00,0.01,0.29,0.0,0.22,0.0,1.14,0.0,0.33,0.0,0.15,0.0,0.29,0.0,1.39
2025-12-23 19:00:00+00:00,0.01,0.29,0.0,0.21,0.0,1.21,0.0,0.25,0.0,0.17,0.0,0.29,0.0,1.39
2025-12-23 20:00:00+00:00,0.0,0.7,0.0,0.2,0.0,2.88,0.0,0.26,0.0,0.16,0.0,0.3,0.0,1.39
2025-12-23 21:00:00+00:00,0.0,0.26,0.0,0.22,0.0,3.24,0.0,0.1,0.0,0.16,0.0,0.3,0.0,1.4
2025-12-23 22:00:00+00:00,0.0,0.27,0.0,0.21,0.0,1.24,0.0,0.11,0.0,0.18,0.0,0.29,0.0,1.4
2025-12-23 23:00:00+00:00,0.0,0.27,0.0,0.21,0.0,1.08,0.0,0.11,0.0,0.15,0.0,0.3,0.0,1.41
2025-12-24 00:00:00+00:00,0.0,0.27,0.0,0.21,0.0,1.03,0.0,0.1,0.0,0.18,0.0,0.3,0.0,1.38
2025-12-24 01:00:00+00:00,0.0,0.27,0.0,0.21,0.0,1.02,0.0,0.25,0.0,0.18,0.0,0.28,0.0,1.4
2025-12-24 02:00:00+00:00,0.0,0.45,0.0,0.21,0.0,3.58,0.0,0.25,0.0,0.16,0.0,0.3,0.0,1.38
2025-12-24 03:00:00+00:00,0.0,0.48,0.0,0.21,0.0,2.03,0.0,0.24,0.0,0.18,0.0,0.3,0.0,1.41
2025-12-24 04:00:00+00:00,0.0,0.29,0.0,0.21,0.0,1.04,0.0,0.27,0.0,0.13,0.0,0.31,0.0,1.37
2025-12-24 05:00:00+00:00,0.01,0.67,0.0,0.21,0.0,1.12,0.0,0.25,0.0,0.15,0.0,0.31,0.0,1.42
2025-12-24 06:00:00+00:00,0.01,0.27,0.0,0.21,0.0,1.17,0.0,0.24,0.0,0.17,0.0,0.29,0.0,1.37
2025-12-24 07:00:00+00:00,0.04,0.29,0.0,0.21,0.0,1.18,0.0,0.44,0.0,0.15,0.0,0.3,0.0,1.41
2025-12-24 08:00:00+00:00,0.06,0.27,0.0,0.2,0.07,4.79,0.0,0.39,0.0,0.18,0.0,0.29,0.0,1.37
2025-12-24 09:00:00+00:00,0.07,0.27,0.0,0.23,0.1,1.28,0.0,0.4,0.0,0.21,0.0,0.29,0.0,1.41
2025-12-24 10:00:00+00:00,0.06,0.24,0.0,0.34,0.14,1.14,0.0,0.41,0.0,0.21,0.0,0.29,0.0,1.39
2025-12-24 11:00:00+00:00,0.06,0.24,0.0,0.32,0.13,1.17,0.0,0.39,0.0,0.18,0.0,0.3,0.0,1.39
2025-12-24 12:00:00+00:00,0.06,0.25,0.0,0.31,0.11,1.14,0.0,0.41,0.0,0.13,0.0,0.3,0.0,1.4
2025-12-24 13:00:00+00:00,0.07,0.29,0.0,0.32,0.04,1.38,0.0,0.4,0.0,0.17,0.0,0.3,0.0,1.39
2025-12-24 14:00:00+00:00,0.07,0.3,0.0,0.32,0.0,4.27,0.0,0.4,0.0,0.15,0.0,0.3,0.0,1.41
2025-12-24 15:00:00+00:00,0.09,0.71,0.0,0.31,0.0,1.13,0.0,0.41,0.0,0.16,0.0,0.29,0.0,1.38
2025-12-24 16:00:00+00:00,0.01,0.29,0.0,0.31,0.0,1.24,0.0,0.41,0.0,0.18,0.0,0.28,0.0,1.42
2025-12-24 17:00:00+00:00,0.01,0.29,0.0,0.31,0.0,1.29,0.0,0.26,0.0,0.15,0.0,0.29,0.0,1.38
2025-12-24 18:00:00+00:00,0.01,0.29,0.0,0.32,0.0,1.15,0.0,0.26,0.0,0.18,0.0,0.3,0.0,1.43
2025-12-24 19:00:00+00:00,0.01,0.29,0.0,0.32,0.0,2.89,0.0,0.25,0.0,0.18,0.0,0.3,0.0,1.38
2025-12-24 20:00:00+00:00,0.0,0.29,0.0,0.31,0.0,2.88,0.0,0.26,0.0,0.18,0.0,0.3,0.0,1.44
2025-12-24 21:00:00+00:00,0.0,0.26,0.0,0.31,0.0,1.22,0.0,0.11,0.0,0.19,0.0,0.29,0.0,1.37
2025-12-24 22:00:00+00:00,0.0,0.28,0.0,0.26,0.0,1.19,0.0,0.1,0.0,0.15,0.0,0.3,0.0,1.42
2025-12-24 23:00:00+00:00,0.0,0.26,0.0,0.24,0.0,0.99,0.0,0.11,0.0,0.17,0.0,0.28,0.0,1.38
2025-12-25 00:00:00+00:00,0.0,0.28,0.0,0.22,0.0,1.0,0.0,0.11,0.0,0.16,0.0,0.29,0.0,1.41
2025-12-25 01:00:00+00:00,0.0,0.28,0.0,0.22,0.0,3.64,0.0,0.25,0.0,0.16,0.0,0.3,0.0,1.38
2025-12-25 02:00:00+00:00,0.0,0.61,0.0,0.22,0.0,1.84,0.0,0.28,0.0,0.18,0.0,0.3,0.0,1.41
2025-12-25 03:00:00+00:00,0.0,0.26,0.0,0.22,0.0,0.99,0.0,0.25,0.0,0.16,0.0,0.3,0.0,1.4
2025-12-25 04:00:00+00:00,0.0,0.26,0.0,0.22,0.0,0.98,0.0,0.26,0.0,0.19,0.0,0.3,0.0,1.4
2025-12-25 05:00:00+00:00,0.01,0.26,0.0,0.22,0.0,1.05,0.0,0.26,0.0,0.19,0.0,0.29,0.0,1.41
2025-12-25 06:00:00+00:00,0.01,0.26,0.0,0.22,0.0,1.11,0.0,0.25,0.0,0.16,0.0,0.3,0.0,1.39
2025-12-25 07:00:00+00:00,0.05,0.25,0.01,0.22,0.1,4.56,0.0,0.42,0.0,0.15,0.0,0.28,0.0,1.42
2025-12-25 08:00:00+00:00,0.05,0.16,0.0,0.21,0.53,1.09,0.0,0.42,0.0,0.17,0.0,0.3,0.0,1.38
2025-12-25 09:00:00+00:00,0.02,0.06,0.02,0.22,0.9,1.39,0.0,0.41,0.0,0.2,0.0,0.3,0.0,1.42
2025-12-25 10:00:00+00:00,0.05,0.47,0.02,0.2,1.11,1.33,0.0,0.42,0.0,0.2,0.0,0.31,0.0,1.38
2025-12-25 11:00:00+00:00,0.03,0.05,0.04,0.21,1.3,1.23,0.0,0.44,0.0,0.15,0.0,0.3,0.0,1.44
2025-12-25 12:00:00+00:00,0.02,0.04,0.02,0.23,0.97,1.52,0.0,0.4,0.0,0.18,0.0,0.29,0.0,1.37
2025-12-25 13:00:00+00:00,0.04,0.15,0.0,0.21,0.59,4.1,0.0,0.42,0.0,0.16,0.0,0.31,0.0,1.42
2025-12-25 14:00:00+00:00,0.06,0.25,0.0,0.23,0.22,1.25,0.0,0.42,0.0,0.17,0.0,0.29,0.0,1.38
2025-12-25 15:00:00+00:00,0.07,0.28,0.0,0.23,0.01,1.34,0.0,0.41,0.0,0.18,0.0,0.29,0.0,1.41
2025-12-25 16:00:00+00:00,0.02,0.29,0.0,0.21,0.0,1.23,0.0,0.41,0.0,0.13,0.0,0.3,0.0,1.38
2025-12-25 17:00:00+00:00,0.01,0.28,0.0,0.21,0.0,1.19,0.0,0.26,0.0,0.15,0.0,0.31,0.0,1.4
2025-12-25 18:00:00+00:00,0.01,0.29,0.0,0.21,0.0,3.03,0.0,0.26,0.0,0.17,0.0,0.3,0.0,1.39
2025-12-25 19:00:00+00:00,0.01,0.29,0.0,0.21,0.0,2.93,0.0,0.25,0.0,0.2,0.0,0.3,0.0,1.41
2025-12-25 20:00:00+00:00,0.0,0.66,0.0,0.21,0.0,1.38,0.0,0.26,0.0,0.2,0.0,0.3,0.0,1.41
2025-12-25 21:00:00+00:00,0.0,0.28,0.0,0.28,0.0,1.22,0.0,0.11,0.0,0.18,0.0,0.3,0.0,1.4
2025-12-25 22:00:00+00:00,0.0,0.26,0.0,0.3,0.0,1.05,0.0,0.1,0.0,0.21,0.0,0.28,0.0,1.43
2025-12-25 23:00:00+00:00,0.0,0.35,0.0,0.26,0.0,1.01,0.0,0.11,0.0,0.19,0.0,0.3,0.0,1.39
2025-12-26 00:00:00+00:00,0.0,0.56,0.0,0.2,0.0,3.5,0.0,0.11,0.0,0.2,0.0,0.3,0.0,1.44
2025-12-26 01:00:00+00:00,0.0,0.27,0.0,0.2,0.0,1.98,0.0,0.24,0.0,0.2,0.0,0.31,0.0,1.39
2025-12-26 02:00:00+00:00,0.0,0.26,0.0,0.24,0.0,1.04,0.0,0.26,0.0,0.18,0.0,0.3,0.0,1.43
2025-12-26 03:00:00+00:00,0.0,0.27,0.0,0.21,0.0,1.04,0.0,0.26,0.0,0.2,0.0,0.29,0.0,1.39
2025-12-26 04:00:00+00:00,0.0,0.67,0.0,0.21,0.0,1.04,0.0,0.25,0.0,0.19,0.0,0.31,0.0,1.43
2025-12-26 05:00:00+00:00,0.01,0.26,0.0,0.21,0.0,1.1,0.0,0.26,0.0,0.19,0.0,0.29,0.0,1.39
2025-12-26 06:00:00+00:00,0.01,0.27,0.0,0.21,0.0,4.57,0.0,0.26,0.0,0.2,0.0,0.29,0.0,1.42
2025-12-26 07:00:00+00:00,0.04,0.28,0.0,0.22,0.01,1.32,0.0,0.41,0.0,0.19,0.0,0.3,0.0,1.4
2025-12-26 08:00:00+00:00,0.06,0.18,0.0,0.22,0.33,1.16,0.0,0.42,0.0,0.24,0.0,0.31,0.0,1.43
2025-12-26 09:00:00+00:00,0.03,0.12,0.01,0.21,0.69,1.25,0.0,0.41,0.0,0.19,0.0,0.31,0.0,1.4
2025-12-26 10:00:00+00:00,0.02,0.05,0.02,0.21,0.99,1.16,0.0,0.42,0.0,0.19,0.0,0.29,0.0,1.43
2025-12-26 11:00:00+00:00,0.01,0.02,0.02,0.21,1.01,1.57,0.0,0.42,0.0,0.21,0.0,0.31,0.0,1.39
2025-12-26 12:00:00+00:00,0.03,0.09,0.01,0.22,0.81,4.24,0.0,0.41,0.0,0.18,0.0,0.3,0.0,1.42
2025-12-26 13:00:00+00:00,0.05,0.18,0.0,0.21,0.45,1.41,0.0,0.42,0.0,0.2,0.0,0.29,0.0,1.4
2025-12-26 14:00:00+00:00,0.07,0.62,0.0,0.22,0.19,1.35,0.0,0.42,0.0,0.2,0.0,0.29,0.0,1.43
2025-12-26 15:00:00+00:00,0.07,0.29,0.0,0.25,0.0,1.28,0.0,0.41,0.0,0.18,0.0,0.3,0.0,1.4
2025-12-26 16:00:00+00:00,0.02,0.29,0.0,0.21,0.0,1.37,0.0,0.4,0.0,0.2,0.0,0.3,0.0,1.41
2025-12-26 17:00:00+00:00,0.01,0.28,0.0,0.21,0.0,3.03,0.0,0.26,0.0,0.19,0.0,0.3,0.0,1.41
2025-12-26 18:00:00+00:00,0.01,0.28,0.0,0.21,0.0,2.9,0.0,0.26,0.0,0.19,0.0,0.29,0.0,1.41
2025-12-26 19:00:00+00:00,0.01,0.29,0.0,0.21,0.0,1.29,0.0,0.25,0.0,0.21,0.0,0.31,0.0,1.42
2025-12-26 20:00:00+00:00,0.0,0.28,0.0,0.22,0.0,1.23,0.0,0.26,0.0,0.17,0.0,0.29,0.0,1.41
2025-12-26 21:00:00+00:00,0.0,0.26,0.0,0.28,0.0,1.2,0.0,0.11,0.0,0.21,0.0,0.3,0.0,1.42
2025-12-26 22:00:00+00:00,0.0,0.26,0.0,0.3,0.0,1.09,0.0,0.1,0.0,0.2,0.0,0.29,0.0,1.4
2025-12-26 23:00:00+00:00,0.0,0.26,0.0,0.27,0.0,3.87,0.0,0.11,0.0,0.18,0.0,0.31,0.0,1.44
2025-12-27 00:00:00+00:00,0.0,0.48,0.0,0.22,0.0,1.76,0.0,0.11,0.0,0.21,0.0,0.3,0.0,1.4
2025-12-27 01:00:00+00:00,0.0,0.48,0.0,0.21,0.0,1.06,0.0,0.25,0.0,0.19,0.0,0.29,0.0,1.43
2025-12-27 02:00:00+00:00,0.0,0.26,0.0,0.2,0.0,1.03,0.0,0.26,0.0,0.2,0.0,0.31,0.0,1.4
2025-12-27 03:00:00+00:00,0.0,0.27,0.0,0.2,0.0,1.04,0.0,0.26,0.0,0.21,0.0,0.3,0.0,1.43
2025-12-27 04:00:00+00:00,0.0,0.26,0.0,0.23,0.0,1.04,0.0,0.25,0.0,0.17,0.0,0.29,0.0,1.4
2025-12-27 05:00:00+00:00,0.01,0.26,0.0,0.21,0.0,4.52,0.0,0.26,0.0,0.21,0.0,0.29,0.0,1.44
2025-12-27 06:00:00+00:00,0.01,0.26,0.0,0.21,0.0,1.18,0.0,0.26,0.0,0.21,0.0,0.31,0.0,1.39
2025-12-27 07:00:00+00:00,0.04,0.26,0.0,0.22,0.0,1.39,0.0,0.24,0.0,0.22,0.0,0.3,0.0,1.44
2025-12-27 08:00:00+00:00,0.06,0.22,0.0,0.23,0.21,1.18,0.0,0.25,0.0,0.22,0.0,0.29,0.0,1.39
2025-12-27 09:00:00+00:00,0.03,0.09,0.01,0.21,0.72,1.18,0.0,0.24,0.0,0.19,0.0,0.3,0.0,1.44
2025-12-27 10:00:00+00:00,0.02,0.18,0.02,0.21,1.03,2.39,0.0,0.25,0.0,0.19,0.0,0.31,0.0,1.39
2025-12-27 11:00:00+00:00,0.07,0.36,0.04,0.21,1.27,3.59,0.0,0.26,0.0,0.21,0.0,0.28,0.0,1.44
2025-12-27 12:00:00+00:00,0.08,0.13,0.06,0.22,1.61,1.19,0.0,0.25,0.0,0.18,0.0,0.3,0.0,1.38
2025-12-27 13:00:00+00:00,0.02,0.05,0.03,0.22,1.08,1.23,0.0,0.26,0.0,0.2,0.0,0.3,0.0,1.45
2025-12-27 14:00:00+00:00,0.05,0.21,0.0,0.22,0.42,1.42,0.0,0.26,0.0,0.2,0.0,0.3,0.0,1.38
2025-12-27 15:00:00+00:00,0.07,0.26,0.0,0.22,0.04,1.18,0.0,0.25,0.0,0.18,0.0,0.3,0.0,1.44
2025-12-27 16:00:00+00:00,0.02,0.29,0.0,0.2,0.0,3.55,0.0,0.26,0.0,0.21,0.0,0.29,0.0,1.38
2025-12-27 17:00:00+00:00,0.01,0.29,0.0,0.22,0.0,2.5,0.0,0.26,0.0,0.19,0.0,0.31,0.0,1.44
2025-12-27 18:00:00+00:00,0.01,0.29,0.0,0.23,0.0,1.2,0.0,0.25,0.0,0.2,0.0,0.29,0.0,1.39
2025-12-27 19:00:00+00:00,0.01,0.28,0.0,0.22,0.0,1.19,0.0,0.25,0.0,0.21,0.0,0.29,0.0,1.45
2025-12-27 20:00:00+00:00,0.0,0.68,0.0,0.21,0.0,1.3,0.0,0.25,0.0,0.18,0.0,0.29,0.0,1.39
2025-12-27 21:00:00+00:00,0.0,0.45,0.0,0.28,0.0,1.29,0.0,0.1,0.0,0.2,0.0,0.3,0.0,1.44
2025-12-27 22:00:00+00:00,0.0,0.49,0.0,0.3,0.0,4.57,0.0,0.11,0.0,0.2,0.0,0.31,0.0,1.4
2025-12-27 23:00:00+00:00,0.0,0.26,0.0,0.26,0.0,1.14,0.0,0.11,0.0,0.18,0.0,0.3,0.0,1.44
2025-12-28 00:00:00+00:00,0.0,0.26,0.0,0.22,0.0,1.08,0.0,0.1,0.0,0.21,0.0,0.3,0.0,1.4
2025-12-28 01:00:00+00:00,0.0,0.26,0.0,0.21,0.0,1.08,0.0,0.25,0.0,0.19,0.0,0.3,0.0,1.44
2025-12-28 02:00:00+00:00,0.0,0.26,0.0,0.21,0.0,1.09,0.0,0.24,0.0,0.19,0.0,0.28,0.0,1.4
2025-12-28 03:00:00+00:00,0.0,0.26,0.0,0.21,0.0,1.61,0.0,0.25,0.0,0.21,0.0,0.3,0.0,1.42
2025-12-28 04:00:00+00:00,0.0,0.26,0.0,0.21,0.0,4.08,0.0,0.25,0.0,0.18,0.0,0.29,0.0,1.41
2025-12-28 05:00:00+00:00,0.01,0.67,0.0,0.2,0.0,1.24,0.0,0.24,0.0,0.2,0.0,0.31,0.0,1.43
2025-12-28 06:00:00+00:00,0.01,0.26,0.0,0.21,0.0,1.3,0.0,0.25,0.0,0.23,0.0,0.3,0.0,1.41
2025-12-28 07:00:00+00:00,0.04,0.24,0.0,0.24,0.03,1.39,0.0,0.25,0.0,0.22,0.0,0.29,0.0,1.43
2025-12-28 08:00:00+00:00,0.04,0.12,0.02,0.21,0.66,1.4,0.0,0.24,0.0,0.21,0.0,0.31,0.0,1.42
2025-12-28 09:00:00+00:00,0.05,0.07,0.07,0.22,1.45,3.43,0.0,0.25,0.0,0.21,0.0,0.3,0.0,1.42
2025-12-28 10:00:00+00:00,0.21,0.25,0.12,0.21,2.14,2.79,0.0,0.25,0.0,0.19,0.0,0.29,0.0,1.41
2025-12-28 11:00:00+00:00,0.24,0.25,0.2,0.21,2.55,1.16,0.0,0.24,0.0,0.21,0.0,0.29,0.0,1.44
2025-12-28 12:00:00+00:00,0.19,0.19,0.12,0.21,2.15,1.18,0.0,0.25,0.0,0.17,0.0,0.3,0.0,1.41
2025-12-28 13:00:00+00:00,0.33,0.34,0.13,0.21,3.31,1.14,0.0,0.24,0.0,0.17,0.0,0.92,0.0,1.4
2025-12-28 14:00:00+00:00,0.04,0.1,0.06,0.21,1.3,1.2,0.0,0.25,0.0,0.18,0.0,0.3,0.0,1.46
2025-12-28 15:00:00+00:00,0.07,0.61,0.0,0.22,0.08,3.8,0.0,0.25,0.0,0.23,0.0,0.3,0.0,1.45
2025-12-28 16:00:00+00:00,0.03,0.38,0.0,0.21,0.0,2.14,0.0,0.24,0.0,0.27,0.0,0.24,0.0,1.41
2025-12-28 17:00:00+00:00,0.01,0.28,0.0,0.22,0.0,1.27,0.0,0.25,0.0,0.9,0.0,0.15,0.0,1.41
2025-12-28 18:00:00+00:00,0.01,0.31,0.0,0.2,0.0,1.15,0.0,0.24,0.0,0.24,0.0,0.34,0.0,1.41
2025-12-28 19:00:00+00:00,0.01,0.3,0.0,0.21,0.0,1.15,0.0,0.25,0.0,0.25,0.0,0.16,0.0,1.43
2025-12-28 20:00:00+00:00,0.0,0.29,0.0,0.25,0.0,1.3,0.0,0.26,0.0,0.24,0.0,0.36,0.0,1.41
2025-12-28 21:00:00+00:00,0.0,0.27,0.0,0.3,0.0,4.66,0.0,0.1,0.0,0.21,0.0,0.91,0.0,1.42
2025-12-28 22:00:00+00:00,0.0,0.26,0.0,0.3,0.0,1.21,0.0,0.11,0.0,0.2,0.0,0.18,0.0,1.41
2025-12-28 23:00:00+00:00,0.0,0.26,0.0,0.24,0.0,1.13,0.0,0.11,0.0,0.25,0.0,0.16,0.0,1.41
2025-12-29 00:00:00+00:00,0.0,0.26,0.0,0.21,0.0,1.12,0.0,0.1,0.0,0.19,0.0,0.13,0.0,1.41
2025-12-29 01:00:00+00:00,0.0,0.27,0.0,0.21,0.0,1.13,0.0,0.25,0.0,0.19,0.0,0.25,0.0,1.42
2025-12-29 02:00:00+00:00,0.0,0.69,0.0,0.21,0.0,1.5,0.0,0.25,0.0,0.21,0.0,0.29,0.0,1.41
2025-12-29 03:00:00+00:00,0.0,0.26,0.0,0.21,0.0,4.38,0.0,0.25,0.0,0.18,0.0,0.31,0.0,1.42
2025-12-29 04:00:00+00:00,0.0,0.26,0.0,0.21,0.0,1.15,0.0,0.24,0.0,0.2,0.0,0.3,0.0,1.4
2025-12-29 05:00:00+00:00,0.01,0.26,0.0,0.21,0.0,1.21,0.0,0.24,0.0,0.21,0.0,0.3,0.0,1.42
2025-12-29 06:00:00+00:00,0.01,0.27,0.0,0.21,0.0,1.34,0.0,0.31,0.0,0.2,0.0,0.29,0.0,1.41
2025-12-29 07:00:00+00:00,0.04,0.29,0.0,0.2,0.0,1.32,0.0,0.42,0.0,0.26,0.0,0.3,0.0,1.42
2025-12-29 08:00:00+00:00,0.06,0.24,0.0,0.23,0.22,2.88,0.0,0.41,0.0,0.19,0.0,0.26,0.0,1.41
2025-12-29 09:00:00+00:00,0.03,0.12,0.01,0.23,0.67,3.22,0.0,0.4,0.0,0.19,0.0,0.22,0.0,1.42
2025-12-29 10:00:00+00:00,0.02,0.05,0.02,0.21,0.99,1.28,0.0,0.42,0.0,0.21,0.0,0.17,0.0,1.4
2025-12-29 11:00:00+00:00,0.04,0.07,0.04,0.22,1.35,1.48,0.0,0.47,0.0,0.18,0.0,0.31,0.0,1.4
2025-12-29 12:00:00+00:00,0.14,0.56,0.06,0.21,1.66,1.39,0.0,0.41,0.0,0.2,0.0,0.3,0.0,1.4
2025-12-29 13:00:00+00:00,0.08,0.13,0.13,0.22,1.73,1.35,0.0,0.39,0.0,0.2,0.0,0.35,0.0,1.42
2025-12-29 14:00:00+00:00,0.04,0.09,0.07,0.21,1.3,4.01,0.0,0.42,0.0,0.16,0.0,0.3,0.0,1.41
2025-12-29 15:00:00+00:00,0.07,0.25,0.0,0.23,0.09,2.37,0.0,0.43,0.0,0.24,0.0,0.3,0.0,1.42
2025-12-29 16:00:00+00:00,0.02,0.27,0.0,0.23,0.0,1.25,0.0,0.41,0.0,0.21,0.0,0.22,0.0,1.4
2025-12-29 17:00:00+00:00,0.01,0.28,0.0,0.22,0.0,1.33,0.0,0.39,0.0,0.22,0.0,0.23,0.0,1.42
2025-12-29 18:00:00+00:00,0.01,0.29,0.0,0.22,0.0,1.44,0.0,0.41,0.0,0.24,0.0,0.76,0.0,1.41
2025-12-29 19:00:00+00:00,0.01,0.4,0.0,0.22,0.0,1.33,0.0,0.43,0.0,0.21,0.0,0.26,0.0,1.42
2025-12-29 20:00:00+00:00,0.0,0.58,0.0,0.21,0.0,4.75,0.0,0.4,0.0,0.24,0.0,0.16,0.0,1.41
2025-12-29 21:00:00+00:00,0.0,0.65,0.0,0.31,0.0,1.35,0.0,0.26,0.0,0.24,0.0,0.23,0.0,1.41
2025-12-29 22:00:00+00:00,0.0,0.26,0.0,0.31,0.0,1.43,0.0,0.26,0.0,0.22,0.0,0.31,0.0,1.42
2025-12-29 23:00:00+00:00,0.0,0.26,0.0,0.23,0.0,1.17,0.0,0.27,0.0,0.25,0.0,0.29,0.0,1.4
2025-12-30 00:00:00+00:00,0.0,0.26,0.0,0.23,0.0,1.15,0.0,0.25,0.0,0.23,0.0,0.29,0.0,1.42
2025-12-30 01:00:00+00:00,0.0,0.26,0.0,0.23,0.0,1.5,0.0,0.41,0.0,0.23,0.0,0.29,0.0,1.4
2025-12-30 02:00:00+00:00,0.0,0.26,0.0,0.22,0.0,4.41,0.0,0.41,0.0,0.24,0.0,0.31,0.0,1.42
2025-12-30 03:00:00+00:00,0.0,0.29,0.0,0.22,0.0,1.13,0.0,0.4,0.0,0.21,0.0,0.3,0.0,1.4
2025-12-30 04:00:00+00:00,0.0,0.26,0.0,0.22,0.0,1.13,0.0,0.41,0.0,0.24,0.0,0.3,0.0,1.42
2025-12-30 05:00:00+00:00,0.01,0.26,0.0,0.23,0.0,1.18,0.0,0.4,0.0,0.23,0.0,0.3,0.0,1.39
2025-12-30 06:00:00+00:00,0.01,0.67,0.0,0.22,0.0,1.26,0.0,0.41,0.0,0.22,0.0,0.29,0.0,1.42
2025-12-30 07:00:00+00:00,0.04,0.27,0.0,0.22,0.05,2.65,0.0,0.39,0.0,0.24,0.0,0.3,0.0,1.4
2025-12-30 08:00:00+00:00,0.04,0.14,0.01,0.21,0.57,3.5,0.0,0.41,0.0,0.22,0.0,0.29,0.0,1.42
2025-12-30 09:00:00+00:00,0.12,0.17,0.11,0.2,1.89,1.32,0.0,0.4,0.0,0.24,0.0,0.14,0.0,1.39
2025-12-30 10:00:00+00:00,0.16,0.21,0.09,0.22,1.94,1.29,0.0,0.4,0.0,0.24,0.0,0.15,0.0,1.43
2025-12-30 11:00:00+00:00,0.76,0.54,0.57,0.25,5.98,1.26,0.0,0.39,0.0,0.21,0.0,0.3,0.0,1.36
2025-12-30 12:00:00+00:00,0.42,0.37,0.22,0.22,3.28,1.21,0.0,0.4,0.0,0.24,0.0,0.31,0.0,1.43
2025-12-30 13:00:00+00:00,0.11,0.15,0.09,0.23,1.81,2.97,0.0,0.41,0.0,0.17,0.0,0.3,0.0,1.41
2025-12-30 14:00:00+00:00,0.05,0.15,0.0,0.22,0.45,2.94,0.0,0.39,0.0,0.18,0.0,0.29,0.0,1.43
2025-12-30 15:00:00+00:00,0.07,0.26,0.0,0.23,0.03,1.16,0.0,0.4,0.0,0.23,0.0,0.29,0.0,1.37
2025-12-30 16:00:00+00:00,0.02,0.7,0.0,0.23,0.0,1.11,0.0,0.39,0.0,0.2,0.0,0.3,0.0,1.43
2025-12-30 17:00:00+00:00,0.01,0.28,0.0,0.23,0.0,1.16,0.0,0.25,0.0,0.23,0.0,0.31,0.0,1.38
2025-12-30 18:00:00+00:00,0.01,0.29,0.0,0.23,0.0,1.15,0.0,0.24,0.0,0.24,0.0,0.3,0.0,1.42
2025-12-30 19:00:00+00:00,0.01,0.29,0.0,0.22,0.0,3.5,0.0,0.25,0.0,0.22,0.0,0.3,0.0,1.38
2025-12-30 20:00:00+00:00,0.0,0.29,0.0,0.31,0.0,2.41,0.0,0.24,0.0,0.24,0.0,0.31,0.0,1.43
2025-12-30 21:00:00+00:00,0.0,0.26,0.0,0.29,0.0,1.42,0.0,0.11,0.0,0.23,0.0,0.29,0.0,1.38
2025-12-30 22:00:00+00:00,0.0,0.26,0.0,0.21,0.0,1.14,0.0,0.1,0.0,0.23,0.0,0.29,0.0,1.43
2025-12-30 23:00:00+00:00,0.0,0.27,0.0,0.23,0.0,1.04,0.0,0.11,0.0,0.24,0.0,0.29,0.0,1.38
2025-12-31 00:00:00+00:00,0.0,0.26,0.0,0.25,0.0,1.04,0.0,0.1,0.0,0.21,0.0,0.31,0.0,1.44
2025-12-31 01:00:00+00:00,0.0,0.29,0.0,0.23,0.0,4.18,0.0,0.25,0.0,0.24,0.0,0.3,0.0,1.39
2025-12-31 02:00:00+00:00,0.0,0.69,0.0,0.22,0.0,1.51,0.0,0.24,0.0,0.23,0.0,0.29,0.0,1.44
2025-12-31 03:00:00+00:00,0.0,0.29,0.0,0.22,0.0,1.06,0.0,0.25,0.0,0.22,0.0,0.3,0.0,1.4
2025-12-31 04:00:00+00:00,0.0,0.27,0.0,0.22,0.0,1.05,0.0,0.24,0.0,0.24,0.0,0.29,0.0,1.45
2025-12-31 05:00:00+00:00,0.01,0.3,0.0,0.23,0.0,1.12,0.0,0.25,0.0,0.22,0.0,0.3,0.0,1.41
2025-12-31 06:00:00+00:00,0.01,0.28,0.0,0.23,0.0,1.24,0.0,0.26,0.0,0.24,0.0,0.28,0.0,1.44
2025-12-31 07:00:00+00:00,0.05,0.28,0.06,0.22,0.15,4.92,0.0,0.41,0.0,0.24,0.0,0.3,0.0,1.41
2025-12-31 08:00:00+00:00,0.03,0.09,0.43,0.28,1.93,1.53,0.0,0.41,0.0,0.22,0.0,0.3,0.0,1.44
2025-12-31 09:00:00+00:00,0.21,0.24,0.69,0.33,5.0,1.23,0.0,0.4,0.0,0.24,0.0,0.3,0.0,1.41
2025-12-31 10:00:00+00:00,0.52,0.46,0.63,0.27,6.97,1.14,0.0,0.4,0.0,0.2,0.0,0.3,0.0,1.43
2025-12-31 11:00:00+00:00,0.69,0.58,0.79,0.3,6.74,1.16,0.0,0.39,0.0,0.18,0.0,0.3,0.0,1.41
2025-12-31 12:00:00+00:00,0.82,0.91,0.05,0.21,5.63,1.78,0.0,0.41,0.0,0.19,0.0,0.29,0.0,1.42
2025-12-31 13:00:00+00:00,0.42,0.4,0.04,0.21,3.77,3.92,0.0,0.4,0.0,0.16,0.0,0.3,0.0,1.39
2025-12-31 14:00:00+00:00,0.09,0.15,0.03,0.19,1.77,1.12,0.0,0.42,0.0,0.19,0.0,0.28,0.0,1.41
2025-12-31 15:00:00+00:00,0.06,0.25,0.03,0.2,0.17,1.25,0.0,0.4,0.0,0.18,0.0,0.3,0.0,1.44
2025-12-31 16:00:00+00:00,0.04,0.27,0.0,0.19,0.0,1.36,0.0,0.41,0.0,0.17,0.0,0.29,0.0,1.41
2025-12-31 17:00:00+00:00,0.01,0.51,0.0,0.18,0.0,1.37,0.0,0.24,0.0,0.23,0.0,0.3,0.0,1.4
2025-12-31 18:00:00+00:00,0.01,0.49,0.0,0.19,0.0,1.86,0.0,0.25,0.0,0.21,0.0,0.3,0.0,1.42
2025-12-31 19:00:00+00:00,0.01,0.3,0.0,0.22,0.0,4.24,0.0,0.24,0.0,0.23,0.0,0.29,0.0,1.42
2025-12-31 20:00:00+00:00,0.0,0.29,0.0,0.22,0.0,1.36,0.0,0.25,0.0,0.23,0.0,0.27,0.0,1.43
2025-12-31 21:00:00+00:00,0.0,0.67,0.0,0.22,0.0,1.39,0.0,0.1,0.0,0.22,0.0,0.29,0.0,1.41
2025-12-31 22:00:00+00:00,0.0,0.3,0.0,0.21,0.0,1.45,0.0,0.11,0.0,0.24,0.0,0.29,0.0,1.44
2025-12-31 23:00:00+00:00,0.0,0.3,0.0,0.21,0.0,1.45,0.0,0.11,0.0,0.24,0.0,0.29,0.0,1.44
