start_time,price_dyn_eur_per_kwh
2025-01-01 00:00:00+00:00,0.09820000000000001
2025-01-01 01:00:00+00:00,0.0726
2025-01-01 02:00:00+00:00,0.06785
2025-01-01 03:00:00+00:00,0.06287
2025-01-01 04:00:00+00:00,0.05899
2025-01-01 05:00:00+00:00,0.06856999999999999
2025-01-01 06:00:00+00:00,0.07403
2025-01-01 07:00:00+00:00,0.07654999999999999
2025-01-01 08:00:00+00:00,0.0881
2025-01-01 09:00:00+00:00,0.08573
2025-01-01 10:00:00+00:00,0.07579999999999999
2025-01-01 11:00:00+00:00,0.07074
2025-01-01 12:00:00+00:00,0.06838
2025-01-01 13:00:00+00:00,0.06505
2025-01-01 14:00:00+00:00,0.08270999999999999
2025-01-01 15:00:00+00:00,0.1041
2025-01-01 16:00:00+00:00,0.10729999999999999
2025-01-01 17:00:00+00:00,0.1082
2025-01-01 18:00:00+00:00,0.10618000000000001
2025-01-01 19:00:00+00:00,0.10283
2025-01-01 20:00:00+00:00,0.10233
2025-01-01 21:00:00+00:00,0.10356
2025-01-01 22:00:00+00:00,0.10274
2025-01-01 23:00:00+00:00,0.10893000000000001
2025-01-02 00:00:00+00:00,0.10948999999999999
2025-01-02 01:00:00+00:00,0.1077
2025-01-02 02:00:00+00:00,0.107
2025-01-02 03:00:00+00:00,0.10629999999999999
2025-01-02 04:00:00+00:00,0.10682
2025-01-02 05:00:00+00:00,0.11095000000000001
2025-01-02 06:00:00+00:00,0.12537
2025-01-02 07:00:00+00:00,0.13208
2025-01-02 08:00:00+00:00,0.13340000000000002
2025-01-02 09:00:00+00:00,0.13097
2025-01-02 10:00:00+00:00,0.12745
2025-01-02 11:00:00+00:00,0.12481
2025-01-02 12:00:00+00:00,0.12635
2025-01-02 13:00:00+00:00,0.12894999999999998
2025-01-02 14:00:00+00:00,0.13459000000000002
2025-01-02 15:00:00+00:00,0.13813
2025-01-02 16:00:00+00:00,0.14359
2025-01-02 17:00:00+00:00,0.14457
2025-01-02 18:00:00+00:00,0.14112
2025-01-02 19:00:00+00:00,0.13532
2025-01-02 20:00:00+00:00,0.12573
2025-01-02 21:00:00+00:00,0.12585
2025-01-02 22:00:00+00:00,0.11599
2025-01-02 23:00:00+00:00,0.10858
2025-01-03 00:00:00+00:00,0.10715999999999999
2025-01-03 01:00:00+00:00,0.10682
2025-01-03 02:00:00+00:00,0.10443000000000001
2025-01-03 03:00:00+00:00,0.10574
2025-01-03 04:00:00+00:00,0.11043
2025-01-03 05:00:00+00:00,0.11832
2025-01-03 06:00:00+00:00,0.1274
2025-01-03 07:00:00+00:00,0.13508
2025-01-03 08:00:00+00:00,0.13413
2025-01-03 09:00:00+00:00,0.131
2025-01-03 10:00:00+00:00,0.12631
2025-01-03 11:00:00+00:00,0.12168999999999999
2025-01-03 12:00:00+00:00,0.12004000000000001
2025-01-03 13:00:00+00:00,0.12101
2025-01-03 14:00:00+00:00,0.12861
2025-01-03 15:00:00+00:00,0.13746
2025-01-03 16:00:00+00:00,0.14644
2025-01-03 17:00:00+00:00,0.14629
2025-01-03 18:00:00+00:00,0.1439
2025-01-03 19:00:00+00:00,0.13792
2025-01-03 20:00:00+00:00,0.13106
2025-01-03 21:00:00+00:00,0.12981
2025-01-03 22:00:00+00:00,0.12699
2025-01-03 23:00:00+00:00,0.12059
2025-01-04 00:00:00+00:00,0.11925
2025-01-04 01:00:00+00:00,0.11493
2025-01-04 02:00:00+00:00,0.11068
2025-01-04 03:00:00+00:00,0.11028
2025-01-04 04:00:00+00:00,0.11106
2025-01-04 05:00:00+00:00,0.1192
2025-01-04 06:00:00+00:00,0.12611
2025-01-04 07:00:00+00:00,0.13207
2025-01-04 08:00:00+00:00,0.13357
2025-01-04 09:00:00+00:00,0.13106
2025-01-04 10:00:00+00:00,0.12609
2025-01-04 11:00:00+00:00,0.12493000000000001
2025-01-04 12:00:00+00:00,0.12609
2025-01-04 13:00:00+00:00,0.12847
2025-01-04 14:00:00+00:00,0.13684000000000002
2025-01-04 15:00:00+00:00,0.14426
2025-01-04 16:00:00+00:00,0.15262
2025-01-04 17:00:00+00:00,0.14776
2025-01-04 18:00:00+00:00,0.14082
2025-01-04 19:00:00+00:00,0.13438999999999998
2025-01-04 20:00:00+00:00,0.12695
2025-01-04 21:00:00+00:00,0.1261
2025-01-04 22:00:00+00:00,0.11921
2025-01-04 23:00:00+00:00,0.1194
2025-01-05 00:00:00+00:00,0.11411
2025-01-05 01:00:00+00:00,0.11006999999999999
2025-01-05 02:00:00+00:00,0.10583
2025-01-05 03:00:00+00:00,0.10753
2025-01-05 04:00:00+00:00,0.1151
2025-01-05 05:00:00+00:00,0.11993999999999999
2025-01-05 06:00:00+00:00,0.12422
2025-01-05 07:00:00+00:00,0.1278
2025-01-05 08:00:00+00:00,0.12911
2025-01-05 09:00:00+00:00,0.12802000000000002
2025-01-05 10:00:00+00:00,0.12677
2025-01-05 11:00:00+00:00,0.1261
2025-01-05 12:00:00+00:00,0.12636
2025-01-05 13:00:00+00:00,0.13016
2025-01-05 14:00:00+00:00,0.1321
2025-01-05 15:00:00+00:00,0.13338999999999998
2025-01-05 16:00:00+00:00,0.13293000000000002
2025-01-05 17:00:00+00:00,0.1328
2025-01-05 18:00:00+00:00,0.13169999999999998
2025-01-05 19:00:00+00:00,0.12719
2025-01-05 20:00:00+00:00,0.11788
2025-01-05 21:00:00+00:00,0.11941
2025-01-05 22:00:00+00:00,0.12001
2025-01-05 23:00:00+00:00,0.11569
2025-01-06 00:00:00+00:00,0.10595
2025-01-06 01:00:00+00:00,0.09858
2025-01-06 02:00:00+00:00,0.09481
2025-01-06 03:00:00+00:00,0.09869
2025-01-06 04:00:00+00:00,0.11234000000000001
2025-01-06 05:00:00+00:00,0.12307
2025-01-06 06:00:00+00:00,0.13241
2025-01-06 07:00:00+00:00,0.13244
2025-01-06 08:00:00+00:00,0.1328
2025-01-06 09:00:00+00:00,0.13065000000000002
2025-01-06 10:00:00+00:00,0.12806
2025-01-06 11:00:00+00:00,0.12340999999999999
2025-01-06 12:00:00+00:00,0.12340999999999999
2025-01-06 13:00:00+00:00,0.12791
2025-01-06 14:00:00+00:00,0.13719
2025-01-06 15:00:00+00:00,0.13705
2025-01-06 16:00:00+00:00,0.13999
2025-01-06 17:00:00+00:00,0.1375
2025-01-06 18:00:00+00:00,0.13491
2025-01-06 19:00:00+00:00,0.1298
2025-01-06 20:00:00+00:00,0.12888
2025-01-06 21:00:00+00:00,0.12588
2025-01-06 22:00:00+00:00,0.12212999999999999
2025-01-06 23:00:00+00:00,0.11851
2025-01-07 00:00:00+00:00,0.11519
2025-01-07 01:00:00+00:00,0.11586
2025-01-07 02:00:00+00:00,0.11535
2025-01-07 03:00:00+00:00,0.11127
2025-01-07 04:00:00+00:00,0.1184
2025-01-07 05:00:00+00:00,0.12439
2025-01-07 06:00:00+00:00,0.13169
2025-01-07 07:00:00+00:00,0.1384
2025-01-07 08:00:00+00:00,0.1345
2025-01-07 09:00:00+00:00,0.13378
2025-01-07 10:00:00+00:00,0.13604
2025-01-07 11:00:00+00:00,0.13154
2025-01-07 12:00:00+00:00,0.12919999999999998
2025-01-07 13:00:00+00:00,0.13405
2025-01-07 14:00:00+00:00,0.1406
2025-01-07 15:00:00+00:00,0.14589
2025-01-07 16:00:00+00:00,0.1459
2025-01-07 17:00:00+00:00,0.14206
2025-01-07 18:00:00+00:00,0.13997
2025-01-07 19:00:00+00:00,0.135
2025-01-07 20:00:00+00:00,0.13190000000000002
2025-01-07 21:00:00+00:00,0.13190000000000002
2025-01-07 22:00:00+00:00,0.12802000000000002
2025-01-07 23:00:00+00:00,0.11519
2025-01-08 00:00:00+00:00,0.10969
2025-01-08 01:00:00+00:00,0.10436
2025-01-08 02:00:00+00:00,0.10232
2025-01-08 03:00:00+00:00,0.10328
2025-01-08 04:00:00+00:00,0.11728
2025-01-08 05:00:00+00:00,0.12985
2025-01-08 06:00:00+00:00,0.13603
2025-01-08 07:00:00+00:00,0.1384
2025-01-08 08:00:00+00:00,0.13524
2025-01-08 09:00:00+00:00,0.13465
2025-01-08 10:00:00+00:00,0.13128
2025-01-08 11:00:00+00:00,0.12771
2025-01-08 12:00:00+00:00,0.12869
2025-01-08 13:00:00+00:00,0.13538999999999998
2025-01-08 14:00:00+00:00,0.14324
2025-01-08 15:00:00+00:00,0.14611000000000002
2025-01-08 16:00:00+00:00,0.14657
2025-01-08 17:00:00+00:00,0.15034
2025-01-08 18:00:00+00:00,0.14174
2025-01-08 19:00:00+00:00,0.13491
2025-01-08 20:00:00+00:00,0.12827000000000002
2025-01-08 21:00:00+00:00,0.12698
2025-01-08 22:00:00+00:00,0.11891
2025-01-08 23:00:00+00:00,0.11759
2025-01-09 00:00:00+00:00,0.10981
2025-01-09 01:00:00+00:00,0.10208
2025-01-09 02:00:00+00:00,0.10193
2025-01-09 03:00:00+00:00,0.10253
2025-01-09 04:00:00+00:00,0.11381000000000001
2025-01-09 05:00:00+00:00,0.13254
2025-01-09 06:00:00+00:00,0.15156999999999998
2025-01-09 07:00:00+00:00,0.17052
2025-01-09 08:00:00+00:00,0.151
2025-01-09 09:00:00+00:00,0.14937999999999999
2025-01-09 10:00:00+00:00,0.14438
2025-01-09 11:00:00+00:00,0.1389
2025-01-09 12:00:00+00:00,0.13469
2025-01-09 13:00:00+00:00,0.13140000000000002
2025-01-09 14:00:00+00:00,0.13290000000000002
2025-01-09 15:00:00+00:00,0.13138999999999998
2025-01-09 16:00:00+00:00,0.135
2025-01-09 17:00:00+00:00,0.13499
2025-01-09 18:00:00+00:00,0.13290000000000002
2025-01-09 19:00:00+00:00,0.12689
2025-01-09 20:00:00+00:00,0.12309
2025-01-09 21:00:00+00:00,0.12207
2025-01-09 22:00:00+00:00,0.11497
2025-01-09 23:00:00+00:00,0.10915000000000001
2025-01-10 00:00:00+00:00,0.1055
2025-01-10 01:00:00+00:00,0.09899
2025-01-10 02:00:00+00:00,0.09551000000000001
2025-01-10 03:00:00+00:00,0.09570999999999999
2025-01-10 04:00:00+00:00,0.10681
2025-01-10 05:00:00+00:00,0.11719
2025-01-10 06:00:00+00:00,0.1261
2025-01-10 07:00:00+00:00,0.13388
2025-01-10 08:00:00+00:00,0.1318
2025-01-10 09:00:00+00:00,0.1272
2025-01-10 10:00:00+00:00,0.12247
2025-01-10 11:00:00+00:00,0.12039
2025-01-10 12:00:00+00:00,0.1172
2025-01-10 13:00:00+00:00,0.1172
2025-01-10 14:00:00+00:00,0.12783
2025-01-10 15:00:00+00:00,0.1373
2025-01-10 16:00:00+00:00,0.14619
2025-01-10 17:00:00+00:00,0.14833000000000002
2025-01-10 18:00:00+00:00,0.14304
2025-01-10 19:00:00+00:00,0.13319
2025-01-10 20:00:00+00:00,0.12553
2025-01-10 21:00:00+00:00,0.1221
2025-01-10 22:00:00+00:00,0.11751
2025-01-10 23:00:00+00:00,0.11368
2025-01-11 00:00:00+00:00,0.11302
2025-01-11 01:00:00+00:00,0.109
2025-01-11 02:00:00+00:00,0.10776000000000001
2025-01-11 03:00:00+00:00,0.10744
2025-01-11 04:00:00+00:00,0.10859
2025-01-11 05:00:00+00:00,0.11173999999999999
2025-01-11 06:00:00+00:00,0.11498
2025-01-11 07:00:00+00:00,0.12029999999999999
2025-01-11 08:00:00+00:00,0.11907
2025-01-11 09:00:00+00:00,0.11497
2025-01-11 10:00:00+00:00,0.10897
2025-01-11 11:00:00+00:00,0.10859
2025-01-11 12:00:00+00:00,0.10859
2025-01-11 13:00:00+00:00,0.10859
2025-01-11 14:00:00+00:00,0.11206
2025-01-11 15:00:00+00:00,0.1198
2025-01-11 16:00:00+00:00,0.12769
2025-01-11 17:00:00+00:00,0.13308
2025-01-11 18:00:00+00:00,0.13288999999999998
2025-01-11 19:00:00+00:00,0.1271
2025-01-11 20:00:00+00:00,0.12301999999999999
2025-01-11 21:00:00+00:00,0.1212
2025-01-11 22:00:00+00:00,0.1133
2025-01-11 23:00:00+00:00,0.10308
2025-01-12 00:00:00+00:00,0.09777
2025-01-12 01:00:00+00:00,0.09434000000000001
2025-01-12 02:00:00+00:00,0.09140999999999999
2025-01-12 03:00:00+00:00,0.09096
2025-01-12 04:00:00+00:00,0.0933
2025-01-12 05:00:00+00:00,0.09943
2025-01-12 06:00:00+00:00,0.10331
2025-01-12 07:00:00+00:00,0.11414
2025-01-12 08:00:00+00:00,0.11901
2025-01-12 09:00:00+00:00,0.11661
2025-01-12 10:00:00+00:00,0.11
2025-01-12 11:00:00+00:00,0.10723999999999999
2025-01-12 12:00:00+00:00,0.10635
2025-01-12 13:00:00+00:00,0.10959
2025-01-12 14:00:00+00:00,0.12093999999999999
2025-01-12 15:00:00+00:00,0.13055
2025-01-12 16:00:00+00:00,0.1372
2025-01-12 17:00:00+00:00,0.14364
2025-01-12 18:00:00+00:00,0.1409
2025-01-12 19:00:00+00:00,0.13337000000000002
2025-01-12 20:00:00+00:00,0.12623
2025-01-12 21:00:00+00:00,0.12240000000000001
2025-01-12 22:00:00+00:00,0.11728
2025-01-12 23:00:00+00:00,0.11431000000000001
2025-01-13 00:00:00+00:00,0.11064
2025-01-13 01:00:00+00:00,0.10701000000000001
2025-01-13 02:00:00+00:00,0.10552
2025-01-13 03:00:00+00:00,0.10507
2025-01-13 04:00:00+00:00,0.11585
2025-01-13 05:00:00+00:00,0.14029
2025-01-13 06:00:00+00:00,0.16547
2025-01-13 07:00:00+00:00,0.18505000000000002
2025-01-13 08:00:00+00:00,0.15730000000000002
2025-01-13 09:00:00+00:00,0.14067
2025-01-13 10:00:00+00:00,0.1301
2025-01-13 11:00:00+00:00,0.12298999999999999
2025-01-13 12:00:00+00:00,0.1211
2025-01-13 13:00:00+00:00,0.12440000000000001
2025-01-13 14:00:00+00:00,0.13244999999999998
2025-01-13 15:00:00+00:00,0.15012
2025-01-13 16:00:00+00:00,0.16687000000000002
2025-01-13 17:00:00+00:00,0.16771
2025-01-13 18:00:00+00:00,0.15933
2025-01-13 19:00:00+00:00,0.1431
2025-01-13 20:00:00+00:00,0.12959
2025-01-13 21:00:00+00:00,0.12511
2025-01-13 22:00:00+00:00,0.11835
2025-01-13 23:00:00+00:00,0.12497
2025-01-14 00:00:00+00:00,0.12168999999999999
2025-01-14 01:00:00+00:00,0.11892
2025-01-14 02:00:00+00:00,0.1173
2025-01-14 03:00:00+00:00,0.11779
2025-01-14 04:00:00+00:00,0.12381
2025-01-14 05:00:00+00:00,0.13796
2025-01-14 06:00:00+00:00,0.16657
2025-01-14 07:00:00+00:00,0.18422
2025-01-14 08:00:00+00:00,0.16796
2025-01-14 09:00:00+00:00,0.14347
2025-01-14 10:00:00+00:00,0.1338
2025-01-14 11:00:00+00:00,0.12833
2025-01-14 12:00:00+00:00,0.12921000000000002
2025-01-14 13:00:00+00:00,0.13194
2025-01-14 14:00:00+00:00,0.15600999999999998
2025-01-14 15:00:00+00:00,0.16435
2025-01-14 16:00:00+00:00,0.17034
2025-01-14 17:00:00+00:00,0.19019999999999998
2025-01-14 18:00:00+00:00,0.18475
2025-01-14 19:00:00+00:00,0.17218
2025-01-14 20:00:00+00:00,0.15023
2025-01-14 21:00:00+00:00,0.13794
2025-01-14 22:00:00+00:00,0.13161
2025-01-14 23:00:00+00:00,0.12319
2025-01-15 00:00:00+00:00,0.11810999999999999
2025-01-15 01:00:00+00:00,0.11506999999999999
2025-01-15 02:00:00+00:00,0.11295999999999999
2025-01-15 03:00:00+00:00,0.11579
2025-01-15 04:00:00+00:00,0.12343000000000001
2025-01-15 05:00:00+00:00,0.15161000000000002
2025-01-15 06:00:00+00:00,0.19122
2025-01-15 07:00:00+00:00,0.22262
2025-01-15 08:00:00+00:00,0.21030000000000001
2025-01-15 09:00:00+00:00,0.17809
2025-01-15 10:00:00+00:00,0.16843
2025-01-15 11:00:00+00:00,0.1625
2025-01-15 12:00:00+00:00,0.15991
2025-01-15 13:00:00+00:00,0.16938
2025-01-15 14:00:00+00:00,0.17491
2025-01-15 15:00:00+00:00,0.1751
2025-01-15 16:00:00+00:00,0.20962999999999998
2025-01-15 17:00:00+00:00,0.2132
2025-01-15 18:00:00+00:00,0.20185
2025-01-15 19:00:00+00:00,0.1762
2025-01-15 20:00:00+00:00,0.15997
2025-01-15 21:00:00+00:00,0.14154
2025-01-15 22:00:00+00:00,0.1348
2025-01-15 23:00:00+00:00,0.12881
2025-01-16 00:00:00+00:00,0.12334999999999999
2025-01-16 01:00:00+00:00,0.12001
2025-01-16 02:00:00+00:00,0.11863
2025-01-16 03:00:00+00:00,0.11993000000000001
2025-01-16 04:00:00+00:00,0.12956
2025-01-16 05:00:00+00:00,0.14559
2025-01-16 06:00:00+00:00,0.19272999999999998
2025-01-16 07:00:00+00:00,0.21634
2025-01-16 08:00:00+00:00,0.18719999999999998
2025-01-16 09:00:00+00:00,0.16226
2025-01-16 10:00:00+00:00,0.14264
2025-01-16 11:00:00+00:00,0.13822
2025-01-16 12:00:00+00:00,0.13738999999999998
2025-01-16 13:00:00+00:00,0.14429
2025-01-16 14:00:00+00:00,0.16319
2025-01-16 15:00:00+00:00,0.18897
2025-01-16 16:00:00+00:00,0.20702
2025-01-16 17:00:00+00:00,0.20871
2025-01-16 18:00:00+00:00,0.19251
2025-01-16 19:00:00+00:00,0.15303999999999998
2025-01-16 20:00:00+00:00,0.1399
2025-01-16 21:00:00+00:00,0.13401
2025-01-16 22:00:00+00:00,0.1275
2025-01-16 23:00:00+00:00,0.12394
2025-01-17 00:00:00+00:00,0.12009
2025-01-17 01:00:00+00:00,0.1177
2025-01-17 02:00:00+00:00,0.11614000000000001
2025-01-17 03:00:00+00:00,0.11764
2025-01-17 04:00:00+00:00,0.12361
2025-01-17 05:00:00+00:00,0.14017
2025-01-17 06:00:00+00:00,0.17665
2025-01-17 07:00:00+00:00,0.20677
2025-01-17 08:00:00+00:00,0.17607
2025-01-17 09:00:00+00:00,0.14968
2025-01-17 10:00:00+00:00,0.13538999999999998
2025-01-17 11:00:00+00:00,0.12821000000000002
2025-01-17 12:00:00+00:00,0.12636
2025-01-17 13:00:00+00:00,0.13119
2025-01-17 14:00:00+00:00,0.14607
2025-01-17 15:00:00+00:00,0.16969
2025-01-17 16:00:00+00:00,0.17714
2025-01-17 17:00:00+00:00,0.19093000000000002
2025-01-17 18:00:00+00:00,0.17864
2025-01-17 19:00:00+00:00,0.15611000000000003
2025-01-17 20:00:00+00:00,0.14275
2025-01-17 21:00:00+00:00,0.14
2025-01-17 22:00:00+00:00,0.13351
2025-01-17 23:00:00+00:00,0.12891999999999998
2025-01-18 00:00:00+00:00,0.1242
2025-01-18 01:00:00+00:00,0.12176999999999999
2025-01-18 02:00:00+00:00,0.11937
2025-01-18 03:00:00+00:00,0.11817
2025-01-18 04:00:00+00:00,0.12140999999999999
2025-01-18 05:00:00+00:00,0.12748
2025-01-18 06:00:00+00:00,0.13641999999999999
2025-01-18 07:00:00+00:00,0.14446
2025-01-18 08:00:00+00:00,0.14202
2025-01-18 09:00:00+00:00,0.13681000000000001
2025-01-18 10:00:00+00:00,0.12840000000000001
2025-01-18 11:00:00+00:00,0.12375
2025-01-18 12:00:00+00:00,0.12243000000000001
2025-01-18 13:00:00+00:00,0.12309
2025-01-18 14:00:00+00:00,0.13322
2025-01-18 15:00:00+00:00,0.14492
2025-01-18 16:00:00+00:00,0.15536000000000003
2025-01-18 17:00:00+00:00,0.16152
2025-01-18 18:00:00+00:00,0.16122999999999998
2025-01-18 19:00:00+00:00,0.14609
2025-01-18 20:00:00+00:00,0.1402
2025-01-18 21:00:00+00:00,0.13573
2025-01-18 22:00:00+00:00,0.12922999999999998
2025-01-18 23:00:00+00:00,0.12996000000000002
2025-01-19 00:00:00+00:00,0.12577
2025-01-19 01:00:00+00:00,0.12468000000000001
2025-01-19 02:00:00+00:00,0.12212
2025-01-19 03:00:00+00:00,0.12001
2025-01-19 04:00:00+00:00,0.12245
2025-01-19 05:00:00+00:00,0.12502
2025-01-19 06:00:00+00:00,0.12729000000000001
2025-01-19 07:00:00+00:00,0.13063999999999998
2025-01-19 08:00:00+00:00,0.12990000000000002
2025-01-19 09:00:00+00:00,0.12746
2025-01-19 10:00:00+00:00,0.12212
2025-01-19 11:00:00+00:00,0.1178
2025-01-19 12:00:00+00:00,0.11429
2025-01-19 13:00:00+00:00,0.11753
2025-01-19 14:00:00+00:00,0.12912
2025-01-19 15:00:00+00:00,0.14108
2025-01-19 16:00:00+00:00,0.15599000000000002
2025-01-19 17:00:00+00:00,0.16499
2025-01-19 18:00:00+00:00,0.16371
2025-01-19 19:00:00+00:00,0.15561000000000003
2025-01-19 20:00:00+00:00,0.1424
2025-01-19 21:00:00+00:00,0.13613
2025-01-19 22:00:00+00:00,0.12988999999999998
2025-01-19 23:00:00+00:00,0.12912
2025-01-20 00:00:00+00:00,0.12704000000000001
2025-01-20 01:00:00+00:00,0.12504
2025-01-20 02:00:00+00:00,0.12269
2025-01-20 03:00:00+00:00,0.12351999999999999
2025-01-20 04:00:00+00:00,0.12966
2025-01-20 05:00:00+00:00,0.14764
2025-01-20 06:00:00+00:00,0.2122
2025-01-20 07:00:00+00:00,0.27994
2025-01-20 08:00:00+00:00,0.23041
2025-01-20 09:00:00+00:00,0.19144999999999998
2025-01-20 10:00:00+00:00,0.1737
2025-01-20 11:00:00+00:00,0.16448
2025-01-20 12:00:00+00:00,0.16338999999999998
2025-01-20 13:00:00+00:00,0.17282
2025-01-20 14:00:00+00:00,0.19338
2025-01-20 15:00:00+00:00,0.22690000000000002
2025-01-20 16:00:00+00:00,0.26405
2025-01-20 17:00:00+00:00,0.29001
2025-01-20 18:00:00+00:00,0.24975999999999998
2025-01-20 19:00:00+00:00,0.18865
2025-01-20 20:00:00+00:00,0.15927000000000002
2025-01-20 21:00:00+00:00,0.14721
2025-01-20 22:00:00+00:00,0.13859
2025-01-20 23:00:00+00:00,0.13056
2025-01-21 00:00:00+00:00,0.12542
2025-01-21 01:00:00+00:00,0.12315000000000001
2025-01-21 02:00:00+00:00,0.12204999999999999
2025-01-21 03:00:00+00:00,0.12301000000000001
2025-01-21 04:00:00+00:00,0.12907
2025-01-21 05:00:00+00:00,0.14723
2025-01-21 06:00:00+00:00,0.21144
2025-01-21 07:00:00+00:00,0.25339
2025-01-21 08:00:00+00:00,0.21581
2025-01-21 09:00:00+00:00,0.17377
2025-01-21 10:00:00+00:00,0.15759
2025-01-21 11:00:00+00:00,0.1452
2025-01-21 12:00:00+00:00,0.14105
2025-01-21 13:00:00+00:00,0.14497
2025-01-21 14:00:00+00:00,0.16728
2025-01-21 15:00:00+00:00,0.20831
2025-01-21 16:00:00+00:00,0.24082
2025-01-21 17:00:00+00:00,0.27661
2025-01-21 18:00:00+00:00,0.22703
2025-01-21 19:00:00+00:00,0.16803
2025-01-21 20:00:00+00:00,0.1441
2025-01-21 21:00:00+00:00,0.14089
2025-01-21 22:00:00+00:00,0.134
2025-01-21 23:00:00+00:00,0.13427
2025-01-22 00:00:00+00:00,0.13169
2025-01-22 01:00:00+00:00,0.12900999999999999
2025-01-22 02:00:00+00:00,0.12819
2025-01-22 03:00:00+00:00,0.12915000000000001
2025-01-22 04:00:00+00:00,0.14
2025-01-22 05:00:00+00:00,0.154
2025-01-22 06:00:00+00:00,0.18852000000000002
2025-01-22 07:00:00+00:00,0.21944999999999998
2025-01-22 08:00:00+00:00,0.19796
2025-01-22 09:00:00+00:00,0.18044
2025-01-22 10:00:00+00:00,0.16793
2025-01-22 11:00:00+00:00,0.16005
2025-01-22 12:00:00+00:00,0.15828
2025-01-22 13:00:00+00:00,0.16402
2025-01-22 14:00:00+00:00,0.18732
2025-01-22 15:00:00+00:00,0.18918000000000001
2025-01-22 16:00:00+00:00,0.19762000000000002
2025-01-22 17:00:00+00:00,0.18635
2025-01-22 18:00:00+00:00,0.16906000000000002
2025-01-22 19:00:00+00:00,0.164
2025-01-22 20:00:00+00:00,0.14702
2025-01-22 21:00:00+00:00,0.14149
2025-01-22 22:00:00+00:00,0.13488999999999998
2025-01-22 23:00:00+00:00,0.13013999999999998
2025-01-23 00:00:00+00:00,0.12716
2025-01-23 01:00:00+00:00,0.12511
2025-01-23 02:00:00+00:00,0.1237
2025-01-23 03:00:00+00:00,0.12395
2025-01-23 04:00:00+00:00,0.131
2025-01-23 05:00:00+00:00,0.14526
2025-01-23 06:00:00+00:00,0.16677
2025-01-23 07:00:00+00:00,0.17407
2025-01-23 08:00:00+00:00,0.16735
2025-01-23 09:00:00+00:00,0.16105
2025-01-23 10:00:00+00:00,0.15665
2025-01-23 11:00:00+00:00,0.15098
2025-01-23 12:00:00+00:00,0.14827
2025-01-23 13:00:00+00:00,0.15250999999999998
2025-01-23 14:00:00+00:00,0.16099000000000002
2025-01-23 15:00:00+00:00,0.17021
2025-01-23 16:00:00+00:00,0.17201
2025-01-23 17:00:00+00:00,0.16603
2025-01-23 18:00:00+00:00,0.15800999999999998
2025-01-23 19:00:00+00:00,0.1497
2025-01-23 20:00:00+00:00,0.14329
2025-01-23 21:00:00+00:00,0.1414
2025-01-23 22:00:00+00:00,0.13404
2025-01-23 23:00:00+00:00,0.12800999999999998
2025-01-24 00:00:00+00:00,0.12556
2025-01-24 01:00:00+00:00,0.12395
2025-01-24 02:00:00+00:00,0.12292
2025-01-24 03:00:00+00:00,0.12345
2025-01-24 04:00:00+00:00,0.13002
2025-01-24 05:00:00+00:00,0.14512
2025-01-24 06:00:00+00:00,0.16061
2025-01-24 07:00:00+00:00,0.162
2025-01-24 08:00:00+00:00,0.15280000000000002
2025-01-24 09:00:00+00:00,0.15116
2025-01-24 10:00:00+00:00,0.14103
2025-01-24 11:00:00+00:00,0.13005
2025-01-24 12:00:00+00:00,0.12698
2025-01-24 13:00:00+00:00,0.14047
2025-01-24 14:00:00+00:00,0.14654
2025-01-24 15:00:00+00:00,0.15050999999999998
2025-01-24 16:00:00+00:00,0.15292
2025-01-24 17:00:00+00:00,0.15011000000000002
2025-01-24 18:00:00+00:00,0.14674
2025-01-24 19:00:00+00:00,0.14308
2025-01-24 20:00:00+00:00,0.14125
2025-01-24 21:00:00+00:00,0.13883
2025-01-24 22:00:00+00:00,0.13307
2025-01-24 23:00:00+00:00,0.13709
2025-01-25 00:00:00+00:00,0.13182
2025-01-25 01:00:00+00:00,0.13119
2025-01-25 02:00:00+00:00,0.13081
2025-01-25 03:00:00+00:00,0.13011
2025-01-25 04:00:00+00:00,0.13097
2025-01-25 05:00:00+00:00,0.13872
2025-01-25 06:00:00+00:00,0.14118
2025-01-25 07:00:00+00:00,0.14393999999999998
2025-01-25 08:00:00+00:00,0.14248
2025-01-25 09:00:00+00:00,0.13884
2025-01-25 10:00:00+00:00,0.12976
2025-01-25 11:00:00+00:00,0.12735
2025-01-25 12:00:00+00:00,0.12691
2025-01-25 13:00:00+00:00,0.12786
2025-01-25 14:00:00+00:00,0.13293000000000002
2025-01-25 15:00:00+00:00,0.1431
2025-01-25 16:00:00+00:00,0.14739
2025-01-25 17:00:00+00:00,0.14739
2025-01-25 18:00:00+00:00,0.14499
2025-01-25 19:00:00+00:00,0.14403
2025-01-25 20:00:00+00:00,0.1387
2025-01-25 21:00:00+00:00,0.134
2025-01-25 22:00:00+00:00,0.12849000000000002
2025-01-25 23:00:00+00:00,0.13616
2025-01-26 00:00:00+00:00,0.13001
2025-01-26 01:00:00+00:00,0.128
2025-01-26 02:00:00+00:00,0.12509
2025-01-26 03:00:00+00:00,0.12501
2025-01-26 04:00:00+00:00,0.12509
2025-01-26 05:00:00+00:00,0.128
2025-01-26 06:00:00+00:00,0.13347
2025-01-26 07:00:00+00:00,0.136
2025-01-26 08:00:00+00:00,0.13653
2025-01-26 09:00:00+00:00,0.12896000000000002
2025-01-26 10:00:00+00:00,0.12296
2025-01-26 11:00:00+00:00,0.11079
2025-01-26 12:00:00+00:00,0.10599
2025-01-26 13:00:00+00:00,0.11213
2025-01-26 14:00:00+00:00,0.12916999999999998
2025-01-26 15:00:00+00:00,0.14132
2025-01-26 16:00:00+00:00,0.14977000000000001
2025-01-26 17:00:00+00:00,0.15080000000000002
2025-01-26 18:00:00+00:00,0.1479
2025-01-26 19:00:00+00:00,0.14615
2025-01-26 20:00:00+00:00,0.14128
2025-01-26 21:00:00+00:00,0.13816
2025-01-26 22:00:00+00:00,0.13227
2025-01-26 23:00:00+00:00,0.12433
2025-01-27 00:00:00+00:00,0.11572
2025-01-27 01:00:00+00:00,0.11304
2025-01-27 02:00:00+00:00,0.11163
2025-01-27 03:00:00+00:00,0.11175
2025-01-27 04:00:00+00:00,0.12565
2025-01-27 05:00:00+00:00,0.13994
2025-01-27 06:00:00+00:00,0.14627
2025-01-27 07:00:00+00:00,0.14730000000000001
2025-01-27 08:00:00+00:00,0.14730000000000001
2025-01-27 09:00:00+00:00,0.14984999999999998
2025-01-27 10:00:00+00:00,0.1475
2025-01-27 11:00:00+00:00,0.14640999999999998
2025-01-27 12:00:00+00:00,0.1391
2025-01-27 13:00:00+00:00,0.14517
2025-01-27 14:00:00+00:00,0.14981999999999998
2025-01-27 15:00:00+00:00,0.14986000000000002
2025-01-27 16:00:00+00:00,0.14952000000000001
2025-01-27 17:00:00+00:00,0.14818
2025-01-27 18:00:00+00:00,0.14561000000000002
2025-01-27 19:00:00+00:00,0.1463
2025-01-27 20:00:00+00:00,0.14114
2025-01-27 21:00:00+00:00,0.13436
2025-01-27 22:00:00+00:00,0.12841999999999998
2025-01-27 23:00:00+00:00,0.12264
2025-01-28 00:00:00+00:00,0.11757
2025-01-28 01:00:00+00:00,0.11378
2025-01-28 02:00:00+00:00,0.11306999999999999
2025-01-28 03:00:00+00:00,0.11614000000000001
2025-01-28 04:00:00+00:00,0.12431
2025-01-28 05:00:00+00:00,0.13894
2025-01-28 06:00:00+00:00,0.14826
2025-01-28 07:00:00+00:00,0.14684
2025-01-28 08:00:00+00:00,0.14405
2025-01-28 09:00:00+00:00,0.14306
2025-01-28 10:00:00+00:00,0.13654
2025-01-28 11:00:00+00:00,0.12953
2025-01-28 12:00:00+00:00,0.12749
2025-01-28 13:00:00+00:00,0.13166
2025-01-28 14:00:00+00:00,0.1397
2025-01-28 15:00:00+00:00,0.14872
2025-01-28 16:00:00+00:00,0.1495
2025-01-28 17:00:00+00:00,0.14861000000000002
2025-01-28 18:00:00+00:00,0.14722
2025-01-28 19:00:00+00:00,0.14498
2025-01-28 20:00:00+00:00,0.13982
2025-01-28 21:00:00+00:00,0.13736
2025-01-28 22:00:00+00:00,0.13
2025-01-28 23:00:00+00:00,0.12176000000000001
2025-01-29 00:00:00+00:00,0.11499
2025-01-29 01:00:00+00:00,0.11295999999999999
2025-01-29 02:00:00+00:00,0.11292
2025-01-29 03:00:00+00:00,0.11493
2025-01-29 04:00:00+00:00,0.12576
2025-01-29 05:00:00+00:00,0.14333
2025-01-29 06:00:00+00:00,0.14966
2025-01-29 07:00:00+00:00,0.14793
2025-01-29 08:00:00+00:00,0.14172
2025-01-29 09:00:00+00:00,0.13845
2025-01-29 10:00:00+00:00,0.13390000000000002
2025-01-29 11:00:00+00:00,0.12453
2025-01-29 12:00:00+00:00,0.12358
2025-01-29 13:00:00+00:00,0.12579
2025-01-29 14:00:00+00:00,0.13951
2025-01-29 15:00:00+00:00,0.14435
2025-01-29 16:00:00+00:00,0.14999
2025-01-29 17:00:00+00:00,0.15009
2025-01-29 18:00:00+00:00,0.14909
2025-01-29 19:00:00+00:00,0.1449
2025-01-29 20:00:00+00:00,0.1395
2025-01-29 21:00:00+00:00,0.13597
2025-01-29 22:00:00+00:00,0.12877000000000002
2025-01-29 23:00:00+00:00,0.1298
2025-01-30 00:00:00+00:00,0.125
2025-01-30 01:00:00+00:00,0.12290999999999999
2025-01-30 02:00:00+00:00,0.12247
2025-01-30 03:00:00+00:00,0.12190000000000001
2025-01-30 04:00:00+00:00,0.12813
2025-01-30 05:00:00+00:00,0.14551
2025-01-30 06:00:00+00:00,0.15788999999999997
2025-01-30 07:00:00+00:00,0.16419999999999998
2025-01-30 08:00:00+00:00,0.15506
2025-01-30 09:00:00+00:00,0.14477
2025-01-30 10:00:00+00:00,0.13937
2025-01-30 11:00:00+00:00,0.13216999999999998
2025-01-30 12:00:00+00:00,0.13251
2025-01-30 13:00:00+00:00,0.14041
2025-01-30 14:00:00+00:00,0.14937
2025-01-30 15:00:00+00:00,0.1618
2025-01-30 16:00:00+00:00,0.17671
2025-01-30 17:00:00+00:00,0.17236
2025-01-30 18:00:00+00:00,0.165
2025-01-30 19:00:00+00:00,0.15293
2025-01-30 20:00:00+00:00,0.14397
2025-01-30 21:00:00+00:00,0.14201
2025-01-30 22:00:00+00:00,0.13419999999999999
2025-01-30 23:00:00+00:00,0.13207
2025-01-31 00:00:00+00:00,0.12390999999999999
2025-01-31 01:00:00+00:00,0.12409
2025-01-31 02:00:00+00:00,0.12409
2025-01-31 03:00:00+00:00,0.1247
2025-01-31 04:00:00+00:00,0.13211
2025-01-31 05:00:00+00:00,0.14533000000000001
2025-01-31 06:00:00+00:00,0.15491999999999997
2025-01-31 07:00:00+00:00,0.16224
2025-01-31 08:00:00+00:00,0.15758000000000003
2025-01-31 09:00:00+00:00,0.14431
2025-01-31 10:00:00+00:00,0.14294
2025-01-31 11:00:00+00:00,0.13909
2025-01-31 12:00:00+00:00,0.136
2025-01-31 13:00:00+00:00,0.1405
2025-01-31 14:00:00+00:00,0.14792
2025-01-31 15:00:00+00:00,0.16166
2025-01-31 16:00:00+00:00,0.18200999999999998
2025-01-31 17:00:00+00:00,0.17962999999999998
2025-01-31 18:00:00+00:00,0.17002
2025-01-31 19:00:00+00:00,0.15378
2025-01-31 20:00:00+00:00,0.14493999999999999
2025-01-31 21:00:00+00:00,0.14181
2025-01-31 22:00:00+00:00,0.1362
2025-01-31 23:00:00+00:00,0.1384
2025-02-01 00:00:00+00:00,0.13338
2025-02-01 01:00:00+00:00,0.13199
2025-02-01 02:00:00+00:00,0.13037
2025-02-01 03:00:00+00:00,0.12836
2025-02-01 04:00:00+00:00,0.12931
2025-02-01 05:00:00+00:00,0.13332
2025-02-01 06:00:00+00:00,0.14428
2025-02-01 07:00:00+00:00,0.14891
2025-02-01 08:00:00+00:00,0.14231
2025-02-01 09:00:00+00:00,0.1369
2025-02-01 10:00:00+00:00,0.1359
2025-02-01 11:00:00+00:00,0.13108
2025-02-01 12:00:00+00:00,0.13219999999999998
2025-02-01 13:00:00+00:00,0.13203
2025-02-01 14:00:00+00:00,0.13265000000000002
2025-02-01 15:00:00+00:00,0.15331
2025-02-01 16:00:00+00:00,0.16540000000000002
2025-02-01 17:00:00+00:00,0.1659
2025-02-01 18:00:00+00:00,0.16341
2025-02-01 19:00:00+00:00,0.15344
2025-02-01 20:00:00+00:00,0.14673
2025-02-01 21:00:00+00:00,0.14118
2025-02-01 22:00:00+00:00,0.13203
2025-02-01 23:00:00+00:00,0.13453
2025-02-02 00:00:00+00:00,0.12789
2025-02-02 01:00:00+00:00,0.12326000000000001
2025-02-02 02:00:00+00:00,0.12016
2025-02-02 03:00:00+00:00,0.11905
2025-02-02 04:00:00+00:00,0.12122
2025-02-02 05:00:00+00:00,0.12737
2025-02-02 06:00:00+00:00,0.13943
2025-02-02 07:00:00+00:00,0.14436000000000002
2025-02-02 08:00:00+00:00,0.14138
2025-02-02 09:00:00+00:00,0.13208
2025-02-02 10:00:00+00:00,0.12355
2025-02-02 11:00:00+00:00,0.10859999999999999
2025-02-02 12:00:00+00:00,0.0997
2025-02-02 13:00:00+00:00,0.10574
2025-02-02 14:00:00+00:00,0.12698
2025-02-02 15:00:00+00:00,0.15631
2025-02-02 16:00:00+00:00,0.16845
2025-02-02 17:00:00+00:00,0.17109
2025-02-02 18:00:00+00:00,0.17099
2025-02-02 19:00:00+00:00,0.16079
2025-02-02 20:00:00+00:00,0.15421
2025-02-02 21:00:00+00:00,0.14792
2025-02-02 22:00:00+00:00,0.14081
2025-02-02 23:00:00+00:00,0.13481
2025-02-03 00:00:00+00:00,0.13166
2025-02-03 01:00:00+00:00,0.12713
2025-02-03 02:00:00+00:00,0.12614
2025-02-03 03:00:00+00:00,0.12767
2025-02-03 04:00:00+00:00,0.13636
2025-02-03 05:00:00+00:00,0.15972999999999998
2025-02-03 06:00:00+00:00,0.21052
2025-02-03 07:00:00+00:00,0.25639
2025-02-03 08:00:00+00:00,0.18899000000000002
2025-02-03 09:00:00+00:00,0.15813999999999998
2025-02-03 10:00:00+00:00,0.14880000000000002
2025-02-03 11:00:00+00:00,0.13937
2025-02-03 12:00:00+00:00,0.13815
2025-02-03 13:00:00+00:00,0.14248
2025-02-03 14:00:00+00:00,0.15300999999999998
2025-02-03 15:00:00+00:00,0.17527
2025-02-03 16:00:00+00:00,0.18241
2025-02-03 17:00:00+00:00,0.21556
2025-02-03 18:00:00+00:00,0.21769999999999998
2025-02-03 19:00:00+00:00,0.1731
2025-02-03 20:00:00+00:00,0.15636000000000003
2025-02-03 21:00:00+00:00,0.15134999999999998
2025-02-03 22:00:00+00:00,0.14077
2025-02-03 23:00:00+00:00,0.13606000000000001
2025-02-04 00:00:00+00:00,0.13247
2025-02-04 01:00:00+00:00,0.12961
2025-02-04 02:00:00+00:00,0.1258
2025-02-04 03:00:00+00:00,0.12597
2025-02-04 04:00:00+00:00,0.13561
2025-02-04 05:00:00+00:00,0.15597
2025-02-04 06:00:00+00:00,0.18624000000000002
2025-02-04 07:00:00+00:00,0.18919999999999998
2025-02-04 08:00:00+00:00,0.16488999999999998
2025-02-04 09:00:00+00:00,0.15009
2025-02-04 10:00:00+00:00,0.14106
2025-02-04 11:00:00+00:00,0.13041999999999998
2025-02-04 12:00:00+00:00,0.13007
2025-02-04 13:00:00+00:00,0.13707
2025-02-04 14:00:00+00:00,0.14313
2025-02-04 15:00:00+00:00,0.15869
2025-02-04 16:00:00+00:00,0.16985
2025-02-04 17:00:00+00:00,0.17651
2025-02-04 18:00:00+00:00,0.17199
2025-02-04 19:00:00+00:00,0.15961
2025-02-04 20:00:00+00:00,0.15252000000000002
2025-02-04 21:00:00+00:00,0.14481
2025-02-04 22:00:00+00:00,0.13888999999999999
2025-02-04 23:00:00+00:00,0.1382
2025-02-05 00:00:00+00:00,0.1341
2025-02-05 01:00:00+00:00,0.13097999999999999
2025-02-05 02:00:00+00:00,0.12853
2025-02-05 03:00:00+00:00,0.12819999999999998
2025-02-05 04:00:00+00:00,0.1384
2025-02-05 05:00:00+00:00,0.15234
2025-02-05 06:00:00+00:00,0.16172999999999998
2025-02-05 07:00:00+00:00,0.17029
2025-02-05 08:00:00+00:00,0.15491
2025-02-05 09:00:00+00:00,0.14815
2025-02-05 10:00:00+00:00,0.13555
2025-02-05 11:00:00+00:00,0.13233
2025-02-05 12:00:00+00:00,0.12897999999999998
2025-02-05 13:00:00+00:00,0.13213999999999998
2025-02-05 14:00:00+00:00,0.14432
2025-02-05 15:00:00+00:00,0.15944
2025-02-05 16:00:00+00:00,0.17903
2025-02-05 17:00:00+00:00,0.18759
2025-02-05 18:00:00+00:00,0.18691999999999998
2025-02-05 19:00:00+00:00,0.1645
2025-02-05 20:00:00+00:00,0.15386000000000002
2025-02-05 21:00:00+00:00,0.15184999999999998
2025-02-05 22:00:00+00:00,0.14308
2025-02-05 23:00:00+00:00,0.13906
2025-02-06 00:00:00+00:00,0.13641
2025-02-06 01:00:00+00:00,0.13394999999999999
2025-02-06 02:00:00+00:00,0.13298
2025-02-06 03:00:00+00:00,0.1308
2025-02-06 04:00:00+00:00,0.13476
2025-02-06 05:00:00+00:00,0.15188
2025-02-06 06:00:00+00:00,0.18575999999999998
2025-02-06 07:00:00+00:00,0.21641
2025-02-06 08:00:00+00:00,0.18206999999999998
2025-02-06 09:00:00+00:00,0.16103
2025-02-06 10:00:00+00:00,0.14969
2025-02-06 11:00:00+00:00,0.14372
2025-02-06 12:00:00+00:00,0.141
2025-02-06 13:00:00+00:00,0.14429
2025-02-06 14:00:00+00:00,0.15080000000000002
2025-02-06 15:00:00+00:00,0.16229
2025-02-06 16:00:00+00:00,0.169
2025-02-06 17:00:00+00:00,0.1735
2025-02-06 18:00:00+00:00,0.16459000000000001
2025-02-06 19:00:00+00:00,0.1539
2025-02-06 20:00:00+00:00,0.15099
2025-02-06 21:00:00+00:00,0.15058000000000002
2025-02-06 22:00:00+00:00,0.14572
2025-02-06 23:00:00+00:00,0.14709
2025-02-07 00:00:00+00:00,0.14299
2025-02-07 01:00:00+00:00,0.13665
2025-02-07 02:00:00+00:00,0.13656000000000001
2025-02-07 03:00:00+00:00,0.13618
2025-02-07 04:00:00+00:00,0.1449
2025-02-07 05:00:00+00:00,0.15369
2025-02-07 06:00:00+00:00,0.15693000000000001
2025-02-07 07:00:00+00:00,0.15863999999999998
2025-02-07 08:00:00+00:00,0.15416
2025-02-07 09:00:00+00:00,0.15330000000000002
2025-02-07 10:00:00+00:00,0.14505
2025-02-07 11:00:00+00:00,0.14089
2025-02-07 12:00:00+00:00,0.14093
2025-02-07 13:00:00+00:00,0.14607
2025-02-07 14:00:00+00:00,0.15086000000000002
2025-02-07 15:00:00+00:00,0.15112
2025-02-07 16:00:00+00:00,0.15330000000000002
2025-02-07 17:00:00+00:00,0.15380000000000002
2025-02-07 18:00:00+00:00,0.15281999999999998
2025-02-07 19:00:00+00:00,0.15206
2025-02-07 20:00:00+00:00,0.15328999999999998
2025-02-07 21:00:00+00:00,0.15
2025-02-07 22:00:00+00:00,0.14435
2025-02-07 23:00:00+00:00,0.15080000000000002
2025-02-08 00:00:00+00:00,0.14453
2025-02-08 01:00:00+00:00,0.1401
2025-02-08 02:00:00+00:00,0.13826
2025-02-08 03:00:00+00:00,0.13736
2025-02-08 04:00:00+00:00,0.1388
2025-02-08 05:00:00+00:00,0.14701
2025-02-08 06:00:00+00:00,0.152
2025-02-08 07:00:00+00:00,0.15581
2025-02-08 08:00:00+00:00,0.15375999999999998
2025-02-08 09:00:00+00:00,0.15103999999999998
2025-02-08 10:00:00+00:00,0.14499
2025-02-08 11:00:00+00:00,0.1427
2025-02-08 12:00:00+00:00,0.13977
2025-02-08 13:00:00+00:00,0.13887
2025-02-08 14:00:00+00:00,0.14708000000000002
2025-02-08 15:00:00+00:00,0.15121
2025-02-08 16:00:00+00:00,0.1564
2025-02-08 17:00:00+00:00,0.1581
2025-02-08 18:00:00+00:00,0.1564
2025-02-08 19:00:00+00:00,0.15578999999999998
2025-02-08 20:00:00+00:00,0.15333000000000002
2025-02-08 21:00:00+00:00,0.15128
2025-02-08 22:00:00+00:00,0.147
2025-02-08 23:00:00+00:00,0.14246999999999999
2025-02-09 00:00:00+00:00,0.13998
2025-02-09 01:00:00+00:00,0.13869
2025-02-09 02:00:00+00:00,0.13724
2025-02-09 03:00:00+00:00,0.1352
2025-02-09 04:00:00+00:00,0.13686
2025-02-09 05:00:00+00:00,0.13947
2025-02-09 06:00:00+00:00,0.14267
2025-02-09 07:00:00+00:00,0.14856999999999998
2025-02-09 08:00:00+00:00,0.14777
2025-02-09 09:00:00+00:00,0.1495
2025-02-09 10:00:00+00:00,0.14152
2025-02-09 11:00:00+00:00,0.13995
2025-02-09 12:00:00+00:00,0.13369999999999999
2025-02-09 13:00:00+00:00,0.13805
2025-02-09 14:00:00+00:00,0.13819
2025-02-09 15:00:00+00:00,0.14426
2025-02-09 16:00:00+00:00,0.15547
2025-02-09 17:00:00+00:00,0.16169
2025-02-09 18:00:00+00:00,0.15785
2025-02-09 19:00:00+00:00,0.15605000000000002
2025-02-09 20:00:00+00:00,0.15222999999999998
2025-02-09 21:00:00+00:00,0.15122
2025-02-09 22:00:00+00:00,0.14184
2025-02-09 23:00:00+00:00,0.14586000000000002
2025-02-10 00:00:00+00:00,0.141
2025-02-10 01:00:00+00:00,0.14074
2025-02-10 02:00:00+00:00,0.14045
2025-02-10 03:00:00+00:00,0.14022
2025-02-10 04:00:00+00:00,0.14806999999999998
2025-02-10 05:00:00+00:00,0.1561
2025-02-10 06:00:00+00:00,0.1687
2025-02-10 07:00:00+00:00,0.1704
2025-02-10 08:00:00+00:00,0.15972
2025-02-10 09:00:00+00:00,0.1586
2025-02-10 10:00:00+00:00,0.15566999999999998
2025-02-10 11:00:00+00:00,0.15109
2025-02-10 12:00:00+00:00,0.15150999999999998
2025-02-10 13:00:00+00:00,0.15609
2025-02-10 14:00:00+00:00,0.1584
2025-02-10 15:00:00+00:00,0.16543
2025-02-10 16:00:00+00:00,0.16309
2025-02-10 17:00:00+00:00,0.16519
2025-02-10 18:00:00+00:00,0.15997999999999998
2025-02-10 19:00:00+00:00,0.15803999999999999
2025-02-10 20:00:00+00:00,0.1584
2025-02-10 21:00:00+00:00,0.15838999999999998
2025-02-10 22:00:00+00:00,0.15569
2025-02-10 23:00:00+00:00,0.15985
2025-02-11 00:00:00+00:00,0.15447
2025-02-11 01:00:00+00:00,0.15141
2025-02-11 02:00:00+00:00,0.15003999999999998
2025-02-11 03:00:00+00:00,0.14928
2025-02-11 04:00:00+00:00,0.15338
2025-02-11 05:00:00+00:00,0.16405
2025-02-11 06:00:00+00:00,0.17327
2025-02-11 07:00:00+00:00,0.1727
2025-02-11 08:00:00+00:00,0.16521
2025-02-11 09:00:00+00:00,0.16455
2025-02-11 10:00:00+00:00,0.16493
2025-02-11 11:00:00+00:00,0.16361
2025-02-11 12:00:00+00:00,0.16424
2025-02-11 13:00:00+00:00,0.16361
2025-02-11 14:00:00+00:00,0.1656
2025-02-11 15:00:00+00:00,0.1679
2025-02-11 16:00:00+00:00,0.1693
2025-02-11 17:00:00+00:00,0.17543999999999998
2025-02-11 18:00:00+00:00,0.17599
2025-02-11 19:00:00+00:00,0.16923
2025-02-11 20:00:00+00:00,0.16444999999999999
2025-02-11 21:00:00+00:00,0.16162
2025-02-11 22:00:00+00:00,0.15986
2025-02-11 23:00:00+00:00,0.15141
2025-02-12 00:00:00+00:00,0.14786000000000002
2025-02-12 01:00:00+00:00,0.14607
2025-02-12 02:00:00+00:00,0.14508000000000001
2025-02-12 03:00:00+00:00,0.14476
2025-02-12 04:00:00+00:00,0.14925
2025-02-12 05:00:00+00:00,0.16006
2025-02-12 06:00:00+00:00,0.17436000000000001
2025-02-12 07:00:00+00:00,0.18702000000000002
2025-02-12 08:00:00+00:00,0.17635
2025-02-12 09:00:00+00:00,0.1681
2025-02-12 10:00:00+00:00,0.16516
2025-02-12 11:00:00+00:00,0.15909
2025-02-12 12:00:00+00:00,0.15706
2025-02-12 13:00:00+00:00,0.1596
2025-02-12 14:00:00+00:00,0.16556
2025-02-12 15:00:00+00:00,0.17171
2025-02-12 16:00:00+00:00,0.18345
2025-02-12 17:00:00+00:00,0.18961
2025-02-12 18:00:00+00:00,0.19287
2025-02-12 19:00:00+00:00,0.17461000000000002
2025-02-12 20:00:00+00:00,0.16319
2025-02-12 21:00:00+00:00,0.15969999999999998
2025-02-12 22:00:00+00:00,0.15428
2025-02-12 23:00:00+00:00,0.15744999999999998
2025-02-13 00:00:00+00:00,0.15087
2025-02-13 01:00:00+00:00,0.14952000000000001
2025-02-13 02:00:00+00:00,0.14734
2025-02-13 03:00:00+00:00,0.14739
2025-02-13 04:00:00+00:00,0.15113
2025-02-13 05:00:00+00:00,0.166
2025-02-13 06:00:00+00:00,0.19007
2025-02-13 07:00:00+00:00,0.21458000000000002
2025-02-13 08:00:00+00:00,0.19315000000000002
2025-02-13 09:00:00+00:00,0.17659
2025-02-13 10:00:00+00:00,0.16896
2025-02-13 11:00:00+00:00,0.16119999999999998
2025-02-13 12:00:00+00:00,0.16068000000000002
2025-02-13 13:00:00+00:00,0.16382
2025-02-13 14:00:00+00:00,0.1695
2025-02-13 15:00:00+00:00,0.18099
2025-02-13 16:00:00+00:00,0.19057
2025-02-13 17:00:00+00:00,0.20072
2025-02-13 18:00:00+00:00,0.19879
2025-02-13 19:00:00+00:00,0.17548
2025-02-13 20:00:00+00:00,0.16254
2025-02-13 21:00:00+00:00,0.15730000000000002
2025-02-13 22:00:00+00:00,0.15293
2025-02-13 23:00:00+00:00,0.14794
2025-02-14 00:00:00+00:00,0.14311000000000001
2025-02-14 01:00:00+00:00,0.14168
2025-02-14 02:00:00+00:00,0.14002
2025-02-14 03:00:00+00:00,0.1399
2025-02-14 04:00:00+00:00,0.14891
2025-02-14 05:00:00+00:00,0.16271000000000002
2025-02-14 06:00:00+00:00,0.19616
2025-02-14 07:00:00+00:00,0.20261
2025-02-14 08:00:00+00:00,0.19813
2025-02-14 09:00:00+00:00,0.18258000000000002
2025-02-14 10:00:00+00:00,0.17037
2025-02-14 11:00:00+00:00,0.16788
2025-02-14 12:00:00+00:00,0.16691999999999999
2025-02-14 13:00:00+00:00,0.16971
2025-02-14 14:00:00+00:00,0.17668999999999999
2025-02-14 15:00:00+00:00,0.18068
2025-02-14 16:00:00+00:00,0.18333000000000002
2025-02-14 17:00:00+00:00,0.19272999999999998
2025-02-14 18:00:00+00:00,0.19538999999999998
2025-02-14 19:00:00+00:00,0.18578999999999998
2025-02-14 20:00:00+00:00,0.16788999999999998
2025-02-14 21:00:00+00:00,0.16004
2025-02-14 22:00:00+00:00,0.15618
2025-02-14 23:00:00+00:00,0.14318999999999998
2025-02-15 00:00:00+00:00,0.13755
2025-02-15 01:00:00+00:00,0.13524
2025-02-15 02:00:00+00:00,0.13305
2025-02-15 03:00:00+00:00,0.13304
2025-02-15 04:00:00+00:00,0.13112000000000001
2025-02-15 05:00:00+00:00,0.13484000000000002
2025-02-15 06:00:00+00:00,0.14819
2025-02-15 07:00:00+00:00,0.14959999999999998
2025-02-15 08:00:00+00:00,0.14037
2025-02-15 09:00:00+00:00,0.13352
2025-02-15 10:00:00+00:00,0.12461
2025-02-15 11:00:00+00:00,0.12002
2025-02-15 12:00:00+00:00,0.1141
2025-02-15 13:00:00+00:00,0.1221
2025-02-15 14:00:00+00:00,0.13305
2025-02-15 15:00:00+00:00,0.155
2025-02-15 16:00:00+00:00,0.16859
2025-02-15 17:00:00+00:00,0.17502
2025-02-15 18:00:00+00:00,0.16406
2025-02-15 19:00:00+00:00,0.15441999999999997
2025-02-15 20:00:00+00:00,0.14289
2025-02-15 21:00:00+00:00,0.13918
2025-02-15 22:00:00+00:00,0.13394999999999999
2025-02-15 23:00:00+00:00,0.13939
2025-02-16 00:00:00+00:00,0.13406
2025-02-16 01:00:00+00:00,0.13101
2025-02-16 02:00:00+00:00,0.12468000000000001
2025-02-16 03:00:00+00:00,0.12287000000000001
2025-02-16 04:00:00+00:00,0.12614
2025-02-16 05:00:00+00:00,0.13068000000000002
2025-02-16 06:00:00+00:00,0.13403
2025-02-16 07:00:00+00:00,0.13181
2025-02-16 08:00:00+00:00,0.12201000000000001
2025-02-16 09:00:00+00:00,0.11771
2025-02-16 10:00:00+00:00,0.10751999999999999
2025-02-16 11:00:00+00:00,0.10553
2025-02-16 12:00:00+00:00,0.09906999999999999
2025-02-16 13:00:00+00:00,0.11445
2025-02-16 14:00:00+00:00,0.12906
2025-02-16 15:00:00+00:00,0.14432
2025-02-16 16:00:00+00:00,0.15930000000000002
2025-02-16 17:00:00+00:00,0.16359
2025-02-16 18:00:00+00:00,0.16334
2025-02-16 19:00:00+00:00,0.15574000000000002
2025-02-16 20:00:00+00:00,0.15159999999999998
2025-02-16 21:00:00+00:00,0.15049
2025-02-16 22:00:00+00:00,0.14389
2025-02-16 23:00:00+00:00,0.13931
2025-02-17 00:00:00+00:00,0.13682
2025-02-17 01:00:00+00:00,0.13171000000000002
2025-02-17 02:00:00+00:00,0.13303
2025-02-17 03:00:00+00:00,0.13178
2025-02-17 04:00:00+00:00,0.13902
2025-02-17 05:00:00+00:00,0.16144999999999998
2025-02-17 06:00:00+00:00,0.19177000000000002
2025-02-17 07:00:00+00:00,0.195
2025-02-17 08:00:00+00:00,0.16507
2025-02-17 09:00:00+00:00,0.15737
2025-02-17 10:00:00+00:00,0.15306999999999998
2025-02-17 11:00:00+00:00,0.14471
2025-02-17 12:00:00+00:00,0.14296999999999999
2025-02-17 13:00:00+00:00,0.15056
2025-02-17 14:00:00+00:00,0.15811
2025-02-17 15:00:00+00:00,0.17009
2025-02-17 16:00:00+00:00,0.18859
2025-02-17 17:00:00+00:00,0.20449
2025-02-17 18:00:00+00:00,0.20338
2025-02-17 19:00:00+00:00,0.17135
2025-02-17 20:00:00+00:00,0.15997999999999998
2025-02-17 21:00:00+00:00,0.15647999999999998
2025-02-17 22:00:00+00:00,0.14967
2025-02-17 23:00:00+00:00,0.14387
2025-02-18 00:00:00+00:00,0.13698
2025-02-18 01:00:00+00:00,0.13266
2025-02-18 02:00:00+00:00,0.13141999999999998
2025-02-18 03:00:00+00:00,0.13147999999999999
2025-02-18 04:00:00+00:00,0.14488
2025-02-18 05:00:00+00:00,0.16113
2025-02-18 06:00:00+00:00,0.19059
2025-02-18 07:00:00+00:00,0.19083
2025-02-18 08:00:00+00:00,0.16006
2025-02-18 09:00:00+00:00,0.14796
2025-02-18 10:00:00+00:00,0.13704
2025-02-18 11:00:00+00:00,0.13261
2025-02-18 12:00:00+00:00,0.13302
2025-02-18 13:00:00+00:00,0.14078
2025-02-18 14:00:00+00:00,0.15289
2025-02-18 15:00:00+00:00,0.16225
2025-02-18 16:00:00+00:00,0.17602
2025-02-18 17:00:00+00:00,0.17779
2025-02-18 18:00:00+00:00,0.17507
2025-02-18 19:00:00+00:00,0.1675
2025-02-18 20:00:00+00:00,0.15850999999999998
2025-02-18 21:00:00+00:00,0.15569999999999998
2025-02-18 22:00:00+00:00,0.15246
2025-02-18 23:00:00+00:00,0.14219
2025-02-19 00:00:00+00:00,0.13813
2025-02-19 01:00:00+00:00,0.13674
2025-02-19 02:00:00+00:00,0.1345
2025-02-19 03:00:00+00:00,0.13461
2025-02-19 04:00:00+00:00,0.14362
2025-02-19 05:00:00+00:00,0.15699000000000002
2025-02-19 06:00:00+00:00,0.16627
2025-02-19 07:00:00+00:00,0.1689
2025-02-19 08:00:00+00:00,0.15469999999999998
2025-02-19 09:00:00+00:00,0.1517
2025-02-19 10:00:00+00:00,0.14836000000000002
2025-02-19 11:00:00+00:00,0.14509
2025-02-19 12:00:00+00:00,0.14416
2025-02-19 13:00:00+00:00,0.14502
2025-02-19 14:00:00+00:00,0.15119
2025-02-19 15:00:00+00:00,0.15713
2025-02-19 16:00:00+00:00,0.16112
2025-02-19 17:00:00+00:00,0.168
2025-02-19 18:00:00+00:00,0.16807
2025-02-19 19:00:00+00:00,0.16118000000000002
2025-02-19 20:00:00+00:00,0.15222
2025-02-19 21:00:00+00:00,0.15149
2025-02-19 22:00:00+00:00,0.14956
2025-02-19 23:00:00+00:00,0.14289
2025-02-20 00:00:00+00:00,0.13925
2025-02-20 01:00:00+00:00,0.13407
2025-02-20 02:00:00+00:00,0.1336
2025-02-20 03:00:00+00:00,0.13491
2025-02-20 04:00:00+00:00,0.14293
2025-02-20 05:00:00+00:00,0.15028999999999998
2025-02-20 06:00:00+00:00,0.16432
2025-02-20 07:00:00+00:00,0.16393000000000002
2025-02-20 08:00:00+00:00,0.15011000000000002
2025-02-20 09:00:00+00:00,0.14780000000000001
2025-02-20 10:00:00+00:00,0.14232
2025-02-20 11:00:00+00:00,0.13194
2025-02-20 12:00:00+00:00,0.13028
2025-02-20 13:00:00+00:00,0.13802
2025-02-20 14:00:00+00:00,0.14851
2025-02-20 15:00:00+00:00,0.15599000000000002
2025-02-20 16:00:00+00:00,0.15719999999999998
2025-02-20 17:00:00+00:00,0.16191
2025-02-20 18:00:00+00:00,0.15849000000000002
2025-02-20 19:00:00+00:00,0.15469999999999998
2025-02-20 20:00:00+00:00,0.14804
2025-02-20 21:00:00+00:00,0.14821
2025-02-20 22:00:00+00:00,0.14503
2025-02-20 23:00:00+00:00,0.1444
2025-02-21 00:00:00+00:00,0.14057
2025-02-21 01:00:00+00:00,0.13855
2025-02-21 02:00:00+00:00,0.13796
2025-02-21 03:00:00+00:00,0.1374
2025-02-21 04:00:00+00:00,0.1433
2025-02-21 05:00:00+00:00,0.15380000000000002
2025-02-21 06:00:00+00:00,0.155
2025-02-21 07:00:00+00:00,0.14969
2025-02-21 08:00:00+00:00,0.14711000000000002
2025-02-21 09:00:00+00:00,0.14711000000000002
2025-02-21 10:00:00+00:00,0.1423
2025-02-21 11:00:00+00:00,0.13
2025-02-21 12:00:00+00:00,0.13007
2025-02-21 13:00:00+00:00,0.13438
2025-02-21 14:00:00+00:00,0.14192
2025-02-21 15:00:00+00:00,0.14467
2025-02-21 16:00:00+00:00,0.15159
2025-02-21 17:00:00+00:00,0.15477000000000002
2025-02-21 18:00:00+00:00,0.15159
2025-02-21 19:00:00+00:00,0.14703
2025-02-21 20:00:00+00:00,0.14626
2025-02-21 21:00:00+00:00,0.14675
2025-02-21 22:00:00+00:00,0.14192
2025-02-21 23:00:00+00:00,0.14036
2025-02-22 00:00:00+00:00,0.13118000000000002
2025-02-22 01:00:00+00:00,0.12933
2025-02-22 02:00:00+00:00,0.12811
2025-02-22 03:00:00+00:00,0.12412000000000001
2025-02-22 04:00:00+00:00,0.12972
2025-02-22 05:00:00+00:00,0.13205
2025-02-22 06:00:00+00:00,0.13963
2025-02-22 07:00:00+00:00,0.13919
2025-02-22 08:00:00+00:00,0.13321
2025-02-22 09:00:00+00:00,0.12428
2025-02-22 10:00:00+00:00,0.12011
2025-02-22 11:00:00+00:00,0.10812999999999999
2025-02-22 12:00:00+00:00,0.10501
2025-02-22 13:00:00+00:00,0.09008
2025-02-22 14:00:00+00:00,0.11642
2025-02-22 15:00:00+00:00,0.12384999999999999
2025-02-22 16:00:00+00:00,0.14408
2025-02-22 17:00:00+00:00,0.14749
2025-02-22 18:00:00+00:00,0.14715
2025-02-22 19:00:00+00:00,0.14409
2025-02-22 20:00:00+00:00,0.1422
2025-02-22 21:00:00+00:00,0.14137
2025-02-22 22:00:00+00:00,0.13788
2025-02-22 23:00:00+00:00,0.12512
2025-02-23 00:00:00+00:00,0.12490000000000001
2025-02-23 01:00:00+00:00,0.12467
2025-02-23 02:00:00+00:00,0.12215000000000001
2025-02-23 03:00:00+00:00,0.12045
2025-02-23 04:00:00+00:00,0.12042
2025-02-23 05:00:00+00:00,0.11745
2025-02-23 06:00:00+00:00,0.11733
2025-02-23 07:00:00+00:00,0.1158
2025-02-23 08:00:00+00:00,0.11678
2025-02-23 09:00:00+00:00,0.12035
2025-02-23 10:00:00+00:00,0.10814
2025-02-23 11:00:00+00:00,0.10640000000000001
2025-02-23 12:00:00+00:00,0.09577
2025-02-23 13:00:00+00:00,0.10431
2025-02-23 14:00:00+00:00,0.11535
2025-02-23 15:00:00+00:00,0.13406
2025-02-23 16:00:00+00:00,0.1469
2025-02-23 17:00:00+00:00,0.15246
2025-02-23 18:00:00+00:00,0.15319
2025-02-23 19:00:00+00:00,0.14759999999999998
2025-02-23 20:00:00+00:00,0.1421
2025-02-23 21:00:00+00:00,0.14199
2025-02-23 22:00:00+00:00,0.13063
2025-02-23 23:00:00+00:00,0.12271
2025-02-24 00:00:00+00:00,0.12106
2025-02-24 01:00:00+00:00,0.11944
2025-02-24 02:00:00+00:00,0.11964
2025-02-24 03:00:00+00:00,0.12052
2025-02-24 04:00:00+00:00,0.12417
2025-02-24 05:00:00+00:00,0.1485
2025-02-24 06:00:00+00:00,0.15799000000000002
2025-02-24 07:00:00+00:00,0.16166999999999998
2025-02-24 08:00:00+00:00,0.15166
2025-02-24 09:00:00+00:00,0.1466
2025-02-24 10:00:00+00:00,0.14354
2025-02-24 11:00:00+00:00,0.13829
2025-02-24 12:00:00+00:00,0.13961
2025-02-24 13:00:00+00:00,0.14201
2025-02-24 14:00:00+00:00,0.14846
2025-02-24 15:00:00+00:00,0.15603999999999998
2025-02-24 16:00:00+00:00,0.16161
2025-02-24 17:00:00+00:00,0.16604
2025-02-24 18:00:00+00:00,0.16312000000000001
2025-02-24 19:00:00+00:00,0.15503999999999998
2025-02-24 20:00:00+00:00,0.14729
2025-02-24 21:00:00+00:00,0.14355
2025-02-24 22:00:00+00:00,0.13788999999999998
2025-02-24 23:00:00+00:00,0.13199
2025-02-25 00:00:00+00:00,0.12626
2025-02-25 01:00:00+00:00,0.12075
2025-02-25 02:00:00+00:00,0.12314
2025-02-25 03:00:00+00:00,0.12401999999999999
2025-02-25 04:00:00+00:00,0.13181
2025-02-25 05:00:00+00:00,0.14569
2025-02-25 06:00:00+00:00,0.16135
2025-02-25 07:00:00+00:00,0.16471
2025-02-25 08:00:00+00:00,0.1507
2025-02-25 09:00:00+00:00,0.14673
2025-02-25 10:00:00+00:00,0.14440999999999998
2025-02-25 11:00:00+00:00,0.13541
2025-02-25 12:00:00+00:00,0.13561
2025-02-25 13:00:00+00:00,0.13935
2025-02-25 14:00:00+00:00,0.14898
2025-02-25 15:00:00+00:00,0.16896
2025-02-25 16:00:00+00:00,0.18108000000000002
2025-02-25 17:00:00+00:00,0.1875
2025-02-25 18:00:00+00:00,0.18724000000000002
2025-02-25 19:00:00+00:00,0.16005
2025-02-25 20:00:00+00:00,0.14551
2025-02-25 21:00:00+00:00,0.13761
2025-02-25 22:00:00+00:00,0.12947999999999998
2025-02-25 23:00:00+00:00,0.12481
2025-02-26 00:00:00+00:00,0.12226999999999999
2025-02-26 01:00:00+00:00,0.12024
2025-02-26 02:00:00+00:00,0.11877
2025-02-26 03:00:00+00:00,0.11879
2025-02-26 04:00:00+00:00,0.12575
2025-02-26 05:00:00+00:00,0.14694
2025-02-26 06:00:00+00:00,0.16821
2025-02-26 07:00:00+00:00,0.18112999999999999
2025-02-26 08:00:00+00:00,0.16272999999999999
2025-02-26 09:00:00+00:00,0.14898
2025-02-26 10:00:00+00:00,0.14205
2025-02-26 11:00:00+00:00,0.13562000000000002
2025-02-26 12:00:00+00:00,0.1335
2025-02-26 13:00:00+00:00,0.13636
2025-02-26 14:00:00+00:00,0.14506
2025-02-26 15:00:00+00:00,0.1514
2025-02-26 16:00:00+00:00,0.16787
2025-02-26 17:00:00+00:00,0.17443
2025-02-26 18:00:00+00:00,0.16903
2025-02-26 19:00:00+00:00,0.15367
2025-02-26 20:00:00+00:00,0.14298
2025-02-26 21:00:00+00:00,0.13805
2025-02-26 22:00:00+00:00,0.13138999999999998
2025-02-26 23:00:00+00:00,0.12101
2025-02-27 00:00:00+00:00,0.11998
2025-02-27 01:00:00+00:00,0.11744
2025-02-27 02:00:00+00:00,0.1166
2025-02-27 03:00:00+00:00,0.11608
2025-02-27 04:00:00+00:00,0.12215999999999999
2025-02-27 05:00:00+00:00,0.14303
2025-02-27 06:00:00+00:00,0.15309
2025-02-27 07:00:00+00:00,0.15750999999999998
2025-02-27 08:00:00+00:00,0.14509
2025-02-27 09:00:00+00:00,0.13293000000000002
2025-02-27 10:00:00+00:00,0.12451000000000001
2025-02-27 11:00:00+00:00,0.12079999999999999
2025-02-27 12:00:00+00:00,0.11961
2025-02-27 13:00:00+00:00,0.12107
2025-02-27 14:00:00+00:00,0.13197
2025-02-27 15:00:00+00:00,0.14528
2025-02-27 16:00:00+00:00,0.15953
2025-02-27 17:00:00+00:00,0.17072
2025-02-27 18:00:00+00:00,0.16394
2025-02-27 19:00:00+00:00,0.1525
2025-02-27 20:00:00+00:00,0.14185
2025-02-27 21:00:00+00:00,0.14001
2025-02-27 22:00:00+00:00,0.12991
2025-02-27 23:00:00+00:00,0.12601
2025-02-28 00:00:00+00:00,0.12108
2025-02-28 01:00:00+00:00,0.12076
2025-02-28 02:00:00+00:00,0.11914
2025-02-28 03:00:00+00:00,0.11915
2025-02-28 04:00:00+00:00,0.12143000000000001
2025-02-28 05:00:00+00:00,0.14146
2025-02-28 06:00:00+00:00,0.15646000000000002
2025-02-28 07:00:00+00:00,0.15933
2025-02-28 08:00:00+00:00,0.14396
2025-02-28 09:00:00+00:00,0.13172
2025-02-28 10:00:00+00:00,0.12683
2025-02-28 11:00:00+00:00,0.12067
2025-02-28 12:00:00+00:00,0.11765
2025-02-28 13:00:00+00:00,0.11921999999999999
2025-02-28 14:00:00+00:00,0.12859
2025-02-28 15:00:00+00:00,0.14284
2025-02-28 16:00:00+00:00,0.15044
2025-02-28 17:00:00+00:00,0.16516999999999998
2025-02-28 18:00:00+00:00,0.15856
2025-02-28 19:00:00+00:00,0.1458
2025-02-28 20:00:00+00:00,0.13637
2025-02-28 21:00:00+00:00,0.12834
2025-02-28 22:00:00+00:00,0.1207
2025-02-28 23:00:00+00:00,0.13299
2025-03-01 00:00:00+00:00,0.12369
2025-03-01 01:00:00+00:00,0.12258
2025-03-01 02:00:00+00:00,0.11907
2025-03-01 03:00:00+00:00,0.11898
2025-03-01 04:00:00+00:00,0.11954000000000001
2025-03-01 05:00:00+00:00,0.12833
2025-03-01 06:00:00+00:00,0.13853000000000001
2025-03-01 07:00:00+00:00,0.138
2025-03-01 08:00:00+00:00,0.13624
2025-03-01 09:00:00+00:00,0.12015
2025-03-01 10:00:00+00:00,0.11739
2025-03-01 11:00:00+00:00,0.1119
2025-03-01 12:00:00+00:00,0.10507999999999999
2025-03-01 13:00:00+00:00,0.10937999999999999
2025-03-01 14:00:00+00:00,0.11791
2025-03-01 15:00:00+00:00,0.13113999999999998
2025-03-01 16:00:00+00:00,0.14303
2025-03-01 17:00:00+00:00,0.15152000000000002
2025-03-01 18:00:00+00:00,0.1499
2025-03-01 19:00:00+00:00,0.14001
2025-03-01 20:00:00+00:00,0.13226
2025-03-01 21:00:00+00:00,0.12832
2025-03-01 22:00:00+00:00,0.12344
2025-03-01 23:00:00+00:00,0.11968000000000001
2025-03-02 00:00:00+00:00,0.11589
2025-03-02 01:00:00+00:00,0.11481
2025-03-02 02:00:00+00:00,0.1123
2025-03-02 03:00:00+00:00,0.11158
2025-03-02 04:00:00+00:00,0.11239
2025-03-02 05:00:00+00:00,0.11598
2025-03-02 06:00:00+00:00,0.11709
2025-03-02 07:00:00+00:00,0.11093
2025-03-02 08:00:00+00:00,0.10123
2025-03-02 09:00:00+00:00,0.09142
2025-03-02 10:00:00+00:00,0.06829
2025-03-02 11:00:00+00:00,0.06966
2025-03-02 12:00:00+00:00,0.02011
2025-03-02 13:00:00+00:00,0.03472
2025-03-02 14:00:00+00:00,0.08108
2025-03-02 15:00:00+00:00,0.09962
2025-03-02 16:00:00+00:00,0.13177
2025-03-02 17:00:00+00:00,0.14399
2025-03-02 18:00:00+00:00,0.14179
2025-03-02 19:00:00+00:00,0.134
2025-03-02 20:00:00+00:00,0.1279
2025-03-02 21:00:00+00:00,0.12208
2025-03-02 22:00:00+00:00,0.11709
2025-03-02 23:00:00+00:00,0.11217
2025-03-03 00:00:00+00:00,0.10579000000000001
2025-03-03 01:00:00+00:00,0.10706
2025-03-03 02:00:00+00:00,0.10208
2025-03-03 03:00:00+00:00,0.10634
2025-03-03 04:00:00+00:00,0.1164
2025-03-03 05:00:00+00:00,0.1371
2025-03-03 06:00:00+00:00,0.14598
2025-03-03 07:00:00+00:00,0.1445
2025-03-03 08:00:00+00:00,0.13581000000000001
2025-03-03 09:00:00+00:00,0.12053
2025-03-03 10:00:00+00:00,0.11504
2025-03-03 11:00:00+00:00,0.09941
2025-03-03 12:00:00+00:00,0.09831000000000001
2025-03-03 13:00:00+00:00,0.09955
2025-03-03 14:00:00+00:00,0.11605
2025-03-03 15:00:00+00:00,0.12940000000000002
2025-03-03 16:00:00+00:00,0.14805000000000001
2025-03-03 17:00:00+00:00,0.15908
2025-03-03 18:00:00+00:00,0.16361
2025-03-03 19:00:00+00:00,0.14880000000000002
2025-03-03 20:00:00+00:00,0.1432
2025-03-03 21:00:00+00:00,0.13808
2025-03-03 22:00:00+00:00,0.12831
2025-03-03 23:00:00+00:00,0.12916999999999998
2025-03-04 00:00:00+00:00,0.12379000000000001
2025-03-04 01:00:00+00:00,0.11972
2025-03-04 02:00:00+00:00,0.11768
2025-03-04 03:00:00+00:00,0.11824
2025-03-04 04:00:00+00:00,0.13075
2025-03-04 05:00:00+00:00,0.15031
2025-03-04 06:00:00+00:00,0.16798
2025-03-04 07:00:00+00:00,0.15296
2025-03-04 08:00:00+00:00,0.13904
2025-03-04 09:00:00+00:00,0.12129999999999999
2025-03-04 10:00:00+00:00,0.11173000000000001
2025-03-04 11:00:00+00:00,0.10029
2025-03-04 12:00:00+00:00,0.09855
2025-03-04 13:00:00+00:00,0.10653
2025-03-04 14:00:00+00:00,0.12104999999999999
2025-03-04 15:00:00+00:00,0.13819
2025-03-04 16:00:00+00:00,0.15418
2025-03-04 17:00:00+00:00,0.17386000000000001
2025-03-04 18:00:00+00:00,0.16809000000000002
2025-03-04 19:00:00+00:00,0.151
2025-03-04 20:00:00+00:00,0.14379
2025-03-04 21:00:00+00:00,0.13818
2025-03-04 22:00:00+00:00,0.13569
2025-03-04 23:00:00+00:00,0.12803
2025-03-05 00:00:00+00:00,0.12007
2025-03-05 01:00:00+00:00,0.11981
2025-03-05 02:00:00+00:00,0.1171
2025-03-05 03:00:00+00:00,0.1171
2025-03-05 04:00:00+00:00,0.13121000000000002
2025-03-05 05:00:00+00:00,0.14549
2025-03-05 06:00:00+00:00,0.15012999999999999
2025-03-05 07:00:00+00:00,0.14754
2025-03-05 08:00:00+00:00,0.13361
2025-03-05 09:00:00+00:00,0.1173
2025-03-05 10:00:00+00:00,0.10881
2025-03-05 11:00:00+00:00,0.10283
2025-03-05 12:00:00+00:00,0.09935
2025-03-05 13:00:00+00:00,0.10047
2025-03-05 14:00:00+00:00,0.11466
2025-03-05 15:00:00+00:00,0.13438
2025-03-05 16:00:00+00:00,0.14793
2025-03-05 17:00:00+00:00,0.15879
2025-03-05 18:00:00+00:00,0.15531999999999999
2025-03-05 19:00:00+00:00,0.14587
2025-03-05 20:00:00+00:00,0.14315
2025-03-05 21:00:00+00:00,0.13687
2025-03-05 22:00:00+00:00,0.13094
2025-03-05 23:00:00+00:00,0.12407
2025-03-06 00:00:00+00:00,0.11158
2025-03-06 01:00:00+00:00,0.10918000000000001
2025-03-06 02:00:00+00:00,0.10804000000000001
2025-03-06 03:00:00+00:00,0.10898000000000001
2025-03-06 04:00:00+00:00,0.12403
2025-03-06 05:00:00+00:00,0.14165
2025-03-06 06:00:00+00:00,0.14389
2025-03-06 07:00:00+00:00,0.1437
2025-03-06 08:00:00+00:00,0.12340000000000001
2025-03-06 09:00:00+00:00,0.11237
2025-03-06 10:00:00+00:00,0.099
2025-03-06 11:00:00+00:00,0.08383
2025-03-06 12:00:00+00:00,0.060039999999999996
2025-03-06 13:00:00+00:00,0.08508
2025-03-06 14:00:00+00:00,0.10595
2025-03-06 15:00:00+00:00,0.1164
2025-03-06 16:00:00+00:00,0.1494
2025-03-06 17:00:00+00:00,0.16109
2025-03-06 18:00:00+00:00,0.15259999999999999
2025-03-06 19:00:00+00:00,0.143
2025-03-06 20:00:00+00:00,0.13932
2025-03-06 21:00:00+00:00,0.13359000000000001
2025-03-06 22:00:00+00:00,0.12996000000000002
2025-03-06 23:00:00+00:00,0.11303
2025-03-07 00:00:00+00:00,0.10758
2025-03-07 01:00:00+00:00,0.10662999999999999
2025-03-07 02:00:00+00:00,0.10474
2025-03-07 03:00:00+00:00,0.10781
2025-03-07 04:00:00+00:00,0.12319
2025-03-07 05:00:00+00:00,0.14583000000000002
2025-03-07 06:00:00+00:00,0.15006999999999998
2025-03-07 07:00:00+00:00,0.13636
2025-03-07 08:00:00+00:00,0.1303
2025-03-07 09:00:00+00:00,0.11325
2025-03-07 10:00:00+00:00,0.10003000000000001
2025-03-07 11:00:00+00:00,0.01549
2025-03-07 12:00:00+00:00,0.01351
2025-03-07 13:00:00+00:00,0.036899999999999995
2025-03-07 14:00:00+00:00,0.08108
2025-03-07 15:00:00+00:00,0.12524
2025-03-07 16:00:00+00:00,0.15502000000000002
2025-03-07 17:00:00+00:00,0.18119
2025-03-07 18:00:00+00:00,0.17335
2025-03-07 19:00:00+00:00,0.14424
2025-03-07 20:00:00+00:00,0.13038
2025-03-07 21:00:00+00:00,0.12534
2025-03-07 22:00:00+00:00,0.12108
2025-03-07 23:00:00+00:00,0.12254000000000001
2025-03-08 00:00:00+00:00,0.11906
2025-03-08 01:00:00+00:00,0.11461
2025-03-08 02:00:00+00:00,0.11506
2025-03-08 03:00:00+00:00,0.1158
2025-03-08 04:00:00+00:00,0.12043000000000001
2025-03-08 05:00:00+00:00,0.12972999999999998
2025-03-08 06:00:00+00:00,0.13163
2025-03-08 07:00:00+00:00,0.11858
2025-03-08 08:00:00+00:00,0.10493999999999999
2025-03-08 09:00:00+00:00,0.07531
2025-03-08 10:00:00+00:00,0.0208
2025-03-08 11:00:00+00:00,0.011980000000000001
2025-03-08 12:00:00+00:00,0.01056
2025-03-08 13:00:00+00:00,0.0206
2025-03-08 14:00:00+00:00,0.06498999999999999
2025-03-08 15:00:00+00:00,0.10944
2025-03-08 16:00:00+00:00,0.13566999999999999
2025-03-08 17:00:00+00:00,0.14856
2025-03-08 18:00:00+00:00,0.14005
2025-03-08 19:00:00+00:00,0.1381
2025-03-08 20:00:00+00:00,0.13576
2025-03-08 21:00:00+00:00,0.12903
2025-03-08 22:00:00+00:00,0.12052
2025-03-08 23:00:00+00:00,0.11467000000000001
2025-03-09 00:00:00+00:00,0.10968000000000001
2025-03-09 01:00:00+00:00,0.10784
2025-03-09 02:00:00+00:00,0.10525
2025-03-09 03:00:00+00:00,0.10487
2025-03-09 04:00:00+00:00,0.10618999999999999
2025-03-09 05:00:00+00:00,0.10843000000000001
2025-03-09 06:00:00+00:00,0.1062
2025-03-09 07:00:00+00:00,0.10106
2025-03-09 08:00:00+00:00,0.030199999999999998
2025-03-09 09:00:00+00:00,0.0
2025-03-09 10:00:00+00:00,-0.00015
2025-03-09 11:00:00+00:00,-0.00624
2025-03-09 12:00:00+00:00,-0.0065
2025-03-09 13:00:00+00:00,1e-05
2025-03-09 14:00:00+00:00,0.016280000000000003
2025-03-09 15:00:00+00:00,0.08821999999999999
2025-03-09 16:00:00+00:00,0.12606
2025-03-09 17:00:00+00:00,0.14351
2025-03-09 18:00:00+00:00,0.1371
2025-03-09 19:00:00+00:00,0.13009
2025-03-09 20:00:00+00:00,0.12269
2025-03-09 21:00:00+00:00,0.11068
2025-03-09 22:00:00+00:00,0.10489
2025-03-09 23:00:00+00:00,0.10583
2025-03-10 00:00:00+00:00,0.10294
2025-03-10 01:00:00+00:00,0.10209
2025-03-10 02:00:00+00:00,0.10127
2025-03-10 03:00:00+00:00,0.10262
2025-03-10 04:00:00+00:00,0.11268
2025-03-10 05:00:00+00:00,0.13987
2025-03-10 06:00:00+00:00,0.15653
2025-03-10 07:00:00+00:00,0.13999
2025-03-10 08:00:00+00:00,0.12990000000000002
2025-03-10 09:00:00+00:00,0.12609
2025-03-10 10:00:00+00:00,0.11284999999999999
2025-03-10 11:00:00+00:00,0.10732
2025-03-10 12:00:00+00:00,0.10467
2025-03-10 13:00:00+00:00,0.10379000000000001
2025-03-10 14:00:00+00:00,0.10792
2025-03-10 15:00:00+00:00,0.12928
2025-03-10 16:00:00+00:00,0.1474
2025-03-10 17:00:00+00:00,0.17132
2025-03-10 18:00:00+00:00,0.16044
2025-03-10 19:00:00+00:00,0.14264
2025-03-10 20:00:00+00:00,0.13013999999999998
2025-03-10 21:00:00+00:00,0.11937
2025-03-10 22:00:00+00:00,0.10933
2025-03-10 23:00:00+00:00,0.10834999999999999
2025-03-11 00:00:00+00:00,0.10479000000000001
2025-03-11 01:00:00+00:00,0.1022
2025-03-11 02:00:00+00:00,0.10298
2025-03-11 03:00:00+00:00,0.10396999999999999
2025-03-11 04:00:00+00:00,0.11023999999999999
2025-03-11 05:00:00+00:00,0.14498
2025-03-11 06:00:00+00:00,0.16438
2025-03-11 07:00:00+00:00,0.1451
2025-03-11 08:00:00+00:00,0.12791
2025-03-11 09:00:00+00:00,0.11072
2025-03-11 10:00:00+00:00,0.10618999999999999
2025-03-11 11:00:00+00:00,0.1019
2025-03-11 12:00:00+00:00,0.1008
2025-03-11 13:00:00+00:00,0.10061
2025-03-11 14:00:00+00:00,0.11345999999999999
2025-03-11 15:00:00+00:00,0.13781000000000002
2025-03-11 16:00:00+00:00,0.16149000000000002
2025-03-11 17:00:00+00:00,0.18322999999999998
2025-03-11 18:00:00+00:00,0.17435
2025-03-11 19:00:00+00:00,0.14406
2025-03-11 20:00:00+00:00,0.1298
2025-03-11 21:00:00+00:00,0.12208
2025-03-11 22:00:00+00:00,0.11003
2025-03-11 23:00:00+00:00,0.10806
2025-03-12 00:00:00+00:00,0.10317
2025-03-12 01:00:00+00:00,0.1037
2025-03-12 02:00:00+00:00,0.09983
2025-03-12 03:00:00+00:00,0.10239
2025-03-12 04:00:00+00:00,0.10872
2025-03-12 05:00:00+00:00,0.14321
2025-03-12 06:00:00+00:00,0.1524
2025-03-12 07:00:00+00:00,0.14727
2025-03-12 08:00:00+00:00,0.13486
2025-03-12 09:00:00+00:00,0.13485
2025-03-12 10:00:00+00:00,0.13463
2025-03-12 11:00:00+00:00,0.11023000000000001
2025-03-12 12:00:00+00:00,0.11227
2025-03-12 13:00:00+00:00,0.11006
2025-03-12 14:00:00+00:00,0.13161
2025-03-12 15:00:00+00:00,0.14053
2025-03-12 16:00:00+00:00,0.15721000000000002
2025-03-12 17:00:00+00:00,0.17979
2025-03-12 18:00:00+00:00,0.17437
2025-03-12 19:00:00+00:00,0.14918
2025-03-12 20:00:00+00:00,0.13475
2025-03-12 21:00:00+00:00,0.12115000000000001
2025-03-12 22:00:00+00:00,0.11051000000000001
2025-03-12 23:00:00+00:00,0.10875
2025-03-13 00:00:00+00:00,0.10374
2025-03-13 01:00:00+00:00,0.10238
2025-03-13 02:00:00+00:00,0.10124
2025-03-13 03:00:00+00:00,0.10185
2025-03-13 04:00:00+00:00,0.10729000000000001
2025-03-13 05:00:00+00:00,0.1349
2025-03-13 06:00:00+00:00,0.14831999999999998
2025-03-13 07:00:00+00:00,0.14393
2025-03-13 08:00:00+00:00,0.12966999999999998
2025-03-13 09:00:00+00:00,0.11509
2025-03-13 10:00:00+00:00,0.10609
2025-03-13 11:00:00+00:00,0.10393000000000001
2025-03-13 12:00:00+00:00,0.10407
2025-03-13 13:00:00+00:00,0.10499
2025-03-13 14:00:00+00:00,0.10987999999999999
2025-03-13 15:00:00+00:00,0.123
2025-03-13 16:00:00+00:00,0.14306
2025-03-13 17:00:00+00:00,0.15869
2025-03-13 18:00:00+00:00,0.16836
2025-03-13 19:00:00+00:00,0.1455
2025-03-13 20:00:00+00:00,0.13201
2025-03-13 21:00:00+00:00,0.12401000000000001
2025-03-13 22:00:00+00:00,0.11451
2025-03-13 23:00:00+00:00,0.11435
2025-03-14 00:00:00+00:00,0.10966
2025-03-14 01:00:00+00:00,0.10795
2025-03-14 02:00:00+00:00,0.10601999999999999
2025-03-14 03:00:00+00:00,0.10744
2025-03-14 04:00:00+00:00,0.11305
2025-03-14 05:00:00+00:00,0.14082
2025-03-14 06:00:00+00:00,0.15775
2025-03-14 07:00:00+00:00,0.16013
2025-03-14 08:00:00+00:00,0.1451
2025-03-14 09:00:00+00:00,0.13109
2025-03-14 10:00:00+00:00,0.12082999999999999
2025-03-14 11:00:00+00:00,0.11234000000000001
2025-03-14 12:00:00+00:00,0.11065000000000001
2025-03-14 13:00:00+00:00,0.1133
2025-03-14 14:00:00+00:00,0.11977
2025-03-14 15:00:00+00:00,0.12921000000000002
2025-03-14 16:00:00+00:00,0.14232
2025-03-14 17:00:00+00:00,0.15903
2025-03-14 18:00:00+00:00,0.1565
2025-03-14 19:00:00+00:00,0.14141
2025-03-14 20:00:00+00:00,0.13155
2025-03-14 21:00:00+00:00,0.12493000000000001
2025-03-14 22:00:00+00:00,0.11905
2025-03-14 23:00:00+00:00,0.11723
2025-03-15 00:00:00+00:00,0.11129
2025-03-15 01:00:00+00:00,0.10792
2025-03-15 02:00:00+00:00,0.10636
2025-03-15 03:00:00+00:00,0.1071
2025-03-15 04:00:00+00:00,0.10995999999999999
2025-03-15 05:00:00+00:00,0.12192
2025-03-15 06:00:00+00:00,0.12691
2025-03-15 07:00:00+00:00,0.12444
2025-03-15 08:00:00+00:00,0.11927
2025-03-15 09:00:00+00:00,0.11299
2025-03-15 10:00:00+00:00,0.10951000000000001
2025-03-15 11:00:00+00:00,0.10131
2025-03-15 12:00:00+00:00,0.08925
2025-03-15 13:00:00+00:00,0.09639
2025-03-15 14:00:00+00:00,0.10731
2025-03-15 15:00:00+00:00,0.11327
2025-03-15 16:00:00+00:00,0.13454
2025-03-15 17:00:00+00:00,0.14455
2025-03-15 18:00:00+00:00,0.14288
2025-03-15 19:00:00+00:00,0.13895
2025-03-15 20:00:00+00:00,0.12957
2025-03-15 21:00:00+00:00,0.12176999999999999
2025-03-15 22:00:00+00:00,0.11220999999999999
2025-03-15 23:00:00+00:00,0.10987000000000001
2025-03-16 00:00:00+00:00,0.10661
2025-03-16 01:00:00+00:00,0.09709000000000001
2025-03-16 02:00:00+00:00,0.09971
2025-03-16 03:00:00+00:00,0.09809999999999999
2025-03-16 04:00:00+00:00,0.1013
2025-03-16 05:00:00+00:00,0.10611
2025-03-16 06:00:00+00:00,0.10465
2025-03-16 07:00:00+00:00,0.09495999999999999
2025-03-16 08:00:00+00:00,0.09101999999999999
2025-03-16 09:00:00+00:00,0.061079999999999995
2025-03-16 10:00:00+00:00,0.03338
2025-03-16 11:00:00+00:00,0.0389
2025-03-16 12:00:00+00:00,0.02172
2025-03-16 13:00:00+00:00,0.02957
2025-03-16 14:00:00+00:00,0.05292
2025-03-16 15:00:00+00:00,0.10309
2025-03-16 16:00:00+00:00,0.12695
2025-03-16 17:00:00+00:00,0.13615
2025-03-16 18:00:00+00:00,0.13859
2025-03-16 19:00:00+00:00,0.13019
2025-03-16 20:00:00+00:00,0.12643000000000001
2025-03-16 21:00:00+00:00,0.12705
2025-03-16 22:00:00+00:00,0.12004000000000001
2025-03-16 23:00:00+00:00,0.1097
2025-03-17 00:00:00+00:00,0.10840999999999999
2025-03-17 01:00:00+00:00,0.1043
2025-03-17 02:00:00+00:00,0.10447
2025-03-17 03:00:00+00:00,0.10575
2025-03-17 04:00:00+00:00,0.1118
2025-03-17 05:00:00+00:00,0.13765
2025-03-17 06:00:00+00:00,0.14495
2025-03-17 07:00:00+00:00,0.1415
2025-03-17 08:00:00+00:00,0.13943
2025-03-17 09:00:00+00:00,0.12712
2025-03-17 10:00:00+00:00,0.11216
2025-03-17 11:00:00+00:00,0.1043
2025-03-17 12:00:00+00:00,0.10123
2025-03-17 13:00:00+00:00,0.10490000000000001
2025-03-17 14:00:00+00:00,0.11316
2025-03-17 15:00:00+00:00,0.13231
2025-03-17 16:00:00+00:00,0.14153
2025-03-17 17:00:00+00:00,0.16190000000000002
2025-03-17 18:00:00+00:00,0.15954
2025-03-17 19:00:00+00:00,0.14293
2025-03-17 20:00:00+00:00,0.13733
2025-03-17 21:00:00+00:00,0.13851
2025-03-17 22:00:00+00:00,0.12726
2025-03-17 23:00:00+00:00,0.1173
2025-03-18 00:00:00+00:00,0.11187000000000001
2025-03-18 01:00:00+00:00,0.10890000000000001
2025-03-18 02:00:00+00:00,0.10740000000000001
2025-03-18 03:00:00+00:00,0.10740999999999999
2025-03-18 04:00:00+00:00,0.11338
2025-03-18 05:00:00+00:00,0.14308
2025-03-18 06:00:00+00:00,0.14696
2025-03-18 07:00:00+00:00,0.14252
2025-03-18 08:00:00+00:00,0.13001
2025-03-18 09:00:00+00:00,0.11301
2025-03-18 10:00:00+00:00,0.10707
2025-03-18 11:00:00+00:00,0.0952
2025-03-18 12:00:00+00:00,0.028210000000000002
2025-03-18 13:00:00+00:00,0.08509
2025-03-18 14:00:00+00:00,0.1061
2025-03-18 15:00:00+00:00,0.12041
2025-03-18 16:00:00+00:00,0.14493999999999999
2025-03-18 17:00:00+00:00,0.1709
2025-03-18 18:00:00+00:00,0.1687
2025-03-18 19:00:00+00:00,0.14184
2025-03-18 20:00:00+00:00,0.13331
2025-03-18 21:00:00+00:00,0.12875999999999999
2025-03-18 22:00:00+00:00,0.12287999999999999
2025-03-18 23:00:00+00:00,0.11399
2025-03-19 00:00:00+00:00,0.1105
2025-03-19 01:00:00+00:00,0.10909999999999999
2025-03-19 02:00:00+00:00,0.1095
2025-03-19 03:00:00+00:00,0.11001000000000001
2025-03-19 04:00:00+00:00,0.12467
2025-03-19 05:00:00+00:00,0.14956999999999998
2025-03-19 06:00:00+00:00,0.15006
2025-03-19 07:00:00+00:00,0.14289
2025-03-19 08:00:00+00:00,0.12822999999999998
2025-03-19 09:00:00+00:00,0.1129
2025-03-19 10:00:00+00:00,0.10076
2025-03-19 11:00:00+00:00,-0.00113
2025-03-19 12:00:00+00:00,-0.00145
2025-03-19 13:00:00+00:00,0.01176
2025-03-19 14:00:00+00:00,0.0767
2025-03-19 15:00:00+00:00,0.12102
2025-03-19 16:00:00+00:00,0.15906
2025-03-19 17:00:00+00:00,0.1997
2025-03-19 18:00:00+00:00,0.19135
2025-03-19 19:00:00+00:00,0.16072
2025-03-19 20:00:00+00:00,0.14108
2025-03-19 21:00:00+00:00,0.13008
2025-03-19 22:00:00+00:00,0.12381
2025-03-19 23:00:00+00:00,0.1215
2025-03-20 00:00:00+00:00,0.11473
2025-03-20 01:00:00+00:00,0.113
2025-03-20 02:00:00+00:00,0.11272
2025-03-20 03:00:00+00:00,0.11326
2025-03-20 04:00:00+00:00,0.12783
2025-03-20 05:00:00+00:00,0.15128999999999998
2025-03-20 06:00:00+00:00,0.1451
2025-03-20 07:00:00+00:00,0.14007
2025-03-20 08:00:00+00:00,0.11724
2025-03-20 09:00:00+00:00,0.10745
2025-03-20 10:00:00+00:00,0.1071
2025-03-20 11:00:00+00:00,0.09516
2025-03-20 12:00:00+00:00,0.055009999999999996
2025-03-20 13:00:00+00:00,0.09498999999999999
2025-03-20 14:00:00+00:00,0.11223999999999999
2025-03-20 15:00:00+00:00,0.11732
2025-03-20 16:00:00+00:00,0.15203
2025-03-20 17:00:00+00:00,0.17899
2025-03-20 18:00:00+00:00,0.18006
2025-03-20 19:00:00+00:00,0.16528
2025-03-20 20:00:00+00:00,0.14368999999999998
2025-03-20 21:00:00+00:00,0.13285
2025-03-20 22:00:00+00:00,0.12056
2025-03-20 23:00:00+00:00,0.1215
2025-03-21 00:00:00+00:00,0.11631999999999999
2025-03-21 01:00:00+00:00,0.11384
2025-03-21 02:00:00+00:00,0.11327
2025-03-21 03:00:00+00:00,0.11511
2025-03-21 04:00:00+00:00,0.12853
2025-03-21 05:00:00+00:00,0.15275999999999998
2025-03-21 06:00:00+00:00,0.14343
2025-03-21 07:00:00+00:00,0.14256
2025-03-21 08:00:00+00:00,0.1336
2025-03-21 09:00:00+00:00,0.11576
2025-03-21 10:00:00+00:00,0.10939
2025-03-21 11:00:00+00:00,0.10525
2025-03-21 12:00:00+00:00,0.10547
2025-03-21 13:00:00+00:00,0.11403
2025-03-21 14:00:00+00:00,0.11909
2025-03-21 15:00:00+00:00,0.13584000000000002
2025-03-21 16:00:00+00:00,0.14392
2025-03-21 17:00:00+00:00,0.15008000000000002
2025-03-21 18:00:00+00:00,0.15006
2025-03-21 19:00:00+00:00,0.14502
2025-03-21 20:00:00+00:00,0.1355
2025-03-21 21:00:00+00:00,0.12707
2025-03-21 22:00:00+00:00,0.12347
2025-03-21 23:00:00+00:00,0.1274
2025-03-22 00:00:00+00:00,0.11987
2025-03-22 01:00:00+00:00,0.11743
2025-03-22 02:00:00+00:00,0.11516
2025-03-22 03:00:00+00:00,0.11427
2025-03-22 04:00:00+00:00,0.11892
2025-03-22 05:00:00+00:00,0.12516
2025-03-22 06:00:00+00:00,0.12990000000000002
2025-03-22 07:00:00+00:00,0.12752
2025-03-22 08:00:00+00:00,0.12104000000000001
2025-03-22 09:00:00+00:00,0.11605
2025-03-22 10:00:00+00:00,0.10601000000000001
2025-03-22 11:00:00+00:00,0.08583
2025-03-22 12:00:00+00:00,0.08598
2025-03-22 13:00:00+00:00,0.09570000000000001
2025-03-22 14:00:00+00:00,0.10249
2025-03-22 15:00:00+00:00,0.11867
2025-03-22 16:00:00+00:00,0.13093000000000002
2025-03-22 17:00:00+00:00,0.1421
2025-03-22 18:00:00+00:00,0.14415
2025-03-22 19:00:00+00:00,0.14092
2025-03-22 20:00:00+00:00,0.13333
2025-03-22 21:00:00+00:00,0.12716
2025-03-22 22:00:00+00:00,0.11874
2025-03-22 23:00:00+00:00,0.11261
2025-03-23 00:00:00+00:00,0.10792
2025-03-23 01:00:00+00:00,0.10237
2025-03-23 02:00:00+00:00,0.10398
2025-03-23 03:00:00+00:00,0.10308
2025-03-23 04:00:00+00:00,0.105
2025-03-23 05:00:00+00:00,0.10956
2025-03-23 06:00:00+00:00,0.10198
2025-03-23 07:00:00+00:00,0.09770000000000001
2025-03-23 08:00:00+00:00,0.10379000000000001
2025-03-23 09:00:00+00:00,0.02837
2025-03-23 10:00:00+00:00,0.01011
2025-03-23 11:00:00+00:00,0.00562
2025-03-23 12:00:00+00:00,0.00394
2025-03-23 13:00:00+00:00,0.01075
2025-03-23 14:00:00+00:00,0.03534
2025-03-23 15:00:00+00:00,0.11105
2025-03-23 16:00:00+00:00,0.12290000000000001
2025-03-23 17:00:00+00:00,0.14574
2025-03-23 18:00:00+00:00,0.14787
2025-03-23 19:00:00+00:00,0.1381
2025-03-23 20:00:00+00:00,0.13169999999999998
2025-03-23 21:00:00+00:00,0.12340999999999999
2025-03-23 22:00:00+00:00,0.11523
2025-03-23 23:00:00+00:00,0.10747
2025-03-24 00:00:00+00:00,0.10179
2025-03-24 01:00:00+00:00,0.09919
2025-03-24 02:00:00+00:00,0.1004
2025-03-24 03:00:00+00:00,0.10264
2025-03-24 04:00:00+00:00,0.11312
2025-03-24 05:00:00+00:00,0.14747
2025-03-24 06:00:00+00:00,0.16455
2025-03-24 07:00:00+00:00,0.14617
2025-03-24 08:00:00+00:00,0.1301
2025-03-24 09:00:00+00:00,0.12190999999999999
2025-03-24 10:00:00+00:00,0.11216
2025-03-24 11:00:00+00:00,0.09726
2025-03-24 12:00:00+00:00,0.09989
2025-03-24 13:00:00+00:00,0.11318
2025-03-24 14:00:00+00:00,0.12136
2025-03-24 15:00:00+00:00,0.12315999999999999
2025-03-24 16:00:00+00:00,0.15256999999999998
2025-03-24 17:00:00+00:00,0.17958000000000002
2025-03-24 18:00:00+00:00,0.18389
2025-03-24 19:00:00+00:00,0.16009
2025-03-24 20:00:00+00:00,0.14208
2025-03-24 21:00:00+00:00,0.12913
2025-03-24 22:00:00+00:00,0.12198
2025-03-24 23:00:00+00:00,0.12184
2025-03-25 00:00:00+00:00,0.11453
2025-03-25 01:00:00+00:00,0.11036
2025-03-25 02:00:00+00:00,0.10681
2025-03-25 03:00:00+00:00,0.10745
2025-03-25 04:00:00+00:00,0.11835999999999999
2025-03-25 05:00:00+00:00,0.13584000000000002
2025-03-25 06:00:00+00:00,0.14775
2025-03-25 07:00:00+00:00,0.13786
2025-03-25 08:00:00+00:00,0.12487000000000001
2025-03-25 09:00:00+00:00,0.11681
2025-03-25 10:00:00+00:00,0.11204
2025-03-25 11:00:00+00:00,0.10529999999999999
2025-03-25 12:00:00+00:00,0.10651999999999999
2025-03-25 13:00:00+00:00,0.11391
2025-03-25 14:00:00+00:00,0.12022
2025-03-25 15:00:00+00:00,0.13208
2025-03-25 16:00:00+00:00,0.13888
2025-03-25 17:00:00+00:00,0.15580000000000002
2025-03-25 18:00:00+00:00,0.16025
2025-03-25 19:00:00+00:00,0.14289
2025-03-25 20:00:00+00:00,0.13136
2025-03-25 21:00:00+00:00,0.12362999999999999
2025-03-25 22:00:00+00:00,0.12207
2025-03-25 23:00:00+00:00,0.11508
2025-03-26 00:00:00+00:00,0.11147
2025-03-26 01:00:00+00:00,0.10882
2025-03-26 02:00:00+00:00,0.10722
2025-03-26 03:00:00+00:00,0.10809
2025-03-26 04:00:00+00:00,0.11508
2025-03-26 05:00:00+00:00,0.13313
2025-03-26 06:00:00+00:00,0.1432
2025-03-26 07:00:00+00:00,0.14024
2025-03-26 08:00:00+00:00,0.12339
2025-03-26 09:00:00+00:00,0.11502
2025-03-26 10:00:00+00:00,0.11101000000000001
2025-03-26 11:00:00+00:00,0.10535
2025-03-26 12:00:00+00:00,0.1057
2025-03-26 13:00:00+00:00,0.11103
2025-03-26 14:00:00+00:00,0.11995
2025-03-26 15:00:00+00:00,0.12908
2025-03-26 16:00:00+00:00,0.14548
2025-03-26 17:00:00+00:00,0.16409
2025-03-26 18:00:00+00:00,0.16618
2025-03-26 19:00:00+00:00,0.14306
2025-03-26 20:00:00+00:00,0.12774
2025-03-26 21:00:00+00:00,0.1205
2025-03-26 22:00:00+00:00,0.11508
2025-03-26 23:00:00+00:00,0.11001999999999999
2025-03-27 00:00:00+00:00,0.1036
2025-03-27 01:00:00+00:00,0.10019
2025-03-27 02:00:00+00:00,0.10288
2025-03-27 03:00:00+00:00,0.10343000000000001
2025-03-27 04:00:00+00:00,0.11203
2025-03-27 05:00:00+00:00,0.13318000000000002
2025-03-27 06:00:00+00:00,0.14258
2025-03-27 07:00:00+00:00,0.1291
2025-03-27 08:00:00+00:00,0.12796
2025-03-27 09:00:00+00:00,0.11206
2025-03-27 10:00:00+00:00,0.10631
2025-03-27 11:00:00+00:00,0.09589
2025-03-27 12:00:00+00:00,0.08734
2025-03-27 13:00:00+00:00,0.09040999999999999
2025-03-27 14:00:00+00:00,0.10185
2025-03-27 15:00:00+00:00,0.11202
2025-03-27 16:00:00+00:00,0.13271
2025-03-27 17:00:00+00:00,0.16628
2025-03-27 18:00:00+00:00,0.17491
2025-03-27 19:00:00+00:00,0.14828
2025-03-27 20:00:00+00:00,0.12631
2025-03-27 21:00:00+00:00,0.11841
2025-03-27 22:00:00+00:00,0.11209999999999999
2025-03-27 23:00:00+00:00,0.11006
2025-03-28 00:00:00+00:00,0.11001000000000001
2025-03-28 01:00:00+00:00,0.10876000000000001
2025-03-28 02:00:00+00:00,0.11001000000000001
2025-03-28 03:00:00+00:00,0.11001000000000001
2025-03-28 04:00:00+00:00,0.11402
2025-03-28 05:00:00+00:00,0.12729000000000001
2025-03-28 06:00:00+00:00,0.13623
2025-03-28 07:00:00+00:00,0.13466
2025-03-28 08:00:00+00:00,0.1248
2025-03-28 09:00:00+00:00,0.10601999999999999
2025-03-28 10:00:00+00:00,0.09939
2025-03-28 11:00:00+00:00,0.06956999999999999
2025-03-28 12:00:00+00:00,0.054119999999999994
2025-03-28 13:00:00+00:00,0.07499
2025-03-28 14:00:00+00:00,0.09954
2025-03-28 15:00:00+00:00,0.1167
2025-03-28 16:00:00+00:00,0.13757
2025-03-28 17:00:00+00:00,0.16213
2025-03-28 18:00:00+00:00,0.16509000000000001
2025-03-28 19:00:00+00:00,0.14422
2025-03-28 20:00:00+00:00,0.13118000000000002
2025-03-28 21:00:00+00:00,0.1278
2025-03-28 22:00:00+00:00,0.11004000000000001
2025-03-28 23:00:00+00:00,0.11006999999999999
2025-03-29 00:00:00+00:00,0.10790999999999999
2025-03-29 01:00:00+00:00,0.10704999999999999
2025-03-29 02:00:00+00:00,0.10595
2025-03-29 03:00:00+00:00,0.10887000000000001
2025-03-29 04:00:00+00:00,0.11003
2025-03-29 05:00:00+00:00,0.11087000000000001
2025-03-29 06:00:00+00:00,0.11662
2025-03-29 07:00:00+00:00,0.11751
2025-03-29 08:00:00+00:00,0.11251
2025-03-29 09:00:00+00:00,0.11125
2025-03-29 10:00:00+00:00,0.11270999999999999
2025-03-29 11:00:00+00:00,0.11004000000000001
2025-03-29 12:00:00+00:00,0.11003
2025-03-29 13:00:00+00:00,0.11005
2025-03-29 14:00:00+00:00,0.11209999999999999
2025-03-29 15:00:00+00:00,0.12190999999999999
2025-03-29 16:00:00+00:00,0.13041999999999998
2025-03-29 17:00:00+00:00,0.14001
2025-03-29 18:00:00+00:00,0.14387
2025-03-29 19:00:00+00:00,0.1311
2025-03-29 20:00:00+00:00,0.12752
2025-03-29 21:00:00+00:00,0.1247
2025-03-29 22:00:00+00:00,0.11796
2025-03-29 23:00:00+00:00,0.1115
2025-03-30 00:00:00+00:00,0.11004000000000001
2025-03-30 01:00:00+00:00,0.10514
2025-03-30 02:00:00+00:00,0.1051
2025-03-30 03:00:00+00:00,0.10463
2025-03-30 04:00:00+00:00,0.10722
2025-03-30 05:00:00+00:00,0.1051
2025-03-30 06:00:00+00:00,0.10643999999999999
2025-03-30 07:00:00+00:00,0.10115
2025-03-30 08:00:00+00:00,0.017079999999999998
2025-03-30 09:00:00+00:00,-0.0008100000000000001
2025-03-30 10:00:00+00:00,-0.005
2025-03-30 11:00:00+00:00,-0.02973
2025-03-30 12:00:00+00:00,-0.03286
2025-03-30 13:00:00+00:00,-0.02197
2025-03-30 14:00:00+00:00,-0.002
2025-03-30 15:00:00+00:00,0.06501
2025-03-30 16:00:00+00:00,0.11008
2025-03-30 17:00:00+00:00,0.12794
2025-03-30 18:00:00+00:00,0.12918000000000002
2025-03-30 19:00:00+00:00,0.12348999999999999
2025-03-30 20:00:00+00:00,0.12143000000000001
2025-03-30 21:00:00+00:00,0.11008
2025-03-30 22:00:00+00:00,0.10247
2025-03-30 23:00:00+00:00,0.10085
2025-03-31 00:00:00+00:00,0.10027
2025-03-31 01:00:00+00:00,0.10004
2025-03-31 02:00:00+00:00,0.10158
2025-03-31 03:00:00+00:00,0.10629000000000001
2025-03-31 04:00:00+00:00,0.12329999999999999
2025-03-31 05:00:00+00:00,0.13795
2025-03-31 06:00:00+00:00,0.14198
2025-03-31 07:00:00+00:00,0.12897999999999998
2025-03-31 08:00:00+00:00,0.12007
2025-03-31 09:00:00+00:00,0.10687
2025-03-31 10:00:00+00:00,0.09847
2025-03-31 11:00:00+00:00,0.09820999999999999
2025-03-31 12:00:00+00:00,0.09770000000000001
2025-03-31 13:00:00+00:00,0.09948
2025-03-31 14:00:00+00:00,0.11348
2025-03-31 15:00:00+00:00,0.11361
2025-03-31 16:00:00+00:00,0.13817
2025-03-31 17:00:00+00:00,0.15712
2025-03-31 18:00:00+00:00,0.14645
2025-03-31 19:00:00+00:00,0.12754000000000001
2025-03-31 20:00:00+00:00,0.11812
2025-03-31 21:00:00+00:00,0.11131
2025-03-31 22:00:00+00:00,0.10959
2025-03-31 23:00:00+00:00,0.10352
2025-04-01 00:00:00+00:00,0.10023
2025-04-01 01:00:00+00:00,0.10074
2025-04-01 02:00:00+00:00,0.10328
2025-04-01 03:00:00+00:00,0.11198000000000001
2025-04-01 04:00:00+00:00,0.1361
2025-04-01 05:00:00+00:00,0.17302
2025-04-01 06:00:00+00:00,0.15916
2025-04-01 07:00:00+00:00,0.13065000000000002
2025-04-01 08:00:00+00:00,0.10535
2025-04-01 09:00:00+00:00,0.08781
2025-04-01 10:00:00+00:00,0.08915000000000001
2025-04-01 11:00:00+00:00,0.09083
2025-04-01 12:00:00+00:00,0.09219
2025-04-01 13:00:00+00:00,0.09820000000000001
2025-04-01 14:00:00+00:00,0.10567
2025-04-01 15:00:00+00:00,0.1179
2025-04-01 16:00:00+00:00,0.13061
2025-04-01 17:00:00+00:00,0.15025
2025-04-01 18:00:00+00:00,0.13708
2025-04-01 19:00:00+00:00,0.13005
2025-04-01 20:00:00+00:00,0.12601
2025-04-01 21:00:00+00:00,0.11699
2025-04-01 22:00:00+00:00,0.10859
2025-04-01 23:00:00+00:00,0.10435
2025-04-02 00:00:00+00:00,0.10411
2025-04-02 01:00:00+00:00,0.10446
2025-04-02 02:00:00+00:00,0.10396
2025-04-02 03:00:00+00:00,0.10851000000000001
2025-04-02 04:00:00+00:00,0.12657
2025-04-02 05:00:00+00:00,0.1461
2025-04-02 06:00:00+00:00,0.13579
2025-04-02 07:00:00+00:00,0.12159
2025-04-02 08:00:00+00:00,0.10487
2025-04-02 09:00:00+00:00,0.10422
2025-04-02 10:00:00+00:00,0.09448000000000001
2025-04-02 11:00:00+00:00,0.09373000000000001
2025-04-02 12:00:00+00:00,0.09570999999999999
2025-04-02 13:00:00+00:00,0.10424
2025-04-02 14:00:00+00:00,0.10478
2025-04-02 15:00:00+00:00,0.1165
2025-04-02 16:00:00+00:00,0.12974000000000002
2025-04-02 17:00:00+00:00,0.14708000000000002
2025-04-02 18:00:00+00:00,0.13647
2025-04-02 19:00:00+00:00,0.12709
2025-04-02 20:00:00+00:00,0.1215
2025-04-02 21:00:00+00:00,0.1183
2025-04-02 22:00:00+00:00,0.11946999999999999
2025-04-02 23:00:00+00:00,0.11179
2025-04-03 00:00:00+00:00,0.1098
2025-04-03 01:00:00+00:00,0.10854000000000001
2025-04-03 02:00:00+00:00,0.10590999999999999
2025-04-03 03:00:00+00:00,0.11291
2025-04-03 04:00:00+00:00,0.13021000000000002
2025-04-03 05:00:00+00:00,0.15677000000000002
2025-04-03 06:00:00+00:00,0.13779
2025-04-03 07:00:00+00:00,0.13002
2025-04-03 08:00:00+00:00,0.1039
2025-04-03 09:00:00+00:00,0.05068
2025-04-03 10:00:00+00:00,0.053770000000000005
2025-04-03 11:00:00+00:00,0.026109999999999998
2025-04-03 12:00:00+00:00,0.027739999999999997
2025-04-03 13:00:00+00:00,0.02197
2025-04-03 14:00:00+00:00,0.08706
2025-04-03 15:00:00+00:00,0.11154
2025-04-03 16:00:00+00:00,0.13701
2025-04-03 17:00:00+00:00,0.17314
2025-04-03 18:00:00+00:00,0.16371
2025-04-03 19:00:00+00:00,0.13566999999999999
2025-04-03 20:00:00+00:00,0.13008
2025-04-03 21:00:00+00:00,0.1108
2025-04-03 22:00:00+00:00,0.11422
2025-04-03 23:00:00+00:00,0.10919
2025-04-04 00:00:00+00:00,0.10543000000000001
2025-04-04 01:00:00+00:00,0.1021
2025-04-04 02:00:00+00:00,0.10518999999999999
2025-04-04 03:00:00+00:00,0.11662
2025-04-04 04:00:00+00:00,0.1545
2025-04-04 05:00:00+00:00,0.18084999999999998
2025-04-04 06:00:00+00:00,0.15378
2025-04-04 07:00:00+00:00,0.10351
2025-04-04 08:00:00+00:00,0.09128
2025-04-04 09:00:00+00:00,0.05924
2025-04-04 10:00:00+00:00,-0.00092
2025-04-04 11:00:00+00:00,-0.00354
2025-04-04 12:00:00+00:00,-0.00252
2025-04-04 13:00:00+00:00,0.00595
2025-04-04 14:00:00+00:00,0.05386
2025-04-04 15:00:00+00:00,0.10099
2025-04-04 16:00:00+00:00,0.13366
2025-04-04 17:00:00+00:00,0.16491999999999998
2025-04-04 18:00:00+00:00,0.1437
2025-04-04 19:00:00+00:00,0.12969
2025-04-04 20:00:00+00:00,0.1263
2025-04-04 21:00:00+00:00,0.11218
2025-04-04 22:00:00+00:00,0.10379000000000001
2025-04-04 23:00:00+00:00,0.10304
2025-04-05 00:00:00+00:00,0.10288
2025-04-05 01:00:00+00:00,0.10209
2025-04-05 02:00:00+00:00,0.10146
2025-04-05 03:00:00+00:00,0.10135
2025-04-05 04:00:00+00:00,0.10154
2025-04-05 05:00:00+00:00,0.0959
2025-04-05 06:00:00+00:00,0.08284
2025-04-05 07:00:00+00:00,0.06005
2025-04-05 08:00:00+00:00,-0.001
2025-04-05 09:00:00+00:00,-0.0065
2025-04-05 10:00:00+00:00,-0.0294
2025-04-05 11:00:00+00:00,-0.05998
2025-04-05 12:00:00+00:00,-0.05996
2025-04-05 13:00:00+00:00,-0.03318
2025-04-05 14:00:00+00:00,-0.00577
2025-04-05 15:00:00+00:00,0.012029999999999999
2025-04-05 16:00:00+00:00,0.10369
2025-04-05 17:00:00+00:00,0.11025
2025-04-05 18:00:00+00:00,0.11946999999999999
2025-04-05 19:00:00+00:00,0.1168
2025-04-05 20:00:00+00:00,0.11177
2025-04-05 21:00:00+00:00,0.10735
2025-04-05 22:00:00+00:00,0.1028
2025-04-05 23:00:00+00:00,0.0985
2025-04-06 00:00:00+00:00,0.09516
2025-04-06 01:00:00+00:00,0.09254000000000001
2025-04-06 02:00:00+00:00,0.08972
2025-04-06 03:00:00+00:00,0.09311
2025-04-06 04:00:00+00:00,0.09415000000000001
2025-04-06 05:00:00+00:00,0.06634000000000001
2025-04-06 06:00:00+00:00,0.019969999999999998
2025-04-06 07:00:00+00:00,-0.00299
2025-04-06 08:00:00+00:00,-0.00885
2025-04-06 09:00:00+00:00,-0.02721
2025-04-06 10:00:00+00:00,-0.05091
2025-04-06 11:00:00+00:00,-0.08077
2025-04-06 12:00:00+00:00,-0.09465000000000001
2025-04-06 13:00:00+00:00,-0.05471
2025-04-06 14:00:00+00:00,-0.012240000000000001
2025-04-06 15:00:00+00:00,0.00983
2025-04-06 16:00:00+00:00,0.09801
2025-04-06 17:00:00+00:00,0.13075
2025-04-06 18:00:00+00:00,0.13451
2025-04-06 19:00:00+00:00,0.12574
2025-04-06 20:00:00+00:00,0.1171
2025-04-06 21:00:00+00:00,0.11004000000000001
2025-04-06 22:00:00+00:00,0.0927
2025-04-06 23:00:00+00:00,0.08968000000000001
2025-04-07 00:00:00+00:00,0.08806
2025-04-07 01:00:00+00:00,0.08975
2025-04-07 02:00:00+00:00,0.0928
2025-04-07 03:00:00+00:00,0.10234
2025-04-07 04:00:00+00:00,0.13291
2025-04-07 05:00:00+00:00,0.16518
2025-04-07 06:00:00+00:00,0.13946
2025-04-07 07:00:00+00:00,0.10414
2025-04-07 08:00:00+00:00,0.09309999999999999
2025-04-07 09:00:00+00:00,0.04505
2025-04-07 10:00:00+00:00,0.0039
2025-04-07 11:00:00+00:00,-0.00199
2025-04-07 12:00:00+00:00,-0.00376
2025-04-07 13:00:00+00:00,0.02287
2025-04-07 14:00:00+00:00,0.06849
2025-04-07 15:00:00+00:00,0.10393000000000001
2025-04-07 16:00:00+00:00,0.13227
2025-04-07 17:00:00+00:00,0.17562
2025-04-07 18:00:00+00:00,0.16924
2025-04-07 19:00:00+00:00,0.13754
2025-04-07 20:00:00+00:00,0.12064
2025-04-07 21:00:00+00:00,0.11026999999999999
2025-04-07 22:00:00+00:00,0.09952
2025-04-07 23:00:00+00:00,0.09522
2025-04-08 00:00:00+00:00,0.09505
2025-04-08 01:00:00+00:00,0.09579
2025-04-08 02:00:00+00:00,0.09505
2025-04-08 03:00:00+00:00,0.10574
2025-04-08 04:00:00+00:00,0.13924
2025-04-08 05:00:00+00:00,0.18403
2025-04-08 06:00:00+00:00,0.14575
2025-04-08 07:00:00+00:00,0.11258
2025-04-08 08:00:00+00:00,0.08801
2025-04-08 09:00:00+00:00,0.07365000000000001
2025-04-08 10:00:00+00:00,0.05872
2025-04-08 11:00:00+00:00,0.04996
2025-04-08 12:00:00+00:00,0.06186
2025-04-08 13:00:00+00:00,0.07726000000000001
2025-04-08 14:00:00+00:00,0.09112999999999999
2025-04-08 15:00:00+00:00,0.10837999999999999
2025-04-08 16:00:00+00:00,0.13107
2025-04-08 17:00:00+00:00,0.1731
2025-04-08 18:00:00+00:00,0.16971
2025-04-08 19:00:00+00:00,0.13529
2025-04-08 20:00:00+00:00,0.11749
2025-04-08 21:00:00+00:00,0.11131999999999999
2025-04-08 22:00:00+00:00,0.10077
2025-04-08 23:00:00+00:00,0.09677
2025-04-09 00:00:00+00:00,0.09547
2025-04-09 01:00:00+00:00,0.0952
2025-04-09 02:00:00+00:00,0.09727
2025-04-09 03:00:00+00:00,0.109
2025-04-09 04:00:00+00:00,0.13911
2025-04-09 05:00:00+00:00,0.17236
2025-04-09 06:00:00+00:00,0.13795
2025-04-09 07:00:00+00:00,0.09753
2025-04-09 08:00:00+00:00,0.08166
2025-04-09 09:00:00+00:00,0.06662
2025-04-09 10:00:00+00:00,0.0414
2025-04-09 11:00:00+00:00,0.036950000000000004
2025-04-09 12:00:00+00:00,0.06186
2025-04-09 13:00:00+00:00,0.08494
2025-04-09 14:00:00+00:00,0.09797
2025-04-09 15:00:00+00:00,0.10734
2025-04-09 16:00:00+00:00,0.12259
2025-04-09 17:00:00+00:00,0.13518
2025-04-09 18:00:00+00:00,0.14145
2025-04-09 19:00:00+00:00,0.12448000000000001
2025-04-09 20:00:00+00:00,0.11777
2025-04-09 21:00:00+00:00,0.10715000000000001
2025-04-09 22:00:00+00:00,0.1029
2025-04-09 23:00:00+00:00,0.09647
2025-04-10 00:00:00+00:00,0.09398999999999999
2025-04-10 01:00:00+00:00,0.09376999999999999
2025-04-10 02:00:00+00:00,0.0948
2025-04-10 03:00:00+00:00,0.10137
2025-04-10 04:00:00+00:00,0.12997999999999998
2025-04-10 05:00:00+00:00,0.16379
2025-04-10 06:00:00+00:00,0.12659
2025-04-10 07:00:00+00:00,0.10081
2025-04-10 08:00:00+00:00,0.08337
2025-04-10 09:00:00+00:00,0.06643
2025-04-10 10:00:00+00:00,0.01307
2025-04-10 11:00:00+00:00,8.999999999999999e-05
2025-04-10 12:00:00+00:00,0.00023999999999999998
2025-04-10 13:00:00+00:00,0.0026
2025-04-10 14:00:00+00:00,0.06501
2025-04-10 15:00:00+00:00,0.08176
2025-04-10 16:00:00+00:00,0.10704000000000001
2025-04-10 17:00:00+00:00,0.12825
2025-04-10 18:00:00+00:00,0.12993000000000002
2025-04-10 19:00:00+00:00,0.108
2025-04-10 20:00:00+00:00,0.10289
2025-04-10 21:00:00+00:00,0.09381
2025-04-10 22:00:00+00:00,0.0838
2025-04-10 23:00:00+00:00,0.09259
2025-04-11 00:00:00+00:00,0.09018999999999999
2025-04-11 01:00:00+00:00,0.09468
2025-04-11 02:00:00+00:00,0.09503
2025-04-11 03:00:00+00:00,0.0984
2025-04-11 04:00:00+00:00,0.109
2025-04-11 05:00:00+00:00,0.11219
2025-04-11 06:00:00+00:00,0.102
2025-04-11 07:00:00+00:00,0.09505
2025-04-11 08:00:00+00:00,0.08054
2025-04-11 09:00:00+00:00,0.06423000000000001
2025-04-11 10:00:00+00:00,0.00055
2025-04-11 11:00:00+00:00,-0.0011
2025-04-11 12:00:00+00:00,0.00054
2025-04-11 13:00:00+00:00,0.0005600000000000001
2025-04-11 14:00:00+00:00,0.02511
2025-04-11 15:00:00+00:00,0.08125
2025-04-11 16:00:00+00:00,0.10574
2025-04-11 17:00:00+00:00,0.12529
2025-04-11 18:00:00+00:00,0.13521
2025-04-11 19:00:00+00:00,0.11442000000000001
2025-04-11 20:00:00+00:00,0.10640000000000001
2025-04-11 21:00:00+00:00,0.10351
2025-04-11 22:00:00+00:00,0.10897
2025-04-11 23:00:00+00:00,0.10191
2025-04-12 00:00:00+00:00,0.0983
2025-04-12 01:00:00+00:00,0.10019
2025-04-12 02:00:00+00:00,0.09759000000000001
2025-04-12 03:00:00+00:00,0.10093
2025-04-12 04:00:00+00:00,0.10632
2025-04-12 05:00:00+00:00,0.10998999999999999
2025-04-12 06:00:00+00:00,0.09514
2025-04-12 07:00:00+00:00,0.08041
2025-04-12 08:00:00+00:00,0.03757
2025-04-12 09:00:00+00:00,0.01685
2025-04-12 10:00:00+00:00,-0.00172
2025-04-12 11:00:00+00:00,-0.01435
2025-04-12 12:00:00+00:00,-0.02632
2025-04-12 13:00:00+00:00,-0.01072
2025-04-12 14:00:00+00:00,0.0059299999999999995
2025-04-12 15:00:00+00:00,0.07135
2025-04-12 16:00:00+00:00,0.09595000000000001
2025-04-12 17:00:00+00:00,0.12059
2025-04-12 18:00:00+00:00,0.1139
2025-04-12 19:00:00+00:00,0.10071
2025-04-12 20:00:00+00:00,0.09545999999999999
2025-04-12 21:00:00+00:00,0.0831
2025-04-12 22:00:00+00:00,0.0857
2025-04-12 23:00:00+00:00,0.08609
2025-04-13 00:00:00+00:00,0.0828
2025-04-13 01:00:00+00:00,0.0819
2025-04-13 02:00:00+00:00,0.07870999999999999
2025-04-13 03:00:00+00:00,0.07975
2025-04-13 04:00:00+00:00,0.07983
2025-04-13 05:00:00+00:00,0.07706
2025-04-13 06:00:00+00:00,0.08415
2025-04-13 07:00:00+00:00,0.08545
2025-04-13 08:00:00+00:00,0.01579
2025-04-13 09:00:00+00:00,0.00767
2025-04-13 10:00:00+00:00,0.00592
2025-04-13 11:00:00+00:00,0.00311
2025-04-13 12:00:00+00:00,-2.9999999999999997e-05
2025-04-13 13:00:00+00:00,0.00132
2025-04-13 14:00:00+00:00,0.0701
2025-04-13 15:00:00+00:00,0.08745
2025-04-13 16:00:00+00:00,0.10271
2025-04-13 17:00:00+00:00,0.11946
2025-04-13 18:00:00+00:00,0.13018000000000002
2025-04-13 19:00:00+00:00,0.11513
2025-04-13 20:00:00+00:00,0.10962999999999999
2025-04-13 21:00:00+00:00,0.09925
2025-04-13 22:00:00+00:00,0.08195000000000001
2025-04-13 23:00:00+00:00,0.08087000000000001
2025-04-14 00:00:00+00:00,0.0809
2025-04-14 01:00:00+00:00,0.08063
2025-04-14 02:00:00+00:00,0.08192
2025-04-14 03:00:00+00:00,0.09292
2025-04-14 04:00:00+00:00,0.12444
2025-04-14 05:00:00+00:00,0.1574
2025-04-14 06:00:00+00:00,0.13992
2025-04-14 07:00:00+00:00,0.10959
2025-04-14 08:00:00+00:00,0.09518
2025-04-14 09:00:00+00:00,0.08243
2025-04-14 10:00:00+00:00,0.07501000000000001
2025-04-14 11:00:00+00:00,0.06683
2025-04-14 12:00:00+00:00,0.06734
2025-04-14 13:00:00+00:00,0.08048000000000001
2025-04-14 14:00:00+00:00,0.09013
2025-04-14 15:00:00+00:00,0.11106999999999999
2025-04-14 16:00:00+00:00,0.12994999999999998
2025-04-14 17:00:00+00:00,0.16046000000000002
2025-04-14 18:00:00+00:00,0.1514
2025-04-14 19:00:00+00:00,0.11814
2025-04-14 20:00:00+00:00,0.1026
2025-04-14 21:00:00+00:00,0.09619
2025-04-14 22:00:00+00:00,0.08835
2025-04-14 23:00:00+00:00,0.08404
2025-04-15 00:00:00+00:00,0.08129
2025-04-15 01:00:00+00:00,0.0783
2025-04-15 02:00:00+00:00,0.08006
2025-04-15 03:00:00+00:00,0.08548
2025-04-15 04:00:00+00:00,0.10323
2025-04-15 05:00:00+00:00,0.10976999999999999
2025-04-15 06:00:00+00:00,0.10678
2025-04-15 07:00:00+00:00,0.1039
2025-04-15 08:00:00+00:00,0.11039
2025-04-15 09:00:00+00:00,0.10905
2025-04-15 10:00:00+00:00,0.10216
2025-04-15 11:00:00+00:00,0.09317
2025-04-15 12:00:00+00:00,0.09002
2025-04-15 13:00:00+00:00,0.08862
2025-04-15 14:00:00+00:00,0.09397
2025-04-15 15:00:00+00:00,0.08990000000000001
2025-04-15 16:00:00+00:00,0.10815999999999999
2025-04-15 17:00:00+00:00,0.12763
2025-04-15 18:00:00+00:00,0.12423999999999999
2025-04-15 19:00:00+00:00,0.11191
2025-04-15 20:00:00+00:00,0.10731
2025-04-15 21:00:00+00:00,0.10088
2025-04-15 22:00:00+00:00,0.08809
2025-04-15 23:00:00+00:00,0.088
2025-04-16 00:00:00+00:00,0.08481
2025-04-16 01:00:00+00:00,0.08438
2025-04-16 02:00:00+00:00,0.08546
2025-04-16 03:00:00+00:00,0.09947
2025-04-16 04:00:00+00:00,0.11788
2025-04-16 05:00:00+00:00,0.13508
2025-04-16 06:00:00+00:00,0.11159000000000001
2025-04-16 07:00:00+00:00,0.08779
2025-04-16 08:00:00+00:00,0.08431999999999999
2025-04-16 09:00:00+00:00,0.08275
2025-04-16 10:00:00+00:00,0.08803
2025-04-16 11:00:00+00:00,0.08990000000000001
2025-04-16 12:00:00+00:00,0.0842
2025-04-16 13:00:00+00:00,0.0861
2025-04-16 14:00:00+00:00,0.09759999999999999
2025-04-16 15:00:00+00:00,0.10122
2025-04-16 16:00:00+00:00,0.11976
2025-04-16 17:00:00+00:00,0.14662999999999998
2025-04-16 18:00:00+00:00,0.14392
2025-04-16 19:00:00+00:00,0.11279
2025-04-16 20:00:00+00:00,0.1025
2025-04-16 21:00:00+00:00,0.09623999999999999
2025-04-16 22:00:00+00:00,0.08779
2025-04-16 23:00:00+00:00,0.08314
2025-04-17 00:00:00+00:00,0.08249
2025-04-17 01:00:00+00:00,0.08073000000000001
2025-04-17 02:00:00+00:00,0.08217
2025-04-17 03:00:00+00:00,0.08821999999999999
2025-04-17 04:00:00+00:00,0.10498
2025-04-17 05:00:00+00:00,0.12618000000000001
2025-04-17 06:00:00+00:00,0.12347
2025-04-17 07:00:00+00:00,0.1186
2025-04-17 08:00:00+00:00,0.11241
2025-04-17 09:00:00+00:00,0.10884999999999999
2025-04-17 10:00:00+00:00,0.08406999999999999
2025-04-17 11:00:00+00:00,0.08318
2025-04-17 12:00:00+00:00,0.08336
2025-04-17 13:00:00+00:00,0.09767
2025-04-17 14:00:00+00:00,0.09353
2025-04-17 15:00:00+00:00,0.09562000000000001
2025-04-17 16:00:00+00:00,0.10712
2025-04-17 17:00:00+00:00,0.12426000000000001
2025-04-17 18:00:00+00:00,0.12195
2025-04-17 19:00:00+00:00,0.102
2025-04-17 20:00:00+00:00,0.09322
2025-04-17 21:00:00+00:00,0.08825
2025-04-17 22:00:00+00:00,0.08206999999999999
2025-04-17 23:00:00+00:00,0.08070000000000001
2025-04-18 00:00:00+00:00,0.08020999999999999
2025-04-18 01:00:00+00:00,0.077
2025-04-18 02:00:00+00:00,0.07540999999999999
2025-04-18 03:00:00+00:00,0.07764
2025-04-18 04:00:00+00:00,0.07524
2025-04-18 05:00:00+00:00,0.07998999999999999
2025-04-18 06:00:00+00:00,0.08176
2025-04-18 07:00:00+00:00,0.08475
2025-04-18 08:00:00+00:00,0.07895999999999999
2025-04-18 09:00:00+00:00,0.07483
2025-04-18 10:00:00+00:00,0.05949
2025-04-18 11:00:00+00:00,0.044469999999999996
2025-04-18 12:00:00+00:00,0.0407
2025-04-18 13:00:00+00:00,0.053810000000000004
2025-04-18 14:00:00+00:00,0.06648
2025-04-18 15:00:00+00:00,0.08606
2025-04-18 16:00:00+00:00,0.10376
2025-04-18 17:00:00+00:00,0.12418000000000001
2025-04-18 18:00:00+00:00,0.12847
2025-04-18 19:00:00+00:00,0.11597
2025-04-18 20:00:00+00:00,0.10598
2025-04-18 21:00:00+00:00,0.09992
2025-04-18 22:00:00+00:00,0.10295
2025-04-18 23:00:00+00:00,0.09394
2025-04-19 00:00:00+00:00,0.08967
2025-04-19 01:00:00+00:00,0.0876
2025-04-19 02:00:00+00:00,0.08868999999999999
2025-04-19 03:00:00+00:00,0.08999
2025-04-19 04:00:00+00:00,0.09576000000000001
2025-04-19 05:00:00+00:00,0.09670000000000001
2025-04-19 06:00:00+00:00,0.08145999999999999
2025-04-19 07:00:00+00:00,0.05113
2025-04-19 08:00:00+00:00,0.01033
2025-04-19 09:00:00+00:00,0.00088
2025-04-19 10:00:00+00:00,-0.00117
2025-04-19 11:00:00+00:00,-0.01063
2025-04-19 12:00:00+00:00,-0.01267
2025-04-19 13:00:00+00:00,-0.00467
2025-04-19 14:00:00+00:00,0.00206
2025-04-19 15:00:00+00:00,0.06125
2025-04-19 16:00:00+00:00,0.09902
2025-04-19 17:00:00+00:00,0.11856
2025-04-19 18:00:00+00:00,0.12325
2025-04-19 19:00:00+00:00,0.11431000000000001
2025-04-19 20:00:00+00:00,0.10279
2025-04-19 21:00:00+00:00,0.09648000000000001
2025-04-19 22:00:00+00:00,0.08688
2025-04-19 23:00:00+00:00,0.08304
2025-04-20 00:00:00+00:00,0.08051
2025-04-20 01:00:00+00:00,0.07998999999999999
2025-04-20 02:00:00+00:00,0.08102
2025-04-20 03:00:00+00:00,0.08263
2025-04-20 04:00:00+00:00,0.08498
2025-04-20 05:00:00+00:00,0.07732
2025-04-20 06:00:00+00:00,0.052
2025-04-20 07:00:00+00:00,0.0028399999999999996
2025-04-20 08:00:00+00:00,-0.00099
2025-04-20 09:00:00+00:00,-0.01324
2025-04-20 10:00:00+00:00,-0.03208
2025-04-20 11:00:00+00:00,-0.04082
2025-04-20 12:00:00+00:00,-0.04051
2025-04-20 13:00:00+00:00,-0.018
2025-04-20 14:00:00+00:00,-0.00532
2025-04-20 15:00:00+00:00,0.03437
2025-04-20 16:00:00+00:00,0.09789
2025-04-20 17:00:00+00:00,0.12117
2025-04-20 18:00:00+00:00,0.12666
2025-04-20 19:00:00+00:00,0.11702
2025-04-20 20:00:00+00:00,0.10909
2025-04-20 21:00:00+00:00,0.09901
2025-04-20 22:00:00+00:00,0.09663
2025-04-20 23:00:00+00:00,0.09307
2025-04-21 00:00:00+00:00,0.09231
2025-04-21 01:00:00+00:00,0.09151000000000001
2025-04-21 02:00:00+00:00,0.09159
2025-04-21 03:00:00+00:00,0.09426999999999999
2025-04-21 04:00:00+00:00,0.09278
2025-04-21 05:00:00+00:00,0.08843999999999999
2025-04-21 06:00:00+00:00,0.07768000000000001
2025-04-21 07:00:00+00:00,0.05846
2025-04-21 08:00:00+00:00,0.01871
2025-04-21 09:00:00+00:00,8.999999999999999e-05
2025-04-21 10:00:00+00:00,0.0
2025-04-21 11:00:00+00:00,-0.0033
2025-04-21 12:00:00+00:00,-0.00254
2025-04-21 13:00:00+00:00,0.0005
2025-04-21 14:00:00+00:00,0.03004
2025-04-21 15:00:00+00:00,0.0778
2025-04-21 16:00:00+00:00,0.10748999999999999
2025-04-21 17:00:00+00:00,0.1206
2025-04-21 18:00:00+00:00,0.12918000000000002
2025-04-21 19:00:00+00:00,0.12395
2025-04-21 20:00:00+00:00,0.11506
2025-04-21 21:00:00+00:00,0.10514
2025-04-21 22:00:00+00:00,0.10111
2025-04-21 23:00:00+00:00,0.09368000000000001
2025-04-22 00:00:00+00:00,0.09131
2025-04-22 01:00:00+00:00,0.09104999999999999
2025-04-22 02:00:00+00:00,0.09347
2025-04-22 03:00:00+00:00,0.09897
2025-04-22 04:00:00+00:00,0.11781
2025-04-22 05:00:00+00:00,0.14372
2025-04-22 06:00:00+00:00,0.12833
2025-04-22 07:00:00+00:00,0.11293
2025-04-22 08:00:00+00:00,0.09797
2025-04-22 09:00:00+00:00,0.08734
2025-04-22 10:00:00+00:00,0.06959
2025-04-22 11:00:00+00:00,0.06003
2025-04-22 12:00:00+00:00,0.06068
2025-04-22 13:00:00+00:00,0.07479999999999999
2025-04-22 14:00:00+00:00,0.09123
2025-04-22 15:00:00+00:00,0.11001000000000001
2025-04-22 16:00:00+00:00,0.12646
2025-04-22 17:00:00+00:00,0.15308000000000002
2025-04-22 18:00:00+00:00,0.16128
2025-04-22 19:00:00+00:00,0.14166
2025-04-22 20:00:00+00:00,0.12395
2025-04-22 21:00:00+00:00,0.11189
2025-04-22 22:00:00+00:00,0.10868000000000001
2025-04-22 23:00:00+00:00,0.10168
2025-04-23 00:00:00+00:00,0.099
2025-04-23 01:00:00+00:00,0.09770000000000001
2025-04-23 02:00:00+00:00,0.09877
2025-04-23 03:00:00+00:00,0.11009000000000001
2025-04-23 04:00:00+00:00,0.14004
2025-04-23 05:00:00+00:00,0.16741999999999999
2025-04-23 06:00:00+00:00,0.14205
2025-04-23 07:00:00+00:00,0.11334999999999999
2025-04-23 08:00:00+00:00,0.09909
2025-04-23 09:00:00+00:00,0.09470999999999999
2025-04-23 10:00:00+00:00,0.08792
2025-04-23 11:00:00+00:00,0.0841
2025-04-23 12:00:00+00:00,0.08476
2025-04-23 13:00:00+00:00,0.0901
2025-04-23 14:00:00+00:00,0.09681000000000001
2025-04-23 15:00:00+00:00,0.11059999999999999
2025-04-23 16:00:00+00:00,0.12763
2025-04-23 17:00:00+00:00,0.16086
2025-04-23 18:00:00+00:00,0.15412
2025-04-23 19:00:00+00:00,0.12387999999999999
2025-04-23 20:00:00+00:00,0.10943000000000001
2025-04-23 21:00:00+00:00,0.10071
2025-04-23 22:00:00+00:00,0.09154999999999999
2025-04-23 23:00:00+00:00,0.08685999999999999
2025-04-24 00:00:00+00:00,0.08505
2025-04-24 01:00:00+00:00,0.08431
2025-04-24 02:00:00+00:00,0.08563
2025-04-24 03:00:00+00:00,0.08959
2025-04-24 04:00:00+00:00,0.11467000000000001
2025-04-24 05:00:00+00:00,0.12163
2025-04-24 06:00:00+00:00,0.11643
2025-04-24 07:00:00+00:00,0.1033
2025-04-24 08:00:00+00:00,0.09445
2025-04-24 09:00:00+00:00,0.09097
2025-04-24 10:00:00+00:00,0.08697
2025-04-24 11:00:00+00:00,0.07966
2025-04-24 12:00:00+00:00,0.07890000000000001
2025-04-24 13:00:00+00:00,0.0843
2025-04-24 14:00:00+00:00,0.09107
2025-04-24 15:00:00+00:00,0.09843
2025-04-24 16:00:00+00:00,0.11126000000000001
2025-04-24 17:00:00+00:00,0.12286
2025-04-24 18:00:00+00:00,0.1191
2025-04-24 19:00:00+00:00,0.11473
2025-04-24 20:00:00+00:00,0.10273
2025-04-24 21:00:00+00:00,0.09173
2025-04-24 22:00:00+00:00,0.09054000000000001
2025-04-24 23:00:00+00:00,0.08653
2025-04-25 00:00:00+00:00,0.08389
2025-04-25 01:00:00+00:00,0.08316
2025-04-25 02:00:00+00:00,0.08347
2025-04-25 03:00:00+00:00,0.09017
2025-04-25 04:00:00+00:00,0.10468999999999999
2025-04-25 05:00:00+00:00,0.11395000000000001
2025-04-25 06:00:00+00:00,0.11304
2025-04-25 07:00:00+00:00,0.09777
2025-04-25 08:00:00+00:00,0.08320999999999999
2025-04-25 09:00:00+00:00,0.07501000000000001
2025-04-25 10:00:00+00:00,0.06063
2025-04-25 11:00:00+00:00,0.05201
2025-04-25 12:00:00+00:00,0.04976
2025-04-25 13:00:00+00:00,0.055009999999999996
2025-04-25 14:00:00+00:00,0.06875
2025-04-25 15:00:00+00:00,0.08098999999999999
2025-04-25 16:00:00+00:00,0.0989
2025-04-25 17:00:00+00:00,0.11727
2025-04-25 18:00:00+00:00,0.12256
2025-04-25 19:00:00+00:00,0.10965000000000001
2025-04-25 20:00:00+00:00,0.09889
2025-04-25 21:00:00+00:00,0.08968999999999999
2025-04-25 22:00:00+00:00,0.09212999999999999
2025-04-25 23:00:00+00:00,0.08724
2025-04-26 00:00:00+00:00,0.08515
2025-04-26 01:00:00+00:00,0.08345
2025-04-26 02:00:00+00:00,0.08395999999999999
2025-04-26 03:00:00+00:00,0.08633
2025-04-26 04:00:00+00:00,0.09015999999999999
2025-04-26 05:00:00+00:00,0.07876000000000001
2025-04-26 06:00:00+00:00,0.06844
2025-04-26 07:00:00+00:00,0.04487
2025-04-26 08:00:00+00:00,0.0072699999999999996
2025-04-26 09:00:00+00:00,-0.00275
2025-04-26 10:00:00+00:00,-0.006
2025-04-26 11:00:00+00:00,-0.0184
2025-04-26 12:00:00+00:00,-0.01564
2025-04-26 13:00:00+00:00,-0.005889999999999999
2025-04-26 14:00:00+00:00,-0.00365
2025-04-26 15:00:00+00:00,0.037689999999999994
2025-04-26 16:00:00+00:00,0.079
2025-04-26 17:00:00+00:00,0.09659999999999999
2025-04-26 18:00:00+00:00,0.10263
2025-04-26 19:00:00+00:00,0.09198999999999999
2025-04-26 20:00:00+00:00,0.08751
2025-04-26 21:00:00+00:00,0.08012000000000001
2025-04-26 22:00:00+00:00,0.06674
2025-04-26 23:00:00+00:00,0.05817
2025-04-27 00:00:00+00:00,0.053130000000000004
2025-04-27 01:00:00+00:00,0.05398
2025-04-27 02:00:00+00:00,0.056
2025-04-27 03:00:00+00:00,0.06132
2025-04-27 04:00:00+00:00,0.057280000000000005
2025-04-27 05:00:00+00:00,0.04503
2025-04-27 06:00:00+00:00,0.02763
2025-04-27 07:00:00+00:00,0.00101
2025-04-27 08:00:00+00:00,-0.00758
2025-04-27 09:00:00+00:00,-0.02936
2025-04-27 10:00:00+00:00,-0.05812
2025-04-27 11:00:00+00:00,-0.08372
2025-04-27 12:00:00+00:00,-0.07464
2025-04-27 13:00:00+00:00,-0.03068
2025-04-27 14:00:00+00:00,-0.00561
2025-04-27 15:00:00+00:00,0.0225
2025-04-27 16:00:00+00:00,0.087
2025-04-27 17:00:00+00:00,0.11003
2025-04-27 18:00:00+00:00,0.1201
2025-04-27 19:00:00+00:00,0.10931
2025-04-27 20:00:00+00:00,0.09895
2025-04-27 21:00:00+00:00,0.09406999999999999
2025-04-27 22:00:00+00:00,0.08795
2025-04-27 23:00:00+00:00,0.08551
2025-04-28 00:00:00+00:00,0.08527
2025-04-28 01:00:00+00:00,0.08546
2025-04-28 02:00:00+00:00,0.08892
2025-04-28 03:00:00+00:00,0.09663
2025-04-28 04:00:00+00:00,0.11999
2025-04-28 05:00:00+00:00,0.12068000000000001
2025-04-28 06:00:00+00:00,0.10216
2025-04-28 07:00:00+00:00,0.07173
2025-04-28 08:00:00+00:00,0.03469
2025-04-28 09:00:00+00:00,-0.00394
2025-04-28 10:00:00+00:00,-0.0059900000000000005
2025-04-28 11:00:00+00:00,-0.00611
2025-04-28 12:00:00+00:00,-0.00507
2025-04-28 13:00:00+00:00,-0.00491
2025-04-28 14:00:00+00:00,0.02162
2025-04-28 15:00:00+00:00,0.07933
2025-04-28 16:00:00+00:00,0.10717
2025-04-28 17:00:00+00:00,0.14015
2025-04-28 18:00:00+00:00,0.14303
2025-04-28 19:00:00+00:00,0.12425
2025-04-28 20:00:00+00:00,0.11004000000000001
2025-04-28 21:00:00+00:00,0.09959
2025-04-28 22:00:00+00:00,0.09772
2025-04-28 23:00:00+00:00,0.09187999999999999
2025-04-29 00:00:00+00:00,0.08929999999999999
2025-04-29 01:00:00+00:00,0.08761
2025-04-29 02:00:00+00:00,0.08931
2025-04-29 03:00:00+00:00,0.09434000000000001
2025-04-29 04:00:00+00:00,0.11417000000000001
2025-04-29 05:00:00+00:00,0.117
2025-04-29 06:00:00+00:00,0.08979000000000001
2025-04-29 07:00:00+00:00,0.06784
2025-04-29 08:00:00+00:00,0.01622
2025-04-29 09:00:00+00:00,0.00189
2025-04-29 10:00:00+00:00,-0.00359
2025-04-29 11:00:00+00:00,-0.0044599999999999996
2025-04-29 12:00:00+00:00,-0.00492
2025-04-29 13:00:00+00:00,5e-05
2025-04-29 14:00:00+00:00,0.01909
2025-04-29 15:00:00+00:00,0.07944
2025-04-29 16:00:00+00:00,0.10088
2025-04-29 17:00:00+00:00,0.13997
2025-04-29 18:00:00+00:00,0.14443
2025-04-29 19:00:00+00:00,0.12644
2025-04-29 20:00:00+00:00,0.10451
2025-04-29 21:00:00+00:00,0.09592
2025-04-29 22:00:00+00:00,0.09089
2025-04-29 23:00:00+00:00,0.08429
2025-04-30 00:00:00+00:00,0.08341
2025-04-30 01:00:00+00:00,0.08421
2025-04-30 02:00:00+00:00,0.08642
2025-04-30 03:00:00+00:00,0.09072
2025-04-30 04:00:00+00:00,0.1083
2025-04-30 05:00:00+00:00,0.11095000000000001
2025-04-30 06:00:00+00:00,0.09354000000000001
2025-04-30 07:00:00+00:00,0.07238
2025-04-30 08:00:00+00:00,0.016280000000000003
2025-04-30 09:00:00+00:00,0.00514
2025-04-30 10:00:00+00:00,-0.001
2025-04-30 11:00:00+00:00,-0.00475
2025-04-30 12:00:00+00:00,-0.00381
2025-04-30 13:00:00+00:00,2e-05
2025-04-30 14:00:00+00:00,0.00745
2025-04-30 15:00:00+00:00,0.07193000000000001
2025-04-30 16:00:00+00:00,0.09409000000000001
2025-04-30 17:00:00+00:00,0.13005
2025-04-30 18:00:00+00:00,0.14002
2025-04-30 19:00:00+00:00,0.12218000000000001
2025-04-30 20:00:00+00:00,0.10182
2025-04-30 21:00:00+00:00,0.09265000000000001
2025-04-30 22:00:00+00:00,0.09536
2025-04-30 23:00:00+00:00,0.09126000000000001
2025-05-01 00:00:00+00:00,0.08854000000000001
2025-05-01 01:00:00+00:00,0.08716
2025-05-01 02:00:00+00:00,0.08519
2025-05-01 03:00:00+00:00,0.08658
2025-05-01 04:00:00+00:00,0.08528
2025-05-01 05:00:00+00:00,0.08556
2025-05-01 06:00:00+00:00,0.05
2025-05-01 07:00:00+00:00,-0.00116
2025-05-01 08:00:00+00:00,-0.00847
2025-05-01 09:00:00+00:00,-0.04152
2025-05-01 10:00:00+00:00,-0.08518
2025-05-01 11:00:00+00:00,-0.10593000000000001
2025-05-01 12:00:00+00:00,-0.10462
2025-05-01 13:00:00+00:00,-0.0567
2025-05-01 14:00:00+00:00,-0.00855
2025-05-01 15:00:00+00:00,0.01532
2025-05-01 16:00:00+00:00,0.08978
2025-05-01 17:00:00+00:00,0.10904000000000001
2025-05-01 18:00:00+00:00,0.12226000000000001
2025-05-01 19:00:00+00:00,0.10845
2025-05-01 20:00:00+00:00,0.09579
2025-05-01 21:00:00+00:00,0.0891
2025-05-01 22:00:00+00:00,0.08479
2025-05-01 23:00:00+00:00,0.07291
2025-05-02 00:00:00+00:00,0.06959
2025-05-02 01:00:00+00:00,0.06519
2025-05-02 02:00:00+00:00,0.06787
2025-05-02 03:00:00+00:00,0.07372
2025-05-02 04:00:00+00:00,0.0863
2025-05-02 05:00:00+00:00,0.0849
2025-05-02 06:00:00+00:00,0.07061
2025-05-02 07:00:00+00:00,0.03575
2025-05-02 08:00:00+00:00,0.005030000000000001
2025-05-02 09:00:00+00:00,-0.00235
2025-05-02 10:00:00+00:00,-0.00637
2025-05-02 11:00:00+00:00,-0.01449
2025-05-02 12:00:00+00:00,-0.01482
2025-05-02 13:00:00+00:00,-0.0035299999999999997
2025-05-02 14:00:00+00:00,0.0012
2025-05-02 15:00:00+00:00,0.05178
2025-05-02 16:00:00+00:00,0.09863
2025-05-02 17:00:00+00:00,0.11559
2025-05-02 18:00:00+00:00,0.13161
2025-05-02 19:00:00+00:00,0.1156
2025-05-02 20:00:00+00:00,0.09995
2025-05-02 21:00:00+00:00,0.08998
2025-05-02 22:00:00+00:00,0.09298999999999999
2025-05-02 23:00:00+00:00,0.08939
2025-05-03 00:00:00+00:00,0.0865
2025-05-03 01:00:00+00:00,0.08675
2025-05-03 02:00:00+00:00,0.08487
2025-05-03 03:00:00+00:00,0.087
2025-05-03 04:00:00+00:00,0.08805
2025-05-03 05:00:00+00:00,0.08034000000000001
2025-05-03 06:00:00+00:00,0.0706
2025-05-03 07:00:00+00:00,0.03961
2025-05-03 08:00:00+00:00,0.00177
2025-05-03 09:00:00+00:00,0.0032400000000000003
2025-05-03 10:00:00+00:00,0.004059999999999999
2025-05-03 11:00:00+00:00,-0.00163
2025-05-03 12:00:00+00:00,-0.00218
2025-05-03 13:00:00+00:00,-0.00085
2025-05-03 14:00:00+00:00,0.00108
2025-05-03 15:00:00+00:00,0.0221
2025-05-03 16:00:00+00:00,0.0705
2025-05-03 17:00:00+00:00,0.08073999999999999
2025-05-03 18:00:00+00:00,0.08697
2025-05-03 19:00:00+00:00,0.08048999999999999
2025-05-03 20:00:00+00:00,0.07282999999999999
2025-05-03 21:00:00+00:00,0.06515
2025-05-03 22:00:00+00:00,0.04969
2025-05-03 23:00:00+00:00,0.04283
2025-05-04 00:00:00+00:00,0.02739
2025-05-04 01:00:00+00:00,0.01825
2025-05-04 02:00:00+00:00,0.01808
2025-05-04 03:00:00+00:00,0.01648
2025-05-04 04:00:00+00:00,0.00897
2025-05-04 05:00:00+00:00,0.00242
2025-05-04 06:00:00+00:00,0.001
2025-05-04 07:00:00+00:00,-0.0015300000000000001
2025-05-04 08:00:00+00:00,0.00209
2025-05-04 09:00:00+00:00,0.00229
2025-05-04 10:00:00+00:00,-0.00095
2025-05-04 11:00:00+00:00,-0.00519
2025-05-04 12:00:00+00:00,-0.01104
2025-05-04 13:00:00+00:00,-0.00529
2025-05-04 14:00:00+00:00,8e-05
2025-05-04 15:00:00+00:00,0.013349999999999999
2025-05-04 16:00:00+00:00,0.07740000000000001
2025-05-04 17:00:00+00:00,0.10003000000000001
2025-05-04 18:00:00+00:00,0.11159999999999999
2025-05-04 19:00:00+00:00,0.10478
2025-05-04 20:00:00+00:00,0.08788
2025-05-04 21:00:00+00:00,0.07979
2025-05-04 22:00:00+00:00,0.07499
2025-05-04 23:00:00+00:00,0.07012
2025-05-05 00:00:00+00:00,0.06706999999999999
2025-05-05 01:00:00+00:00,0.06812
2025-05-05 02:00:00+00:00,0.06985
2025-05-05 03:00:00+00:00,0.07823999999999999
2025-05-05 04:00:00+00:00,0.10287
2025-05-05 05:00:00+00:00,0.11499
2025-05-05 06:00:00+00:00,0.0989
2025-05-05 07:00:00+00:00,0.08047
2025-05-05 08:00:00+00:00,0.07382
2025-05-05 09:00:00+00:00,0.07379999999999999
2025-05-05 10:00:00+00:00,0.052
2025-05-05 11:00:00+00:00,0.04912
2025-05-05 12:00:00+00:00,0.0517
2025-05-05 13:00:00+00:00,0.06659000000000001
2025-05-05 14:00:00+00:00,0.07378
2025-05-05 15:00:00+00:00,0.08735
2025-05-05 16:00:00+00:00,0.09972
2025-05-05 17:00:00+00:00,0.12495
2025-05-05 18:00:00+00:00,0.13126
2025-05-05 19:00:00+00:00,0.10962000000000001
2025-05-05 20:00:00+00:00,0.09941
2025-05-05 21:00:00+00:00,0.09006
2025-05-05 22:00:00+00:00,0.08619
2025-05-05 23:00:00+00:00,0.08056
2025-05-06 00:00:00+00:00,0.08088
2025-05-06 01:00:00+00:00,0.08148000000000001
2025-05-06 02:00:00+00:00,0.08375
2025-05-06 03:00:00+00:00,0.08891
2025-05-06 04:00:00+00:00,0.1082
2025-05-06 05:00:00+00:00,0.11923
2025-05-06 06:00:00+00:00,0.09615
2025-05-06 07:00:00+00:00,0.08118
2025-05-06 08:00:00+00:00,0.07198
2025-05-06 09:00:00+00:00,0.07192
2025-05-06 10:00:00+00:00,0.06975
2025-05-06 11:00:00+00:00,0.07122
2025-05-06 12:00:00+00:00,0.06581000000000001
2025-05-06 13:00:00+00:00,0.06242
2025-05-06 14:00:00+00:00,0.07062
2025-05-06 15:00:00+00:00,0.08372
2025-05-06 16:00:00+00:00,0.09908
2025-05-06 17:00:00+00:00,0.1268
2025-05-06 18:00:00+00:00,0.13604
2025-05-06 19:00:00+00:00,0.12082999999999999
2025-05-06 20:00:00+00:00,0.10681
2025-05-06 21:00:00+00:00,0.09698999999999999
2025-05-06 22:00:00+00:00,0.0896
2025-05-06 23:00:00+00:00,0.08868999999999999
2025-05-07 00:00:00+00:00,0.08683
2025-05-07 01:00:00+00:00,0.08685
2025-05-07 02:00:00+00:00,0.08796
2025-05-07 03:00:00+00:00,0.09695000000000001
2025-05-07 04:00:00+00:00,0.11559
2025-05-07 05:00:00+00:00,0.13687
2025-05-07 06:00:00+00:00,0.10848999999999999
2025-05-07 07:00:00+00:00,0.09493
2025-05-07 08:00:00+00:00,0.08101
2025-05-07 09:00:00+00:00,0.07003
2025-05-07 10:00:00+00:00,0.06146
2025-05-07 11:00:00+00:00,0.05848
2025-05-07 12:00:00+00:00,0.061939999999999995
2025-05-07 13:00:00+00:00,0.06904
2025-05-07 14:00:00+00:00,0.0829
2025-05-07 15:00:00+00:00,0.09478
2025-05-07 16:00:00+00:00,0.10715000000000001
2025-05-07 17:00:00+00:00,0.12861
2025-05-07 18:00:00+00:00,0.1409
2025-05-07 19:00:00+00:00,0.12048
2025-05-07 20:00:00+00:00,0.10635
2025-05-07 21:00:00+00:00,0.09458
2025-05-07 22:00:00+00:00,0.08983
2025-05-07 23:00:00+00:00,0.08573
2025-05-08 00:00:00+00:00,0.08452
2025-05-08 01:00:00+00:00,0.08446
2025-05-08 02:00:00+00:00,0.08688
2025-05-08 03:00:00+00:00,0.09645000000000001
2025-05-08 04:00:00+00:00,0.11059999999999999
2025-05-08 05:00:00+00:00,0.13336
2025-05-08 06:00:00+00:00,0.11921
2025-05-08 07:00:00+00:00,0.09417
2025-05-08 08:00:00+00:00,0.07844
2025-05-08 09:00:00+00:00,0.06993
2025-05-08 10:00:00+00:00,0.062200000000000005
2025-05-08 11:00:00+00:00,0.06431
2025-05-08 12:00:00+00:00,0.07031
2025-05-08 13:00:00+00:00,0.07173
2025-05-08 14:00:00+00:00,0.077
2025-05-08 15:00:00+00:00,0.09419
2025-05-08 16:00:00+00:00,0.10287
2025-05-08 17:00:00+00:00,0.13129
2025-05-08 18:00:00+00:00,0.14446
2025-05-08 19:00:00+00:00,0.12643000000000001
2025-05-08 20:00:00+00:00,0.11105
2025-05-08 21:00:00+00:00,0.09998
2025-05-08 22:00:00+00:00,0.09981999999999999
2025-05-08 23:00:00+00:00,0.09616
2025-05-09 00:00:00+00:00,0.09534999999999999
2025-05-09 01:00:00+00:00,0.09490000000000001
2025-05-09 02:00:00+00:00,0.09638
2025-05-09 03:00:00+00:00,0.10649
2025-05-09 04:00:00+00:00,0.12505
2025-05-09 05:00:00+00:00,0.13324
2025-05-09 06:00:00+00:00,0.10198
2025-05-09 07:00:00+00:00,0.0865
2025-05-09 08:00:00+00:00,0.0703
2025-05-09 09:00:00+00:00,0.06609000000000001
2025-05-09 10:00:00+00:00,0.066
2025-05-09 11:00:00+00:00,0.054810000000000005
2025-05-09 12:00:00+00:00,0.053009999999999995
2025-05-09 13:00:00+00:00,0.06104
2025-05-09 14:00:00+00:00,0.06706999999999999
2025-05-09 15:00:00+00:00,0.08401
2025-05-09 16:00:00+00:00,0.09542
2025-05-09 17:00:00+00:00,0.10908
2025-05-09 18:00:00+00:00,0.11714
2025-05-09 19:00:00+00:00,0.10565999999999999
2025-05-09 20:00:00+00:00,0.10565999999999999
2025-05-09 21:00:00+00:00,0.09698000000000001
2025-05-09 22:00:00+00:00,0.10248
2025-05-09 23:00:00+00:00,0.09965
2025-05-10 00:00:00+00:00,0.09691
2025-05-10 01:00:00+00:00,0.09673000000000001
2025-05-10 02:00:00+00:00,0.09658
2025-05-10 03:00:00+00:00,0.09985
2025-05-10 04:00:00+00:00,0.09905
2025-05-10 05:00:00+00:00,0.09389
2025-05-10 06:00:00+00:00,0.06831999999999999
2025-05-10 07:00:00+00:00,0.01609
2025-05-10 08:00:00+00:00,-0.00095
2025-05-10 09:00:00+00:00,-0.00717
2025-05-10 10:00:00+00:00,-0.03429
2025-05-10 11:00:00+00:00,-0.05995
2025-05-10 12:00:00+00:00,-0.061369999999999994
2025-05-10 13:00:00+00:00,-0.02657
2025-05-10 14:00:00+00:00,-0.00442
2025-05-10 15:00:00+00:00,0.03393
2025-05-10 16:00:00+00:00,0.08404
2025-05-10 17:00:00+00:00,0.1032
2025-05-10 18:00:00+00:00,0.10696
2025-05-10 19:00:00+00:00,0.10906
2025-05-10 20:00:00+00:00,0.10202
2025-05-10 21:00:00+00:00,0.08907999999999999
2025-05-10 22:00:00+00:00,0.09179000000000001
2025-05-10 23:00:00+00:00,0.08535
2025-05-11 00:00:00+00:00,0.08248
2025-05-11 01:00:00+00:00,0.08239
2025-05-11 02:00:00+00:00,0.08173
2025-05-11 03:00:00+00:00,0.07939
2025-05-11 04:00:00+00:00,0.07398
2025-05-11 05:00:00+00:00,0.06199
2025-05-11 06:00:00+00:00,0.01578
2025-05-11 07:00:00+00:00,0.00269
2025-05-11 08:00:00+00:00,-0.03
2025-05-11 09:00:00+00:00,-0.10621
2025-05-11 10:00:00+00:00,-0.22261
2025-05-11 11:00:00+00:00,-0.26221
2025-05-11 12:00:00+00:00,-0.2616
2025-05-11 13:00:00+00:00,-0.15672
2025-05-11 14:00:00+00:00,-0.039259999999999996
2025-05-11 15:00:00+00:00,0.0062699999999999995
2025-05-11 16:00:00+00:00,0.06559000000000001
2025-05-11 17:00:00+00:00,0.09708
2025-05-11 18:00:00+00:00,0.10359
2025-05-11 19:00:00+00:00,0.10103
2025-05-11 20:00:00+00:00,0.08458
2025-05-11 21:00:00+00:00,0.07518999999999999
2025-05-11 22:00:00+00:00,0.07418000000000001
2025-05-11 23:00:00+00:00,0.0719
2025-05-12 00:00:00+00:00,0.07051
2025-05-12 01:00:00+00:00,0.07296
2025-05-12 02:00:00+00:00,0.07748000000000001
2025-05-12 03:00:00+00:00,0.08988
2025-05-12 04:00:00+00:00,0.10742
2025-05-12 05:00:00+00:00,0.10697
2025-05-12 06:00:00+00:00,0.08682
2025-05-12 07:00:00+00:00,0.06911
2025-05-12 08:00:00+00:00,0.06308
2025-05-12 09:00:00+00:00,0.05183
2025-05-12 10:00:00+00:00,1e-05
2025-05-12 11:00:00+00:00,-0.00093
2025-05-12 12:00:00+00:00,0.01853
2025-05-12 13:00:00+00:00,0.047549999999999995
2025-05-12 14:00:00+00:00,0.0591
2025-05-12 15:00:00+00:00,0.06955
2025-05-12 16:00:00+00:00,0.09965
2025-05-12 17:00:00+00:00,0.11309999999999999
2025-05-12 18:00:00+00:00,0.113
2025-05-12 19:00:00+00:00,0.1124
2025-05-12 20:00:00+00:00,0.09814
2025-05-12 21:00:00+00:00,0.08724
2025-05-12 22:00:00+00:00,0.0878
2025-05-12 23:00:00+00:00,0.08779
2025-05-13 00:00:00+00:00,0.08827
2025-05-13 01:00:00+00:00,0.09051999999999999
2025-05-13 02:00:00+00:00,0.09325
2025-05-13 03:00:00+00:00,0.10690000000000001
2025-05-13 04:00:00+00:00,0.11999
2025-05-13 05:00:00+00:00,0.14342
2025-05-13 06:00:00+00:00,0.10466
2025-05-13 07:00:00+00:00,0.07931
2025-05-13 08:00:00+00:00,0.03993
2025-05-13 09:00:00+00:00,0.01943
2025-05-13 10:00:00+00:00,-0.00898
2025-05-13 11:00:00+00:00,-0.01086
2025-05-13 12:00:00+00:00,-0.009300000000000001
2025-05-13 13:00:00+00:00,-0.00014000000000000001
2025-05-13 14:00:00+00:00,0.01494
2025-05-13 15:00:00+00:00,0.07707
2025-05-13 16:00:00+00:00,0.10997
2025-05-13 17:00:00+00:00,0.12390999999999999
2025-05-13 18:00:00+00:00,0.12249
2025-05-13 19:00:00+00:00,0.13124
2025-05-13 20:00:00+00:00,0.10934
2025-05-13 21:00:00+00:00,0.10084
2025-05-13 22:00:00+00:00,0.10038
2025-05-13 23:00:00+00:00,0.09779
2025-05-14 00:00:00+00:00,0.09545000000000001
2025-05-14 01:00:00+00:00,0.09536
2025-05-14 02:00:00+00:00,0.09929
2025-05-14 03:00:00+00:00,0.10429000000000001
2025-05-14 04:00:00+00:00,0.11946
2025-05-14 05:00:00+00:00,0.11805
2025-05-14 06:00:00+00:00,0.0911
2025-05-14 07:00:00+00:00,0.06795999999999999
2025-05-14 08:00:00+00:00,0.00828
2025-05-14 09:00:00+00:00,0.00505
2025-05-14 10:00:00+00:00,0.00128
2025-05-14 11:00:00+00:00,-0.00299
2025-05-14 12:00:00+00:00,0.0026
2025-05-14 13:00:00+00:00,0.0039700000000000004
2025-05-14 14:00:00+00:00,0.0044800000000000005
2025-05-14 15:00:00+00:00,0.05969
2025-05-14 16:00:00+00:00,0.09162000000000001
2025-05-14 17:00:00+00:00,0.11626
2025-05-14 18:00:00+00:00,0.12206
2025-05-14 19:00:00+00:00,0.11394
2025-05-14 20:00:00+00:00,0.10017
2025-05-14 21:00:00+00:00,0.08975
2025-05-14 22:00:00+00:00,0.09270999999999999
2025-05-14 23:00:00+00:00,0.08626
2025-05-15 00:00:00+00:00,0.08637
2025-05-15 01:00:00+00:00,0.08693000000000001
2025-05-15 02:00:00+00:00,0.08745
2025-05-15 03:00:00+00:00,0.09001
2025-05-15 04:00:00+00:00,0.10539
2025-05-15 05:00:00+00:00,0.11227
2025-05-15 06:00:00+00:00,0.09498999999999999
2025-05-15 07:00:00+00:00,0.06439
2025-05-15 08:00:00+00:00,0.01487
2025-05-15 09:00:00+00:00,0.00043
2025-05-15 10:00:00+00:00,-0.00099
2025-05-15 11:00:00+00:00,-0.003
2025-05-15 12:00:00+00:00,-0.001
2025-05-15 13:00:00+00:00,0.04305
2025-05-15 14:00:00+00:00,0.0407
2025-05-15 15:00:00+00:00,0.07071
2025-05-15 16:00:00+00:00,0.08644
2025-05-15 17:00:00+00:00,0.10614
2025-05-15 18:00:00+00:00,0.12005
2025-05-15 19:00:00+00:00,0.11509
2025-05-15 20:00:00+00:00,0.10403
2025-05-15 21:00:00+00:00,0.09598000000000001
2025-05-15 22:00:00+00:00,0.09658
2025-05-15 23:00:00+00:00,0.09347
2025-05-16 00:00:00+00:00,0.09054999999999999
2025-05-16 01:00:00+00:00,0.08925
2025-05-16 02:00:00+00:00,0.09079999999999999
2025-05-16 03:00:00+00:00,0.09706999999999999
2025-05-16 04:00:00+00:00,0.11501
2025-05-16 05:00:00+00:00,0.11655
2025-05-16 06:00:00+00:00,0.1012
2025-05-16 07:00:00+00:00,0.07483
2025-05-16 08:00:00+00:00,0.02576
2025-05-16 09:00:00+00:00,0.012
2025-05-16 10:00:00+00:00,0.009640000000000001
2025-05-16 11:00:00+00:00,0.00372
2025-05-16 12:00:00+00:00,0.00683
2025-05-16 13:00:00+00:00,0.00608
2025-05-16 14:00:00+00:00,0.021079999999999998
2025-05-16 15:00:00+00:00,0.06729
2025-05-16 16:00:00+00:00,0.09157
2025-05-16 17:00:00+00:00,0.11268
2025-05-16 18:00:00+00:00,0.12197
2025-05-16 19:00:00+00:00,0.12789
2025-05-16 20:00:00+00:00,0.11338
2025-05-16 21:00:00+00:00,0.10059
2025-05-16 22:00:00+00:00,0.09776
2025-05-16 23:00:00+00:00,0.093
2025-05-17 00:00:00+00:00,0.09040000000000001
2025-05-17 01:00:00+00:00,0.09039
2025-05-17 02:00:00+00:00,0.09076000000000001
2025-05-17 03:00:00+00:00,0.08999
2025-05-17 04:00:00+00:00,0.08294
2025-05-17 05:00:00+00:00,0.07814
2025-05-17 06:00:00+00:00,0.05354
2025-05-17 07:00:00+00:00,0.00578
2025-05-17 08:00:00+00:00,-0.00198
2025-05-17 09:00:00+00:00,-0.00656
2025-05-17 10:00:00+00:00,-0.01498
2025-05-17 11:00:00+00:00,-0.03184
2025-05-17 12:00:00+00:00,-0.03334
2025-05-17 13:00:00+00:00,-0.01251
2025-05-17 14:00:00+00:00,-0.00442
2025-05-17 15:00:00+00:00,0.00931
2025-05-17 16:00:00+00:00,0.07098
2025-05-17 17:00:00+00:00,0.09944
2025-05-17 18:00:00+00:00,0.109
2025-05-17 19:00:00+00:00,0.11599
2025-05-17 20:00:00+00:00,0.11297
2025-05-17 21:00:00+00:00,0.10298
2025-05-17 22:00:00+00:00,0.09759000000000001
2025-05-17 23:00:00+00:00,0.0945
2025-05-18 00:00:00+00:00,0.09007
2025-05-18 01:00:00+00:00,0.08724
2025-05-18 02:00:00+00:00,0.08938
2025-05-18 03:00:00+00:00,0.09093000000000001
2025-05-18 04:00:00+00:00,0.08846
2025-05-18 05:00:00+00:00,0.08061
2025-05-18 06:00:00+00:00,0.04793
2025-05-18 07:00:00+00:00,0.00491
2025-05-18 08:00:00+00:00,-0.00117
2025-05-18 09:00:00+00:00,-0.0028799999999999997
2025-05-18 10:00:00+00:00,-0.01083
2025-05-18 11:00:00+00:00,-0.02014
2025-05-18 12:00:00+00:00,-0.02281
2025-05-18 13:00:00+00:00,-0.01304
2025-05-18 14:00:00+00:00,-0.00138
2025-05-18 15:00:00+00:00,0.0011899999999999999
2025-05-18 16:00:00+00:00,0.07564
2025-05-18 17:00:00+00:00,0.10765999999999999
2025-05-18 18:00:00+00:00,0.11004000000000001
2025-05-18 19:00:00+00:00,0.10942
2025-05-18 20:00:00+00:00,0.10979000000000001
2025-05-18 21:00:00+00:00,0.10572
2025-05-18 22:00:00+00:00,0.09975
2025-05-18 23:00:00+00:00,0.09559999999999999
2025-05-19 00:00:00+00:00,0.09278
2025-05-19 01:00:00+00:00,0.09311
2025-05-19 02:00:00+00:00,0.09501000000000001
2025-05-19 03:00:00+00:00,0.10185
2025-05-19 04:00:00+00:00,0.11959
2025-05-19 05:00:00+00:00,0.13405
2025-05-19 06:00:00+00:00,0.10887999999999999
2025-05-19 07:00:00+00:00,0.09092
2025-05-19 08:00:00+00:00,0.06836
2025-05-19 09:00:00+00:00,0.03705
2025-05-19 10:00:00+00:00,0.014289999999999999
2025-05-19 11:00:00+00:00,0.008490000000000001
2025-05-19 12:00:00+00:00,0.00882
2025-05-19 13:00:00+00:00,0.0273
2025-05-19 14:00:00+00:00,0.06822
2025-05-19 15:00:00+00:00,0.08785
2025-05-19 16:00:00+00:00,0.11178
2025-05-19 17:00:00+00:00,0.14941
2025-05-19 18:00:00+00:00,0.17375
2025-05-19 19:00:00+00:00,0.15297999999999998
2025-05-19 20:00:00+00:00,0.12372
2025-05-19 21:00:00+00:00,0.11269
2025-05-19 22:00:00+00:00,0.11225
2025-05-19 23:00:00+00:00,0.10726000000000001
2025-05-20 00:00:00+00:00,0.1044
2025-05-20 01:00:00+00:00,0.10466
2025-05-20 02:00:00+00:00,0.10551
2025-05-20 03:00:00+00:00,0.11303
2025-05-20 04:00:00+00:00,0.14379
2025-05-20 05:00:00+00:00,0.13841
2025-05-20 06:00:00+00:00,0.10955
2025-05-20 07:00:00+00:00,0.08638
2025-05-20 08:00:00+00:00,0.06106
2025-05-20 09:00:00+00:00,0.02888
2025-05-20 10:00:00+00:00,0.01242
2025-05-20 11:00:00+00:00,0.01014
2025-05-20 12:00:00+00:00,0.011890000000000001
2025-05-20 13:00:00+00:00,0.03978
2025-05-20 14:00:00+00:00,0.07484
2025-05-20 15:00:00+00:00,0.09103
2025-05-20 16:00:00+00:00,0.11165
2025-05-20 17:00:00+00:00,0.14083
2025-05-20 18:00:00+00:00,0.169
2025-05-20 19:00:00+00:00,0.14719
2025-05-20 20:00:00+00:00,0.123
2025-05-20 21:00:00+00:00,0.10909
2025-05-20 22:00:00+00:00,0.10636
2025-05-20 23:00:00+00:00,0.10249
2025-05-21 00:00:00+00:00,0.10049
2025-05-21 01:00:00+00:00,0.09895999999999999
2025-05-21 02:00:00+00:00,0.09897
2025-05-21 03:00:00+00:00,0.10238
2025-05-21 04:00:00+00:00,0.11089
2025-05-21 05:00:00+00:00,0.11683
2025-05-21 06:00:00+00:00,0.10233
2025-05-21 07:00:00+00:00,0.09401000000000001
2025-05-21 08:00:00+00:00,0.08992
2025-05-21 09:00:00+00:00,0.07997
2025-05-21 10:00:00+00:00,0.07607
2025-05-21 11:00:00+00:00,0.07540000000000001
2025-05-21 12:00:00+00:00,0.07521
2025-05-21 13:00:00+00:00,0.07618000000000001
2025-05-21 14:00:00+00:00,0.08461
2025-05-21 15:00:00+00:00,0.1002
2025-05-21 16:00:00+00:00,0.11001000000000001
2025-05-21 17:00:00+00:00,0.11402
2025-05-21 18:00:00+00:00,0.13157
2025-05-21 19:00:00+00:00,0.11495999999999999
2025-05-21 20:00:00+00:00,0.10493000000000001
2025-05-21 21:00:00+00:00,0.10026
2025-05-21 22:00:00+00:00,0.09617
2025-05-21 23:00:00+00:00,0.09228
2025-05-22 00:00:00+00:00,0.09079999999999999
2025-05-22 01:00:00+00:00,0.08946
2025-05-22 02:00:00+00:00,0.08898
2025-05-22 03:00:00+00:00,0.09526000000000001
2025-05-22 04:00:00+00:00,0.10733
2025-05-22 05:00:00+00:00,0.11561
2025-05-22 06:00:00+00:00,0.10857
2025-05-22 07:00:00+00:00,0.10323
2025-05-22 08:00:00+00:00,0.10361
2025-05-22 09:00:00+00:00,0.10206
2025-05-22 10:00:00+00:00,0.09608
2025-05-22 11:00:00+00:00,0.09493
2025-05-22 12:00:00+00:00,0.0968
2025-05-22 13:00:00+00:00,0.09595999999999999
2025-05-22 14:00:00+00:00,0.09497
2025-05-22 15:00:00+00:00,0.09666
2025-05-22 16:00:00+00:00,0.10294
2025-05-22 17:00:00+00:00,0.11177
2025-05-22 18:00:00+00:00,0.11898
2025-05-22 19:00:00+00:00,0.11911
2025-05-22 20:00:00+00:00,0.10898999999999999
2025-05-22 21:00:00+00:00,0.10095
2025-05-22 22:00:00+00:00,0.10179
2025-05-22 23:00:00+00:00,0.09756999999999999
2025-05-23 00:00:00+00:00,0.09323000000000001
2025-05-23 01:00:00+00:00,0.09411
2025-05-23 02:00:00+00:00,0.09495999999999999
2025-05-23 03:00:00+00:00,0.10186
2025-05-23 04:00:00+00:00,0.11612
2025-05-23 05:00:00+00:00,0.12099
2025-05-23 06:00:00+00:00,0.10825
2025-05-23 07:00:00+00:00,0.08634
2025-05-23 08:00:00+00:00,0.08108
2025-05-23 09:00:00+00:00,0.07693000000000001
2025-05-23 10:00:00+00:00,0.06049
2025-05-23 11:00:00+00:00,0.05659
2025-05-23 12:00:00+00:00,0.054880000000000005
2025-05-23 13:00:00+00:00,0.06378
2025-05-23 14:00:00+00:00,0.07861
2025-05-23 15:00:00+00:00,0.08622
2025-05-23 16:00:00+00:00,0.09559999999999999
2025-05-23 17:00:00+00:00,0.11319
2025-05-23 18:00:00+00:00,0.14343
2025-05-23 19:00:00+00:00,0.14093
2025-05-23 20:00:00+00:00,0.11724
2025-05-23 21:00:00+00:00,0.1021
2025-05-23 22:00:00+00:00,0.10649
2025-05-23 23:00:00+00:00,0.10015
2025-05-24 00:00:00+00:00,0.09716
2025-05-24 01:00:00+00:00,0.09620000000000001
2025-05-24 02:00:00+00:00,0.09745000000000001
2025-05-24 03:00:00+00:00,0.09822
2025-05-24 04:00:00+00:00,0.09723000000000001
2025-05-24 05:00:00+00:00,0.0935
2025-05-24 06:00:00+00:00,0.07651000000000001
2025-05-24 07:00:00+00:00,0.03253
2025-05-24 08:00:00+00:00,7.000000000000001e-05
2025-05-24 09:00:00+00:00,0.001
2025-05-24 10:00:00+00:00,-0.00204
2025-05-24 11:00:00+00:00,-0.0020499999999999997
2025-05-24 12:00:00+00:00,-0.00278
2025-05-24 13:00:00+00:00,-0.00138
2025-05-24 14:00:00+00:00,0.00225
2025-05-24 15:00:00+00:00,0.05604
2025-05-24 16:00:00+00:00,0.0928
2025-05-24 17:00:00+00:00,0.10384
2025-05-24 18:00:00+00:00,0.11631
2025-05-24 19:00:00+00:00,0.11037000000000001
2025-05-24 20:00:00+00:00,0.10246
2025-05-24 21:00:00+00:00,0.09426000000000001
2025-05-24 22:00:00+00:00,0.0717
2025-05-24 23:00:00+00:00,0.0695
2025-05-25 00:00:00+00:00,0.06092
2025-05-25 01:00:00+00:00,0.056530000000000004
2025-05-25 02:00:00+00:00,0.039060000000000004
2025-05-25 03:00:00+00:00,0.027559999999999998
2025-05-25 04:00:00+00:00,0.009460000000000001
2025-05-25 05:00:00+00:00,0.0041600000000000005
2025-05-25 06:00:00+00:00,0.00177
2025-05-25 07:00:00+00:00,0.004019999999999999
2025-05-25 08:00:00+00:00,0.0
2025-05-25 09:00:00+00:00,-0.003
2025-05-25 10:00:00+00:00,-0.008369999999999999
2025-05-25 11:00:00+00:00,-0.009550000000000001
2025-05-25 12:00:00+00:00,-0.01472
2025-05-25 13:00:00+00:00,-0.01488
2025-05-25 14:00:00+00:00,-0.0049900000000000005
2025-05-25 15:00:00+00:00,0.00181
2025-05-25 16:00:00+00:00,0.06612
2025-05-25 17:00:00+00:00,0.07893
2025-05-25 18:00:00+00:00,0.09615
2025-05-25 19:00:00+00:00,0.10003000000000001
2025-05-25 20:00:00+00:00,0.09855
2025-05-25 21:00:00+00:00,0.09275
2025-05-25 22:00:00+00:00,0.08444
2025-05-25 23:00:00+00:00,0.07512
2025-05-26 00:00:00+00:00,0.07103
2025-05-26 01:00:00+00:00,0.07173
2025-05-26 02:00:00+00:00,0.07615999999999999
2025-05-26 03:00:00+00:00,0.08803
2025-05-26 04:00:00+00:00,0.11084000000000001
2025-05-26 05:00:00+00:00,0.11883
2025-05-26 06:00:00+00:00,0.0958
2025-05-26 07:00:00+00:00,0.08606
2025-05-26 08:00:00+00:00,0.07261
2025-05-26 09:00:00+00:00,0.06520999999999999
2025-05-26 10:00:00+00:00,0.05003
2025-05-26 11:00:00+00:00,0.045079999999999995
2025-05-26 12:00:00+00:00,0.04507
2025-05-26 13:00:00+00:00,0.04895
2025-05-26 14:00:00+00:00,0.0674
2025-05-26 15:00:00+00:00,0.085
2025-05-26 16:00:00+00:00,0.09567
2025-05-26 17:00:00+00:00,0.12109
2025-05-26 18:00:00+00:00,0.15833000000000003
2025-05-26 19:00:00+00:00,0.15134999999999998
2025-05-26 20:00:00+00:00,0.11676
2025-05-26 21:00:00+00:00,0.0973
2025-05-26 22:00:00+00:00,0.09445999999999999
2025-05-26 23:00:00+00:00,0.08794
2025-05-27 00:00:00+00:00,0.0845
2025-05-27 01:00:00+00:00,0.0836
2025-05-27 02:00:00+00:00,0.08359
2025-05-27 03:00:00+00:00,0.08689
2025-05-27 04:00:00+00:00,0.09319
2025-05-27 05:00:00+00:00,0.09891
2025-05-27 06:00:00+00:00,0.09594
2025-05-27 07:00:00+00:00,0.08339
2025-05-27 08:00:00+00:00,0.08295
2025-05-27 09:00:00+00:00,0.08251
2025-05-27 10:00:00+00:00,0.06959
2025-05-27 11:00:00+00:00,0.06885
2025-05-27 12:00:00+00:00,0.07379999999999999
2025-05-27 13:00:00+00:00,0.06873
2025-05-27 14:00:00+00:00,0.07231
2025-05-27 15:00:00+00:00,0.08659
2025-05-27 16:00:00+00:00,0.10479999999999999
2025-05-27 17:00:00+00:00,0.1181
2025-05-27 18:00:00+00:00,0.14332
2025-05-27 19:00:00+00:00,0.12644
2025-05-27 20:00:00+00:00,0.10336
2025-05-27 21:00:00+00:00,0.09319
2025-05-27 22:00:00+00:00,0.08255
2025-05-27 23:00:00+00:00,0.07398
2025-05-28 00:00:00+00:00,0.07305
2025-05-28 01:00:00+00:00,0.0746
2025-05-28 02:00:00+00:00,0.07386
2025-05-28 03:00:00+00:00,0.07672
2025-05-28 04:00:00+00:00,0.09023
2025-05-28 05:00:00+00:00,0.09456999999999999
2025-05-28 06:00:00+00:00,0.09311
2025-05-28 07:00:00+00:00,0.079
2025-05-28 08:00:00+00:00,0.07461
2025-05-28 09:00:00+00:00,0.07503
2025-05-28 10:00:00+00:00,0.07396
2025-05-28 11:00:00+00:00,0.07479999999999999
2025-05-28 12:00:00+00:00,0.07778
2025-05-28 13:00:00+00:00,0.07801000000000001
2025-05-28 14:00:00+00:00,0.07901999999999999
2025-05-28 15:00:00+00:00,0.08199
2025-05-28 16:00:00+00:00,0.09292
2025-05-28 17:00:00+00:00,0.10303
2025-05-28 18:00:00+00:00,0.12807
2025-05-28 19:00:00+00:00,0.12093999999999999
2025-05-28 20:00:00+00:00,0.10795
2025-05-28 21:00:00+00:00,0.09503
2025-05-28 22:00:00+00:00,0.09234
2025-05-28 23:00:00+00:00,0.08784
2025-05-29 00:00:00+00:00,0.08687
2025-05-29 01:00:00+00:00,0.08649
2025-05-29 02:00:00+00:00,0.08391
2025-05-29 03:00:00+00:00,0.08409
2025-05-29 04:00:00+00:00,0.08226
2025-05-29 05:00:00+00:00,0.07798999999999999
2025-05-29 06:00:00+00:00,0.07152
2025-05-29 07:00:00+00:00,0.03588
2025-05-29 08:00:00+00:00,0.0038399999999999997
2025-05-29 09:00:00+00:00,-0.0019299999999999999
2025-05-29 10:00:00+00:00,-0.00299
2025-05-29 11:00:00+00:00,-0.00467
2025-05-29 12:00:00+00:00,-0.004730000000000001
2025-05-29 13:00:00+00:00,-0.003
2025-05-29 14:00:00+00:00,0.00111
2025-05-29 15:00:00+00:00,0.02861
2025-05-29 16:00:00+00:00,0.07097
2025-05-29 17:00:00+00:00,0.08635
2025-05-29 18:00:00+00:00,0.09098
2025-05-29 19:00:00+00:00,0.09187000000000001
2025-05-29 20:00:00+00:00,0.08695
2025-05-29 21:00:00+00:00,0.07490999999999999
2025-05-29 22:00:00+00:00,0.07110999999999999
2025-05-29 23:00:00+00:00,0.0679
2025-05-30 00:00:00+00:00,0.06570999999999999
2025-05-30 01:00:00+00:00,0.05461
2025-05-30 02:00:00+00:00,0.06236
2025-05-30 03:00:00+00:00,0.07017
2025-05-30 04:00:00+00:00,0.07509
2025-05-30 05:00:00+00:00,0.07501999999999999
2025-05-30 06:00:00+00:00,0.07005
2025-05-30 07:00:00+00:00,0.02734
2025-05-30 08:00:00+00:00,-0.00020999999999999998
2025-05-30 09:00:00+00:00,-0.0002
2025-05-30 10:00:00+00:00,-0.00299
2025-05-30 11:00:00+00:00,-0.00536
2025-05-30 12:00:00+00:00,-0.00831
2025-05-30 13:00:00+00:00,-0.00333
2025-05-30 14:00:00+00:00,-0.00051
2025-05-30 15:00:00+00:00,0.0132
2025-05-30 16:00:00+00:00,0.07092
2025-05-30 17:00:00+00:00,0.0964
2025-05-30 18:00:00+00:00,0.10103
2025-05-30 19:00:00+00:00,0.11441
2025-05-30 20:00:00+00:00,0.1076
2025-05-30 21:00:00+00:00,0.09570000000000001
2025-05-30 22:00:00+00:00,0.09961
2025-05-30 23:00:00+00:00,0.09598000000000001
2025-05-31 00:00:00+00:00,0.09512000000000001
2025-05-31 01:00:00+00:00,0.09453
2025-05-31 02:00:00+00:00,0.09434000000000001
2025-05-31 03:00:00+00:00,0.09391
2025-05-31 04:00:00+00:00,0.09319
2025-05-31 05:00:00+00:00,0.08873
2025-05-31 06:00:00+00:00,0.06323
2025-05-31 07:00:00+00:00,0.01343
2025-05-31 08:00:00+00:00,-0.00256
2025-05-31 09:00:00+00:00,-0.0030499999999999998
2025-05-31 10:00:00+00:00,-0.01076
2025-05-31 11:00:00+00:00,-0.01456
2025-05-31 12:00:00+00:00,-0.01443
2025-05-31 13:00:00+00:00,-0.00376
2025-05-31 14:00:00+00:00,0.0013
2025-05-31 15:00:00+00:00,0.048159999999999994
2025-05-31 16:00:00+00:00,0.09148
2025-05-31 17:00:00+00:00,0.09519
2025-05-31 18:00:00+00:00,0.09387000000000001
2025-05-31 19:00:00+00:00,0.09938
2025-05-31 20:00:00+00:00,0.10037
2025-05-31 21:00:00+00:00,0.09997
2025-05-31 22:00:00+00:00,0.08549
2025-05-31 23:00:00+00:00,0.08397
2025-06-01 00:00:00+00:00,0.07603
2025-06-01 01:00:00+00:00,0.07046
2025-06-01 02:00:00+00:00,0.0698
2025-06-01 03:00:00+00:00,0.06611
2025-06-01 04:00:00+00:00,0.060700000000000004
2025-06-01 05:00:00+00:00,0.0358
2025-06-01 06:00:00+00:00,0.00888
2025-06-01 07:00:00+00:00,-0.0015300000000000001
2025-06-01 08:00:00+00:00,-0.00322
2025-06-01 09:00:00+00:00,-0.0062900000000000005
2025-06-01 10:00:00+00:00,-0.01033
2025-06-01 11:00:00+00:00,-0.01585
2025-06-01 12:00:00+00:00,-0.019559999999999998
2025-06-01 13:00:00+00:00,-0.01433
2025-06-01 14:00:00+00:00,-0.00708
2025-06-01 15:00:00+00:00,0.00206
2025-06-01 16:00:00+00:00,0.04268
2025-06-01 17:00:00+00:00,0.07377
2025-06-01 18:00:00+00:00,0.0916
2025-06-01 19:00:00+00:00,0.08749
2025-06-01 20:00:00+00:00,0.0875
2025-06-01 21:00:00+00:00,0.08495
2025-06-01 22:00:00+00:00,0.0818
2025-06-01 23:00:00+00:00,0.07651999999999999
2025-06-02 00:00:00+00:00,0.07114
2025-06-02 01:00:00+00:00,0.06885
2025-06-02 02:00:00+00:00,0.06783
2025-06-02 03:00:00+00:00,0.0829
2025-06-02 04:00:00+00:00,0.09526000000000001
2025-06-02 05:00:00+00:00,0.10499
2025-06-02 06:00:00+00:00,0.103
2025-06-02 07:00:00+00:00,0.08148999999999999
2025-06-02 08:00:00+00:00,0.06645000000000001
2025-06-02 09:00:00+00:00,0.05631
2025-06-02 10:00:00+00:00,0.03978
2025-06-02 11:00:00+00:00,0.02929
2025-06-02 12:00:00+00:00,0.03
2025-06-02 13:00:00+00:00,0.04139
2025-06-02 14:00:00+00:00,0.04895
2025-06-02 15:00:00+00:00,0.08422
2025-06-02 16:00:00+00:00,0.09948
2025-06-02 17:00:00+00:00,0.11303
2025-06-02 18:00:00+00:00,0.1114
2025-06-02 19:00:00+00:00,0.10514
2025-06-02 20:00:00+00:00,0.10499
2025-06-02 21:00:00+00:00,0.10148
2025-06-02 22:00:00+00:00,0.1002
2025-06-02 23:00:00+00:00,0.094
2025-06-03 00:00:00+00:00,0.09209999999999999
2025-06-03 01:00:00+00:00,0.09
2025-06-03 02:00:00+00:00,0.09109
2025-06-03 03:00:00+00:00,0.10199
2025-06-03 04:00:00+00:00,0.11003
2025-06-03 05:00:00+00:00,0.10495
2025-06-03 06:00:00+00:00,0.08465
2025-06-03 07:00:00+00:00,0.06509000000000001
2025-06-03 08:00:00+00:00,0.02518
2025-06-03 09:00:00+00:00,0.05824
2025-06-03 10:00:00+00:00,0.053950000000000005
2025-06-03 11:00:00+00:00,0.054509999999999996
2025-06-03 12:00:00+00:00,0.05006
2025-06-03 13:00:00+00:00,0.027010000000000003
2025-06-03 14:00:00+00:00,0.03504
2025-06-03 15:00:00+00:00,0.06391
2025-06-03 16:00:00+00:00,0.08208
2025-06-03 17:00:00+00:00,0.09653
2025-06-03 18:00:00+00:00,0.11301
2025-06-03 19:00:00+00:00,0.11320000000000001
2025-06-03 20:00:00+00:00,0.09465000000000001
2025-06-03 21:00:00+00:00,0.08259
2025-06-03 22:00:00+00:00,0.08309
2025-06-03 23:00:00+00:00,0.07658
2025-06-04 00:00:00+00:00,0.0716
2025-06-04 01:00:00+00:00,0.07343999999999999
2025-06-04 02:00:00+00:00,0.07427
2025-06-04 03:00:00+00:00,0.08222
2025-06-04 04:00:00+00:00,0.09416
2025-06-04 05:00:00+00:00,0.07993
2025-06-04 06:00:00+00:00,0.08269
2025-06-04 07:00:00+00:00,0.06931
2025-06-04 08:00:00+00:00,0.0493
2025-06-04 09:00:00+00:00,0.022699999999999998
2025-06-04 10:00:00+00:00,0.01435
2025-06-04 11:00:00+00:00,0.01293
2025-06-04 12:00:00+00:00,0.01859
2025-06-04 13:00:00+00:00,0.03915
2025-06-04 14:00:00+00:00,0.06564
2025-06-04 15:00:00+00:00,0.08512
2025-06-04 16:00:00+00:00,0.10002
2025-06-04 17:00:00+00:00,0.10097
2025-06-04 18:00:00+00:00,0.10169
2025-06-04 19:00:00+00:00,0.10378
2025-06-04 20:00:00+00:00,0.10091
2025-06-04 21:00:00+00:00,0.09505
2025-06-04 22:00:00+00:00,0.0829
2025-06-04 23:00:00+00:00,0.08183
2025-06-05 00:00:00+00:00,0.07895999999999999
2025-06-05 01:00:00+00:00,0.07634
2025-06-05 02:00:00+00:00,0.07997
2025-06-05 03:00:00+00:00,0.0849
2025-06-05 04:00:00+00:00,0.08719
2025-06-05 05:00:00+00:00,0.07978
2025-06-05 06:00:00+00:00,0.08204
2025-06-05 07:00:00+00:00,0.08276
2025-06-05 08:00:00+00:00,0.0668
2025-06-05 09:00:00+00:00,0.0417
2025-06-05 10:00:00+00:00,0.01762
2025-06-05 11:00:00+00:00,0.0057
2025-06-05 12:00:00+00:00,0.0086
2025-06-05 13:00:00+00:00,0.01995
2025-06-05 14:00:00+00:00,0.047869999999999996
2025-06-05 15:00:00+00:00,0.07828
2025-06-05 16:00:00+00:00,0.06718
2025-06-05 17:00:00+00:00,0.06847
2025-06-05 18:00:00+00:00,0.0668
2025-06-05 19:00:00+00:00,0.06889
2025-06-05 20:00:00+00:00,0.0678
2025-06-05 21:00:00+00:00,0.06863
2025-06-05 22:00:00+00:00,0.06437999999999999
2025-06-05 23:00:00+00:00,0.05942
2025-06-06 00:00:00+00:00,0.05407
2025-06-06 01:00:00+00:00,0.04992
2025-06-06 02:00:00+00:00,0.047310000000000005
2025-06-06 03:00:00+00:00,0.05407
2025-06-06 04:00:00+00:00,0.06306
2025-06-06 05:00:00+00:00,0.06724
2025-06-06 06:00:00+00:00,0.05199
2025-06-06 07:00:00+00:00,0.01695
2025-06-06 08:00:00+00:00,-0.00326
2025-06-06 09:00:00+00:00,-0.00435
2025-06-06 10:00:00+00:00,-0.0049900000000000005
2025-06-06 11:00:00+00:00,-0.0078
2025-06-06 12:00:00+00:00,-0.007980000000000001
2025-06-06 13:00:00+00:00,-0.00423
2025-06-06 14:00:00+00:00,0.0
2025-06-06 15:00:00+00:00,0.00996
2025-06-06 16:00:00+00:00,0.05933
2025-06-06 17:00:00+00:00,0.0912
2025-06-06 18:00:00+00:00,0.0886
2025-06-06 19:00:00+00:00,0.11197
2025-06-06 20:00:00+00:00,0.11081999999999999
2025-06-06 21:00:00+00:00,0.08503
2025-06-06 22:00:00+00:00,0.08089
2025-06-06 23:00:00+00:00,0.07966
2025-06-07 00:00:00+00:00,0.0803
2025-06-07 01:00:00+00:00,0.08031
2025-06-07 02:00:00+00:00,0.07973000000000001
2025-06-07 03:00:00+00:00,0.08309
2025-06-07 04:00:00+00:00,0.08195999999999999
2025-06-07 05:00:00+00:00,0.08265
2025-06-07 06:00:00+00:00,0.07558
2025-06-07 07:00:00+00:00,0.05607
2025-06-07 08:00:00+00:00,0.029
2025-06-07 09:00:00+00:00,0.01541
2025-06-07 10:00:00+00:00,0.00718
2025-06-07 11:00:00+00:00,0.00188
2025-06-07 12:00:00+00:00,0.00011
2025-06-07 13:00:00+00:00,0.00037
2025-06-07 14:00:00+00:00,0.00696
2025-06-07 15:00:00+00:00,0.02066
2025-06-07 16:00:00+00:00,0.06606000000000001
2025-06-07 17:00:00+00:00,0.08495
2025-06-07 18:00:00+00:00,0.08514000000000001
2025-06-07 19:00:00+00:00,0.08513
2025-06-07 20:00:00+00:00,0.08594
2025-06-07 21:00:00+00:00,0.08348
2025-06-07 22:00:00+00:00,0.0669
2025-06-07 23:00:00+00:00,0.0627
2025-06-08 00:00:00+00:00,0.05393
2025-06-08 01:00:00+00:00,0.05061
2025-06-08 02:00:00+00:00,0.04507
2025-06-08 03:00:00+00:00,0.02612
2025-06-08 04:00:00+00:00,0.01848
2025-06-08 05:00:00+00:00,0.01016
2025-06-08 06:00:00+00:00,-2e-05
2025-06-08 07:00:00+00:00,0.00075
2025-06-08 08:00:00+00:00,-0.0044800000000000005
2025-06-08 09:00:00+00:00,-0.009880000000000002
2025-06-08 10:00:00+00:00,-0.019010000000000003
2025-06-08 11:00:00+00:00,-0.038689999999999995
2025-06-08 12:00:00+00:00,-0.05643
2025-06-08 13:00:00+00:00,-0.05135
2025-06-08 14:00:00+00:00,-0.01757
2025-06-08 15:00:00+00:00,-0.0024700000000000004
2025-06-08 16:00:00+00:00,0.0038900000000000002
2025-06-08 17:00:00+00:00,0.03608
2025-06-08 18:00:00+00:00,0.05625
2025-06-08 19:00:00+00:00,0.06720999999999999
2025-06-08 20:00:00+00:00,0.07156
2025-06-08 21:00:00+00:00,0.06304
2025-06-08 22:00:00+00:00,0.030289999999999997
2025-06-08 23:00:00+00:00,0.02101
2025-06-09 00:00:00+00:00,0.01778
2025-06-09 01:00:00+00:00,0.016030000000000003
2025-06-09 02:00:00+00:00,0.01474
2025-06-09 03:00:00+00:00,0.02131
2025-06-09 04:00:00+00:00,0.02438
2025-06-09 05:00:00+00:00,0.023030000000000002
2025-06-09 06:00:00+00:00,0.00131
2025-06-09 07:00:00+00:00,-0.00175
2025-06-09 08:00:00+00:00,-0.00323
2025-06-09 09:00:00+00:00,-0.00697
2025-06-09 10:00:00+00:00,-0.01333
2025-06-09 11:00:00+00:00,-0.0229
2025-06-09 12:00:00+00:00,-0.02185
2025-06-09 13:00:00+00:00,-0.014070000000000001
2025-06-09 14:00:00+00:00,-0.00479
2025-06-09 15:00:00+00:00,0.00361
2025-06-09 16:00:00+00:00,0.06324
2025-06-09 17:00:00+00:00,0.08604
2025-06-09 18:00:00+00:00,0.0855
2025-06-09 19:00:00+00:00,0.08573
2025-06-09 20:00:00+00:00,0.08604
2025-06-09 21:00:00+00:00,0.08578
2025-06-09 22:00:00+00:00,0.08459
2025-06-09 23:00:00+00:00,0.08166
2025-06-10 00:00:00+00:00,0.07103
2025-06-10 01:00:00+00:00,0.0665
2025-06-10 02:00:00+00:00,0.06501
2025-06-10 03:00:00+00:00,0.06931
2025-06-10 04:00:00+00:00,0.0844
2025-06-10 05:00:00+00:00,0.08492
2025-06-10 06:00:00+00:00,0.08199
2025-06-10 07:00:00+00:00,0.06191
2025-06-10 08:00:00+00:00,0.03915999999999999
2025-06-10 09:00:00+00:00,0.006019999999999999
2025-06-10 10:00:00+00:00,0.00126
2025-06-10 11:00:00+00:00,-0.001
2025-06-10 12:00:00+00:00,-0.00099
2025-06-10 13:00:00+00:00,0.00219
2025-06-10 14:00:00+00:00,0.00561
2025-06-10 15:00:00+00:00,0.047369999999999995
2025-06-10 16:00:00+00:00,0.06587
2025-06-10 17:00:00+00:00,0.08435
2025-06-10 18:00:00+00:00,0.08534
2025-06-10 19:00:00+00:00,0.08539
2025-06-10 20:00:00+00:00,0.08448
2025-06-10 21:00:00+00:00,0.07904000000000001
2025-06-10 22:00:00+00:00,0.06603
2025-06-10 23:00:00+00:00,0.06439
2025-06-11 00:00:00+00:00,0.06439
2025-06-11 01:00:00+00:00,0.06391
2025-06-11 02:00:00+00:00,0.06819
2025-06-11 03:00:00+00:00,0.07776000000000001
2025-06-11 04:00:00+00:00,0.0815
2025-06-11 05:00:00+00:00,0.08186
2025-06-11 06:00:00+00:00,0.08001000000000001
2025-06-11 07:00:00+00:00,0.062049999999999994
2025-06-11 08:00:00+00:00,0.039009999999999996
2025-06-11 09:00:00+00:00,0.010320000000000001
2025-06-11 10:00:00+00:00,-0.00039
2025-06-11 11:00:00+00:00,-0.0024
2025-06-11 12:00:00+00:00,-0.00116
2025-06-11 13:00:00+00:00,0.0008100000000000001
2025-06-11 14:00:00+00:00,0.00309
2025-06-11 15:00:00+00:00,0.06271
2025-06-11 16:00:00+00:00,0.08471
2025-06-11 17:00:00+00:00,0.08429
2025-06-11 18:00:00+00:00,0.08516
2025-06-11 19:00:00+00:00,0.08506
2025-06-11 20:00:00+00:00,0.08704
2025-06-11 21:00:00+00:00,0.0834
2025-06-11 22:00:00+00:00,0.08191
2025-06-11 23:00:00+00:00,0.08155
2025-06-12 00:00:00+00:00,0.08161
2025-06-12 01:00:00+00:00,0.08178
2025-06-12 02:00:00+00:00,0.08168
2025-06-12 03:00:00+00:00,0.08119
2025-06-12 04:00:00+00:00,0.08159000000000001
2025-06-12 05:00:00+00:00,0.08927
2025-06-12 06:00:00+00:00,0.08593
2025-06-12 07:00:00+00:00,0.05608
2025-06-12 08:00:00+00:00,0.001
2025-06-12 09:00:00+00:00,-0.00297
2025-06-12 10:00:00+00:00,-0.00696
2025-06-12 11:00:00+00:00,-0.01227
2025-06-12 12:00:00+00:00,-0.01295
2025-06-12 13:00:00+00:00,-0.00421
2025-06-12 14:00:00+00:00,0.00775
2025-06-12 15:00:00+00:00,0.0482
2025-06-12 16:00:00+00:00,0.07493000000000001
2025-06-12 17:00:00+00:00,0.08349
2025-06-12 18:00:00+00:00,0.0937
2025-06-12 19:00:00+00:00,0.10349
2025-06-12 20:00:00+00:00,0.09181
2025-06-12 21:00:00+00:00,0.08201
2025-06-12 22:00:00+00:00,0.07086
2025-06-12 23:00:00+00:00,0.06364
2025-06-13 00:00:00+00:00,0.06451000000000001
2025-06-13 01:00:00+00:00,0.06515
2025-06-13 02:00:00+00:00,0.06509000000000001
2025-06-13 03:00:00+00:00,0.06855
2025-06-13 04:00:00+00:00,0.07905
2025-06-13 05:00:00+00:00,0.08058
2025-06-13 06:00:00+00:00,0.06441
2025-06-13 07:00:00+00:00,0.039020000000000006
2025-06-13 08:00:00+00:00,0.00728
2025-06-13 09:00:00+00:00,-4e-05
2025-06-13 10:00:00+00:00,-0.00498
2025-06-13 11:00:00+00:00,-0.01056
2025-06-13 12:00:00+00:00,-0.009689999999999999
2025-06-13 13:00:00+00:00,0.00411
2025-06-13 14:00:00+00:00,0.00418
2025-06-13 15:00:00+00:00,0.048659999999999995
2025-06-13 16:00:00+00:00,0.08003
2025-06-13 17:00:00+00:00,0.0991
2025-06-13 18:00:00+00:00,0.10842
2025-06-13 19:00:00+00:00,0.10039000000000001
2025-06-13 20:00:00+00:00,0.08879000000000001
2025-06-13 21:00:00+00:00,0.07856
2025-06-13 22:00:00+00:00,0.06479
2025-06-13 23:00:00+00:00,0.06021
2025-06-14 00:00:00+00:00,0.06256
2025-06-14 01:00:00+00:00,0.06089
2025-06-14 02:00:00+00:00,0.05948
2025-06-14 03:00:00+00:00,0.0591
2025-06-14 04:00:00+00:00,0.05393
2025-06-14 05:00:00+00:00,0.054439999999999995
2025-06-14 06:00:00+00:00,0.01508
2025-06-14 07:00:00+00:00,0.00991
2025-06-14 08:00:00+00:00,0.0024100000000000002
2025-06-14 09:00:00+00:00,-0.0028599999999999997
2025-06-14 10:00:00+00:00,-0.019399999999999997
2025-06-14 11:00:00+00:00,-0.02614
2025-06-14 12:00:00+00:00,-0.01756
2025-06-14 13:00:00+00:00,-0.00311
2025-06-14 14:00:00+00:00,0.0014299999999999998
2025-06-14 15:00:00+00:00,0.03134
2025-06-14 16:00:00+00:00,0.07518000000000001
2025-06-14 17:00:00+00:00,0.09281
2025-06-14 18:00:00+00:00,0.09820000000000001
2025-06-14 19:00:00+00:00,0.11001999999999999
2025-06-14 20:00:00+00:00,0.09603
2025-06-14 21:00:00+00:00,0.08603
2025-06-14 22:00:00+00:00,0.0891
2025-06-14 23:00:00+00:00,0.08692
2025-06-15 00:00:00+00:00,0.08678
2025-06-15 01:00:00+00:00,0.08554
2025-06-15 02:00:00+00:00,0.08489000000000001
2025-06-15 03:00:00+00:00,0.08463
2025-06-15 04:00:00+00:00,0.07490999999999999
2025-06-15 05:00:00+00:00,0.06477
2025-06-15 06:00:00+00:00,0.04407
2025-06-15 07:00:00+00:00,0.01765
2025-06-15 08:00:00+00:00,0.01008
2025-06-15 09:00:00+00:00,0.00327
2025-06-15 10:00:00+00:00,0.00049
2025-06-15 11:00:00+00:00,-0.00501
2025-06-15 12:00:00+00:00,-0.0020099999999999996
2025-06-15 13:00:00+00:00,0.0045
2025-06-15 14:00:00+00:00,0.01307
2025-06-15 15:00:00+00:00,0.05578
2025-06-15 16:00:00+00:00,0.08962
2025-06-15 17:00:00+00:00,0.10514
2025-06-15 18:00:00+00:00,0.10415
2025-06-15 19:00:00+00:00,0.1022
2025-06-15 20:00:00+00:00,0.10118
2025-06-15 21:00:00+00:00,0.09819
2025-06-15 22:00:00+00:00,0.0896
2025-06-15 23:00:00+00:00,0.08539
2025-06-16 00:00:00+00:00,0.0819
2025-06-16 01:00:00+00:00,0.08356
2025-06-16 02:00:00+00:00,0.08281000000000001
2025-06-16 03:00:00+00:00,0.08881
2025-06-16 04:00:00+00:00,0.10546
2025-06-16 05:00:00+00:00,0.12796
2025-06-16 06:00:00+00:00,0.10723
2025-06-16 07:00:00+00:00,0.07776000000000001
2025-06-16 08:00:00+00:00,0.06539
2025-06-16 09:00:00+00:00,0.05109
2025-06-16 10:00:00+00:00,0.02915
2025-06-16 11:00:00+00:00,0.02764
2025-06-16 12:00:00+00:00,0.025670000000000002
2025-06-16 13:00:00+00:00,0.023489999999999997
2025-06-16 14:00:00+00:00,0.04621
2025-06-16 15:00:00+00:00,0.07099
2025-06-16 16:00:00+00:00,0.10009
2025-06-16 17:00:00+00:00,0.10845999999999999
2025-06-16 18:00:00+00:00,0.10543999999999999
2025-06-16 19:00:00+00:00,0.09659000000000001
2025-06-16 20:00:00+00:00,0.1032
2025-06-16 21:00:00+00:00,0.0958
2025-06-16 22:00:00+00:00,0.10744
2025-06-16 23:00:00+00:00,0.10479000000000001
2025-06-17 00:00:00+00:00,0.1013
2025-06-17 01:00:00+00:00,0.10099
2025-06-17 02:00:00+00:00,0.10137
2025-06-17 03:00:00+00:00,0.10481
2025-06-17 04:00:00+00:00,0.11193
2025-06-17 05:00:00+00:00,0.11105
2025-06-17 06:00:00+00:00,0.09948
2025-06-17 07:00:00+00:00,0.0752
2025-06-17 08:00:00+00:00,0.02218
2025-06-17 09:00:00+00:00,0.004030000000000001
2025-06-17 10:00:00+00:00,-8.999999999999999e-05
2025-06-17 11:00:00+00:00,-0.00161
2025-06-17 12:00:00+00:00,-2.9999999999999997e-05
2025-06-17 13:00:00+00:00,0.0073
2025-06-17 14:00:00+00:00,0.02391
2025-06-17 15:00:00+00:00,0.0734
2025-06-17 16:00:00+00:00,0.10481
2025-06-17 17:00:00+00:00,0.12204000000000001
2025-06-17 18:00:00+00:00,0.12808
2025-06-17 19:00:00+00:00,0.11615
2025-06-17 20:00:00+00:00,0.12975
2025-06-17 21:00:00+00:00,0.11599
2025-06-17 22:00:00+00:00,0.10484
2025-06-17 23:00:00+00:00,0.10186
2025-06-18 00:00:00+00:00,0.09694
2025-06-18 01:00:00+00:00,0.09520999999999999
2025-06-18 02:00:00+00:00,0.09606
2025-06-18 03:00:00+00:00,0.10162
2025-06-18 04:00:00+00:00,0.11473
2025-06-18 05:00:00+00:00,0.1157
2025-06-18 06:00:00+00:00,0.10276
2025-06-18 07:00:00+00:00,0.07715000000000001
2025-06-18 08:00:00+00:00,0.02182
2025-06-18 09:00:00+00:00,0.0045899999999999995
2025-06-18 10:00:00+00:00,0.00152
2025-06-18 11:00:00+00:00,-0.00032
2025-06-18 12:00:00+00:00,0.00020999999999999998
2025-06-18 13:00:00+00:00,0.00471
2025-06-18 14:00:00+00:00,0.00959
2025-06-18 15:00:00+00:00,0.06856
2025-06-18 16:00:00+00:00,0.08972
2025-06-18 17:00:00+00:00,0.11279
2025-06-18 18:00:00+00:00,0.11976
2025-06-18 19:00:00+00:00,0.12072
2025-06-18 20:00:00+00:00,0.12228
2025-06-18 21:00:00+00:00,0.10703
2025-06-18 22:00:00+00:00,0.10640000000000001
2025-06-18 23:00:00+00:00,0.09961
2025-06-19 00:00:00+00:00,0.09418000000000001
2025-06-19 01:00:00+00:00,0.09289
2025-06-19 02:00:00+00:00,0.09198999999999999
2025-06-19 03:00:00+00:00,0.09111
2025-06-19 04:00:00+00:00,0.08793000000000001
2025-06-19 05:00:00+00:00,0.08397
2025-06-19 06:00:00+00:00,0.07112
2025-06-19 07:00:00+00:00,0.03565
2025-06-19 08:00:00+00:00,0.01348
2025-06-19 09:00:00+00:00,0.013640000000000001
2025-06-19 10:00:00+00:00,0.00428
2025-06-19 11:00:00+00:00,0.00294
2025-06-19 12:00:00+00:00,0.001
2025-06-19 13:00:00+00:00,0.00099
2025-06-19 14:00:00+00:00,0.01008
2025-06-19 15:00:00+00:00,0.03606
2025-06-19 16:00:00+00:00,0.08113
2025-06-19 17:00:00+00:00,0.11306999999999999
2025-06-19 18:00:00+00:00,0.13543
2025-06-19 19:00:00+00:00,0.13533
2025-06-19 20:00:00+00:00,0.12502
2025-06-19 21:00:00+00:00,0.10726000000000001
2025-06-19 22:00:00+00:00,0.0974
2025-06-19 23:00:00+00:00,0.0953
2025-06-20 00:00:00+00:00,0.09456999999999999
2025-06-20 01:00:00+00:00,0.09372
2025-06-20 02:00:00+00:00,0.09470999999999999
2025-06-20 03:00:00+00:00,0.09718
2025-06-20 04:00:00+00:00,0.10283
2025-06-20 05:00:00+00:00,0.1056
2025-06-20 06:00:00+00:00,0.09462000000000001
2025-06-20 07:00:00+00:00,0.07271
2025-06-20 08:00:00+00:00,0.02282
2025-06-20 09:00:00+00:00,0.03602
2025-06-20 10:00:00+00:00,0.01001
2025-06-20 11:00:00+00:00,0.0045899999999999995
2025-06-20 12:00:00+00:00,0.01221
2025-06-20 13:00:00+00:00,0.00805
2025-06-20 14:00:00+00:00,0.01636
2025-06-20 15:00:00+00:00,0.07475
2025-06-20 16:00:00+00:00,0.10305
2025-06-20 17:00:00+00:00,0.12326000000000001
2025-06-20 18:00:00+00:00,0.13515
2025-06-20 19:00:00+00:00,0.13469
2025-06-20 20:00:00+00:00,0.1315
2025-06-20 21:00:00+00:00,0.1135
2025-06-20 22:00:00+00:00,0.11613
2025-06-20 23:00:00+00:00,0.11015000000000001
2025-06-21 00:00:00+00:00,0.10603
2025-06-21 01:00:00+00:00,0.10568000000000001
2025-06-21 02:00:00+00:00,0.10455
2025-06-21 03:00:00+00:00,0.10178
2025-06-21 04:00:00+00:00,0.09845000000000001
2025-06-21 05:00:00+00:00,0.08755
2025-06-21 06:00:00+00:00,0.07236
2025-06-21 07:00:00+00:00,0.02568
2025-06-21 08:00:00+00:00,0.00131
2025-06-21 09:00:00+00:00,-0.0020099999999999996
2025-06-21 10:00:00+00:00,-0.01568
2025-06-21 11:00:00+00:00,-0.03018
2025-06-21 12:00:00+00:00,-0.02499
2025-06-21 13:00:00+00:00,-0.00509
2025-06-21 14:00:00+00:00,0.00373
2025-06-21 15:00:00+00:00,0.04566
2025-06-21 16:00:00+00:00,0.09827
2025-06-21 17:00:00+00:00,0.12142
2025-06-21 18:00:00+00:00,0.13853000000000001
2025-06-21 19:00:00+00:00,0.13008
2025-06-21 20:00:00+00:00,0.12791
2025-06-21 21:00:00+00:00,0.11459
2025-06-21 22:00:00+00:00,0.10499
2025-06-21 23:00:00+00:00,0.09686
2025-06-22 00:00:00+00:00,0.08847
2025-06-22 01:00:00+00:00,0.08506
2025-06-22 02:00:00+00:00,0.08413
2025-06-22 03:00:00+00:00,0.07856999999999999
2025-06-22 04:00:00+00:00,0.0735
2025-06-22 05:00:00+00:00,0.04471
2025-06-22 06:00:00+00:00,0.01702
2025-06-22 07:00:00+00:00,0.0032400000000000003
2025-06-22 08:00:00+00:00,-0.00268
2025-06-22 09:00:00+00:00,-0.02802
2025-06-22 10:00:00+00:00,-0.08065
2025-06-22 11:00:00+00:00,-0.10539
2025-06-22 12:00:00+00:00,-0.08897
2025-06-22 13:00:00+00:00,-0.03432
2025-06-22 14:00:00+00:00,-0.00347
2025-06-22 15:00:00+00:00,0.00321
2025-06-22 16:00:00+00:00,0.07540999999999999
2025-06-22 17:00:00+00:00,0.09763
2025-06-22 18:00:00+00:00,0.11957
2025-06-22 19:00:00+00:00,0.12646
2025-06-22 20:00:00+00:00,0.11618
2025-06-22 21:00:00+00:00,0.1043
2025-06-22 22:00:00+00:00,0.07659999999999999
2025-06-22 23:00:00+00:00,0.07307999999999999
2025-06-23 00:00:00+00:00,0.07378
2025-06-23 01:00:00+00:00,0.07307
2025-06-23 02:00:00+00:00,0.07251
2025-06-23 03:00:00+00:00,0.07695
2025-06-23 04:00:00+00:00,0.09326000000000001
2025-06-23 05:00:00+00:00,0.08681
2025-06-23 06:00:00+00:00,0.07585
2025-06-23 07:00:00+00:00,0.06049
2025-06-23 08:00:00+00:00,0.03601
2025-06-23 09:00:00+00:00,0.04401
2025-06-23 10:00:00+00:00,0.00015
2025-06-23 11:00:00+00:00,-8.999999999999999e-05
2025-06-23 12:00:00+00:00,-8.999999999999999e-05
2025-06-23 13:00:00+00:00,0.05869
2025-06-23 14:00:00+00:00,0.052969999999999996
2025-06-23 15:00:00+00:00,0.07762000000000001
2025-06-23 16:00:00+00:00,0.0902
2025-06-23 17:00:00+00:00,0.09212000000000001
2025-06-23 18:00:00+00:00,0.09459000000000001
2025-06-23 19:00:00+00:00,0.09519
2025-06-23 20:00:00+00:00,0.0985
2025-06-23 21:00:00+00:00,0.09173999999999999
2025-06-23 22:00:00+00:00,0.07755
2025-06-23 23:00:00+00:00,0.07611
2025-06-24 00:00:00+00:00,0.07481
2025-06-24 01:00:00+00:00,0.07479999999999999
2025-06-24 02:00:00+00:00,0.0751
2025-06-24 03:00:00+00:00,0.07659999999999999
2025-06-24 04:00:00+00:00,0.07958
2025-06-24 05:00:00+00:00,0.07889
2025-06-24 06:00:00+00:00,0.07411
2025-06-24 07:00:00+00:00,0.02579
2025-06-24 08:00:00+00:00,0.00101
2025-06-24 09:00:00+00:00,-0.00161
2025-06-24 10:00:00+00:00,0.0024300000000000003
2025-06-24 11:00:00+00:00,0.001
2025-06-24 12:00:00+00:00,0.00076
2025-06-24 13:00:00+00:00,-0.00263
2025-06-24 14:00:00+00:00,0.0085
2025-06-24 15:00:00+00:00,0.06106
2025-06-24 16:00:00+00:00,0.07661
2025-06-24 17:00:00+00:00,0.10346
2025-06-24 18:00:00+00:00,0.13158
2025-06-24 19:00:00+00:00,0.12793000000000002
2025-06-24 20:00:00+00:00,0.12239
2025-06-24 21:00:00+00:00,0.10784999999999999
2025-06-24 22:00:00+00:00,0.09040999999999999
2025-06-24 23:00:00+00:00,0.08217
2025-06-25 00:00:00+00:00,0.07994
2025-06-25 01:00:00+00:00,0.07706
2025-06-25 02:00:00+00:00,0.07611
2025-06-25 03:00:00+00:00,0.08929000000000001
2025-06-25 04:00:00+00:00,0.09626
2025-06-25 05:00:00+00:00,0.10571
2025-06-25 06:00:00+00:00,0.0969
2025-06-25 07:00:00+00:00,0.0726
2025-06-25 08:00:00+00:00,0.04007
2025-06-25 09:00:00+00:00,0.03074
2025-06-25 10:00:00+00:00,0.009470000000000001
2025-06-25 11:00:00+00:00,0.01145
2025-06-25 12:00:00+00:00,0.01141
2025-06-25 13:00:00+00:00,0.0116
2025-06-25 14:00:00+00:00,0.04553
2025-06-25 15:00:00+00:00,0.07423
2025-06-25 16:00:00+00:00,0.10538
2025-06-25 17:00:00+00:00,0.13975
2025-06-25 18:00:00+00:00,0.16101
2025-06-25 19:00:00+00:00,0.16141
2025-06-25 20:00:00+00:00,0.15192
2025-06-25 21:00:00+00:00,0.13379
2025-06-25 22:00:00+00:00,0.125
2025-06-25 23:00:00+00:00,0.11763
2025-06-26 00:00:00+00:00,0.11256000000000001
2025-06-26 01:00:00+00:00,0.11011
2025-06-26 02:00:00+00:00,0.10881
2025-06-26 03:00:00+00:00,0.11236
2025-06-26 04:00:00+00:00,0.12569
2025-06-26 05:00:00+00:00,0.13448
2025-06-26 06:00:00+00:00,0.12393000000000001
2025-06-26 07:00:00+00:00,0.10006
2025-06-26 08:00:00+00:00,0.08295999999999999
2025-06-26 09:00:00+00:00,0.0772
2025-06-26 10:00:00+00:00,0.063
2025-06-26 11:00:00+00:00,0.049030000000000004
2025-06-26 12:00:00+00:00,0.0474
2025-06-26 13:00:00+00:00,0.06903000000000001
2025-06-26 14:00:00+00:00,0.0741
2025-06-26 15:00:00+00:00,0.09259999999999999
2025-06-26 16:00:00+00:00,0.09194
2025-06-26 17:00:00+00:00,0.09708
2025-06-26 18:00:00+00:00,0.1026
2025-06-26 19:00:00+00:00,0.10414
2025-06-26 20:00:00+00:00,0.1034
2025-06-26 21:00:00+00:00,0.09303
2025-06-26 22:00:00+00:00,0.0861
2025-06-26 23:00:00+00:00,0.08064
2025-06-27 00:00:00+00:00,0.08095999999999999
2025-06-27 01:00:00+00:00,0.07994
2025-06-27 02:00:00+00:00,0.07994
2025-06-27 03:00:00+00:00,0.08212
2025-06-27 04:00:00+00:00,0.09613
2025-06-27 05:00:00+00:00,0.1034
2025-06-27 06:00:00+00:00,0.09736
2025-06-27 07:00:00+00:00,0.08709
2025-06-27 08:00:00+00:00,0.07901999999999999
2025-06-27 09:00:00+00:00,0.07102
2025-06-27 10:00:00+00:00,0.07471
2025-06-27 11:00:00+00:00,0.06315
2025-06-27 12:00:00+00:00,0.062049999999999994
2025-06-27 13:00:00+00:00,0.07443999999999999
2025-06-27 14:00:00+00:00,0.07995000000000001
2025-06-27 15:00:00+00:00,0.0835
2025-06-27 16:00:00+00:00,0.08705
2025-06-27 17:00:00+00:00,0.1051
2025-06-27 18:00:00+00:00,0.12294
2025-06-27 19:00:00+00:00,0.12994999999999998
2025-06-27 20:00:00+00:00,0.12093999999999999
2025-06-27 21:00:00+00:00,0.10354000000000001
2025-06-27 22:00:00+00:00,0.09464
2025-06-27 23:00:00+00:00,0.09176000000000001
2025-06-28 00:00:00+00:00,0.08617
2025-06-28 01:00:00+00:00,0.08304
2025-06-28 02:00:00+00:00,0.08120999999999999
2025-06-28 03:00:00+00:00,0.08009000000000001
2025-06-28 04:00:00+00:00,0.07897
2025-06-28 05:00:00+00:00,0.07994
2025-06-28 06:00:00+00:00,0.07898000000000001
2025-06-28 07:00:00+00:00,0.062369999999999995
2025-06-28 08:00:00+00:00,0.00866
2025-06-28 09:00:00+00:00,0.00289
2025-06-28 10:00:00+00:00,0.0071600000000000006
2025-06-28 11:00:00+00:00,0.00875
2025-06-28 12:00:00+00:00,0.0032
2025-06-28 13:00:00+00:00,0.01493
2025-06-28 14:00:00+00:00,0.05557
2025-06-28 15:00:00+00:00,0.07390000000000001
2025-06-28 16:00:00+00:00,0.08299
2025-06-28 17:00:00+00:00,0.0947
2025-06-28 18:00:00+00:00,0.11143
2025-06-28 19:00:00+00:00,0.11485
2025-06-28 20:00:00+00:00,0.11181
2025-06-28 21:00:00+00:00,0.09938
2025-06-28 22:00:00+00:00,0.0871
2025-06-28 23:00:00+00:00,0.08331999999999999
2025-06-29 00:00:00+00:00,0.08133
2025-06-29 01:00:00+00:00,0.07953
2025-06-29 02:00:00+00:00,0.07968
2025-06-29 03:00:00+00:00,0.0793
2025-06-29 04:00:00+00:00,0.07526000000000001
2025-06-29 05:00:00+00:00,0.07
2025-06-29 06:00:00+00:00,0.03644
2025-06-29 07:00:00+00:00,0.00049
2025-06-29 08:00:00+00:00,0.00155
2025-06-29 09:00:00+00:00,-0.00408
2025-06-29 10:00:00+00:00,-0.00996
2025-06-29 11:00:00+00:00,-0.010029999999999999
2025-06-29 12:00:00+00:00,-0.01124
2025-06-29 13:00:00+00:00,-0.0034300000000000003
2025-06-29 14:00:00+00:00,0.00215
2025-06-29 15:00:00+00:00,0.05152
2025-06-29 16:00:00+00:00,0.07998999999999999
2025-06-29 17:00:00+00:00,0.10121
2025-06-29 18:00:00+00:00,0.11465
2025-06-29 19:00:00+00:00,0.11812
2025-06-29 20:00:00+00:00,0.11796
2025-06-29 21:00:00+00:00,0.10562
2025-06-29 22:00:00+00:00,0.09698999999999999
2025-06-29 23:00:00+00:00,0.09193000000000001
2025-06-30 00:00:00+00:00,0.09040000000000001
2025-06-30 01:00:00+00:00,0.09304000000000001
2025-06-30 02:00:00+00:00,0.09329000000000001
2025-06-30 03:00:00+00:00,0.10331
2025-06-30 04:00:00+00:00,0.11829
2025-06-30 05:00:00+00:00,0.12178
2025-06-30 06:00:00+00:00,0.10202
2025-06-30 07:00:00+00:00,0.09490000000000001
2025-06-30 08:00:00+00:00,0.07801999999999999
2025-06-30 09:00:00+00:00,0.06608
2025-06-30 10:00:00+00:00,0.04183
2025-06-30 11:00:00+00:00,0.03792
2025-06-30 12:00:00+00:00,0.05151
2025-06-30 13:00:00+00:00,0.05651
2025-06-30 14:00:00+00:00,0.07690000000000001
2025-06-30 15:00:00+00:00,0.09245
2025-06-30 16:00:00+00:00,0.10837999999999999
2025-06-30 17:00:00+00:00,0.16679
2025-06-30 18:00:00+00:00,0.17692
2025-06-30 19:00:00+00:00,0.17192
2025-06-30 20:00:00+00:00,0.14294
2025-06-30 21:00:00+00:00,0.11589
2025-06-30 22:00:00+00:00,0.10758
2025-06-30 23:00:00+00:00,0.09677
2025-07-01 00:00:00+00:00,0.09248
2025-07-01 01:00:00+00:00,0.09225
2025-07-01 02:00:00+00:00,0.09282
2025-07-01 03:00:00+00:00,0.09863
2025-07-01 04:00:00+00:00,0.11220000000000001
2025-07-01 05:00:00+00:00,0.11857
2025-07-01 06:00:00+00:00,0.11752
2025-07-01 07:00:00+00:00,0.10009
2025-07-01 08:00:00+00:00,0.08503
2025-07-01 09:00:00+00:00,0.08104
2025-07-01 10:00:00+00:00,0.07526999999999999
2025-07-01 11:00:00+00:00,0.0742
2025-07-01 12:00:00+00:00,0.07292
2025-07-01 13:00:00+00:00,0.08115
2025-07-01 14:00:00+00:00,0.09490000000000001
2025-07-01 15:00:00+00:00,0.10531
2025-07-01 16:00:00+00:00,0.12398
2025-07-01 17:00:00+00:00,0.19502
2025-07-01 18:00:00+00:00,0.21505000000000002
2025-07-01 19:00:00+00:00,0.20317
2025-07-01 20:00:00+00:00,0.16441999999999998
2025-07-01 21:00:00+00:00,0.12638
2025-07-01 22:00:00+00:00,0.11392000000000001
2025-07-01 23:00:00+00:00,0.10088
2025-07-02 00:00:00+00:00,0.0947
2025-07-02 01:00:00+00:00,0.09431999999999999
2025-07-02 02:00:00+00:00,0.09509000000000001
2025-07-02 03:00:00+00:00,0.10182
2025-07-02 04:00:00+00:00,0.1149
2025-07-02 05:00:00+00:00,0.11951
2025-07-02 06:00:00+00:00,0.10890999999999999
2025-07-02 07:00:00+00:00,0.09489
2025-07-02 08:00:00+00:00,0.08302
2025-07-02 09:00:00+00:00,0.07769
2025-07-02 10:00:00+00:00,0.07490999999999999
2025-07-02 11:00:00+00:00,0.06431999999999999
2025-07-02 12:00:00+00:00,0.06605
2025-07-02 13:00:00+00:00,0.07244
2025-07-02 14:00:00+00:00,0.08247
2025-07-02 15:00:00+00:00,0.09340999999999999
2025-07-02 16:00:00+00:00,0.11292
2025-07-02 17:00:00+00:00,0.14806
2025-07-02 18:00:00+00:00,0.17806
2025-07-02 19:00:00+00:00,0.17006
2025-07-02 20:00:00+00:00,0.14953
2025-07-02 21:00:00+00:00,0.1158
2025-07-02 22:00:00+00:00,0.09728
2025-07-02 23:00:00+00:00,0.09087
2025-07-03 00:00:00+00:00,0.09004000000000001
2025-07-03 01:00:00+00:00,0.08581
2025-07-03 02:00:00+00:00,0.0852
2025-07-03 03:00:00+00:00,0.09003
2025-07-03 04:00:00+00:00,0.09961
2025-07-03 05:00:00+00:00,0.10733
2025-07-03 06:00:00+00:00,0.10323
2025-07-03 07:00:00+00:00,0.09209999999999999
2025-07-03 08:00:00+00:00,0.09033
2025-07-03 09:00:00+00:00,0.08671
2025-07-03 10:00:00+00:00,0.08443
2025-07-03 11:00:00+00:00,0.08406999999999999
2025-07-03 12:00:00+00:00,0.08467
2025-07-03 13:00:00+00:00,0.08868999999999999
2025-07-03 14:00:00+00:00,0.0963
2025-07-03 15:00:00+00:00,0.0996
2025-07-03 16:00:00+00:00,0.10255
2025-07-03 17:00:00+00:00,0.13396
2025-07-03 18:00:00+00:00,0.17295
2025-07-03 19:00:00+00:00,0.17197
2025-07-03 20:00:00+00:00,0.13563999999999998
2025-07-03 21:00:00+00:00,0.11242
2025-07-03 22:00:00+00:00,0.10693000000000001
2025-07-03 23:00:00+00:00,0.103
2025-07-04 00:00:00+00:00,0.09819
2025-07-04 01:00:00+00:00,0.09694
2025-07-04 02:00:00+00:00,0.09797
2025-07-04 03:00:00+00:00,0.105
2025-07-04 04:00:00+00:00,0.12251000000000001
2025-07-04 05:00:00+00:00,0.11926
2025-07-04 06:00:00+00:00,0.10299
2025-07-04 07:00:00+00:00,0.08907
2025-07-04 08:00:00+00:00,0.088
2025-07-04 09:00:00+00:00,0.08487
2025-07-04 10:00:00+00:00,0.07315
2025-07-04 11:00:00+00:00,0.06695000000000001
2025-07-04 12:00:00+00:00,0.0562
2025-07-04 13:00:00+00:00,0.08018
2025-07-04 14:00:00+00:00,0.08331000000000001
2025-07-04 15:00:00+00:00,0.08606
2025-07-04 16:00:00+00:00,0.10151
2025-07-04 17:00:00+00:00,0.11993000000000001
2025-07-04 18:00:00+00:00,0.15494999999999998
2025-07-04 19:00:00+00:00,0.15959
2025-07-04 20:00:00+00:00,0.12875999999999999
2025-07-04 21:00:00+00:00,0.10976999999999999
2025-07-04 22:00:00+00:00,0.1009
2025-07-04 23:00:00+00:00,0.09537999999999999
2025-07-05 00:00:00+00:00,0.0925
2025-07-05 01:00:00+00:00,0.09075
2025-07-05 02:00:00+00:00,0.08913
2025-07-05 03:00:00+00:00,0.08885
2025-07-05 04:00:00+00:00,0.09107
2025-07-05 05:00:00+00:00,0.08868000000000001
2025-07-05 06:00:00+00:00,0.08744
2025-07-05 07:00:00+00:00,0.07595
2025-07-05 08:00:00+00:00,0.07316
2025-07-05 09:00:00+00:00,0.03694
2025-07-05 10:00:00+00:00,0.008230000000000001
2025-07-05 11:00:00+00:00,0.0020800000000000003
2025-07-05 12:00:00+00:00,0.00368
2025-07-05 13:00:00+00:00,0.03309
2025-07-05 14:00:00+00:00,0.07108
2025-07-05 15:00:00+00:00,0.08331000000000001
2025-07-05 16:00:00+00:00,0.0933
2025-07-05 17:00:00+00:00,0.10269
2025-07-05 18:00:00+00:00,0.10787000000000001
2025-07-05 19:00:00+00:00,0.11667
2025-07-05 20:00:00+00:00,0.11302
2025-07-05 21:00:00+00:00,0.10305
2025-07-05 22:00:00+00:00,0.09516
2025-07-05 23:00:00+00:00,0.08752
2025-07-06 00:00:00+00:00,0.08595
2025-07-06 01:00:00+00:00,0.08508
2025-07-06 02:00:00+00:00,0.08621
2025-07-06 03:00:00+00:00,0.08605
2025-07-06 04:00:00+00:00,0.08564
2025-07-06 05:00:00+00:00,0.0857
2025-07-06 06:00:00+00:00,0.08231000000000001
2025-07-06 07:00:00+00:00,0.07593000000000001
2025-07-06 08:00:00+00:00,0.07246999999999999
2025-07-06 09:00:00+00:00,0.07107
2025-07-06 10:00:00+00:00,0.06207
2025-07-06 11:00:00+00:00,0.062090000000000006
2025-07-06 12:00:00+00:00,0.07101
2025-07-06 13:00:00+00:00,0.07595
2025-07-06 14:00:00+00:00,0.07997
2025-07-06 15:00:00+00:00,0.0872
2025-07-06 16:00:00+00:00,0.10445
2025-07-06 17:00:00+00:00,0.11127
2025-07-06 18:00:00+00:00,0.12420999999999999
2025-07-06 19:00:00+00:00,0.1277
2025-07-06 20:00:00+00:00,0.12212999999999999
2025-07-06 21:00:00+00:00,0.10665999999999999
2025-07-06 22:00:00+00:00,0.10145
2025-07-06 23:00:00+00:00,0.09376999999999999
2025-07-07 00:00:00+00:00,0.09376000000000001
2025-07-07 01:00:00+00:00,0.09282
2025-07-07 02:00:00+00:00,0.09501000000000001
2025-07-07 03:00:00+00:00,0.09999
2025-07-07 04:00:00+00:00,0.11206999999999999
2025-07-07 05:00:00+00:00,0.11858
2025-07-07 06:00:00+00:00,0.11081
2025-07-07 07:00:00+00:00,0.10919
2025-07-07 08:00:00+00:00,0.09954
2025-07-07 09:00:00+00:00,0.09211
2025-07-07 10:00:00+00:00,0.08892
2025-07-07 11:00:00+00:00,0.08755
2025-07-07 12:00:00+00:00,0.0875
2025-07-07 13:00:00+00:00,0.09104000000000001
2025-07-07 14:00:00+00:00,0.09495999999999999
2025-07-07 15:00:00+00:00,0.1027
2025-07-07 16:00:00+00:00,0.10315
2025-07-07 17:00:00+00:00,0.10271
2025-07-07 18:00:00+00:00,0.10879000000000001
2025-07-07 19:00:00+00:00,0.1097
2025-07-07 20:00:00+00:00,0.10926000000000001
2025-07-07 21:00:00+00:00,0.10269
2025-07-07 22:00:00+00:00,0.1016
2025-07-07 23:00:00+00:00,0.09863
2025-07-08 00:00:00+00:00,0.09567
2025-07-08 01:00:00+00:00,0.09319
2025-07-08 02:00:00+00:00,0.09406999999999999
2025-07-08 03:00:00+00:00,0.09971
2025-07-08 04:00:00+00:00,0.10798999999999999
2025-07-08 05:00:00+00:00,0.11531999999999999
2025-07-08 06:00:00+00:00,0.11309000000000001
2025-07-08 07:00:00+00:00,0.10401
2025-07-08 08:00:00+00:00,0.09861
2025-07-08 09:00:00+00:00,0.09606999999999999
2025-07-08 10:00:00+00:00,0.09058
2025-07-08 11:00:00+00:00,0.09065999999999999
2025-07-08 12:00:00+00:00,0.09201000000000001
2025-07-08 13:00:00+00:00,0.0917
2025-07-08 14:00:00+00:00,0.09208
2025-07-08 15:00:00+00:00,0.09153
2025-07-08 16:00:00+00:00,0.10183
2025-07-08 17:00:00+00:00,0.11277
2025-07-08 18:00:00+00:00,0.12236
2025-07-08 19:00:00+00:00,0.12081
2025-07-08 20:00:00+00:00,0.10840000000000001
2025-07-08 21:00:00+00:00,0.10151
2025-07-08 22:00:00+00:00,0.09865
2025-07-08 23:00:00+00:00,0.09037
2025-07-09 00:00:00+00:00,0.08918000000000001
2025-07-09 01:00:00+00:00,0.08807
2025-07-09 02:00:00+00:00,0.08956
2025-07-09 03:00:00+00:00,0.09490000000000001
2025-07-09 04:00:00+00:00,0.10674
2025-07-09 05:00:00+00:00,0.11284000000000001
2025-07-09 06:00:00+00:00,0.10679999999999999
2025-07-09 07:00:00+00:00,0.09209
2025-07-09 08:00:00+00:00,0.08455
2025-07-09 09:00:00+00:00,0.07762999999999999
2025-07-09 10:00:00+00:00,0.06364
2025-07-09 11:00:00+00:00,0.06203
2025-07-09 12:00:00+00:00,0.0676
2025-07-09 13:00:00+00:00,0.07603
2025-07-09 14:00:00+00:00,0.07791
2025-07-09 15:00:00+00:00,0.08464
2025-07-09 16:00:00+00:00,0.09562999999999999
2025-07-09 17:00:00+00:00,0.11333
2025-07-09 18:00:00+00:00,0.12505
2025-07-09 19:00:00+00:00,0.12994
2025-07-09 20:00:00+00:00,0.11879
2025-07-09 21:00:00+00:00,0.10491
2025-07-09 22:00:00+00:00,0.10219
2025-07-09 23:00:00+00:00,0.09856000000000001
2025-07-10 00:00:00+00:00,0.09964
2025-07-10 01:00:00+00:00,0.09602
2025-07-10 02:00:00+00:00,0.09715
2025-07-10 03:00:00+00:00,0.10217
2025-07-10 04:00:00+00:00,0.11481
2025-07-10 05:00:00+00:00,0.11916
2025-07-10 06:00:00+00:00,0.11006999999999999
2025-07-10 07:00:00+00:00,0.09417
2025-07-10 08:00:00+00:00,0.08048999999999999
2025-07-10 09:00:00+00:00,0.06899
2025-07-10 10:00:00+00:00,0.04711
2025-07-10 11:00:00+00:00,0.039869999999999996
2025-07-10 12:00:00+00:00,0.03781
2025-07-10 13:00:00+00:00,0.05171
2025-07-10 14:00:00+00:00,0.07254000000000001
2025-07-10 15:00:00+00:00,0.08597
2025-07-10 16:00:00+00:00,0.10131
2025-07-10 17:00:00+00:00,0.10966
2025-07-10 18:00:00+00:00,0.11965
2025-07-10 19:00:00+00:00,0.11686
2025-07-10 20:00:00+00:00,0.11399
2025-07-10 21:00:00+00:00,0.10279
2025-07-10 22:00:00+00:00,0.102
2025-07-10 23:00:00+00:00,0.09731999999999999
2025-07-11 00:00:00+00:00,0.09709000000000001
2025-07-11 01:00:00+00:00,0.09716
2025-07-11 02:00:00+00:00,0.09702
2025-07-11 03:00:00+00:00,0.09939
2025-07-11 04:00:00+00:00,0.10648
2025-07-11 05:00:00+00:00,0.10658
2025-07-11 06:00:00+00:00,0.10269
2025-07-11 07:00:00+00:00,0.0925
2025-07-11 08:00:00+00:00,0.08174
2025-07-11 09:00:00+00:00,0.07478
2025-07-11 10:00:00+00:00,0.07583
2025-07-11 11:00:00+00:00,0.06999
2025-07-11 12:00:00+00:00,0.07418999999999999
2025-07-11 13:00:00+00:00,0.07554000000000001
2025-07-11 14:00:00+00:00,0.07916
2025-07-11 15:00:00+00:00,0.08472
2025-07-11 16:00:00+00:00,0.0925
2025-07-11 17:00:00+00:00,0.1027
2025-07-11 18:00:00+00:00,0.11003
2025-07-11 19:00:00+00:00,0.11058
2025-07-11 20:00:00+00:00,0.10992
2025-07-11 21:00:00+00:00,0.10123
2025-07-11 22:00:00+00:00,0.1013
2025-07-11 23:00:00+00:00,0.09559000000000001
2025-07-12 00:00:00+00:00,0.09197
2025-07-12 01:00:00+00:00,0.09081
2025-07-12 02:00:00+00:00,0.09079999999999999
2025-07-12 03:00:00+00:00,0.08922
2025-07-12 04:00:00+00:00,0.08986
2025-07-12 05:00:00+00:00,0.095
2025-07-12 06:00:00+00:00,0.08206000000000001
2025-07-12 07:00:00+00:00,0.0782
2025-07-12 08:00:00+00:00,0.020989999999999998
2025-07-12 09:00:00+00:00,0.0029
2025-07-12 10:00:00+00:00,-2e-05
2025-07-12 11:00:00+00:00,-0.00091
2025-07-12 12:00:00+00:00,-0.00138
2025-07-12 13:00:00+00:00,0.00075
2025-07-12 14:00:00+00:00,0.015220000000000001
2025-07-12 15:00:00+00:00,0.06001
2025-07-12 16:00:00+00:00,0.09201999999999999
2025-07-12 17:00:00+00:00,0.10134
2025-07-12 18:00:00+00:00,0.11331000000000001
2025-07-12 19:00:00+00:00,0.11663
2025-07-12 20:00:00+00:00,0.11201
2025-07-12 21:00:00+00:00,0.1038
2025-07-12 22:00:00+00:00,0.10431
2025-07-12 23:00:00+00:00,0.1036
2025-07-13 00:00:00+00:00,0.10266
2025-07-13 01:00:00+00:00,0.10116
2025-07-13 02:00:00+00:00,0.10063
2025-07-13 03:00:00+00:00,0.09981999999999999
2025-07-13 04:00:00+00:00,0.09928000000000001
2025-07-13 05:00:00+00:00,0.09094
2025-07-13 06:00:00+00:00,0.0805
2025-07-13 07:00:00+00:00,0.05903
2025-07-13 08:00:00+00:00,0.0177
2025-07-13 09:00:00+00:00,0.00942
2025-07-13 10:00:00+00:00,0.00647
2025-07-13 11:00:00+00:00,0.00349
2025-07-13 12:00:00+00:00,0.0035
2025-07-13 13:00:00+00:00,0.00596
2025-07-13 14:00:00+00:00,0.023309999999999997
2025-07-13 15:00:00+00:00,0.08120999999999999
2025-07-13 16:00:00+00:00,0.10361
2025-07-13 17:00:00+00:00,0.11662
2025-07-13 18:00:00+00:00,0.12208
2025-07-13 19:00:00+00:00,0.11919
2025-07-13 20:00:00+00:00,0.12440999999999999
2025-07-13 21:00:00+00:00,0.11604
2025-07-13 22:00:00+00:00,0.10621
2025-07-13 23:00:00+00:00,0.1028
2025-07-14 00:00:00+00:00,0.09906999999999999
2025-07-14 01:00:00+00:00,0.10114
2025-07-14 02:00:00+00:00,0.10213
2025-07-14 03:00:00+00:00,0.10648
2025-07-14 04:00:00+00:00,0.11768
2025-07-14 05:00:00+00:00,0.12414
2025-07-14 06:00:00+00:00,0.11907999999999999
2025-07-14 07:00:00+00:00,0.10311
2025-07-14 08:00:00+00:00,0.09204000000000001
2025-07-14 09:00:00+00:00,0.08651
2025-07-14 10:00:00+00:00,0.08489000000000001
2025-07-14 11:00:00+00:00,0.07878
2025-07-14 12:00:00+00:00,0.06884
2025-07-14 13:00:00+00:00,0.07229000000000001
2025-07-14 14:00:00+00:00,0.08155
2025-07-14 15:00:00+00:00,0.09345
2025-07-14 16:00:00+00:00,0.10647
2025-07-14 17:00:00+00:00,0.12524
2025-07-14 18:00:00+00:00,0.12522
2025-07-14 19:00:00+00:00,0.12763
2025-07-14 20:00:00+00:00,0.12766
2025-07-14 21:00:00+00:00,0.11089
2025-07-14 22:00:00+00:00,0.10639
2025-07-14 23:00:00+00:00,0.09934
2025-07-15 00:00:00+00:00,0.09408
2025-07-15 01:00:00+00:00,0.09182
2025-07-15 02:00:00+00:00,0.09206
2025-07-15 03:00:00+00:00,0.09747
2025-07-15 04:00:00+00:00,0.10626999999999999
2025-07-15 05:00:00+00:00,0.11168
2025-07-15 06:00:00+00:00,0.10563
2025-07-15 07:00:00+00:00,0.10438
2025-07-15 08:00:00+00:00,0.08493
2025-07-15 09:00:00+00:00,0.08308
2025-07-15 10:00:00+00:00,0.08083
2025-07-15 11:00:00+00:00,0.08036
2025-07-15 12:00:00+00:00,0.08011
2025-07-15 13:00:00+00:00,0.08152
2025-07-15 14:00:00+00:00,0.08203
2025-07-15 15:00:00+00:00,0.09003
2025-07-15 16:00:00+00:00,0.10404000000000001
2025-07-15 17:00:00+00:00,0.1097
2025-07-15 18:00:00+00:00,0.12409999999999999
2025-07-15 19:00:00+00:00,0.13304
2025-07-15 20:00:00+00:00,0.11906
2025-07-15 21:00:00+00:00,0.10972
2025-07-15 22:00:00+00:00,0.09893
2025-07-15 23:00:00+00:00,0.0922
2025-07-16 00:00:00+00:00,0.08702
2025-07-16 01:00:00+00:00,0.08589
2025-07-16 02:00:00+00:00,0.08587
2025-07-16 03:00:00+00:00,0.0896
2025-07-16 04:00:00+00:00,0.10479000000000001
2025-07-16 05:00:00+00:00,0.11120000000000001
2025-07-16 06:00:00+00:00,0.10936
2025-07-16 07:00:00+00:00,0.10313
2025-07-16 08:00:00+00:00,0.10314
2025-07-16 09:00:00+00:00,0.10206
2025-07-16 10:00:00+00:00,0.08351
2025-07-16 11:00:00+00:00,0.08303
2025-07-16 12:00:00+00:00,0.08285
2025-07-16 13:00:00+00:00,0.08205
2025-07-16 14:00:00+00:00,0.08735
2025-07-16 15:00:00+00:00,0.09541
2025-07-16 16:00:00+00:00,0.10249
2025-07-16 17:00:00+00:00,0.10819
2025-07-16 18:00:00+00:00,0.11797
2025-07-16 19:00:00+00:00,0.11915
2025-07-16 20:00:00+00:00,0.11372
2025-07-16 21:00:00+00:00,0.10612
2025-07-16 22:00:00+00:00,0.1057
2025-07-16 23:00:00+00:00,0.101
2025-07-17 00:00:00+00:00,0.0942
2025-07-17 01:00:00+00:00,0.09248999999999999
2025-07-17 02:00:00+00:00,0.09211
2025-07-17 03:00:00+00:00,0.09633
2025-07-17 04:00:00+00:00,0.10465
2025-07-17 05:00:00+00:00,0.11131
2025-07-17 06:00:00+00:00,0.10859999999999999
2025-07-17 07:00:00+00:00,0.09741
2025-07-17 08:00:00+00:00,0.08447
2025-07-17 09:00:00+00:00,0.07819
2025-07-17 10:00:00+00:00,0.0663
2025-07-17 11:00:00+00:00,0.05948
2025-07-17 12:00:00+00:00,0.05407
2025-07-17 13:00:00+00:00,0.06573000000000001
2025-07-17 14:00:00+00:00,0.07601000000000001
2025-07-17 15:00:00+00:00,0.08486
2025-07-17 16:00:00+00:00,0.1015
2025-07-17 17:00:00+00:00,0.109
2025-07-17 18:00:00+00:00,0.12503
2025-07-17 19:00:00+00:00,0.12940000000000002
2025-07-17 20:00:00+00:00,0.12356
2025-07-17 21:00:00+00:00,0.11101000000000001
2025-07-17 22:00:00+00:00,0.10939
2025-07-17 23:00:00+00:00,0.10391
2025-07-18 00:00:00+00:00,0.10064000000000001
2025-07-18 01:00:00+00:00,0.09899
2025-07-18 02:00:00+00:00,0.10109
2025-07-18 03:00:00+00:00,0.10509
2025-07-18 04:00:00+00:00,0.11695
2025-07-18 05:00:00+00:00,0.11655
2025-07-18 06:00:00+00:00,0.11429
2025-07-18 07:00:00+00:00,0.10309
2025-07-18 08:00:00+00:00,0.08929000000000001
2025-07-18 09:00:00+00:00,0.08184000000000001
2025-07-18 10:00:00+00:00,0.07525
2025-07-18 11:00:00+00:00,0.06795999999999999
2025-07-18 12:00:00+00:00,0.06296
2025-07-18 13:00:00+00:00,0.07097
2025-07-18 14:00:00+00:00,0.08001000000000001
2025-07-18 15:00:00+00:00,0.08917
2025-07-18 16:00:00+00:00,0.10626000000000001
2025-07-18 17:00:00+00:00,0.11652
2025-07-18 18:00:00+00:00,0.12412999999999999
2025-07-18 19:00:00+00:00,0.12308
2025-07-18 20:00:00+00:00,0.127
2025-07-18 21:00:00+00:00,0.11453
2025-07-18 22:00:00+00:00,0.11073000000000001
2025-07-18 23:00:00+00:00,0.10479000000000001
2025-07-19 00:00:00+00:00,0.10403
2025-07-19 01:00:00+00:00,0.1022
2025-07-19 02:00:00+00:00,0.10035
2025-07-19 03:00:00+00:00,0.10028000000000001
2025-07-19 04:00:00+00:00,0.09842000000000001
2025-07-19 05:00:00+00:00,0.09309999999999999
2025-07-19 06:00:00+00:00,0.08168
2025-07-19 07:00:00+00:00,0.05845
2025-07-19 08:00:00+00:00,0.02072
2025-07-19 09:00:00+00:00,0.01593
2025-07-19 10:00:00+00:00,0.009300000000000001
2025-07-19 11:00:00+00:00,0.00591
2025-07-19 12:00:00+00:00,0.02191
2025-07-19 13:00:00+00:00,0.011550000000000001
2025-07-19 14:00:00+00:00,0.04999
2025-07-19 15:00:00+00:00,0.08037000000000001
2025-07-19 16:00:00+00:00,0.09541
2025-07-19 17:00:00+00:00,0.10479999999999999
2025-07-19 18:00:00+00:00,0.10933
2025-07-19 19:00:00+00:00,0.1097
2025-07-19 20:00:00+00:00,0.10548
2025-07-19 21:00:00+00:00,0.10219
2025-07-19 22:00:00+00:00,0.08712
2025-07-19 23:00:00+00:00,0.08655
2025-07-20 00:00:00+00:00,0.08656
2025-07-20 01:00:00+00:00,0.08612
2025-07-20 02:00:00+00:00,0.08544
2025-07-20 03:00:00+00:00,0.08576
2025-07-20 04:00:00+00:00,0.08575
2025-07-20 05:00:00+00:00,0.08341
2025-07-20 06:00:00+00:00,0.07626000000000001
2025-07-20 07:00:00+00:00,0.038310000000000004
2025-07-20 08:00:00+00:00,0.00414
2025-07-20 09:00:00+00:00,-0.00313
2025-07-20 10:00:00+00:00,-0.00474
2025-07-20 11:00:00+00:00,-0.00524
2025-07-20 12:00:00+00:00,-0.00359
2025-07-20 13:00:00+00:00,0.008
2025-07-20 14:00:00+00:00,0.0444
2025-07-20 15:00:00+00:00,0.0849
2025-07-20 16:00:00+00:00,0.09381
2025-07-20 17:00:00+00:00,0.1072
2025-07-20 18:00:00+00:00,0.11126000000000001
2025-07-20 19:00:00+00:00,0.11054
2025-07-20 20:00:00+00:00,0.109
2025-07-20 21:00:00+00:00,0.10242
2025-07-20 22:00:00+00:00,0.10025
2025-07-20 23:00:00+00:00,0.09395999999999999
2025-07-21 00:00:00+00:00,0.09129999999999999
2025-07-21 01:00:00+00:00,0.08846
2025-07-21 02:00:00+00:00,0.09129999999999999
2025-07-21 03:00:00+00:00,0.09858
2025-07-21 04:00:00+00:00,0.10588
2025-07-21 05:00:00+00:00,0.11454
2025-07-21 06:00:00+00:00,0.11055
2025-07-21 07:00:00+00:00,0.10478
2025-07-21 08:00:00+00:00,0.10291
2025-07-21 09:00:00+00:00,0.09996
2025-07-21 10:00:00+00:00,0.09381
2025-07-21 11:00:00+00:00,0.09129999999999999
2025-07-21 12:00:00+00:00,0.09129999999999999
2025-07-21 13:00:00+00:00,0.09187000000000001
2025-07-21 14:00:00+00:00,0.09475
2025-07-21 15:00:00+00:00,0.10238
2025-07-21 16:00:00+00:00,0.10461
2025-07-21 17:00:00+00:00,0.10690000000000001
2025-07-21 18:00:00+00:00,0.11652
2025-07-21 19:00:00+00:00,0.11575
2025-07-21 20:00:00+00:00,0.10690000000000001
2025-07-21 21:00:00+00:00,0.10109
2025-07-21 22:00:00+00:00,0.09293000000000001
2025-07-21 23:00:00+00:00,0.08891
2025-07-22 00:00:00+00:00,0.08745
2025-07-22 01:00:00+00:00,0.08634
2025-07-22 02:00:00+00:00,0.08594
2025-07-22 03:00:00+00:00,0.09083
2025-07-22 04:00:00+00:00,0.10319
2025-07-22 05:00:00+00:00,0.10399
2025-07-22 06:00:00+00:00,0.10066
2025-07-22 07:00:00+00:00,0.08749
2025-07-22 08:00:00+00:00,0.0889
2025-07-22 09:00:00+00:00,0.08581
2025-07-22 10:00:00+00:00,0.08543
2025-07-22 11:00:00+00:00,0.08536
2025-07-22 12:00:00+00:00,0.08569
2025-07-22 13:00:00+00:00,0.08565
2025-07-22 14:00:00+00:00,0.0887
2025-07-22 15:00:00+00:00,0.0862
2025-07-22 16:00:00+00:00,0.09148
2025-07-22 17:00:00+00:00,0.10471
2025-07-22 18:00:00+00:00,0.11408
2025-07-22 19:00:00+00:00,0.11478000000000001
2025-07-22 20:00:00+00:00,0.10870999999999999
2025-07-22 21:00:00+00:00,0.10076
2025-07-22 22:00:00+00:00,0.09290000000000001
2025-07-22 23:00:00+00:00,0.08989
2025-07-23 00:00:00+00:00,0.09101000000000001
2025-07-23 01:00:00+00:00,0.0845
2025-07-23 02:00:00+00:00,0.08305
2025-07-23 03:00:00+00:00,0.08412
2025-07-23 04:00:00+00:00,0.09373999999999999
2025-07-23 05:00:00+00:00,0.09978000000000001
2025-07-23 06:00:00+00:00,0.09693
2025-07-23 07:00:00+00:00,0.08643
2025-07-23 08:00:00+00:00,0.08394
2025-07-23 09:00:00+00:00,0.08395
2025-07-23 10:00:00+00:00,0.08194
2025-07-23 11:00:00+00:00,0.08120999999999999
2025-07-23 12:00:00+00:00,0.07878
2025-07-23 13:00:00+00:00,0.08191
2025-07-23 14:00:00+00:00,0.08145999999999999
2025-07-23 15:00:00+00:00,0.08374
2025-07-23 16:00:00+00:00,0.09465000000000001
2025-07-23 17:00:00+00:00,0.10879000000000001
2025-07-23 18:00:00+00:00,0.11495
2025-07-23 19:00:00+00:00,0.11695
2025-07-23 20:00:00+00:00,0.11222
2025-07-23 21:00:00+00:00,0.1037
2025-07-23 22:00:00+00:00,0.10045
2025-07-23 23:00:00+00:00,0.09784000000000001
2025-07-24 00:00:00+00:00,0.09603
2025-07-24 01:00:00+00:00,0.09477
2025-07-24 02:00:00+00:00,0.09592
2025-07-24 03:00:00+00:00,0.10069
2025-07-24 04:00:00+00:00,0.11169
2025-07-24 05:00:00+00:00,0.11369
2025-07-24 06:00:00+00:00,0.10990000000000001
2025-07-24 07:00:00+00:00,0.10201
2025-07-24 08:00:00+00:00,0.09751
2025-07-24 09:00:00+00:00,0.09308
2025-07-24 10:00:00+00:00,0.08446
2025-07-24 11:00:00+00:00,0.08197
2025-07-24 12:00:00+00:00,0.08155
2025-07-24 13:00:00+00:00,0.08788
2025-07-24 14:00:00+00:00,0.09331
2025-07-24 15:00:00+00:00,0.10061
2025-07-24 16:00:00+00:00,0.10367
2025-07-24 17:00:00+00:00,0.11448
2025-07-24 18:00:00+00:00,0.11515
2025-07-24 19:00:00+00:00,0.1179
2025-07-24 20:00:00+00:00,0.11483
2025-07-24 21:00:00+00:00,0.10742
2025-07-24 22:00:00+00:00,0.1037
2025-07-24 23:00:00+00:00,0.0995
2025-07-25 00:00:00+00:00,0.09556
2025-07-25 01:00:00+00:00,0.09370999999999999
2025-07-25 02:00:00+00:00,0.09581999999999999
2025-07-25 03:00:00+00:00,0.09819
2025-07-25 04:00:00+00:00,0.10821
2025-07-25 05:00:00+00:00,0.11163
2025-07-25 06:00:00+00:00,0.10701000000000001
2025-07-25 07:00:00+00:00,0.09803
2025-07-25 08:00:00+00:00,0.09104999999999999
2025-07-25 09:00:00+00:00,0.08437
2025-07-25 10:00:00+00:00,0.08017
2025-07-25 11:00:00+00:00,0.07695
2025-07-25 12:00:00+00:00,0.07109
2025-07-25 13:00:00+00:00,0.07837000000000001
2025-07-25 14:00:00+00:00,0.08241
2025-07-25 15:00:00+00:00,0.08509
2025-07-25 16:00:00+00:00,0.09679
2025-07-25 17:00:00+00:00,0.10722
2025-07-25 18:00:00+00:00,0.11313
2025-07-25 19:00:00+00:00,0.11308
2025-07-25 20:00:00+00:00,0.11112999999999999
2025-07-25 21:00:00+00:00,0.10315
2025-07-25 22:00:00+00:00,0.10013
2025-07-25 23:00:00+00:00,0.09631999999999999
2025-07-26 00:00:00+00:00,0.09401000000000001
2025-07-26 01:00:00+00:00,0.09384999999999999
2025-07-26 02:00:00+00:00,0.09293000000000001
2025-07-26 03:00:00+00:00,0.09293000000000001
2025-07-26 04:00:00+00:00,0.09384
2025-07-26 05:00:00+00:00,0.09145
2025-07-26 06:00:00+00:00,0.08657
2025-07-26 07:00:00+00:00,0.08421
2025-07-26 08:00:00+00:00,0.07508
2025-07-26 09:00:00+00:00,0.06983
2025-07-26 10:00:00+00:00,0.06389
2025-07-26 11:00:00+00:00,0.05459000000000001
2025-07-26 12:00:00+00:00,0.057030000000000004
2025-07-26 13:00:00+00:00,0.068
2025-07-26 14:00:00+00:00,0.07578
2025-07-26 15:00:00+00:00,0.08617
2025-07-26 16:00:00+00:00,0.09826
2025-07-26 17:00:00+00:00,0.10679999999999999
2025-07-26 18:00:00+00:00,0.10667
2025-07-26 19:00:00+00:00,0.10679000000000001
2025-07-26 20:00:00+00:00,0.10673
2025-07-26 21:00:00+00:00,0.10306
2025-07-26 22:00:00+00:00,0.10155
2025-07-26 23:00:00+00:00,0.09879
2025-07-27 00:00:00+00:00,0.09495999999999999
2025-07-27 01:00:00+00:00,0.09445999999999999
2025-07-27 02:00:00+00:00,0.09295999999999999
2025-07-27 03:00:00+00:00,0.09037
2025-07-27 04:00:00+00:00,0.09008
2025-07-27 05:00:00+00:00,0.08401
2025-07-27 06:00:00+00:00,0.07981
2025-07-27 07:00:00+00:00,0.07676000000000001
2025-07-27 08:00:00+00:00,0.06705
2025-07-27 09:00:00+00:00,0.056479999999999995
2025-07-27 10:00:00+00:00,0.040659999999999995
2025-07-27 11:00:00+00:00,0.01975
2025-07-27 12:00:00+00:00,0.015470000000000001
2025-07-27 13:00:00+00:00,0.02393
2025-07-27 14:00:00+00:00,0.05198
2025-07-27 15:00:00+00:00,0.07803
2025-07-27 16:00:00+00:00,0.08851
2025-07-27 17:00:00+00:00,0.09353
2025-07-27 18:00:00+00:00,0.10162
2025-07-27 19:00:00+00:00,0.10231
2025-07-27 20:00:00+00:00,0.10019
2025-07-27 21:00:00+00:00,0.09264
2025-07-27 22:00:00+00:00,0.09040999999999999
2025-07-27 23:00:00+00:00,0.08376
2025-07-28 00:00:00+00:00,0.08109000000000001
2025-07-28 01:00:00+00:00,0.07979
2025-07-28 02:00:00+00:00,0.0798
2025-07-28 03:00:00+00:00,0.08305
2025-07-28 04:00:00+00:00,0.09784000000000001
2025-07-28 05:00:00+00:00,0.10629999999999999
2025-07-28 06:00:00+00:00,0.10284
2025-07-28 07:00:00+00:00,0.09442
2025-07-28 08:00:00+00:00,0.09136
2025-07-28 09:00:00+00:00,0.08541
2025-07-28 10:00:00+00:00,0.0799
2025-07-28 11:00:00+00:00,0.07797
2025-07-28 12:00:00+00:00,0.07501999999999999
2025-07-28 13:00:00+00:00,0.07809999999999999
2025-07-28 14:00:00+00:00,0.0798
2025-07-28 15:00:00+00:00,0.08192
2025-07-28 16:00:00+00:00,0.09206
2025-07-28 17:00:00+00:00,0.09975
2025-07-28 18:00:00+00:00,0.10609
2025-07-28 19:00:00+00:00,0.10384
2025-07-28 20:00:00+00:00,0.09872
2025-07-28 21:00:00+00:00,0.09322
2025-07-28 22:00:00+00:00,0.08320999999999999
2025-07-28 23:00:00+00:00,0.08003
2025-07-29 00:00:00+00:00,0.07762999999999999
2025-07-29 01:00:00+00:00,0.07658
2025-07-29 02:00:00+00:00,0.07701000000000001
2025-07-29 03:00:00+00:00,0.08016
2025-07-29 04:00:00+00:00,0.09401999999999999
2025-07-29 05:00:00+00:00,0.10187
2025-07-29 06:00:00+00:00,0.09498000000000001
2025-07-29 07:00:00+00:00,0.08098000000000001
2025-07-29 08:00:00+00:00,0.0726
2025-07-29 09:00:00+00:00,0.05689
2025-07-29 10:00:00+00:00,0.04106
2025-07-29 11:00:00+00:00,0.03666
2025-07-29 12:00:00+00:00,0.02435
2025-07-29 13:00:00+00:00,0.06007
2025-07-29 14:00:00+00:00,0.07406
2025-07-29 15:00:00+00:00,0.07784999999999999
2025-07-29 16:00:00+00:00,0.09002
2025-07-29 17:00:00+00:00,0.10247
2025-07-29 18:00:00+00:00,0.10468999999999999
2025-07-29 19:00:00+00:00,0.10584
2025-07-29 20:00:00+00:00,0.1047
2025-07-29 21:00:00+00:00,0.09448000000000001
2025-07-29 22:00:00+00:00,0.09353
2025-07-29 23:00:00+00:00,0.09002
2025-07-30 00:00:00+00:00,0.08603
2025-07-30 01:00:00+00:00,0.08509
2025-07-30 02:00:00+00:00,0.08609
2025-07-30 03:00:00+00:00,0.09176000000000001
2025-07-30 04:00:00+00:00,0.09834
2025-07-30 05:00:00+00:00,0.09951
2025-07-30 06:00:00+00:00,0.09395999999999999
2025-07-30 07:00:00+00:00,0.07640999999999999
2025-07-30 08:00:00+00:00,0.06915
2025-07-30 09:00:00+00:00,0.07005
2025-07-30 10:00:00+00:00,0.04269
2025-07-30 11:00:00+00:00,0.02359
2025-07-30 12:00:00+00:00,0.020050000000000002
2025-07-30 13:00:00+00:00,0.051179999999999996
2025-07-30 14:00:00+00:00,0.07435
2025-07-30 15:00:00+00:00,0.07867
2025-07-30 16:00:00+00:00,0.09
2025-07-30 17:00:00+00:00,0.09913
2025-07-30 18:00:00+00:00,0.10623
2025-07-30 19:00:00+00:00,0.10890000000000001
2025-07-30 20:00:00+00:00,0.10266
2025-07-30 21:00:00+00:00,0.09189
2025-07-30 22:00:00+00:00,0.08694
2025-07-30 23:00:00+00:00,0.08265
2025-07-31 00:00:00+00:00,0.08177
2025-07-31 01:00:00+00:00,0.08101
2025-07-31 02:00:00+00:00,0.08199
2025-07-31 03:00:00+00:00,0.08611
2025-07-31 04:00:00+00:00,0.09147
2025-07-31 05:00:00+00:00,0.09670999999999999
2025-07-31 06:00:00+00:00,0.09470999999999999
2025-07-31 07:00:00+00:00,0.08173
2025-07-31 08:00:00+00:00,0.07232
2025-07-31 09:00:00+00:00,0.0632
2025-07-31 10:00:00+00:00,0.05066
2025-07-31 11:00:00+00:00,0.03464
2025-07-31 12:00:00+00:00,0.037759999999999995
2025-07-31 13:00:00+00:00,0.05127
2025-07-31 14:00:00+00:00,0.07192
2025-07-31 15:00:00+00:00,0.08205
2025-07-31 16:00:00+00:00,0.09717
2025-07-31 17:00:00+00:00,0.10836
2025-07-31 18:00:00+00:00,0.1103
2025-07-31 19:00:00+00:00,0.11392000000000001
2025-07-31 20:00:00+00:00,0.10894
2025-07-31 21:00:00+00:00,0.10002
2025-07-31 22:00:00+00:00,0.09742
2025-07-31 23:00:00+00:00,0.09198999999999999
2025-08-01 00:00:00+00:00,0.08857
2025-08-01 01:00:00+00:00,0.08695
2025-08-01 02:00:00+00:00,0.08799
2025-08-01 03:00:00+00:00,0.09293000000000001
2025-08-01 04:00:00+00:00,0.10216
2025-08-01 05:00:00+00:00,0.10381
2025-08-01 06:00:00+00:00,0.10155
2025-08-01 07:00:00+00:00,0.09679
2025-08-01 08:00:00+00:00,0.087
2025-08-01 09:00:00+00:00,0.08113
2025-08-01 10:00:00+00:00,0.0737
2025-08-01 11:00:00+00:00,0.0645
2025-08-01 12:00:00+00:00,0.06608
2025-08-01 13:00:00+00:00,0.07182
2025-08-01 14:00:00+00:00,0.07495
2025-08-01 15:00:00+00:00,0.08031
2025-08-01 16:00:00+00:00,0.09268000000000001
2025-08-01 17:00:00+00:00,0.10357999999999999
2025-08-01 18:00:00+00:00,0.10956
2025-08-01 19:00:00+00:00,0.11194
2025-08-01 20:00:00+00:00,0.10773
2025-08-01 21:00:00+00:00,0.1013
2025-08-01 22:00:00+00:00,0.10104
2025-08-01 23:00:00+00:00,0.09623000000000001
2025-08-02 00:00:00+00:00,0.09453
2025-08-02 01:00:00+00:00,0.09198
2025-08-02 02:00:00+00:00,0.09212999999999999
2025-08-02 03:00:00+00:00,0.09293000000000001
2025-08-02 04:00:00+00:00,0.09209
2025-08-02 05:00:00+00:00,0.09211
2025-08-02 06:00:00+00:00,0.08334
2025-08-02 07:00:00+00:00,0.07629000000000001
2025-08-02 08:00:00+00:00,0.05734
2025-08-02 09:00:00+00:00,0.02817
2025-08-02 10:00:00+00:00,0.00433
2025-08-02 11:00:00+00:00,-0.0013700000000000001
2025-08-02 12:00:00+00:00,-0.0023799999999999997
2025-08-02 13:00:00+00:00,0.0018700000000000001
2025-08-02 14:00:00+00:00,0.04018
2025-08-02 15:00:00+00:00,0.07027
2025-08-02 16:00:00+00:00,0.08506
2025-08-02 17:00:00+00:00,0.0991
2025-08-02 18:00:00+00:00,0.10579000000000001
2025-08-02 19:00:00+00:00,0.10518000000000001
2025-08-02 20:00:00+00:00,0.10142
2025-08-02 21:00:00+00:00,0.09634999999999999
2025-08-02 22:00:00+00:00,0.08033
2025-08-02 23:00:00+00:00,0.07411
2025-08-03 00:00:00+00:00,0.07171
2025-08-03 01:00:00+00:00,0.07037
2025-08-03 02:00:00+00:00,0.06941
2025-08-03 03:00:00+00:00,0.06703
2025-08-03 04:00:00+00:00,0.06379
2025-08-03 05:00:00+00:00,0.048060000000000005
2025-08-03 06:00:00+00:00,0.01945
2025-08-03 07:00:00+00:00,-0.00047
2025-08-03 08:00:00+00:00,-0.00714
2025-08-03 09:00:00+00:00,0.0016
2025-08-03 10:00:00+00:00,-0.00057
2025-08-03 11:00:00+00:00,-0.0032400000000000003
2025-08-03 12:00:00+00:00,-0.0035800000000000003
2025-08-03 13:00:00+00:00,-0.00638
2025-08-03 14:00:00+00:00,-0.00861
2025-08-03 15:00:00+00:00,0.004
2025-08-03 16:00:00+00:00,0.07
2025-08-03 17:00:00+00:00,0.08206000000000001
2025-08-03 18:00:00+00:00,0.08220000000000001
2025-08-03 19:00:00+00:00,0.0869
2025-08-03 20:00:00+00:00,0.08877
2025-08-03 21:00:00+00:00,0.07816
2025-08-03 22:00:00+00:00,0.07718000000000001
2025-08-03 23:00:00+00:00,0.07312
2025-08-04 00:00:00+00:00,0.07188
2025-08-04 01:00:00+00:00,0.0708
2025-08-04 02:00:00+00:00,0.07242
2025-08-04 03:00:00+00:00,0.07837000000000001
2025-08-04 04:00:00+00:00,0.08831
2025-08-04 05:00:00+00:00,0.10101
2025-08-04 06:00:00+00:00,0.10002
2025-08-04 07:00:00+00:00,0.091
2025-08-04 08:00:00+00:00,0.08173
2025-08-04 09:00:00+00:00,0.07255
2025-08-04 10:00:00+00:00,0.04834
2025-08-04 11:00:00+00:00,0.027
2025-08-04 12:00:00+00:00,0.01083
2025-08-04 13:00:00+00:00,0.02044
2025-08-04 14:00:00+00:00,0.036969999999999996
2025-08-04 15:00:00+00:00,0.06709999999999999
2025-08-04 16:00:00+00:00,0.08293
2025-08-04 17:00:00+00:00,0.09506
2025-08-04 18:00:00+00:00,0.09793
2025-08-04 19:00:00+00:00,0.09097
2025-08-04 20:00:00+00:00,0.08095000000000001
2025-08-04 21:00:00+00:00,0.07332
2025-08-04 22:00:00+00:00,0.06955
2025-08-04 23:00:00+00:00,0.06901
2025-08-05 00:00:00+00:00,0.062049999999999994
2025-08-05 01:00:00+00:00,0.06656999999999999
2025-08-05 02:00:00+00:00,0.063
2025-08-05 03:00:00+00:00,0.06749
2025-08-05 04:00:00+00:00,0.07925
2025-08-05 05:00:00+00:00,0.08229
2025-08-05 06:00:00+00:00,0.07496
2025-08-05 07:00:00+00:00,0.06313
2025-08-05 08:00:00+00:00,0.06333
2025-08-05 09:00:00+00:00,0.02004
2025-08-05 10:00:00+00:00,-0.00498
2025-08-05 11:00:00+00:00,-0.010199999999999999
2025-08-05 12:00:00+00:00,-0.0055
2025-08-05 13:00:00+00:00,-0.00149
2025-08-05 14:00:00+00:00,0.028489999999999998
2025-08-05 15:00:00+00:00,0.06470999999999999
2025-08-05 16:00:00+00:00,0.06979
2025-08-05 17:00:00+00:00,0.08061
2025-08-05 18:00:00+00:00,0.08724
2025-08-05 19:00:00+00:00,0.08514000000000001
2025-08-05 20:00:00+00:00,0.07994
2025-08-05 21:00:00+00:00,0.07231
2025-08-05 22:00:00+00:00,0.07488
2025-08-05 23:00:00+00:00,0.07326
2025-08-06 00:00:00+00:00,0.07359
2025-08-06 01:00:00+00:00,0.0735
2025-08-06 02:00:00+00:00,0.07307
2025-08-06 03:00:00+00:00,0.07356
2025-08-06 04:00:00+00:00,0.08953
2025-08-06 05:00:00+00:00,0.09762
2025-08-06 06:00:00+00:00,0.08208
2025-08-06 07:00:00+00:00,0.08403000000000001
2025-08-06 08:00:00+00:00,0.08141
2025-08-06 09:00:00+00:00,0.07705
2025-08-06 10:00:00+00:00,0.07054
2025-08-06 11:00:00+00:00,0.062310000000000004
2025-08-06 12:00:00+00:00,0.06239
2025-08-06 13:00:00+00:00,0.06309000000000001
2025-08-06 14:00:00+00:00,0.07229000000000001
2025-08-06 15:00:00+00:00,0.07354000000000001
2025-08-06 16:00:00+00:00,0.09461
2025-08-06 17:00:00+00:00,0.11131999999999999
2025-08-06 18:00:00+00:00,0.1133
2025-08-06 19:00:00+00:00,0.11549
2025-08-06 20:00:00+00:00,0.11495
2025-08-06 21:00:00+00:00,0.1033
2025-08-06 22:00:00+00:00,0.10116
2025-08-06 23:00:00+00:00,0.09727
2025-08-07 00:00:00+00:00,0.09592
2025-08-07 01:00:00+00:00,0.09401000000000001
2025-08-07 02:00:00+00:00,0.09307
2025-08-07 03:00:00+00:00,0.10111
2025-08-07 04:00:00+00:00,0.10367
2025-08-07 05:00:00+00:00,0.10296999999999999
2025-08-07 06:00:00+00:00,0.09861
2025-08-07 07:00:00+00:00,0.07551000000000001
2025-08-07 08:00:00+00:00,0.06998
2025-08-07 09:00:00+00:00,0.06971
2025-08-07 10:00:00+00:00,0.00461
2025-08-07 11:00:00+00:00,-0.0001
2025-08-07 12:00:00+00:00,-0.0009599999999999999
2025-08-07 13:00:00+00:00,0.01401
2025-08-07 14:00:00+00:00,0.053200000000000004
2025-08-07 15:00:00+00:00,0.07323
2025-08-07 16:00:00+00:00,0.09720000000000001
2025-08-07 17:00:00+00:00,0.10761
2025-08-07 18:00:00+00:00,0.11406999999999999
2025-08-07 19:00:00+00:00,0.1066
2025-08-07 20:00:00+00:00,0.10464
2025-08-07 21:00:00+00:00,0.09831999999999999
2025-08-07 22:00:00+00:00,0.09081
2025-08-07 23:00:00+00:00,0.08871
2025-08-08 00:00:00+00:00,0.08436
2025-08-08 01:00:00+00:00,0.08534
2025-08-08 02:00:00+00:00,0.0847
2025-08-08 03:00:00+00:00,0.08875
2025-08-08 04:00:00+00:00,0.09991
2025-08-08 05:00:00+00:00,0.10155
2025-08-08 06:00:00+00:00,0.09781999999999999
2025-08-08 07:00:00+00:00,0.08314
2025-08-08 08:00:00+00:00,0.06829
2025-08-08 09:00:00+00:00,0.06795999999999999
2025-08-08 10:00:00+00:00,0.01727
2025-08-08 11:00:00+00:00,0.01091
2025-08-08 12:00:00+00:00,0.01787
2025-08-08 13:00:00+00:00,0.009949999999999999
2025-08-08 14:00:00+00:00,0.02949
2025-08-08 15:00:00+00:00,0.0735
2025-08-08 16:00:00+00:00,0.09897
2025-08-08 17:00:00+00:00,0.10859
2025-08-08 18:00:00+00:00,0.11037999999999999
2025-08-08 19:00:00+00:00,0.10597
2025-08-08 20:00:00+00:00,0.1067
2025-08-08 21:00:00+00:00,0.10153
2025-08-08 22:00:00+00:00,0.10416
2025-08-08 23:00:00+00:00,0.10189
2025-08-09 00:00:00+00:00,0.1004
2025-08-09 01:00:00+00:00,0.09894
2025-08-09 02:00:00+00:00,0.09677
2025-08-09 03:00:00+00:00,0.09698999999999999
2025-08-09 04:00:00+00:00,0.09905
2025-08-09 05:00:00+00:00,0.09211
2025-08-09 06:00:00+00:00,0.07723000000000001
2025-08-09 07:00:00+00:00,0.04113
2025-08-09 08:00:00+00:00,0.00795
2025-08-09 09:00:00+00:00,0.008039999999999999
2025-08-09 10:00:00+00:00,-0.00532
2025-08-09 11:00:00+00:00,-0.01269
2025-08-09 12:00:00+00:00,-0.013949999999999999
2025-08-09 13:00:00+00:00,-0.005
2025-08-09 14:00:00+00:00,0.03486
2025-08-09 15:00:00+00:00,0.06506
2025-08-09 16:00:00+00:00,0.0831
2025-08-09 17:00:00+00:00,0.1037
2025-08-09 18:00:00+00:00,0.10664
2025-08-09 19:00:00+00:00,0.10604000000000001
2025-08-09 20:00:00+00:00,0.10369
2025-08-09 21:00:00+00:00,0.09805
2025-08-09 22:00:00+00:00,0.08694
2025-08-09 23:00:00+00:00,0.08311
2025-08-10 00:00:00+00:00,0.08203
2025-08-10 01:00:00+00:00,0.08009000000000001
2025-08-10 02:00:00+00:00,0.07805
2025-08-10 03:00:00+00:00,0.07814
2025-08-10 04:00:00+00:00,0.07456
2025-08-10 05:00:00+00:00,0.07013
2025-08-10 06:00:00+00:00,0.04895
2025-08-10 07:00:00+00:00,0.00149
2025-08-10 08:00:00+00:00,-0.00367
2025-08-10 09:00:00+00:00,-0.01278
2025-08-10 10:00:00+00:00,-0.01103
2025-08-10 11:00:00+00:00,-0.02222
2025-08-10 12:00:00+00:00,-0.02262
2025-08-10 13:00:00+00:00,-0.01105
2025-08-10 14:00:00+00:00,-0.0011799999999999998
2025-08-10 15:00:00+00:00,0.05683
2025-08-10 16:00:00+00:00,0.08036
2025-08-10 17:00:00+00:00,0.10219
2025-08-10 18:00:00+00:00,0.1082
2025-08-10 19:00:00+00:00,0.10801000000000001
2025-08-10 20:00:00+00:00,0.10649
2025-08-10 21:00:00+00:00,0.10119
2025-08-10 22:00:00+00:00,0.08965999999999999
2025-08-10 23:00:00+00:00,0.08702
2025-08-11 00:00:00+00:00,0.08449
2025-08-11 01:00:00+00:00,0.08308
2025-08-11 02:00:00+00:00,0.08656
2025-08-11 03:00:00+00:00,0.09808
2025-08-11 04:00:00+00:00,0.10748999999999999
2025-08-11 05:00:00+00:00,0.10499
2025-08-11 06:00:00+00:00,0.10432
2025-08-11 07:00:00+00:00,0.08351
2025-08-11 08:00:00+00:00,0.05507
2025-08-11 09:00:00+00:00,0.038869999999999995
2025-08-11 10:00:00+00:00,0.00394
2025-08-11 11:00:00+00:00,-2e-05
2025-08-11 12:00:00+00:00,0.00092
2025-08-11 13:00:00+00:00,0.01303
2025-08-11 14:00:00+00:00,0.054119999999999994
2025-08-11 15:00:00+00:00,0.08838
2025-08-11 16:00:00+00:00,0.10809999999999999
2025-08-11 17:00:00+00:00,0.11492000000000001
2025-08-11 18:00:00+00:00,0.11481
2025-08-11 19:00:00+00:00,0.11488
2025-08-11 20:00:00+00:00,0.1128
2025-08-11 21:00:00+00:00,0.10211
2025-08-11 22:00:00+00:00,0.09879
2025-08-11 23:00:00+00:00,0.09648000000000001
2025-08-12 00:00:00+00:00,0.09398999999999999
2025-08-12 01:00:00+00:00,0.09393000000000001
2025-08-12 02:00:00+00:00,0.09519
2025-08-12 03:00:00+00:00,0.10601999999999999
2025-08-12 04:00:00+00:00,0.11429
2025-08-12 05:00:00+00:00,0.11094
2025-08-12 06:00:00+00:00,0.10579999999999999
2025-08-12 07:00:00+00:00,0.08656
2025-08-12 08:00:00+00:00,0.07029
2025-08-12 09:00:00+00:00,0.03908
2025-08-12 10:00:00+00:00,0.015300000000000001
2025-08-12 11:00:00+00:00,0.01104
2025-08-12 12:00:00+00:00,0.011359999999999999
2025-08-12 13:00:00+00:00,0.02709
2025-08-12 14:00:00+00:00,0.07036
2025-08-12 15:00:00+00:00,0.09323000000000001
2025-08-12 16:00:00+00:00,0.10689
2025-08-12 17:00:00+00:00,0.13445
2025-08-12 18:00:00+00:00,0.14977000000000001
2025-08-12 19:00:00+00:00,0.13844
2025-08-12 20:00:00+00:00,0.11079
2025-08-12 21:00:00+00:00,0.09989
2025-08-12 22:00:00+00:00,0.09877
2025-08-12 23:00:00+00:00,0.09203
2025-08-13 00:00:00+00:00,0.08945
2025-08-13 01:00:00+00:00,0.08671
2025-08-13 02:00:00+00:00,0.0873
2025-08-13 03:00:00+00:00,0.09477
2025-08-13 04:00:00+00:00,0.10586
2025-08-13 05:00:00+00:00,0.10703
2025-08-13 06:00:00+00:00,0.10329
2025-08-13 07:00:00+00:00,0.09645000000000001
2025-08-13 08:00:00+00:00,0.08325
2025-08-13 09:00:00+00:00,0.07503
2025-08-13 10:00:00+00:00,0.05688
2025-08-13 11:00:00+00:00,0.05201
2025-08-13 12:00:00+00:00,0.05681
2025-08-13 13:00:00+00:00,0.07503
2025-08-13 14:00:00+00:00,0.08593
2025-08-13 15:00:00+00:00,0.10047
2025-08-13 16:00:00+00:00,0.11004000000000001
2025-08-13 17:00:00+00:00,0.14737
2025-08-13 18:00:00+00:00,0.15386000000000002
2025-08-13 19:00:00+00:00,0.14582
2025-08-13 20:00:00+00:00,0.11725
2025-08-13 21:00:00+00:00,0.10607
2025-08-13 22:00:00+00:00,0.10106
2025-08-13 23:00:00+00:00,0.09801
2025-08-14 00:00:00+00:00,0.09531
2025-08-14 01:00:00+00:00,0.09331
2025-08-14 02:00:00+00:00,0.09306
2025-08-14 03:00:00+00:00,0.09802
2025-08-14 04:00:00+00:00,0.11066
2025-08-14 05:00:00+00:00,0.11276
2025-08-14 06:00:00+00:00,0.10453
2025-08-14 07:00:00+00:00,0.09569
2025-08-14 08:00:00+00:00,0.08907
2025-08-14 09:00:00+00:00,0.07465000000000001
2025-08-14 10:00:00+00:00,0.06033
2025-08-14 11:00:00+00:00,0.05064
2025-08-14 12:00:00+00:00,0.06037
2025-08-14 13:00:00+00:00,0.07632
2025-08-14 14:00:00+00:00,0.09154000000000001
2025-08-14 15:00:00+00:00,0.10117
2025-08-14 16:00:00+00:00,0.11662
2025-08-14 17:00:00+00:00,0.13422
2025-08-14 18:00:00+00:00,0.14
2025-08-14 19:00:00+00:00,0.1382
2025-08-14 20:00:00+00:00,0.1205
2025-08-14 21:00:00+00:00,0.10598
2025-08-14 22:00:00+00:00,0.09909
2025-08-14 23:00:00+00:00,0.09451999999999999
2025-08-15 00:00:00+00:00,0.09203
2025-08-15 01:00:00+00:00,0.08939
2025-08-15 02:00:00+00:00,0.09094
2025-08-15 03:00:00+00:00,0.09698999999999999
2025-08-15 04:00:00+00:00,0.10279
2025-08-15 05:00:00+00:00,0.10199
2025-08-15 06:00:00+00:00,0.0996
2025-08-15 07:00:00+00:00,0.078
2025-08-15 08:00:00+00:00,0.05196
2025-08-15 09:00:00+00:00,0.010230000000000001
2025-08-15 10:00:00+00:00,0.0020800000000000003
2025-08-15 11:00:00+00:00,0.00013000000000000002
2025-08-15 12:00:00+00:00,0.00264
2025-08-15 13:00:00+00:00,0.061770000000000005
2025-08-15 14:00:00+00:00,0.06701
2025-08-15 15:00:00+00:00,0.07592
2025-08-15 16:00:00+00:00,0.09359999999999999
2025-08-15 17:00:00+00:00,0.10638
2025-08-15 18:00:00+00:00,0.10898999999999999
2025-08-15 19:00:00+00:00,0.10608
2025-08-15 20:00:00+00:00,0.09994
2025-08-15 21:00:00+00:00,0.09298000000000001
2025-08-15 22:00:00+00:00,0.09362000000000001
2025-08-15 23:00:00+00:00,0.09065000000000001
2025-08-16 00:00:00+00:00,0.08541
2025-08-16 01:00:00+00:00,0.08259999999999999
2025-08-16 02:00:00+00:00,0.08281999999999999
2025-08-16 03:00:00+00:00,0.08319
2025-08-16 04:00:00+00:00,0.08395999999999999
2025-08-16 05:00:00+00:00,0.08386
2025-08-16 06:00:00+00:00,0.07809999999999999
2025-08-16 07:00:00+00:00,0.06394
2025-08-16 08:00:00+00:00,0.01654
2025-08-16 09:00:00+00:00,0.01116
2025-08-16 10:00:00+00:00,0.0016200000000000001
2025-08-16 11:00:00+00:00,0.0008900000000000001
2025-08-16 12:00:00+00:00,0.00619
2025-08-16 13:00:00+00:00,0.054049999999999994
2025-08-16 14:00:00+00:00,0.054079999999999996
2025-08-16 15:00:00+00:00,0.06812
2025-08-16 16:00:00+00:00,0.07719
2025-08-16 17:00:00+00:00,0.09743
2025-08-16 18:00:00+00:00,0.10171
2025-08-16 19:00:00+00:00,0.10028000000000001
2025-08-16 20:00:00+00:00,0.09498000000000001
2025-08-16 21:00:00+00:00,0.0896
2025-08-16 22:00:00+00:00,0.085
2025-08-16 23:00:00+00:00,0.083
2025-08-17 00:00:00+00:00,0.08054
2025-08-17 01:00:00+00:00,0.07984000000000001
2025-08-17 02:00:00+00:00,0.08048999999999999
2025-08-17 03:00:00+00:00,0.08399
2025-08-17 04:00:00+00:00,0.08427
2025-08-17 05:00:00+00:00,0.07759
2025-08-17 06:00:00+00:00,0.07385
2025-08-17 07:00:00+00:00,0.04009
2025-08-17 08:00:00+00:00,0.01508
2025-08-17 09:00:00+00:00,0.00117
2025-08-17 10:00:00+00:00,0.00078
2025-08-17 11:00:00+00:00,-0.0030600000000000002
2025-08-17 12:00:00+00:00,-0.00228
2025-08-17 13:00:00+00:00,0.0
2025-08-17 14:00:00+00:00,0.013869999999999999
2025-08-17 15:00:00+00:00,0.07145
2025-08-17 16:00:00+00:00,0.09892000000000001
2025-08-17 17:00:00+00:00,0.10686
2025-08-17 18:00:00+00:00,0.11043
2025-08-17 19:00:00+00:00,0.10590999999999999
2025-08-17 20:00:00+00:00,0.10259
2025-08-17 21:00:00+00:00,0.09889
2025-08-17 22:00:00+00:00,0.09623000000000001
2025-08-17 23:00:00+00:00,0.0922
2025-08-18 00:00:00+00:00,0.08998
2025-08-18 01:00:00+00:00,0.09018000000000001
2025-08-18 02:00:00+00:00,0.09348000000000001
2025-08-18 03:00:00+00:00,0.10199
2025-08-18 04:00:00+00:00,0.11042
2025-08-18 05:00:00+00:00,0.11129
2025-08-18 06:00:00+00:00,0.10734
2025-08-18 07:00:00+00:00,0.09366
2025-08-18 08:00:00+00:00,0.07501000000000001
2025-08-18 09:00:00+00:00,0.04962
2025-08-18 10:00:00+00:00,0.023440000000000003
2025-08-18 11:00:00+00:00,0.01806
2025-08-18 12:00:00+00:00,0.018600000000000002
2025-08-18 13:00:00+00:00,0.044539999999999996
2025-08-18 14:00:00+00:00,0.07578
2025-08-18 15:00:00+00:00,0.09565
2025-08-18 16:00:00+00:00,0.11012000000000001
2025-08-18 17:00:00+00:00,0.13025
2025-08-18 18:00:00+00:00,0.12952000000000002
2025-08-18 19:00:00+00:00,0.12951
2025-08-18 20:00:00+00:00,0.1072
2025-08-18 21:00:00+00:00,0.10288
2025-08-18 22:00:00+00:00,0.09844
2025-08-18 23:00:00+00:00,0.09602
2025-08-19 00:00:00+00:00,0.09315000000000001
2025-08-19 01:00:00+00:00,0.09244
2025-08-19 02:00:00+00:00,0.09476000000000001
2025-08-19 03:00:00+00:00,0.10039000000000001
2025-08-19 04:00:00+00:00,0.11545
2025-08-19 05:00:00+00:00,0.116
2025-08-19 06:00:00+00:00,0.10279
2025-08-19 07:00:00+00:00,0.09226999999999999
2025-08-19 08:00:00+00:00,0.07640999999999999
2025-08-19 09:00:00+00:00,0.06998
2025-08-19 10:00:00+00:00,0.05992
2025-08-19 11:00:00+00:00,0.05507
2025-08-19 12:00:00+00:00,0.061770000000000005
2025-08-19 13:00:00+00:00,0.07144
2025-08-19 14:00:00+00:00,0.07646
2025-08-19 15:00:00+00:00,0.09265999999999999
2025-08-19 16:00:00+00:00,0.10307
2025-08-19 17:00:00+00:00,0.12808
2025-08-19 18:00:00+00:00,0.12636
2025-08-19 19:00:00+00:00,0.11308
2025-08-19 20:00:00+00:00,0.10197
2025-08-19 21:00:00+00:00,0.09854
2025-08-19 22:00:00+00:00,0.09529
2025-08-19 23:00:00+00:00,0.08948
2025-08-20 00:00:00+00:00,0.08389
2025-08-20 01:00:00+00:00,0.08415
2025-08-20 02:00:00+00:00,0.087
2025-08-20 03:00:00+00:00,0.0953
2025-08-20 04:00:00+00:00,0.10107
2025-08-20 05:00:00+00:00,0.10403
2025-08-20 06:00:00+00:00,0.09972
2025-08-20 07:00:00+00:00,0.09603
2025-08-20 08:00:00+00:00,0.09601000000000001
2025-08-20 09:00:00+00:00,0.09531
2025-08-20 10:00:00+00:00,0.08395999999999999
2025-08-20 11:00:00+00:00,0.08095999999999999
2025-08-20 12:00:00+00:00,0.09137
2025-08-20 13:00:00+00:00,0.09531
2025-08-20 14:00:00+00:00,0.09601000000000001
2025-08-20 15:00:00+00:00,0.09935
2025-08-20 16:00:00+00:00,0.10642
2025-08-20 17:00:00+00:00,0.11420999999999999
2025-08-20 18:00:00+00:00,0.11805
2025-08-20 19:00:00+00:00,0.10488
2025-08-20 20:00:00+00:00,0.09979
2025-08-20 21:00:00+00:00,0.09609000000000001
2025-08-20 22:00:00+00:00,0.09709000000000001
2025-08-20 23:00:00+00:00,0.09456
2025-08-21 00:00:00+00:00,0.09237000000000001
2025-08-21 01:00:00+00:00,0.09567
2025-08-21 02:00:00+00:00,0.09541
2025-08-21 03:00:00+00:00,0.09861
2025-08-21 04:00:00+00:00,0.10782
2025-08-21 05:00:00+00:00,0.10793000000000001
2025-08-21 06:00:00+00:00,0.10511
2025-08-21 07:00:00+00:00,0.09944
2025-08-21 08:00:00+00:00,0.09240000000000001
2025-08-21 09:00:00+00:00,0.09219
2025-08-21 10:00:00+00:00,0.0881
2025-08-21 11:00:00+00:00,0.09009
2025-08-21 12:00:00+00:00,0.09211
2025-08-21 13:00:00+00:00,0.09456999999999999
2025-08-21 14:00:00+00:00,0.09606
2025-08-21 15:00:00+00:00,0.09709999999999999
2025-08-21 16:00:00+00:00,0.1014
2025-08-21 17:00:00+00:00,0.10708
2025-08-21 18:00:00+00:00,0.10890999999999999
2025-08-21 19:00:00+00:00,0.10395
2025-08-21 20:00:00+00:00,0.09839
2025-08-21 21:00:00+00:00,0.09315999999999999
2025-08-21 22:00:00+00:00,0.08835
2025-08-21 23:00:00+00:00,0.08499
2025-08-22 00:00:00+00:00,0.08319
2025-08-22 01:00:00+00:00,0.08142
2025-08-22 02:00:00+00:00,0.08143
2025-08-22 03:00:00+00:00,0.09104999999999999
2025-08-22 04:00:00+00:00,0.10138
2025-08-22 05:00:00+00:00,0.10203
2025-08-22 06:00:00+00:00,0.09997
2025-08-22 07:00:00+00:00,0.08709
2025-08-22 08:00:00+00:00,0.08103
2025-08-22 09:00:00+00:00,0.07933
2025-08-22 10:00:00+00:00,0.07116
2025-08-22 11:00:00+00:00,0.07008
2025-08-22 12:00:00+00:00,0.07023
2025-08-22 13:00:00+00:00,0.07595
2025-08-22 14:00:00+00:00,0.08145000000000001
2025-08-22 15:00:00+00:00,0.08148999999999999
2025-08-22 16:00:00+00:00,0.09508
2025-08-22 17:00:00+00:00,0.10761
2025-08-22 18:00:00+00:00,0.10979000000000001
2025-08-22 19:00:00+00:00,0.10618000000000001
2025-08-22 20:00:00+00:00,0.10203
2025-08-22 21:00:00+00:00,0.09759999999999999
2025-08-22 22:00:00+00:00,0.09902
2025-08-22 23:00:00+00:00,0.09393000000000001
2025-08-23 00:00:00+00:00,0.08875
2025-08-23 01:00:00+00:00,0.08299
2025-08-23 02:00:00+00:00,0.08184000000000001
2025-08-23 03:00:00+00:00,0.08283
2025-08-23 04:00:00+00:00,0.08483
2025-08-23 05:00:00+00:00,0.0851
2025-08-23 06:00:00+00:00,0.0798
2025-08-23 07:00:00+00:00,0.0576
2025-08-23 08:00:00+00:00,0.01366
2025-08-23 09:00:00+00:00,0.0020499999999999997
2025-08-23 10:00:00+00:00,-7.000000000000001e-05
2025-08-23 11:00:00+00:00,-0.00075
2025-08-23 12:00:00+00:00,-0.0011
2025-08-23 13:00:00+00:00,-0.00189
2025-08-23 14:00:00+00:00,0.01024
2025-08-23 15:00:00+00:00,0.07543000000000001
2025-08-23 16:00:00+00:00,0.09892000000000001
2025-08-23 17:00:00+00:00,0.10717
2025-08-23 18:00:00+00:00,0.11303
2025-08-23 19:00:00+00:00,0.11209000000000001
2025-08-23 20:00:00+00:00,0.10634
2025-08-23 21:00:00+00:00,0.10107
2025-08-23 22:00:00+00:00,0.0991
2025-08-23 23:00:00+00:00,0.09556
2025-08-24 00:00:00+00:00,0.0915
2025-08-24 01:00:00+00:00,0.08932
2025-08-24 02:00:00+00:00,0.08832999999999999
2025-08-24 03:00:00+00:00,0.08896
2025-08-24 04:00:00+00:00,0.08856
2025-08-24 05:00:00+00:00,0.08506999999999999
2025-08-24 06:00:00+00:00,0.07219
2025-08-24 07:00:00+00:00,0.01941
2025-08-24 08:00:00+00:00,0.00151
2025-08-24 09:00:00+00:00,-0.00063
2025-08-24 10:00:00+00:00,-0.00418
2025-08-24 11:00:00+00:00,-0.006889999999999999
2025-08-24 12:00:00+00:00,-0.00553
2025-08-24 13:00:00+00:00,-0.0002
2025-08-24 14:00:00+00:00,0.00299
2025-08-24 15:00:00+00:00,0.060450000000000004
2025-08-24 16:00:00+00:00,0.09978000000000001
2025-08-24 17:00:00+00:00,0.10740000000000001
2025-08-24 18:00:00+00:00,0.11263
2025-08-24 19:00:00+00:00,0.11183
2025-08-24 20:00:00+00:00,0.10579000000000001
2025-08-24 21:00:00+00:00,0.10143
2025-08-24 22:00:00+00:00,0.09667
2025-08-24 23:00:00+00:00,0.09061
2025-08-25 00:00:00+00:00,0.08897
2025-08-25 01:00:00+00:00,0.08524
2025-08-25 02:00:00+00:00,0.088
2025-08-25 03:00:00+00:00,0.09754
2025-08-25 04:00:00+00:00,0.11001000000000001
2025-08-25 05:00:00+00:00,0.1083
2025-08-25 06:00:00+00:00,0.10342
2025-08-25 07:00:00+00:00,0.08561
2025-08-25 08:00:00+00:00,0.07007
2025-08-25 09:00:00+00:00,0.03227
2025-08-25 10:00:00+00:00,0.00916
2025-08-25 11:00:00+00:00,0.00453
2025-08-25 12:00:00+00:00,0.00578
2025-08-25 13:00:00+00:00,0.031239999999999997
2025-08-25 14:00:00+00:00,0.08
2025-08-25 15:00:00+00:00,0.08696
2025-08-25 16:00:00+00:00,0.10704999999999999
2025-08-25 17:00:00+00:00,0.11896999999999999
2025-08-25 18:00:00+00:00,0.12074
2025-08-25 19:00:00+00:00,0.1192
2025-08-25 20:00:00+00:00,0.11048999999999999
2025-08-25 21:00:00+00:00,0.10511
2025-08-25 22:00:00+00:00,0.10211
2025-08-25 23:00:00+00:00,0.09855
2025-08-26 00:00:00+00:00,0.09497
2025-08-26 01:00:00+00:00,0.09393000000000001
2025-08-26 02:00:00+00:00,0.09447
2025-08-26 03:00:00+00:00,0.10407999999999999
2025-08-26 04:00:00+00:00,0.117
2025-08-26 05:00:00+00:00,0.11259000000000001
2025-08-26 06:00:00+00:00,0.10493999999999999
2025-08-26 07:00:00+00:00,0.08996
2025-08-26 08:00:00+00:00,0.07554000000000001
2025-08-26 09:00:00+00:00,0.05493
2025-08-26 10:00:00+00:00,0.03251
2025-08-26 11:00:00+00:00,0.02546
2025-08-26 12:00:00+00:00,0.039549999999999995
2025-08-26 13:00:00+00:00,0.07507
2025-08-26 14:00:00+00:00,0.0851
2025-08-26 15:00:00+00:00,0.10475
2025-08-26 16:00:00+00:00,0.11805
2025-08-26 17:00:00+00:00,0.14201
2025-08-26 18:00:00+00:00,0.13279
2025-08-26 19:00:00+00:00,0.1216
2025-08-26 20:00:00+00:00,0.108
2025-08-26 21:00:00+00:00,0.09995
2025-08-26 22:00:00+00:00,0.09872
2025-08-26 23:00:00+00:00,0.09337000000000001
2025-08-27 00:00:00+00:00,0.08909
2025-08-27 01:00:00+00:00,0.08706
2025-08-27 02:00:00+00:00,0.09043000000000001
2025-08-27 03:00:00+00:00,0.1007
2025-08-27 04:00:00+00:00,0.1103
2025-08-27 05:00:00+00:00,0.11431000000000001
2025-08-27 06:00:00+00:00,0.11125
2025-08-27 07:00:00+00:00,0.09772
2025-08-27 08:00:00+00:00,0.08421
2025-08-27 09:00:00+00:00,0.07758
2025-08-27 10:00:00+00:00,0.05844
2025-08-27 11:00:00+00:00,0.05992
2025-08-27 12:00:00+00:00,0.060649999999999996
2025-08-27 13:00:00+00:00,0.07959999999999999
2025-08-27 14:00:00+00:00,0.09392
2025-08-27 15:00:00+00:00,0.10790000000000001
2025-08-27 16:00:00+00:00,0.12806
2025-08-27 17:00:00+00:00,0.13196000000000002
2025-08-27 18:00:00+00:00,0.12190999999999999
2025-08-27 19:00:00+00:00,0.12190999999999999
2025-08-27 20:00:00+00:00,0.11431000000000001
2025-08-27 21:00:00+00:00,0.10567
2025-08-27 22:00:00+00:00,0.10323
2025-08-27 23:00:00+00:00,0.09845999999999999
2025-08-28 00:00:00+00:00,0.09334
2025-08-28 01:00:00+00:00,0.09303
2025-08-28 02:00:00+00:00,0.09484000000000001
2025-08-28 03:00:00+00:00,0.10364
2025-08-28 04:00:00+00:00,0.1153
2025-08-28 05:00:00+00:00,0.11993000000000001
2025-08-28 06:00:00+00:00,0.11997
2025-08-28 07:00:00+00:00,0.11756
2025-08-28 08:00:00+00:00,0.11608
2025-08-28 09:00:00+00:00,0.11093
2025-08-28 10:00:00+00:00,0.10829000000000001
2025-08-28 11:00:00+00:00,0.10581
2025-08-28 12:00:00+00:00,0.10482999999999999
2025-08-28 13:00:00+00:00,0.10604000000000001
2025-08-28 14:00:00+00:00,0.10878
2025-08-28 15:00:00+00:00,0.11186
2025-08-28 16:00:00+00:00,0.13693
2025-08-28 17:00:00+00:00,0.14401
2025-08-28 18:00:00+00:00,0.13963
2025-08-28 19:00:00+00:00,0.12401999999999999
2025-08-28 20:00:00+00:00,0.10690000000000001
2025-08-28 21:00:00+00:00,0.09687
2025-08-28 22:00:00+00:00,0.09002
2025-08-28 23:00:00+00:00,0.08608
2025-08-29 00:00:00+00:00,0.08406
2025-08-29 01:00:00+00:00,0.08370999999999999
2025-08-29 02:00:00+00:00,0.08585
2025-08-29 03:00:00+00:00,0.09545000000000001
2025-08-29 04:00:00+00:00,0.109
2025-08-29 05:00:00+00:00,0.11091
2025-08-29 06:00:00+00:00,0.11095999999999999
2025-08-29 07:00:00+00:00,0.09756000000000001
2025-08-29 08:00:00+00:00,0.08163
2025-08-29 09:00:00+00:00,0.0711
2025-08-29 10:00:00+00:00,0.054520000000000006
2025-08-29 11:00:00+00:00,0.04685
2025-08-29 12:00:00+00:00,0.05154
2025-08-29 13:00:00+00:00,0.06921
2025-08-29 14:00:00+00:00,0.08053
2025-08-29 15:00:00+00:00,0.10185
2025-08-29 16:00:00+00:00,0.11601
2025-08-29 17:00:00+00:00,0.11788
2025-08-29 18:00:00+00:00,0.11419
2025-08-29 19:00:00+00:00,0.10931
2025-08-29 20:00:00+00:00,0.09831999999999999
2025-08-29 21:00:00+00:00,0.08801
2025-08-29 22:00:00+00:00,0.08857
2025-08-29 23:00:00+00:00,0.08539
2025-08-30 00:00:00+00:00,0.08502
2025-08-30 01:00:00+00:00,0.08331000000000001
2025-08-30 02:00:00+00:00,0.08361
2025-08-30 03:00:00+00:00,0.08674
2025-08-30 04:00:00+00:00,0.08737
2025-08-30 05:00:00+00:00,0.08861
2025-08-30 06:00:00+00:00,0.08842
2025-08-30 07:00:00+00:00,0.081
2025-08-30 08:00:00+00:00,0.07506
2025-08-30 09:00:00+00:00,0.06193
2025-08-30 10:00:00+00:00,0.03195
2025-08-30 11:00:00+00:00,0.00566
2025-08-30 12:00:00+00:00,0.007679999999999999
2025-08-30 13:00:00+00:00,0.0175
2025-08-30 14:00:00+00:00,0.06146
2025-08-30 15:00:00+00:00,0.0831
2025-08-30 16:00:00+00:00,0.10201
2025-08-30 17:00:00+00:00,0.108
2025-08-30 18:00:00+00:00,0.108
2025-08-30 19:00:00+00:00,0.10498
2025-08-30 20:00:00+00:00,0.10302
2025-08-30 21:00:00+00:00,0.0873
2025-08-30 22:00:00+00:00,0.0824
2025-08-30 23:00:00+00:00,0.07942
2025-08-31 00:00:00+00:00,0.07909999999999999
2025-08-31 01:00:00+00:00,0.07509
2025-08-31 02:00:00+00:00,0.07301
2025-08-31 03:00:00+00:00,0.07141
2025-08-31 04:00:00+00:00,0.07134
2025-08-31 05:00:00+00:00,0.06509999999999999
2025-08-31 06:00:00+00:00,0.044969999999999996
2025-08-31 07:00:00+00:00,0.012320000000000001
2025-08-31 08:00:00+00:00,-8.999999999999999e-05
2025-08-31 09:00:00+00:00,-0.00435
2025-08-31 10:00:00+00:00,-0.00508
2025-08-31 11:00:00+00:00,-0.00705
2025-08-31 12:00:00+00:00,-0.00711
2025-08-31 13:00:00+00:00,-0.00385
2025-08-31 14:00:00+00:00,0.02775
2025-08-31 15:00:00+00:00,0.08868000000000001
2025-08-31 16:00:00+00:00,0.10699
2025-08-31 17:00:00+00:00,0.10937000000000001
2025-08-31 18:00:00+00:00,0.1082
2025-08-31 19:00:00+00:00,0.10784999999999999
2025-08-31 20:00:00+00:00,0.10239
2025-08-31 21:00:00+00:00,0.09107
2025-08-31 22:00:00+00:00,0.08322
2025-08-31 23:00:00+00:00,0.08170999999999999
2025-09-01 00:00:00+00:00,0.08078
2025-09-01 01:00:00+00:00,0.08070999999999999
2025-09-01 02:00:00+00:00,0.08268
2025-09-01 03:00:00+00:00,0.09259
2025-09-01 04:00:00+00:00,0.10892
2025-09-01 05:00:00+00:00,0.11206
2025-09-01 06:00:00+00:00,0.10795
2025-09-01 07:00:00+00:00,0.09820000000000001
2025-09-01 08:00:00+00:00,0.08821
2025-09-01 09:00:00+00:00,0.08951
2025-09-01 10:00:00+00:00,0.08901
2025-09-01 11:00:00+00:00,0.089
2025-09-01 12:00:00+00:00,0.0845
2025-09-01 13:00:00+00:00,0.0839
2025-09-01 14:00:00+00:00,0.08398
2025-09-01 15:00:00+00:00,0.1042
2025-09-01 16:00:00+00:00,0.12117
2025-09-01 17:00:00+00:00,0.12153
2025-09-01 18:00:00+00:00,0.11999
2025-09-01 19:00:00+00:00,0.11999
2025-09-01 20:00:00+00:00,0.1062
2025-09-01 21:00:00+00:00,0.09617
2025-09-01 22:00:00+00:00,0.09301999999999999
2025-09-01 23:00:00+00:00,0.08931
2025-09-02 00:00:00+00:00,0.08716
2025-09-02 01:00:00+00:00,0.08597
2025-09-02 02:00:00+00:00,0.08903
2025-09-02 03:00:00+00:00,0.09615
2025-09-02 04:00:00+00:00,0.11505
2025-09-02 05:00:00+00:00,0.10923999999999999
2025-09-02 06:00:00+00:00,0.12097
2025-09-02 07:00:00+00:00,0.1083
2025-09-02 08:00:00+00:00,0.09705
2025-09-02 09:00:00+00:00,0.09198999999999999
2025-09-02 10:00:00+00:00,0.0838
2025-09-02 11:00:00+00:00,0.07939
2025-09-02 12:00:00+00:00,0.08125
2025-09-02 13:00:00+00:00,0.08491
2025-09-02 14:00:00+00:00,0.09591
2025-09-02 15:00:00+00:00,0.10571
2025-09-02 16:00:00+00:00,0.12101
2025-09-02 17:00:00+00:00,0.12102
2025-09-02 18:00:00+00:00,0.12079000000000001
2025-09-02 19:00:00+00:00,0.11306000000000001
2025-09-02 20:00:00+00:00,0.10626000000000001
2025-09-02 21:00:00+00:00,0.09498999999999999
2025-09-02 22:00:00+00:00,0.09308
2025-09-02 23:00:00+00:00,0.088
2025-09-03 00:00:00+00:00,0.08461
2025-09-03 01:00:00+00:00,0.08305
2025-09-03 02:00:00+00:00,0.08261
2025-09-03 03:00:00+00:00,0.08906
2025-09-03 04:00:00+00:00,0.10229
2025-09-03 05:00:00+00:00,0.10239
2025-09-03 06:00:00+00:00,0.09728
2025-09-03 07:00:00+00:00,0.09008
2025-09-03 08:00:00+00:00,0.09022
2025-09-03 09:00:00+00:00,0.08791
2025-09-03 10:00:00+00:00,0.08186
2025-09-03 11:00:00+00:00,0.08116
2025-09-03 12:00:00+00:00,0.08065
2025-09-03 13:00:00+00:00,0.08093
2025-09-03 14:00:00+00:00,0.08191
2025-09-03 15:00:00+00:00,0.09768
2025-09-03 16:00:00+00:00,0.09720000000000001
2025-09-03 17:00:00+00:00,0.10607
2025-09-03 18:00:00+00:00,0.10387
2025-09-03 19:00:00+00:00,0.09724
2025-09-03 20:00:00+00:00,0.0989
2025-09-03 21:00:00+00:00,0.08834
2025-09-03 22:00:00+00:00,0.09273999999999999
2025-09-03 23:00:00+00:00,0.09301000000000001
2025-09-04 00:00:00+00:00,0.09104999999999999
2025-09-04 01:00:00+00:00,0.08796
2025-09-04 02:00:00+00:00,0.08799
2025-09-04 03:00:00+00:00,0.09698999999999999
2025-09-04 04:00:00+00:00,0.103
2025-09-04 05:00:00+00:00,0.11508
2025-09-04 06:00:00+00:00,0.10792
2025-09-04 07:00:00+00:00,0.09604
2025-09-04 08:00:00+00:00,0.09505
2025-09-04 09:00:00+00:00,0.09351000000000001
2025-09-04 10:00:00+00:00,0.08793000000000001
2025-09-04 11:00:00+00:00,0.08761
2025-09-04 12:00:00+00:00,0.0883
2025-09-04 13:00:00+00:00,0.09009
2025-09-04 14:00:00+00:00,0.09634999999999999
2025-09-04 15:00:00+00:00,0.11336
2025-09-04 16:00:00+00:00,0.12806
2025-09-04 17:00:00+00:00,0.15691
2025-09-04 18:00:00+00:00,0.15292
2025-09-04 19:00:00+00:00,0.12900999999999999
2025-09-04 20:00:00+00:00,0.11192
2025-09-04 21:00:00+00:00,0.10145
2025-09-04 22:00:00+00:00,0.09802
2025-09-04 23:00:00+00:00,0.09497
2025-09-05 00:00:00+00:00,0.09469
2025-09-05 01:00:00+00:00,0.09469
2025-09-05 02:00:00+00:00,0.09265999999999999
2025-09-05 03:00:00+00:00,0.09856999999999999
2025-09-05 04:00:00+00:00,0.11314
2025-09-05 05:00:00+00:00,0.12028
2025-09-05 06:00:00+00:00,0.11692
2025-09-05 07:00:00+00:00,0.10546
2025-09-05 08:00:00+00:00,0.09670000000000001
2025-09-05 09:00:00+00:00,0.0947
2025-09-05 10:00:00+00:00,0.08521
2025-09-05 11:00:00+00:00,0.08416
2025-09-05 12:00:00+00:00,0.08305
2025-09-05 13:00:00+00:00,0.08458
2025-09-05 14:00:00+00:00,0.09097
2025-09-05 15:00:00+00:00,0.10314
2025-09-05 16:00:00+00:00,0.12157
2025-09-05 17:00:00+00:00,0.14229
2025-09-05 18:00:00+00:00,0.13535
2025-09-05 19:00:00+00:00,0.11631
2025-09-05 20:00:00+00:00,0.10601000000000001
2025-09-05 21:00:00+00:00,0.10039000000000001
2025-09-05 22:00:00+00:00,0.10183
2025-09-05 23:00:00+00:00,0.09949
2025-09-06 00:00:00+00:00,0.09897
2025-09-06 01:00:00+00:00,0.09795999999999999
2025-09-06 02:00:00+00:00,0.09789
2025-09-06 03:00:00+00:00,0.09964
2025-09-06 04:00:00+00:00,0.10396
2025-09-06 05:00:00+00:00,0.10336
2025-09-06 06:00:00+00:00,0.101
2025-09-06 07:00:00+00:00,0.0838
2025-09-06 08:00:00+00:00,0.04498
2025-09-06 09:00:00+00:00,0.00221
2025-09-06 10:00:00+00:00,5e-05
2025-09-06 11:00:00+00:00,-8.999999999999999e-05
2025-09-06 12:00:00+00:00,-0.00126
2025-09-06 13:00:00+00:00,0.007679999999999999
2025-09-06 14:00:00+00:00,0.05241
2025-09-06 15:00:00+00:00,0.09358
2025-09-06 16:00:00+00:00,0.10737000000000001
2025-09-06 17:00:00+00:00,0.11893000000000001
2025-09-06 18:00:00+00:00,0.11799
2025-09-06 19:00:00+00:00,0.10459
2025-09-06 20:00:00+00:00,0.10099
2025-09-06 21:00:00+00:00,0.0925
2025-09-06 22:00:00+00:00,0.08903
2025-09-06 23:00:00+00:00,0.08721
2025-09-07 00:00:00+00:00,0.08241
2025-09-07 01:00:00+00:00,0.08241
2025-09-07 02:00:00+00:00,0.08212
2025-09-07 03:00:00+00:00,0.08194
2025-09-07 04:00:00+00:00,0.08106999999999999
2025-09-07 05:00:00+00:00,0.08009000000000001
2025-09-07 06:00:00+00:00,0.055
2025-09-07 07:00:00+00:00,2.9999999999999997e-05
2025-09-07 08:00:00+00:00,-0.00369
2025-09-07 09:00:00+00:00,-0.02287
2025-09-07 10:00:00+00:00,-0.03866
2025-09-07 11:00:00+00:00,-0.04635
2025-09-07 12:00:00+00:00,-0.04276
2025-09-07 13:00:00+00:00,-0.01843
2025-09-07 14:00:00+00:00,-0.00736
2025-09-07 15:00:00+00:00,0.05507
2025-09-07 16:00:00+00:00,0.09536
2025-09-07 17:00:00+00:00,0.10989
2025-09-07 18:00:00+00:00,0.10884999999999999
2025-09-07 19:00:00+00:00,0.106
2025-09-07 20:00:00+00:00,0.09856999999999999
2025-09-07 21:00:00+00:00,0.09134
2025-09-07 22:00:00+00:00,0.08391
2025-09-07 23:00:00+00:00,0.0836
2025-09-08 00:00:00+00:00,0.08320999999999999
2025-09-08 01:00:00+00:00,0.08320999999999999
2025-09-08 02:00:00+00:00,0.08254
2025-09-08 03:00:00+00:00,0.09126999999999999
2025-09-08 04:00:00+00:00,0.11095999999999999
2025-09-08 05:00:00+00:00,0.11648
2025-09-08 06:00:00+00:00,0.11406000000000001
2025-09-08 07:00:00+00:00,0.10371
2025-09-08 08:00:00+00:00,0.09879
2025-09-08 09:00:00+00:00,0.09852
2025-09-08 10:00:00+00:00,0.09275
2025-09-08 11:00:00+00:00,0.09376000000000001
2025-09-08 12:00:00+00:00,0.09806000000000001
2025-09-08 13:00:00+00:00,0.09103
2025-09-08 14:00:00+00:00,0.10506
2025-09-08 15:00:00+00:00,0.11403
2025-09-08 16:00:00+00:00,0.14802
2025-09-08 17:00:00+00:00,0.14002
2025-09-08 18:00:00+00:00,0.12897999999999998
2025-09-08 19:00:00+00:00,0.11993999999999999
2025-09-08 20:00:00+00:00,0.11148999999999999
2025-09-08 21:00:00+00:00,0.10704999999999999
2025-09-08 22:00:00+00:00,0.10719
2025-09-08 23:00:00+00:00,0.10357999999999999
2025-09-09 00:00:00+00:00,0.10208
2025-09-09 01:00:00+00:00,0.10194
2025-09-09 02:00:00+00:00,0.10359
2025-09-09 03:00:00+00:00,0.11343
2025-09-09 04:00:00+00:00,0.12506
2025-09-09 05:00:00+00:00,0.13925
2025-09-09 06:00:00+00:00,0.13975
2025-09-09 07:00:00+00:00,0.12701
2025-09-09 08:00:00+00:00,0.1152
2025-09-09 09:00:00+00:00,0.11090000000000001
2025-09-09 10:00:00+00:00,0.10504999999999999
2025-09-09 11:00:00+00:00,0.10205
2025-09-09 12:00:00+00:00,0.10104
2025-09-09 13:00:00+00:00,0.10306
2025-09-09 14:00:00+00:00,0.111
2025-09-09 15:00:00+00:00,0.12891
2025-09-09 16:00:00+00:00,0.14853
2025-09-09 17:00:00+00:00,0.14665
2025-09-09 18:00:00+00:00,0.13899
2025-09-09 19:00:00+00:00,0.12897999999999998
2025-09-09 20:00:00+00:00,0.11456000000000001
2025-09-09 21:00:00+00:00,0.10507999999999999
2025-09-09 22:00:00+00:00,0.10559
2025-09-09 23:00:00+00:00,0.10249
2025-09-10 00:00:00+00:00,0.10197
2025-09-10 01:00:00+00:00,0.10141
2025-09-10 02:00:00+00:00,0.10176
2025-09-10 03:00:00+00:00,0.10768000000000001
2025-09-10 04:00:00+00:00,0.12
2025-09-10 05:00:00+00:00,0.12140000000000001
2025-09-10 06:00:00+00:00,0.14085
2025-09-10 07:00:00+00:00,0.1251
2025-09-10 08:00:00+00:00,0.10588
2025-09-10 09:00:00+00:00,0.1051
2025-09-10 10:00:00+00:00,0.10404000000000001
2025-09-10 11:00:00+00:00,0.10364
2025-09-10 12:00:00+00:00,0.10271
2025-09-10 13:00:00+00:00,0.10208
2025-09-10 14:00:00+00:00,0.10561
2025-09-10 15:00:00+00:00,0.12
2025-09-10 16:00:00+00:00,0.13138
2025-09-10 17:00:00+00:00,0.13152
2025-09-10 18:00:00+00:00,0.12863999999999998
2025-09-10 19:00:00+00:00,0.11846
2025-09-10 20:00:00+00:00,0.10561
2025-09-10 21:00:00+00:00,0.09834999999999999
2025-09-10 22:00:00+00:00,0.09602
2025-09-10 23:00:00+00:00,0.09748
2025-09-11 00:00:00+00:00,0.09698000000000001
2025-09-11 01:00:00+00:00,0.09512999999999999
2025-09-11 02:00:00+00:00,0.09509999999999999
2025-09-11 03:00:00+00:00,0.093
2025-09-11 04:00:00+00:00,0.106
2025-09-11 05:00:00+00:00,0.12282
2025-09-11 06:00:00+00:00,0.11253
2025-09-11 07:00:00+00:00,0.10291
2025-09-11 08:00:00+00:00,0.1027
2025-09-11 09:00:00+00:00,0.09965
2025-09-11 10:00:00+00:00,0.088
2025-09-11 11:00:00+00:00,0.0871
2025-09-11 12:00:00+00:00,0.088
2025-09-11 13:00:00+00:00,0.0906
2025-09-11 14:00:00+00:00,0.0923
2025-09-11 15:00:00+00:00,0.1026
2025-09-11 16:00:00+00:00,0.109
2025-09-11 17:00:00+00:00,0.13685
2025-09-11 18:00:00+00:00,0.125
2025-09-11 19:00:00+00:00,0.10609
2025-09-11 20:00:00+00:00,0.10499
2025-09-11 21:00:00+00:00,0.094
2025-09-11 22:00:00+00:00,0.09265000000000001
2025-09-11 23:00:00+00:00,0.0878
2025-09-12 00:00:00+00:00,0.0878
2025-09-12 01:00:00+00:00,0.0878
2025-09-12 02:00:00+00:00,0.0878
2025-09-12 03:00:00+00:00,0.092
2025-09-12 04:00:00+00:00,0.10559
2025-09-12 05:00:00+00:00,0.11305
2025-09-12 06:00:00+00:00,0.10579999999999999
2025-09-12 07:00:00+00:00,0.1026
2025-09-12 08:00:00+00:00,0.1026
2025-09-12 09:00:00+00:00,0.09955
2025-09-12 10:00:00+00:00,0.089
2025-09-12 11:00:00+00:00,0.09
2025-09-12 12:00:00+00:00,0.0878
2025-09-12 13:00:00+00:00,0.09084
2025-09-12 14:00:00+00:00,0.09503
2025-09-12 15:00:00+00:00,0.10206
2025-09-12 16:00:00+00:00,0.10732
2025-09-12 17:00:00+00:00,0.12267
2025-09-12 18:00:00+00:00,0.12298999999999999
2025-09-12 19:00:00+00:00,0.11291
2025-09-12 20:00:00+00:00,0.10299
2025-09-12 21:00:00+00:00,0.09315000000000001
2025-09-12 22:00:00+00:00,0.0878
2025-09-12 23:00:00+00:00,0.0878
2025-09-13 00:00:00+00:00,0.0878
2025-09-13 01:00:00+00:00,0.09048
2025-09-13 02:00:00+00:00,0.0878
2025-09-13 03:00:00+00:00,0.0878
2025-09-13 04:00:00+00:00,0.095
2025-09-13 05:00:00+00:00,0.09401999999999999
2025-09-13 06:00:00+00:00,0.0878
2025-09-13 07:00:00+00:00,0.0886
2025-09-13 08:00:00+00:00,0.0871
2025-09-13 09:00:00+00:00,0.07471
2025-09-13 10:00:00+00:00,0.07102
2025-09-13 11:00:00+00:00,0.07049
2025-09-13 12:00:00+00:00,0.07529999999999999
2025-09-13 13:00:00+00:00,0.08020000000000001
2025-09-13 14:00:00+00:00,0.0878
2025-09-13 15:00:00+00:00,0.09314
2025-09-13 16:00:00+00:00,0.10719
2025-09-13 17:00:00+00:00,0.12296
2025-09-13 18:00:00+00:00,0.11968999999999999
2025-09-13 19:00:00+00:00,0.104
2025-09-13 20:00:00+00:00,0.10239
2025-09-13 21:00:00+00:00,0.10003000000000001
2025-09-13 22:00:00+00:00,0.0886
2025-09-13 23:00:00+00:00,0.0886
2025-09-14 00:00:00+00:00,0.0878
2025-09-14 01:00:00+00:00,0.0878
2025-09-14 02:00:00+00:00,0.0872
2025-09-14 03:00:00+00:00,0.0878
2025-09-14 04:00:00+00:00,0.09259
2025-09-14 05:00:00+00:00,0.09801
2025-09-14 06:00:00+00:00,0.09638
2025-09-14 07:00:00+00:00,0.07540000000000001
2025-09-14 08:00:00+00:00,0.04229
2025-09-14 09:00:00+00:00,0.03068
2025-09-14 10:00:00+00:00,0.01048
2025-09-14 11:00:00+00:00,-0.0009599999999999999
2025-09-14 12:00:00+00:00,-0.00199
2025-09-14 13:00:00+00:00,0.0
2025-09-14 14:00:00+00:00,0.05886
2025-09-14 15:00:00+00:00,0.087
2025-09-14 16:00:00+00:00,0.11318
2025-09-14 17:00:00+00:00,0.12406
2025-09-14 18:00:00+00:00,0.11882
2025-09-14 19:00:00+00:00,0.09976
2025-09-14 20:00:00+00:00,0.0878
2025-09-14 21:00:00+00:00,0.0886
2025-09-14 22:00:00+00:00,0.0933
2025-09-14 23:00:00+00:00,0.08974
2025-09-15 00:00:00+00:00,0.087
2025-09-15 01:00:00+00:00,0.0886
2025-09-15 02:00:00+00:00,0.0878
2025-09-15 03:00:00+00:00,0.0948
2025-09-15 04:00:00+00:00,0.10227
2025-09-15 05:00:00+00:00,0.10183
2025-09-15 06:00:00+00:00,0.09978000000000001
2025-09-15 07:00:00+00:00,0.0948
2025-09-15 08:00:00+00:00,0.09806000000000001
2025-09-15 09:00:00+00:00,0.0959
2025-09-15 10:00:00+00:00,0.0948
2025-09-15 11:00:00+00:00,0.0933
2025-09-15 12:00:00+00:00,0.0948
2025-09-15 13:00:00+00:00,0.09190000000000001
2025-09-15 14:00:00+00:00,0.09897
2025-09-15 15:00:00+00:00,0.1008
2025-09-15 16:00:00+00:00,0.10273
2025-09-15 17:00:00+00:00,0.10499
2025-09-15 18:00:00+00:00,0.10504000000000001
2025-09-15 19:00:00+00:00,0.09759999999999999
2025-09-15 20:00:00+00:00,0.09889
2025-09-15 21:00:00+00:00,0.0948
2025-09-15 22:00:00+00:00,0.08816
2025-09-15 23:00:00+00:00,0.0852
2025-09-16 00:00:00+00:00,0.0852
2025-09-16 01:00:00+00:00,0.0852
2025-09-16 02:00:00+00:00,0.0852
2025-09-16 03:00:00+00:00,0.09248999999999999
2025-09-16 04:00:00+00:00,0.10288
2025-09-16 05:00:00+00:00,0.10515000000000001
2025-09-16 06:00:00+00:00,0.10133
2025-09-16 07:00:00+00:00,0.09992
2025-09-16 08:00:00+00:00,0.09506
2025-09-16 09:00:00+00:00,0.0852
2025-09-16 10:00:00+00:00,0.08471
2025-09-16 11:00:00+00:00,0.08322
2025-09-16 12:00:00+00:00,0.08316
2025-09-16 13:00:00+00:00,0.09190000000000001
2025-09-16 14:00:00+00:00,0.09958
2025-09-16 15:00:00+00:00,0.10351
2025-09-16 16:00:00+00:00,0.10739
2025-09-16 17:00:00+00:00,0.10740000000000001
2025-09-16 18:00:00+00:00,0.10739
2025-09-16 19:00:00+00:00,0.10245
2025-09-16 20:00:00+00:00,0.0963
2025-09-16 21:00:00+00:00,0.09815
2025-09-16 22:00:00+00:00,0.09409999999999999
2025-09-16 23:00:00+00:00,0.094
2025-09-17 00:00:00+00:00,0.09209999999999999
2025-09-17 01:00:00+00:00,0.0852
2025-09-17 02:00:00+00:00,0.0852
2025-09-17 03:00:00+00:00,0.0852
2025-09-17 04:00:00+00:00,0.10235
2025-09-17 05:00:00+00:00,0.11593
2025-09-17 06:00:00+00:00,0.11198999999999999
2025-09-17 07:00:00+00:00,0.09720999999999999
2025-09-17 08:00:00+00:00,0.09469
2025-09-17 09:00:00+00:00,0.09559999999999999
2025-09-17 10:00:00+00:00,0.089
2025-09-17 11:00:00+00:00,0.08384
2025-09-17 12:00:00+00:00,0.08393
2025-09-17 13:00:00+00:00,0.0852
2025-09-17 14:00:00+00:00,0.0896
2025-09-17 15:00:00+00:00,0.1005
2025-09-17 16:00:00+00:00,0.11756
2025-09-17 17:00:00+00:00,0.14006
2025-09-17 18:00:00+00:00,0.12522
2025-09-17 19:00:00+00:00,0.10492
2025-09-17 20:00:00+00:00,0.09959
2025-09-17 21:00:00+00:00,0.0877
2025-09-17 22:00:00+00:00,0.0852
2025-09-17 23:00:00+00:00,0.0852
2025-09-18 00:00:00+00:00,0.0852
2025-09-18 01:00:00+00:00,0.0882
2025-09-18 02:00:00+00:00,0.0852
2025-09-18 03:00:00+00:00,0.086
2025-09-18 04:00:00+00:00,0.10337
2025-09-18 05:00:00+00:00,0.11502
2025-09-18 06:00:00+00:00,0.10604000000000001
2025-09-18 07:00:00+00:00,0.09270999999999999
2025-09-18 08:00:00+00:00,0.086
2025-09-18 09:00:00+00:00,0.085
2025-09-18 10:00:00+00:00,0.078
2025-09-18 11:00:00+00:00,0.00242
2025-09-18 12:00:00+00:00,0.00147
2025-09-18 13:00:00+00:00,0.07808
2025-09-18 14:00:00+00:00,0.08206000000000001
2025-09-18 15:00:00+00:00,0.10198
2025-09-18 16:00:00+00:00,0.11506999999999999
2025-09-18 17:00:00+00:00,0.142
2025-09-18 18:00:00+00:00,0.11883
2025-09-18 19:00:00+00:00,0.10772
2025-09-18 20:00:00+00:00,0.1012
2025-09-18 21:00:00+00:00,0.088
2025-09-18 22:00:00+00:00,0.09448999999999999
2025-09-18 23:00:00+00:00,0.09301000000000001
2025-09-19 00:00:00+00:00,0.09276999999999999
2025-09-19 01:00:00+00:00,0.09237999999999999
2025-09-19 02:00:00+00:00,0.09121
2025-09-19 03:00:00+00:00,0.09512999999999999
2025-09-19 04:00:00+00:00,0.11749
2025-09-19 05:00:00+00:00,0.135
2025-09-19 06:00:00+00:00,0.11822
2025-09-19 07:00:00+00:00,0.09620999999999999
2025-09-19 08:00:00+00:00,0.09137
2025-09-19 09:00:00+00:00,0.0897
2025-09-19 10:00:00+00:00,0.068
2025-09-19 11:00:00+00:00,0.06493
2025-09-19 12:00:00+00:00,0.06701
2025-09-19 13:00:00+00:00,0.0852
2025-09-19 14:00:00+00:00,0.0861
2025-09-19 15:00:00+00:00,0.11381000000000001
2025-09-19 16:00:00+00:00,0.15859
2025-09-19 17:00:00+00:00,0.18925999999999998
2025-09-19 18:00:00+00:00,0.14959
2025-09-19 19:00:00+00:00,0.11747
2025-09-19 20:00:00+00:00,0.10471
2025-09-19 21:00:00+00:00,0.0974
2025-09-19 22:00:00+00:00,0.09239
2025-09-19 23:00:00+00:00,0.09198999999999999
2025-09-20 00:00:00+00:00,0.0916
2025-09-20 01:00:00+00:00,0.091
2025-09-20 02:00:00+00:00,0.08990000000000001
2025-09-20 03:00:00+00:00,0.08674
2025-09-20 04:00:00+00:00,0.09099
2025-09-20 05:00:00+00:00,0.09029999999999999
2025-09-20 06:00:00+00:00,0.08990999999999999
2025-09-20 07:00:00+00:00,0.08990000000000001
2025-09-20 08:00:00+00:00,0.08731
2025-09-20 09:00:00+00:00,0.06307
2025-09-20 10:00:00+00:00,0.00536
2025-09-20 11:00:00+00:00,-0.0004
2025-09-20 12:00:00+00:00,0.0015
2025-09-20 13:00:00+00:00,0.06667000000000001
2025-09-20 14:00:00+00:00,0.08406999999999999
2025-09-20 15:00:00+00:00,0.092
2025-09-20 16:00:00+00:00,0.114
2025-09-20 17:00:00+00:00,0.11479
2025-09-20 18:00:00+00:00,0.10903
2025-09-20 19:00:00+00:00,0.092
2025-09-20 20:00:00+00:00,0.09101000000000001
2025-09-20 21:00:00+00:00,0.08990999999999999
2025-09-20 22:00:00+00:00,0.09194
2025-09-20 23:00:00+00:00,0.09184
2025-09-21 00:00:00+00:00,0.09309
2025-09-21 01:00:00+00:00,0.0916
2025-09-21 02:00:00+00:00,0.09140999999999999
2025-09-21 03:00:00+00:00,0.09140000000000001
2025-09-21 04:00:00+00:00,0.09021
2025-09-21 05:00:00+00:00,0.0902
2025-09-21 06:00:00+00:00,0.09115000000000001
2025-09-21 07:00:00+00:00,0.09140000000000001
2025-09-21 08:00:00+00:00,0.08587
2025-09-21 09:00:00+00:00,0.07540000000000001
2025-09-21 10:00:00+00:00,-0.00035999999999999997
2025-09-21 11:00:00+00:00,-0.002
2025-09-21 12:00:00+00:00,-0.00064
2025-09-21 13:00:00+00:00,0.06899
2025-09-21 14:00:00+00:00,0.08671
2025-09-21 15:00:00+00:00,0.09309
2025-09-21 16:00:00+00:00,0.1082
2025-09-21 17:00:00+00:00,0.12157
2025-09-21 18:00:00+00:00,0.11001000000000001
2025-09-21 19:00:00+00:00,0.095
2025-09-21 20:00:00+00:00,0.09367
2025-09-21 21:00:00+00:00,0.09140000000000001
2025-09-21 22:00:00+00:00,0.07995999999999999
2025-09-21 23:00:00+00:00,0.08009999999999999
2025-09-22 00:00:00+00:00,0.08009999999999999
2025-09-22 01:00:00+00:00,0.07998999999999999
2025-09-22 02:00:00+00:00,0.07998999999999999
2025-09-22 03:00:00+00:00,0.08632
2025-09-22 04:00:00+00:00,0.10993
2025-09-22 05:00:00+00:00,0.12506
2025-09-22 06:00:00+00:00,0.121
2025-09-22 07:00:00+00:00,0.11284000000000001
2025-09-22 08:00:00+00:00,0.10056
2025-09-22 09:00:00+00:00,0.09370999999999999
2025-09-22 10:00:00+00:00,0.09454000000000001
2025-09-22 11:00:00+00:00,0.09441
2025-09-22 12:00:00+00:00,0.0932
2025-09-22 13:00:00+00:00,0.08372
2025-09-22 14:00:00+00:00,0.09318000000000001
2025-09-22 15:00:00+00:00,0.11391
2025-09-22 16:00:00+00:00,0.13391
2025-09-22 17:00:00+00:00,0.15541
2025-09-22 18:00:00+00:00,0.134
2025-09-22 19:00:00+00:00,0.10690000000000001
2025-09-22 20:00:00+00:00,0.09879
2025-09-22 21:00:00+00:00,0.08996
2025-09-22 22:00:00+00:00,0.0902
2025-09-22 23:00:00+00:00,0.09
2025-09-23 00:00:00+00:00,0.089
2025-09-23 01:00:00+00:00,0.08953
2025-09-23 02:00:00+00:00,0.09075
2025-09-23 03:00:00+00:00,0.09539
2025-09-23 04:00:00+00:00,0.11809
2025-09-23 05:00:00+00:00,0.127
2025-09-23 06:00:00+00:00,0.131
2025-09-23 07:00:00+00:00,0.1181
2025-09-23 08:00:00+00:00,0.09809999999999999
2025-09-23 09:00:00+00:00,0.092
2025-09-23 10:00:00+00:00,0.09046
2025-09-23 11:00:00+00:00,0.09007
2025-09-23 12:00:00+00:00,0.09125
2025-09-23 13:00:00+00:00,0.093
2025-09-23 14:00:00+00:00,0.09899
2025-09-23 15:00:00+00:00,0.11501
2025-09-23 16:00:00+00:00,0.13873
2025-09-23 17:00:00+00:00,0.14906999999999998
2025-09-23 18:00:00+00:00,0.12679
2025-09-23 19:00:00+00:00,0.104
2025-09-23 20:00:00+00:00,0.09278
2025-09-23 21:00:00+00:00,0.08558
2025-09-23 22:00:00+00:00,0.08705
2025-09-23 23:00:00+00:00,0.08553
2025-09-24 00:00:00+00:00,0.08521
2025-09-24 01:00:00+00:00,0.08509
2025-09-24 02:00:00+00:00,0.085
2025-09-24 03:00:00+00:00,0.08857999999999999
2025-09-24 04:00:00+00:00,0.11009999999999999
2025-09-24 05:00:00+00:00,0.13
2025-09-24 06:00:00+00:00,0.12211
2025-09-24 07:00:00+00:00,0.10698
2025-09-24 08:00:00+00:00,0.09904
2025-09-24 09:00:00+00:00,0.09487999999999999
2025-09-24 10:00:00+00:00,0.09348999999999999
2025-09-24 11:00:00+00:00,0.0935
2025-09-24 12:00:00+00:00,0.09877
2025-09-24 13:00:00+00:00,0.09577
2025-09-24 14:00:00+00:00,0.10109
2025-09-24 15:00:00+00:00,0.10690999999999999
2025-09-24 16:00:00+00:00,0.111
2025-09-24 17:00:00+00:00,0.11685
2025-09-24 18:00:00+00:00,0.10653
2025-09-24 19:00:00+00:00,0.09901
2025-09-24 20:00:00+00:00,0.09348999999999999
2025-09-24 21:00:00+00:00,0.0863
2025-09-24 22:00:00+00:00,0.08601
2025-09-24 23:00:00+00:00,0.0851
2025-09-25 00:00:00+00:00,0.0846
2025-09-25 01:00:00+00:00,0.08394
2025-09-25 02:00:00+00:00,0.08324
2025-09-25 03:00:00+00:00,0.08496
2025-09-25 04:00:00+00:00,0.10809999999999999
2025-09-25 05:00:00+00:00,0.11195999999999999
2025-09-25 06:00:00+00:00,0.11442000000000001
2025-09-25 07:00:00+00:00,0.11479
2025-09-25 08:00:00+00:00,0.11134999999999999
2025-09-25 09:00:00+00:00,0.108
2025-09-25 10:00:00+00:00,0.10171
2025-09-25 11:00:00+00:00,0.0989
2025-09-25 12:00:00+00:00,0.09872
2025-09-25 13:00:00+00:00,0.10053
2025-09-25 14:00:00+00:00,0.10693000000000001
2025-09-25 15:00:00+00:00,0.11009999999999999
2025-09-25 16:00:00+00:00,0.11474
2025-09-25 17:00:00+00:00,0.12276999999999999
2025-09-25 18:00:00+00:00,0.11699
2025-09-25 19:00:00+00:00,0.1067
2025-09-25 20:00:00+00:00,0.10211
2025-09-25 21:00:00+00:00,0.09905
2025-09-25 22:00:00+00:00,0.10299
2025-09-25 23:00:00+00:00,0.10088
2025-09-26 00:00:00+00:00,0.10052
2025-09-26 01:00:00+00:00,0.10026
2025-09-26 02:00:00+00:00,0.1
2025-09-26 03:00:00+00:00,0.10118
2025-09-26 04:00:00+00:00,0.1143
2025-09-26 05:00:00+00:00,0.12957
2025-09-26 06:00:00+00:00,0.13622
2025-09-26 07:00:00+00:00,0.11108
2025-09-26 08:00:00+00:00,0.11041
2025-09-26 09:00:00+00:00,0.10901000000000001
2025-09-26 10:00:00+00:00,0.106
2025-09-26 11:00:00+00:00,0.10582
2025-09-26 12:00:00+00:00,0.10538
2025-09-26 13:00:00+00:00,0.103
2025-09-26 14:00:00+00:00,0.105
2025-09-26 15:00:00+00:00,0.10909
2025-09-26 16:00:00+00:00,0.12481
2025-09-26 17:00:00+00:00,0.13911
2025-09-26 18:00:00+00:00,0.12102
2025-09-26 19:00:00+00:00,0.10801999999999999
2025-09-26 20:00:00+00:00,0.10435
2025-09-26 21:00:00+00:00,0.10091
2025-09-26 22:00:00+00:00,0.09933
2025-09-26 23:00:00+00:00,0.09729
2025-09-27 00:00:00+00:00,0.097
2025-09-27 01:00:00+00:00,0.09692
2025-09-27 02:00:00+00:00,0.095
2025-09-27 03:00:00+00:00,0.09492
2025-09-27 04:00:00+00:00,0.09702
2025-09-27 05:00:00+00:00,0.10606
2025-09-27 06:00:00+00:00,0.10543000000000001
2025-09-27 07:00:00+00:00,0.09804
2025-09-27 08:00:00+00:00,0.09032
2025-09-27 09:00:00+00:00,0.082
2025-09-27 10:00:00+00:00,0.0756
2025-09-27 11:00:00+00:00,0.06695000000000001
2025-09-27 12:00:00+00:00,0.06984
2025-09-27 13:00:00+00:00,0.077
2025-09-27 14:00:00+00:00,0.092
2025-09-27 15:00:00+00:00,0.108
2025-09-27 16:00:00+00:00,0.12140000000000001
2025-09-27 17:00:00+00:00,0.12595
2025-09-27 18:00:00+00:00,0.12139
2025-09-27 19:00:00+00:00,0.11009999999999999
2025-09-27 20:00:00+00:00,0.108
2025-09-27 21:00:00+00:00,0.10366
2025-09-27 22:00:00+00:00,0.09981999999999999
2025-09-27 23:00:00+00:00,0.09706000000000001
2025-09-28 00:00:00+00:00,0.09562000000000001
2025-09-28 01:00:00+00:00,0.09709000000000001
2025-09-28 02:00:00+00:00,0.09870999999999999
2025-09-28 03:00:00+00:00,0.09941
2025-09-28 04:00:00+00:00,0.10165
2025-09-28 05:00:00+00:00,0.10416
2025-09-28 06:00:00+00:00,0.102
2025-09-28 07:00:00+00:00,0.08903
2025-09-28 08:00:00+00:00,0.0808
2025-09-28 09:00:00+00:00,0.029769999999999998
2025-09-28 10:00:00+00:00,0.00691
2025-09-28 11:00:00+00:00,0.00183
2025-09-28 12:00:00+00:00,0.004
2025-09-28 13:00:00+00:00,0.0465
2025-09-28 14:00:00+00:00,0.08404
2025-09-28 15:00:00+00:00,0.10690000000000001
2025-09-28 16:00:00+00:00,0.12
2025-09-28 17:00:00+00:00,0.125
2025-09-28 18:00:00+00:00,0.12051
2025-09-28 19:00:00+00:00,0.11364
2025-09-28 20:00:00+00:00,0.105
2025-09-28 21:00:00+00:00,0.09886
2025-09-28 22:00:00+00:00,0.09387999999999999
2025-09-28 23:00:00+00:00,0.09201000000000001
2025-09-29 00:00:00+00:00,0.09164
2025-09-29 01:00:00+00:00,0.09007
2025-09-29 02:00:00+00:00,0.09458
2025-09-29 03:00:00+00:00,0.1015
2025-09-29 04:00:00+00:00,0.12329999999999999
2025-09-29 05:00:00+00:00,0.14
2025-09-29 06:00:00+00:00,0.145
2025-09-29 07:00:00+00:00,0.12214
2025-09-29 08:00:00+00:00,0.09918
2025-09-29 09:00:00+00:00,0.08704
2025-09-29 10:00:00+00:00,0.08029
2025-09-29 11:00:00+00:00,0.08305
2025-09-29 12:00:00+00:00,0.0888
2025-09-29 13:00:00+00:00,0.0916
2025-09-29 14:00:00+00:00,0.10701000000000001
2025-09-29 15:00:00+00:00,0.1253
2025-09-29 16:00:00+00:00,0.14271999999999999
2025-09-29 17:00:00+00:00,0.15
2025-09-29 18:00:00+00:00,0.13952
2025-09-29 19:00:00+00:00,0.12340999999999999
2025-09-29 20:00:00+00:00,0.11359999999999999
2025-09-29 21:00:00+00:00,0.104
2025-09-29 22:00:00+00:00,0.10092
2025-09-29 23:00:00+00:00,0.1
2025-09-30 00:00:00+00:00,0.098
2025-09-30 01:00:00+00:00,0.09706999999999999
2025-09-30 02:00:00+00:00,0.0986
2025-09-30 03:00:00+00:00,0.10606
2025-09-30 04:00:00+00:00,0.12649
2025-09-30 05:00:00+00:00,0.153
2025-09-30 06:00:00+00:00,0.161
2025-09-30 07:00:00+00:00,0.12519
2025-09-30 08:00:00+00:00,0.11481
2025-09-30 09:00:00+00:00,0.10211
2025-09-30 10:00:00+00:00,0.093
2025-09-30 11:00:00+00:00,0.09063
2025-09-30 12:00:00+00:00,0.093
2025-09-30 13:00:00+00:00,0.10017
2025-09-30 14:00:00+00:00,0.112
2025-09-30 15:00:00+00:00,0.12999000000000002
2025-09-30 16:00:00+00:00,0.13529
2025-09-30 17:00:00+00:00,0.15
2025-09-30 18:00:00+00:00,0.139
2025-09-30 19:00:00+00:00,0.11957999999999999
2025-09-30 20:00:00+00:00,0.10903
2025-09-30 21:00:00+00:00,0.10136
2025-09-30 22:00:00+00:00,0.101
2025-09-30 23:00:00+00:00,0.09845999999999999
2025-10-01 00:00:00+00:00,0.098
2025-10-01 01:00:00+00:00,0.09756000000000001
2025-10-01 02:00:00+00:00,0.09856999999999999
2025-10-01 03:00:00+00:00,0.106
2025-10-01 04:00:00+00:00,0.12553
2025-10-01 05:00:00+00:00,0.1406
2025-10-01 06:00:00+00:00,0.144
2025-10-01 07:00:00+00:00,0.12031
2025-10-01 08:00:00+00:00,0.10453
2025-10-01 09:00:00+00:00,0.101
2025-10-01 10:00:00+00:00,0.0948
2025-10-01 11:00:00+00:00,0.09182
2025-10-01 12:00:00+00:00,0.095
2025-10-01 13:00:00+00:00,0.098
2025-10-01 14:00:00+00:00,0.10593000000000001
2025-10-01 15:00:00+00:00,0.1221
2025-10-01 16:00:00+00:00,0.1251
2025-10-01 17:00:00+00:00,0.13666999999999999
2025-10-01 18:00:00+00:00,0.12603
2025-10-01 19:00:00+00:00,0.12099
2025-10-01 20:00:00+00:00,0.10775
2025-10-01 21:00:00+00:00,0.10066
2025-10-01 22:00:00+00:00,0.09303
2025-10-01 23:00:00+00:00,0.0892
2025-10-02 00:00:00+00:00,0.08813
2025-10-02 01:00:00+00:00,0.08834
2025-10-02 02:00:00+00:00,0.08982
2025-10-02 03:00:00+00:00,0.09652
2025-10-02 04:00:00+00:00,0.12331
2025-10-02 05:00:00+00:00,0.144
2025-10-02 06:00:00+00:00,0.136
2025-10-02 07:00:00+00:00,0.1065
2025-10-02 08:00:00+00:00,0.0881
2025-10-02 09:00:00+00:00,0.08323
2025-10-02 10:00:00+00:00,0.07745
2025-10-02 11:00:00+00:00,0.07343000000000001
2025-10-02 12:00:00+00:00,0.07499
2025-10-02 13:00:00+00:00,0.08233
2025-10-02 14:00:00+00:00,0.09658
2025-10-02 15:00:00+00:00,0.113
2025-10-02 16:00:00+00:00,0.13412000000000002
2025-10-02 17:00:00+00:00,0.14
2025-10-02 18:00:00+00:00,0.12129999999999999
2025-10-02 19:00:00+00:00,0.10359
2025-10-02 20:00:00+00:00,0.1013
2025-10-02 21:00:00+00:00,0.09692
2025-10-02 22:00:00+00:00,0.0993
2025-10-02 23:00:00+00:00,0.09376999999999999
2025-10-03 00:00:00+00:00,0.088
2025-10-03 01:00:00+00:00,0.0873
2025-10-03 02:00:00+00:00,0.0869
2025-10-03 03:00:00+00:00,0.0955
2025-10-03 04:00:00+00:00,0.11009999999999999
2025-10-03 05:00:00+00:00,0.11738
2025-10-03 06:00:00+00:00,0.114
2025-10-03 07:00:00+00:00,0.10668000000000001
2025-10-03 08:00:00+00:00,0.1
2025-10-03 09:00:00+00:00,0.08914
2025-10-03 10:00:00+00:00,0.0829
2025-10-03 11:00:00+00:00,0.08095000000000001
2025-10-03 12:00:00+00:00,0.08206000000000001
2025-10-03 13:00:00+00:00,0.08593
2025-10-03 14:00:00+00:00,0.09340999999999999
2025-10-03 15:00:00+00:00,0.11062999999999999
2025-10-03 16:00:00+00:00,0.11159999999999999
2025-10-03 17:00:00+00:00,0.11159999999999999
2025-10-03 18:00:00+00:00,0.10848000000000001
2025-10-03 19:00:00+00:00,0.10478
2025-10-03 20:00:00+00:00,0.10103
2025-10-03 21:00:00+00:00,0.10008
2025-10-03 22:00:00+00:00,0.09705
2025-10-03 23:00:00+00:00,0.09506
2025-10-04 00:00:00+00:00,0.09405
2025-10-04 01:00:00+00:00,0.09196
2025-10-04 02:00:00+00:00,0.09239
2025-10-04 03:00:00+00:00,0.09573999999999999
2025-10-04 04:00:00+00:00,0.10208
2025-10-04 05:00:00+00:00,0.104
2025-10-04 06:00:00+00:00,0.10027
2025-10-04 07:00:00+00:00,0.0992
2025-10-04 08:00:00+00:00,0.08865
2025-10-04 09:00:00+00:00,0.0808
2025-10-04 10:00:00+00:00,0.067
2025-10-04 11:00:00+00:00,0.060090000000000005
2025-10-04 12:00:00+00:00,0.06372
2025-10-04 13:00:00+00:00,0.08311
2025-10-04 14:00:00+00:00,0.09326999999999999
2025-10-04 15:00:00+00:00,0.10201
2025-10-04 16:00:00+00:00,0.10206
2025-10-04 17:00:00+00:00,0.10281
2025-10-04 18:00:00+00:00,0.09709000000000001
2025-10-04 19:00:00+00:00,0.09645999999999999
2025-10-04 20:00:00+00:00,0.0996
2025-10-04 21:00:00+00:00,0.08875
2025-10-04 22:00:00+00:00,0.08305
2025-10-04 23:00:00+00:00,0.08381
2025-10-05 00:00:00+00:00,0.08309
2025-10-05 01:00:00+00:00,0.0808
2025-10-05 02:00:00+00:00,0.08186
2025-10-05 03:00:00+00:00,0.08225
2025-10-05 04:00:00+00:00,0.08424
2025-10-05 05:00:00+00:00,0.09179000000000001
2025-10-05 06:00:00+00:00,0.09031
2025-10-05 07:00:00+00:00,0.07709999999999999
2025-10-05 08:00:00+00:00,0.06216
2025-10-05 09:00:00+00:00,0.04369
2025-10-05 10:00:00+00:00,0.019989999999999997
2025-10-05 11:00:00+00:00,0.005
2025-10-05 12:00:00+00:00,0.007
2025-10-05 13:00:00+00:00,0.03574
2025-10-05 14:00:00+00:00,0.07163
2025-10-05 15:00:00+00:00,0.08678
2025-10-05 16:00:00+00:00,0.10161
2025-10-05 17:00:00+00:00,0.1033
2025-10-05 18:00:00+00:00,0.1009
2025-10-05 19:00:00+00:00,0.10092
2025-10-05 20:00:00+00:00,0.09556
2025-10-05 21:00:00+00:00,0.09068999999999999
2025-10-05 22:00:00+00:00,0.08
2025-10-05 23:00:00+00:00,0.0819
2025-10-06 00:00:00+00:00,0.07809999999999999
2025-10-06 01:00:00+00:00,0.08108
2025-10-06 02:00:00+00:00,0.08376
2025-10-06 03:00:00+00:00,0.0872
2025-10-06 04:00:00+00:00,0.106
2025-10-06 05:00:00+00:00,0.1144
2025-10-06 06:00:00+00:00,0.1151
2025-10-06 07:00:00+00:00,0.10659
2025-10-06 08:00:00+00:00,0.097
2025-10-06 09:00:00+00:00,0.088
2025-10-06 10:00:00+00:00,0.0792
2025-10-06 11:00:00+00:00,0.079
2025-10-06 12:00:00+00:00,0.084
2025-10-06 13:00:00+00:00,0.08929999999999999
2025-10-06 14:00:00+00:00,0.10136
2025-10-06 15:00:00+00:00,0.12003
2025-10-06 16:00:00+00:00,0.12941
2025-10-06 17:00:00+00:00,0.13601
2025-10-06 18:00:00+00:00,0.12749
2025-10-06 19:00:00+00:00,0.11619
2025-10-06 20:00:00+00:00,0.1087
2025-10-06 21:00:00+00:00,0.10206
2025-10-06 22:00:00+00:00,0.09483
2025-10-06 23:00:00+00:00,0.09
2025-10-07 00:00:00+00:00,0.08943999999999999
2025-10-07 01:00:00+00:00,0.09001
2025-10-07 02:00:00+00:00,0.09
2025-10-07 03:00:00+00:00,0.09848
2025-10-07 04:00:00+00:00,0.11999
2025-10-07 05:00:00+00:00,0.1311
2025-10-07 06:00:00+00:00,0.134
2025-10-07 07:00:00+00:00,0.12562
2025-10-07 08:00:00+00:00,0.11833
2025-10-07 09:00:00+00:00,0.11470999999999999
2025-10-07 10:00:00+00:00,0.10590999999999999
2025-10-07 11:00:00+00:00,0.1
2025-10-07 12:00:00+00:00,0.1
2025-10-07 13:00:00+00:00,0.10598
2025-10-07 14:00:00+00:00,0.1147
2025-10-07 15:00:00+00:00,0.12139
2025-10-07 16:00:00+00:00,0.12702
2025-10-07 17:00:00+00:00,0.14081
2025-10-07 18:00:00+00:00,0.134
2025-10-07 19:00:00+00:00,0.11845
2025-10-07 20:00:00+00:00,0.10940000000000001
2025-10-07 21:00:00+00:00,0.1033
2025-10-07 22:00:00+00:00,0.1001
2025-10-07 23:00:00+00:00,0.09540000000000001
2025-10-08 00:00:00+00:00,0.094
2025-10-08 01:00:00+00:00,0.094
2025-10-08 02:00:00+00:00,0.09486
2025-10-08 03:00:00+00:00,0.09984
2025-10-08 04:00:00+00:00,0.12501
2025-10-08 05:00:00+00:00,0.14392
2025-10-08 06:00:00+00:00,0.15
2025-10-08 07:00:00+00:00,0.134
2025-10-08 08:00:00+00:00,0.12034
2025-10-08 09:00:00+00:00,0.106
2025-10-08 10:00:00+00:00,0.09355
2025-10-08 11:00:00+00:00,0.092
2025-10-08 12:00:00+00:00,0.09423999999999999
2025-10-08 13:00:00+00:00,0.10023
2025-10-08 14:00:00+00:00,0.1165
2025-10-08 15:00:00+00:00,0.12758
2025-10-08 16:00:00+00:00,0.1331
2025-10-08 17:00:00+00:00,0.14775
2025-10-08 18:00:00+00:00,0.14104
2025-10-08 19:00:00+00:00,0.12602
2025-10-08 20:00:00+00:00,0.1145
2025-10-08 21:00:00+00:00,0.10493999999999999
2025-10-08 22:00:00+00:00,0.104
2025-10-08 23:00:00+00:00,0.099
2025-10-09 00:00:00+00:00,0.09809999999999999
2025-10-09 01:00:00+00:00,0.09533
2025-10-09 02:00:00+00:00,0.09584000000000001
2025-10-09 03:00:00+00:00,0.10625
2025-10-09 04:00:00+00:00,0.124
2025-10-09 05:00:00+00:00,0.15456
2025-10-09 06:00:00+00:00,0.15559
2025-10-09 07:00:00+00:00,0.125
2025-10-09 08:00:00+00:00,0.11798
2025-10-09 09:00:00+00:00,0.10301
2025-10-09 10:00:00+00:00,0.09320999999999999
2025-10-09 11:00:00+00:00,0.09470999999999999
2025-10-09 12:00:00+00:00,0.097
2025-10-09 13:00:00+00:00,0.10565999999999999
2025-10-09 14:00:00+00:00,0.12
2025-10-09 15:00:00+00:00,0.125
2025-10-09 16:00:00+00:00,0.13155
2025-10-09 17:00:00+00:00,0.134
2025-10-09 18:00:00+00:00,0.12348
2025-10-09 19:00:00+00:00,0.11785
2025-10-09 20:00:00+00:00,0.11531
2025-10-09 21:00:00+00:00,0.11028
2025-10-09 22:00:00+00:00,0.10421
2025-10-09 23:00:00+00:00,0.10223
2025-10-10 00:00:00+00:00,0.102
2025-10-10 01:00:00+00:00,0.097
2025-10-10 02:00:00+00:00,0.09661
2025-10-10 03:00:00+00:00,0.09978000000000001
2025-10-10 04:00:00+00:00,0.11493
2025-10-10 05:00:00+00:00,0.12229999999999999
2025-10-10 06:00:00+00:00,0.12642
2025-10-10 07:00:00+00:00,0.11806
2025-10-10 08:00:00+00:00,0.1141
2025-10-10 09:00:00+00:00,0.10316
2025-10-10 10:00:00+00:00,0.09428
2025-10-10 11:00:00+00:00,0.087
2025-10-10 12:00:00+00:00,0.0841
2025-10-10 13:00:00+00:00,0.09545999999999999
2025-10-10 14:00:00+00:00,0.10307
2025-10-10 15:00:00+00:00,0.11549
2025-10-10 16:00:00+00:00,0.12616
2025-10-10 17:00:00+00:00,0.12976
2025-10-10 18:00:00+00:00,0.1181
2025-10-10 19:00:00+00:00,0.11374
2025-10-10 20:00:00+00:00,0.11186
2025-10-10 21:00:00+00:00,0.10606
2025-10-10 22:00:00+00:00,0.09844
2025-10-10 23:00:00+00:00,0.09689
2025-10-11 00:00:00+00:00,0.0965
2025-10-11 01:00:00+00:00,0.09651
2025-10-11 02:00:00+00:00,0.09501000000000001
2025-10-11 03:00:00+00:00,0.09604
2025-10-11 04:00:00+00:00,0.09491
2025-10-11 05:00:00+00:00,0.09917000000000001
2025-10-11 06:00:00+00:00,0.10695
2025-10-11 07:00:00+00:00,0.09958
2025-10-11 08:00:00+00:00,0.086
2025-10-11 09:00:00+00:00,0.07348
2025-10-11 10:00:00+00:00,0.0541
2025-10-11 11:00:00+00:00,0.04431
2025-10-11 12:00:00+00:00,0.04517
2025-10-11 13:00:00+00:00,0.07257
2025-10-11 14:00:00+00:00,0.09353
2025-10-11 15:00:00+00:00,0.114
2025-10-11 16:00:00+00:00,0.12422
2025-10-11 17:00:00+00:00,0.12754000000000001
2025-10-11 18:00:00+00:00,0.11997
2025-10-11 19:00:00+00:00,0.11289
2025-10-11 20:00:00+00:00,0.111
2025-10-11 21:00:00+00:00,0.09751
2025-10-11 22:00:00+00:00,0.09918
2025-10-11 23:00:00+00:00,0.095
2025-10-12 00:00:00+00:00,0.09004000000000001
2025-10-12 01:00:00+00:00,0.089
2025-10-12 02:00:00+00:00,0.0867
2025-10-12 03:00:00+00:00,0.088
2025-10-12 04:00:00+00:00,0.09063
2025-10-12 05:00:00+00:00,0.093
2025-10-12 06:00:00+00:00,0.0912
2025-10-12 07:00:00+00:00,0.08148999999999999
2025-10-12 08:00:00+00:00,0.08054
2025-10-12 09:00:00+00:00,0.06595999999999999
2025-10-12 10:00:00+00:00,0.05547
2025-10-12 11:00:00+00:00,0.037899999999999996
2025-10-12 12:00:00+00:00,0.04796
2025-10-12 13:00:00+00:00,0.0725
2025-10-12 14:00:00+00:00,0.095
2025-10-12 15:00:00+00:00,0.114
2025-10-12 16:00:00+00:00,0.13251
2025-10-12 17:00:00+00:00,0.13937
2025-10-12 18:00:00+00:00,0.125
2025-10-12 19:00:00+00:00,0.12
2025-10-12 20:00:00+00:00,0.116
2025-10-12 21:00:00+00:00,0.1072
2025-10-12 22:00:00+00:00,0.1026
2025-10-12 23:00:00+00:00,0.09794
2025-10-13 00:00:00+00:00,0.096
2025-10-13 01:00:00+00:00,0.09576000000000001
2025-10-13 02:00:00+00:00,0.09673000000000001
2025-10-13 03:00:00+00:00,0.10729999999999999
2025-10-13 04:00:00+00:00,0.13129
2025-10-13 05:00:00+00:00,0.14702
2025-10-13 06:00:00+00:00,0.155
2025-10-13 07:00:00+00:00,0.14414
2025-10-13 08:00:00+00:00,0.132
2025-10-13 09:00:00+00:00,0.1164
2025-10-13 10:00:00+00:00,0.10721
2025-10-13 11:00:00+00:00,0.10586
2025-10-13 12:00:00+00:00,0.10840999999999999
2025-10-13 13:00:00+00:00,0.11501
2025-10-13 14:00:00+00:00,0.12902000000000002
2025-10-13 15:00:00+00:00,0.14296999999999999
2025-10-13 16:00:00+00:00,0.14407
2025-10-13 17:00:00+00:00,0.15003999999999998
2025-10-13 18:00:00+00:00,0.14143
2025-10-13 19:00:00+00:00,0.1303
2025-10-13 20:00:00+00:00,0.11745
2025-10-13 21:00:00+00:00,0.10719
2025-10-13 22:00:00+00:00,0.10495
2025-10-13 23:00:00+00:00,0.10117
2025-10-14 00:00:00+00:00,0.09909
2025-10-14 01:00:00+00:00,0.09893
2025-10-14 02:00:00+00:00,0.1
2025-10-14 03:00:00+00:00,0.10847
2025-10-14 04:00:00+00:00,0.12506
2025-10-14 05:00:00+00:00,0.14965
2025-10-14 06:00:00+00:00,0.15547999999999998
2025-10-14 07:00:00+00:00,0.139
2025-10-14 08:00:00+00:00,0.1194
2025-10-14 09:00:00+00:00,0.10792
2025-10-14 10:00:00+00:00,0.09808
2025-10-14 11:00:00+00:00,0.09803
2025-10-14 12:00:00+00:00,0.09759000000000001
2025-10-14 13:00:00+00:00,0.11106
2025-10-14 14:00:00+00:00,0.12164
2025-10-14 15:00:00+00:00,0.143
2025-10-14 16:00:00+00:00,0.14808000000000002
2025-10-14 17:00:00+00:00,0.15999000000000002
2025-10-14 18:00:00+00:00,0.14903
2025-10-14 19:00:00+00:00,0.14298
2025-10-14 20:00:00+00:00,0.12222
2025-10-14 21:00:00+00:00,0.11547
2025-10-14 22:00:00+00:00,0.11402
2025-10-14 23:00:00+00:00,0.10832
2025-10-15 00:00:00+00:00,0.10645
2025-10-15 01:00:00+00:00,0.1061
2025-10-15 02:00:00+00:00,0.10583
2025-10-15 03:00:00+00:00,0.11331000000000001
2025-10-15 04:00:00+00:00,0.13102
2025-10-15 05:00:00+00:00,0.141
2025-10-15 06:00:00+00:00,0.15293
2025-10-15 07:00:00+00:00,0.139
2025-10-15 08:00:00+00:00,0.13147999999999999
2025-10-15 09:00:00+00:00,0.118
2025-10-15 10:00:00+00:00,0.10784
2025-10-15 11:00:00+00:00,0.10529000000000001
2025-10-15 12:00:00+00:00,0.1113
2025-10-15 13:00:00+00:00,0.11631
2025-10-15 14:00:00+00:00,0.12081
2025-10-15 15:00:00+00:00,0.139
2025-10-15 16:00:00+00:00,0.155
2025-10-15 17:00:00+00:00,0.165
2025-10-15 18:00:00+00:00,0.14141
2025-10-15 19:00:00+00:00,0.12963
2025-10-15 20:00:00+00:00,0.12
2025-10-15 21:00:00+00:00,0.11384
2025-10-15 22:00:00+00:00,0.11169
2025-10-15 23:00:00+00:00,0.10554000000000001
2025-10-16 00:00:00+00:00,0.1031
2025-10-16 01:00:00+00:00,0.10247
2025-10-16 02:00:00+00:00,0.1065
2025-10-16 03:00:00+00:00,0.11008
2025-10-16 04:00:00+00:00,0.12
2025-10-16 05:00:00+00:00,0.13185
2025-10-16 06:00:00+00:00,0.13713
2025-10-16 07:00:00+00:00,0.1235
2025-10-16 08:00:00+00:00,0.11763
2025-10-16 09:00:00+00:00,0.11591
2025-10-16 10:00:00+00:00,0.108
2025-10-16 11:00:00+00:00,0.106
2025-10-16 12:00:00+00:00,0.112
2025-10-16 13:00:00+00:00,0.1141
2025-10-16 14:00:00+00:00,0.11864
2025-10-16 15:00:00+00:00,0.123
2025-10-16 16:00:00+00:00,0.14234
2025-10-16 17:00:00+00:00,0.15159999999999998
2025-10-16 18:00:00+00:00,0.123
2025-10-16 19:00:00+00:00,0.1192
2025-10-16 20:00:00+00:00,0.11241
2025-10-16 21:00:00+00:00,0.11
2025-10-16 22:00:00+00:00,0.10507
2025-10-16 23:00:00+00:00,0.09889
2025-10-17 00:00:00+00:00,0.09703
2025-10-17 01:00:00+00:00,0.09613
2025-10-17 02:00:00+00:00,0.09712
2025-10-17 03:00:00+00:00,0.10436
2025-10-17 04:00:00+00:00,0.1198
2025-10-17 05:00:00+00:00,0.13698
2025-10-17 06:00:00+00:00,0.14303
2025-10-17 07:00:00+00:00,0.12806
2025-10-17 08:00:00+00:00,0.11592
2025-10-17 09:00:00+00:00,0.11009999999999999
2025-10-17 10:00:00+00:00,0.10107
2025-10-17 11:00:00+00:00,0.09901
2025-10-17 12:00:00+00:00,0.102
2025-10-17 13:00:00+00:00,0.108
2025-10-17 14:00:00+00:00,0.12001
2025-10-17 15:00:00+00:00,0.12304000000000001
2025-10-17 16:00:00+00:00,0.13706000000000002
2025-10-17 17:00:00+00:00,0.13982
2025-10-17 18:00:00+00:00,0.12571
2025-10-17 19:00:00+00:00,0.11696
2025-10-17 20:00:00+00:00,0.11541
2025-10-17 21:00:00+00:00,0.10851000000000001
2025-10-17 22:00:00+00:00,0.10532
2025-10-17 23:00:00+00:00,0.09991
2025-10-18 00:00:00+00:00,0.09811
2025-10-18 01:00:00+00:00,0.098
2025-10-18 02:00:00+00:00,0.09598000000000001
2025-10-18 03:00:00+00:00,0.09662000000000001
2025-10-18 04:00:00+00:00,0.11006
2025-10-18 05:00:00+00:00,0.1185
2025-10-18 06:00:00+00:00,0.1198
2025-10-18 07:00:00+00:00,0.108
2025-10-18 08:00:00+00:00,0.09547
2025-10-18 09:00:00+00:00,0.08605
2025-10-18 10:00:00+00:00,0.07187
2025-10-18 11:00:00+00:00,0.06811
2025-10-18 12:00:00+00:00,0.073
2025-10-18 13:00:00+00:00,0.08103
2025-10-18 14:00:00+00:00,0.09626
2025-10-18 15:00:00+00:00,0.123
2025-10-18 16:00:00+00:00,0.13744
2025-10-18 17:00:00+00:00,0.13997
2025-10-18 18:00:00+00:00,0.12129999999999999
2025-10-18 19:00:00+00:00,0.1153
2025-10-18 20:00:00+00:00,0.1088
2025-10-18 21:00:00+00:00,0.1037
2025-10-18 22:00:00+00:00,0.10574
2025-10-18 23:00:00+00:00,0.1005
2025-10-19 00:00:00+00:00,0.09834
2025-10-19 01:00:00+00:00,0.09670000000000001
2025-10-19 02:00:00+00:00,0.09626
2025-10-19 03:00:00+00:00,0.09689
2025-10-19 04:00:00+00:00,0.10051
2025-10-19 05:00:00+00:00,0.10890000000000001
2025-10-19 06:00:00+00:00,0.106
2025-10-19 07:00:00+00:00,0.097
2025-10-19 08:00:00+00:00,0.095
2025-10-19 09:00:00+00:00,0.08612
2025-10-19 10:00:00+00:00,0.06503
2025-10-19 11:00:00+00:00,0.04622
2025-10-19 12:00:00+00:00,0.045079999999999995
2025-10-19 13:00:00+00:00,0.08
2025-10-19 14:00:00+00:00,0.0988
2025-10-19 15:00:00+00:00,0.1179
2025-10-19 16:00:00+00:00,0.12208
2025-10-19 17:00:00+00:00,0.12168999999999999
2025-10-19 18:00:00+00:00,0.1152
2025-10-19 19:00:00+00:00,0.11001999999999999
2025-10-19 20:00:00+00:00,0.11008
2025-10-19 21:00:00+00:00,0.10396
2025-10-19 22:00:00+00:00,0.09779
2025-10-19 23:00:00+00:00,0.0955
2025-10-20 00:00:00+00:00,0.09509999999999999
2025-10-20 01:00:00+00:00,0.09501000000000001
2025-10-20 02:00:00+00:00,0.09523999999999999
2025-10-20 03:00:00+00:00,0.10087
2025-10-20 04:00:00+00:00,0.12269
2025-10-20 05:00:00+00:00,0.125
2025-10-20 06:00:00+00:00,0.12498999999999999
2025-10-20 07:00:00+00:00,0.11981
2025-10-20 08:00:00+00:00,0.12164
2025-10-20 09:00:00+00:00,0.12025
2025-10-20 10:00:00+00:00,0.1181
2025-10-20 11:00:00+00:00,0.118
2025-10-20 12:00:00+00:00,0.11853
2025-10-20 13:00:00+00:00,0.12015
2025-10-20 14:00:00+00:00,0.12462000000000001
2025-10-20 15:00:00+00:00,0.125
2025-10-20 16:00:00+00:00,0.12397
2025-10-20 17:00:00+00:00,0.12359999999999999
2025-10-20 18:00:00+00:00,0.12168999999999999
2025-10-20 19:00:00+00:00,0.11605
2025-10-20 20:00:00+00:00,0.115
2025-10-20 21:00:00+00:00,0.10729999999999999
2025-10-20 22:00:00+00:00,0.1007
2025-10-20 23:00:00+00:00,0.09823
2025-10-21 00:00:00+00:00,0.09781000000000001
2025-10-21 01:00:00+00:00,0.09720999999999999
2025-10-21 02:00:00+00:00,0.098
2025-10-21 03:00:00+00:00,0.11
2025-10-21 04:00:00+00:00,0.12390000000000001
2025-10-21 05:00:00+00:00,0.1251
2025-10-21 06:00:00+00:00,0.12940000000000002
2025-10-21 07:00:00+00:00,0.13
2025-10-21 08:00:00+00:00,0.12581
2025-10-21 09:00:00+00:00,0.12106
2025-10-21 10:00:00+00:00,0.115
2025-10-21 11:00:00+00:00,0.115
2025-10-21 12:00:00+00:00,0.118
2025-10-21 13:00:00+00:00,0.1227
2025-10-21 14:00:00+00:00,0.1275
2025-10-21 15:00:00+00:00,0.12489
2025-10-21 16:00:00+00:00,0.12508
2025-10-21 17:00:00+00:00,0.1251
2025-10-21 18:00:00+00:00,0.12389
2025-10-21 19:00:00+00:00,0.1215
2025-10-21 20:00:00+00:00,0.1178
2025-10-21 21:00:00+00:00,0.112
2025-10-21 22:00:00+00:00,0.10376
2025-10-21 23:00:00+00:00,0.0993
2025-10-22 00:00:00+00:00,0.09856999999999999
2025-10-22 01:00:00+00:00,0.09793
2025-10-22 02:00:00+00:00,0.1
2025-10-22 03:00:00+00:00,0.11284000000000001
2025-10-22 04:00:00+00:00,0.125
2025-10-22 05:00:00+00:00,0.1268
2025-10-22 06:00:00+00:00,0.137
2025-10-22 07:00:00+00:00,0.12905
2025-10-22 08:00:00+00:00,0.12804
2025-10-22 09:00:00+00:00,0.12662
2025-10-22 10:00:00+00:00,0.12
2025-10-22 11:00:00+00:00,0.12001
2025-10-22 12:00:00+00:00,0.12
2025-10-22 13:00:00+00:00,0.12582
2025-10-22 14:00:00+00:00,0.137
2025-10-22 15:00:00+00:00,0.15419
2025-10-22 16:00:00+00:00,0.16341999999999998
2025-10-22 17:00:00+00:00,0.161
2025-10-22 18:00:00+00:00,0.145
2025-10-22 19:00:00+00:00,0.13047
2025-10-22 20:00:00+00:00,0.12001
2025-10-22 21:00:00+00:00,0.11361
2025-10-22 22:00:00+00:00,0.11
2025-10-22 23:00:00+00:00,0.10059
2025-10-23 00:00:00+00:00,0.09628
2025-10-23 01:00:00+00:00,0.09687
2025-10-23 02:00:00+00:00,0.09758
2025-10-23 03:00:00+00:00,0.10787999999999999
2025-10-23 04:00:00+00:00,0.12407
2025-10-23 05:00:00+00:00,0.1293
2025-10-23 06:00:00+00:00,0.13
2025-10-23 07:00:00+00:00,0.12393000000000001
2025-10-23 08:00:00+00:00,0.12448999999999999
2025-10-23 09:00:00+00:00,0.12001
2025-10-23 10:00:00+00:00,0.117
2025-10-23 11:00:00+00:00,0.11544
2025-10-23 12:00:00+00:00,0.11448
2025-10-23 13:00:00+00:00,0.11364
2025-10-23 14:00:00+00:00,0.12001
2025-10-23 15:00:00+00:00,0.12405
2025-10-23 16:00:00+00:00,0.1251
2025-10-23 17:00:00+00:00,0.1243
2025-10-23 18:00:00+00:00,0.12247
2025-10-23 19:00:00+00:00,0.11465
2025-10-23 20:00:00+00:00,0.10773999999999999
2025-10-23 21:00:00+00:00,0.09793
2025-10-23 22:00:00+00:00,0.09207
2025-10-23 23:00:00+00:00,0.0901
2025-10-24 00:00:00+00:00,0.09007
2025-10-24 01:00:00+00:00,0.08473
2025-10-24 02:00:00+00:00,0.08990999999999999
2025-10-24 03:00:00+00:00,0.09404000000000001
2025-10-24 04:00:00+00:00,0.10973000000000001
2025-10-24 05:00:00+00:00,0.12403
2025-10-24 06:00:00+00:00,0.12403
2025-10-24 07:00:00+00:00,0.11903
2025-10-24 08:00:00+00:00,0.1085
2025-10-24 09:00:00+00:00,0.09891
2025-10-24 10:00:00+00:00,0.09001
2025-10-24 11:00:00+00:00,0.08314
2025-10-24 12:00:00+00:00,0.086
2025-10-24 13:00:00+00:00,0.09336
2025-10-24 14:00:00+00:00,0.10886
2025-10-24 15:00:00+00:00,0.1181
2025-10-24 16:00:00+00:00,0.12398999999999999
2025-10-24 17:00:00+00:00,0.12351000000000001
2025-10-24 18:00:00+00:00,0.12212999999999999
2025-10-24 19:00:00+00:00,0.11553000000000001
2025-10-24 20:00:00+00:00,0.11301
2025-10-24 21:00:00+00:00,0.104
2025-10-24 22:00:00+00:00,0.10166
2025-10-24 23:00:00+00:00,0.09791
2025-10-25 00:00:00+00:00,0.095
2025-10-25 01:00:00+00:00,0.09287000000000001
2025-10-25 02:00:00+00:00,0.09334
2025-10-25 03:00:00+00:00,0.09708
2025-10-25 04:00:00+00:00,0.1057
2025-10-25 05:00:00+00:00,0.11829
2025-10-25 06:00:00+00:00,0.11999
2025-10-25 07:00:00+00:00,0.109
2025-10-25 08:00:00+00:00,0.09275
2025-10-25 09:00:00+00:00,0.08056999999999999
2025-10-25 10:00:00+00:00,0.06751
2025-10-25 11:00:00+00:00,0.064
2025-10-25 12:00:00+00:00,0.0701
2025-10-25 13:00:00+00:00,0.08339
2025-10-25 14:00:00+00:00,0.09909
2025-10-25 15:00:00+00:00,0.11828
2025-10-25 16:00:00+00:00,0.12
2025-10-25 17:00:00+00:00,0.11999
2025-10-25 18:00:00+00:00,0.11883
2025-10-25 19:00:00+00:00,0.1098
2025-10-25 20:00:00+00:00,0.1041
2025-10-25 21:00:00+00:00,0.09425
2025-10-25 22:00:00+00:00,0.09001
2025-10-25 23:00:00+00:00,0.07878
2025-10-26 00:00:00+00:00,0.07091
2025-10-26 01:00:00+00:00,0.058
2025-10-26 02:00:00+00:00,0.065
2025-10-26 03:00:00+00:00,0.068
2025-10-26 04:00:00+00:00,0.075
2025-10-26 05:00:00+00:00,0.08158
2025-10-26 06:00:00+00:00,0.08704
2025-10-26 07:00:00+00:00,0.08334
2025-10-26 08:00:00+00:00,0.0649
2025-10-26 09:00:00+00:00,0.0485
2025-10-26 10:00:00+00:00,0.025
2025-10-26 11:00:00+00:00,0.0189
2025-10-26 12:00:00+00:00,0.0455
2025-10-26 13:00:00+00:00,0.02205
2025-10-26 14:00:00+00:00,0.07371
2025-10-26 15:00:00+00:00,0.09589
2025-10-26 16:00:00+00:00,0.113
2025-10-26 17:00:00+00:00,0.11799
2025-10-26 18:00:00+00:00,0.1124
2025-10-26 19:00:00+00:00,0.1085
2025-10-26 20:00:00+00:00,0.096
2025-10-26 21:00:00+00:00,0.09301000000000001
2025-10-26 22:00:00+00:00,0.08679
2025-10-26 23:00:00+00:00,0.08184999999999999
2025-10-27 00:00:00+00:00,0.073
2025-10-27 01:00:00+00:00,0.07045
2025-10-27 02:00:00+00:00,0.06502
2025-10-27 03:00:00+00:00,0.07384
2025-10-27 04:00:00+00:00,0.09046
2025-10-27 05:00:00+00:00,0.11569
2025-10-27 06:00:00+00:00,0.1251
2025-10-27 07:00:00+00:00,0.12386
2025-10-27 08:00:00+00:00,0.12009
2025-10-27 09:00:00+00:00,0.10853
2025-10-27 10:00:00+00:00,0.10254
2025-10-27 11:00:00+00:00,0.09836
2025-10-27 12:00:00+00:00,0.09961
2025-10-27 13:00:00+00:00,0.1124
2025-10-27 14:00:00+00:00,0.12
2025-10-27 15:00:00+00:00,0.12503
2025-10-27 16:00:00+00:00,0.12454000000000001
2025-10-27 17:00:00+00:00,0.1251
2025-10-27 18:00:00+00:00,0.12456
2025-10-27 19:00:00+00:00,0.12
2025-10-27 20:00:00+00:00,0.1085
2025-10-27 21:00:00+00:00,0.09831999999999999
2025-10-27 22:00:00+00:00,0.09038
2025-10-27 23:00:00+00:00,0.09190999999999999
2025-10-28 00:00:00+00:00,0.08709
2025-10-28 01:00:00+00:00,0.08395999999999999
2025-10-28 02:00:00+00:00,0.07803
2025-10-28 03:00:00+00:00,0.08409
2025-10-28 04:00:00+00:00,0.09584000000000001
2025-10-28 05:00:00+00:00,0.1182
2025-10-28 06:00:00+00:00,0.12199
2025-10-28 07:00:00+00:00,0.12107
2025-10-28 08:00:00+00:00,0.11281999999999999
2025-10-28 09:00:00+00:00,0.1
2025-10-28 10:00:00+00:00,0.09601000000000001
2025-10-28 11:00:00+00:00,0.09115999999999999
2025-10-28 12:00:00+00:00,0.09340999999999999
2025-10-28 13:00:00+00:00,0.10611
2025-10-28 14:00:00+00:00,0.122
2025-10-28 15:00:00+00:00,0.12762
2025-10-28 16:00:00+00:00,0.12835
2025-10-28 17:00:00+00:00,0.12704000000000001
2025-10-28 18:00:00+00:00,0.12619
2025-10-28 19:00:00+00:00,0.1231
2025-10-28 20:00:00+00:00,0.11842
2025-10-28 21:00:00+00:00,0.11059000000000001
2025-10-28 22:00:00+00:00,0.10056
2025-10-28 23:00:00+00:00,0.09545999999999999
2025-10-29 00:00:00+00:00,0.09473999999999999
2025-10-29 01:00:00+00:00,0.09415000000000001
2025-10-29 02:00:00+00:00,0.09425
2025-10-29 03:00:00+00:00,0.09351000000000001
2025-10-29 04:00:00+00:00,0.10504000000000001
2025-10-29 05:00:00+00:00,0.11851
2025-10-29 06:00:00+00:00,0.12176000000000001
2025-10-29 07:00:00+00:00,0.1187
2025-10-29 08:00:00+00:00,0.1128
2025-10-29 09:00:00+00:00,0.10387
2025-10-29 10:00:00+00:00,0.098
2025-10-29 11:00:00+00:00,0.09301000000000001
2025-10-29 12:00:00+00:00,0.09533
2025-10-29 13:00:00+00:00,0.10798999999999999
2025-10-29 14:00:00+00:00,0.12046
2025-10-29 15:00:00+00:00,0.1256
2025-10-29 16:00:00+00:00,0.13455
2025-10-29 17:00:00+00:00,0.13457
2025-10-29 18:00:00+00:00,0.12632
2025-10-29 19:00:00+00:00,0.12209
2025-10-29 20:00:00+00:00,0.11501
2025-10-29 21:00:00+00:00,0.10919
2025-10-29 22:00:00+00:00,0.102
2025-10-29 23:00:00+00:00,0.09448999999999999
2025-10-30 00:00:00+00:00,0.09134
2025-10-30 01:00:00+00:00,0.09051000000000001
2025-10-30 02:00:00+00:00,0.089
2025-10-30 03:00:00+00:00,0.08932
2025-10-30 04:00:00+00:00,0.10014
2025-10-30 05:00:00+00:00,0.11214
2025-10-30 06:00:00+00:00,0.11759
2025-10-30 07:00:00+00:00,0.1154
2025-10-30 08:00:00+00:00,0.11297
2025-10-30 09:00:00+00:00,0.11011
2025-10-30 10:00:00+00:00,0.10455
2025-10-30 11:00:00+00:00,0.08977
2025-10-30 12:00:00+00:00,0.08738
2025-10-30 13:00:00+00:00,0.09186
2025-10-30 14:00:00+00:00,0.1141
2025-10-30 15:00:00+00:00,0.1184
2025-10-30 16:00:00+00:00,0.12409
2025-10-30 17:00:00+00:00,0.12638
2025-10-30 18:00:00+00:00,0.12139
2025-10-30 19:00:00+00:00,0.115
2025-10-30 20:00:00+00:00,0.11309999999999999
2025-10-30 21:00:00+00:00,0.109
2025-10-30 22:00:00+00:00,0.09448000000000001
2025-10-30 23:00:00+00:00,0.09511
2025-10-31 00:00:00+00:00,0.09057
2025-10-31 01:00:00+00:00,0.08873
2025-10-31 02:00:00+00:00,0.08943000000000001
2025-10-31 03:00:00+00:00,0.09196
2025-10-31 04:00:00+00:00,0.1051
2025-10-31 05:00:00+00:00,0.119
2025-10-31 06:00:00+00:00,0.12032
2025-10-31 07:00:00+00:00,0.11614000000000001
2025-10-31 08:00:00+00:00,0.11474
2025-10-31 09:00:00+00:00,0.1144
2025-10-31 10:00:00+00:00,0.109
2025-10-31 11:00:00+00:00,0.1041
2025-10-31 12:00:00+00:00,0.1041
2025-10-31 13:00:00+00:00,0.11170999999999999
2025-10-31 14:00:00+00:00,0.12011
2025-10-31 15:00:00+00:00,0.12004000000000001
2025-10-31 16:00:00+00:00,0.12307
2025-10-31 17:00:00+00:00,0.11877
2025-10-31 18:00:00+00:00,0.11893000000000001
2025-10-31 19:00:00+00:00,0.11621
2025-10-31 20:00:00+00:00,0.11048999999999999
2025-10-31 21:00:00+00:00,0.1085
2025-10-31 22:00:00+00:00,0.10382999999999999
2025-10-31 23:00:00+00:00,0.09002
2025-11-01 00:00:00+00:00,0.08931
2025-11-01 01:00:00+00:00,0.0889
2025-11-01 02:00:00+00:00,0.09253
2025-11-01 03:00:00+00:00,0.0896
2025-11-01 04:00:00+00:00,0.08959
2025-11-01 05:00:00+00:00,0.09345999999999999
2025-11-01 06:00:00+00:00,0.08951
2025-11-01 07:00:00+00:00,0.09329000000000001
2025-11-01 08:00:00+00:00,0.09223999999999999
2025-11-01 09:00:00+00:00,0.08403000000000001
2025-11-01 10:00:00+00:00,0.08008
2025-11-01 11:00:00+00:00,0.07998999999999999
2025-11-01 12:00:00+00:00,0.08029
2025-11-01 13:00:00+00:00,0.09001
2025-11-01 14:00:00+00:00,0.09343000000000001
2025-11-01 15:00:00+00:00,0.10807
2025-11-01 16:00:00+00:00,0.10704000000000001
2025-11-01 17:00:00+00:00,0.104
2025-11-01 18:00:00+00:00,0.0968
2025-11-01 19:00:00+00:00,0.09429000000000001
2025-11-01 20:00:00+00:00,0.08956
2025-11-01 21:00:00+00:00,0.08924
2025-11-01 22:00:00+00:00,0.08961
2025-11-01 23:00:00+00:00,0.07528
2025-11-02 00:00:00+00:00,0.07203
2025-11-02 01:00:00+00:00,0.07169
2025-11-02 02:00:00+00:00,0.07393999999999999
2025-11-02 03:00:00+00:00,0.07481
2025-11-02 04:00:00+00:00,0.07382
2025-11-02 05:00:00+00:00,0.07536
2025-11-02 06:00:00+00:00,0.07306
2025-11-02 07:00:00+00:00,0.08109999999999999
2025-11-02 08:00:00+00:00,0.08398
2025-11-02 09:00:00+00:00,0.08391
2025-11-02 10:00:00+00:00,0.08940000000000001
2025-11-02 11:00:00+00:00,0.08499
2025-11-02 12:00:00+00:00,0.08375
2025-11-02 13:00:00+00:00,0.088
2025-11-02 14:00:00+00:00,0.10552
2025-11-02 15:00:00+00:00,0.1179
2025-11-02 16:00:00+00:00,0.1205
2025-11-02 17:00:00+00:00,0.1193
2025-11-02 18:00:00+00:00,0.118
2025-11-02 19:00:00+00:00,0.1085
2025-11-02 20:00:00+00:00,0.09734999999999999
2025-11-02 21:00:00+00:00,0.09404000000000001
2025-11-02 22:00:00+00:00,0.08492
2025-11-02 23:00:00+00:00,0.08152
2025-11-03 00:00:00+00:00,0.07199
2025-11-03 01:00:00+00:00,0.06756000000000001
2025-11-03 02:00:00+00:00,0.06941
2025-11-03 03:00:00+00:00,0.0701
2025-11-03 04:00:00+00:00,0.085
2025-11-03 05:00:00+00:00,0.10836
2025-11-03 06:00:00+00:00,0.11792
2025-11-03 07:00:00+00:00,0.11309999999999999
2025-11-03 08:00:00+00:00,0.10640000000000001
2025-11-03 09:00:00+00:00,0.09512999999999999
2025-11-03 10:00:00+00:00,0.09315999999999999
2025-11-03 11:00:00+00:00,0.09073
2025-11-03 12:00:00+00:00,0.09370999999999999
2025-11-03 13:00:00+00:00,0.10365
2025-11-03 14:00:00+00:00,0.10945999999999999
2025-11-03 15:00:00+00:00,0.11844
2025-11-03 16:00:00+00:00,0.1184
2025-11-03 17:00:00+00:00,0.1176
2025-11-03 18:00:00+00:00,0.11619
2025-11-03 19:00:00+00:00,0.09791
2025-11-03 20:00:00+00:00,0.0947
2025-11-03 21:00:00+00:00,0.09469
2025-11-03 22:00:00+00:00,0.09257
2025-11-03 23:00:00+00:00,0.0932
2025-11-04 00:00:00+00:00,0.09262000000000001
2025-11-04 01:00:00+00:00,0.09201000000000001
2025-11-04 02:00:00+00:00,0.09173999999999999
2025-11-04 03:00:00+00:00,0.09240000000000001
2025-11-04 04:00:00+00:00,0.09799
2025-11-04 05:00:00+00:00,0.11309000000000001
2025-11-04 06:00:00+00:00,0.118
2025-11-04 07:00:00+00:00,0.11388
2025-11-04 08:00:00+00:00,0.102
2025-11-04 09:00:00+00:00,0.0874
2025-11-04 10:00:00+00:00,0.081
2025-11-04 11:00:00+00:00,0.076
2025-11-04 12:00:00+00:00,0.0853
2025-11-04 13:00:00+00:00,0.10497
2025-11-04 14:00:00+00:00,0.1141
2025-11-04 15:00:00+00:00,0.1225
2025-11-04 16:00:00+00:00,0.125
2025-11-04 17:00:00+00:00,0.11996
2025-11-04 18:00:00+00:00,0.1176
2025-11-04 19:00:00+00:00,0.11351
2025-11-04 20:00:00+00:00,0.11004000000000001
2025-11-04 21:00:00+00:00,0.10008
2025-11-04 22:00:00+00:00,0.09295
2025-11-04 23:00:00+00:00,0.09409999999999999
2025-11-05 00:00:00+00:00,0.09309999999999999
2025-11-05 01:00:00+00:00,0.09304000000000001
2025-11-05 02:00:00+00:00,0.092
2025-11-05 03:00:00+00:00,0.09356999999999999
2025-11-05 04:00:00+00:00,0.09668
2025-11-05 05:00:00+00:00,0.11652
2025-11-05 06:00:00+00:00,0.12092
2025-11-05 07:00:00+00:00,0.11789
2025-11-05 08:00:00+00:00,0.1124
2025-11-05 09:00:00+00:00,0.10205
2025-11-05 10:00:00+00:00,0.09486
2025-11-05 11:00:00+00:00,0.09125
2025-11-05 12:00:00+00:00,0.09423999999999999
2025-11-05 13:00:00+00:00,0.10479999999999999
2025-11-05 14:00:00+00:00,0.11925
2025-11-05 15:00:00+00:00,0.14772
2025-11-05 16:00:00+00:00,0.15381
2025-11-05 17:00:00+00:00,0.13404
2025-11-05 18:00:00+00:00,0.12681
2025-11-05 19:00:00+00:00,0.11801
2025-11-05 20:00:00+00:00,0.109
2025-11-05 21:00:00+00:00,0.10484
2025-11-05 22:00:00+00:00,0.09899
2025-11-05 23:00:00+00:00,0.104
2025-11-06 00:00:00+00:00,0.10226
2025-11-06 01:00:00+00:00,0.10191
2025-11-06 02:00:00+00:00,0.10222
2025-11-06 03:00:00+00:00,0.10141
2025-11-06 04:00:00+00:00,0.10512
2025-11-06 05:00:00+00:00,0.11825
2025-11-06 06:00:00+00:00,0.1315
2025-11-06 07:00:00+00:00,0.12532
2025-11-06 08:00:00+00:00,0.11365
2025-11-06 09:00:00+00:00,0.10305
2025-11-06 10:00:00+00:00,0.09766
2025-11-06 11:00:00+00:00,0.087
2025-11-06 12:00:00+00:00,0.09172
2025-11-06 13:00:00+00:00,0.10993
2025-11-06 14:00:00+00:00,0.12863999999999998
2025-11-06 15:00:00+00:00,0.15469999999999998
2025-11-06 16:00:00+00:00,0.155
2025-11-06 17:00:00+00:00,0.14388
2025-11-06 18:00:00+00:00,0.13119999999999998
2025-11-06 19:00:00+00:00,0.12495999999999999
2025-11-06 20:00:00+00:00,0.11539
2025-11-06 21:00:00+00:00,0.11
2025-11-06 22:00:00+00:00,0.104
2025-11-06 23:00:00+00:00,0.10106
2025-11-07 00:00:00+00:00,0.099
2025-11-07 01:00:00+00:00,0.09756000000000001
2025-11-07 02:00:00+00:00,0.09738
2025-11-07 03:00:00+00:00,0.09859
2025-11-07 04:00:00+00:00,0.10306
2025-11-07 05:00:00+00:00,0.11603
2025-11-07 06:00:00+00:00,0.13169999999999998
2025-11-07 07:00:00+00:00,0.13079
2025-11-07 08:00:00+00:00,0.11422
2025-11-07 09:00:00+00:00,0.10447
2025-11-07 10:00:00+00:00,0.10313
2025-11-07 11:00:00+00:00,0.10008
2025-11-07 12:00:00+00:00,0.10056
2025-11-07 13:00:00+00:00,0.10837999999999999
2025-11-07 14:00:00+00:00,0.12894999999999998
2025-11-07 15:00:00+00:00,0.14628
2025-11-07 16:00:00+00:00,0.15105000000000002
2025-11-07 17:00:00+00:00,0.14179
2025-11-07 18:00:00+00:00,0.13631000000000001
2025-11-07 19:00:00+00:00,0.12476000000000001
2025-11-07 20:00:00+00:00,0.1151
2025-11-07 21:00:00+00:00,0.11
2025-11-07 22:00:00+00:00,0.10371999999999999
2025-11-07 23:00:00+00:00,0.10153
2025-11-08 00:00:00+00:00,0.1
2025-11-08 01:00:00+00:00,0.1
2025-11-08 02:00:00+00:00,0.09877
2025-11-08 03:00:00+00:00,0.09809999999999999
2025-11-08 04:00:00+00:00,0.10006999999999999
2025-11-08 05:00:00+00:00,0.10649
2025-11-08 06:00:00+00:00,0.11234000000000001
2025-11-08 07:00:00+00:00,0.1145
2025-11-08 08:00:00+00:00,0.10461
2025-11-08 09:00:00+00:00,0.09886
2025-11-08 10:00:00+00:00,0.09543
2025-11-08 11:00:00+00:00,0.09348000000000001
2025-11-08 12:00:00+00:00,0.09618
2025-11-08 13:00:00+00:00,0.102
2025-11-08 14:00:00+00:00,0.11721
2025-11-08 15:00:00+00:00,0.12808
2025-11-08 16:00:00+00:00,0.1315
2025-11-08 17:00:00+00:00,0.13340000000000002
2025-11-08 18:00:00+00:00,0.12802000000000002
2025-11-08 19:00:00+00:00,0.11768
2025-11-08 20:00:00+00:00,0.11001999999999999
2025-11-08 21:00:00+00:00,0.1061
2025-11-08 22:00:00+00:00,0.1
2025-11-08 23:00:00+00:00,0.09994
2025-11-09 00:00:00+00:00,0.09851
2025-11-09 01:00:00+00:00,0.095
2025-11-09 02:00:00+00:00,0.09601000000000001
2025-11-09 03:00:00+00:00,0.096
2025-11-09 04:00:00+00:00,0.09686
2025-11-09 05:00:00+00:00,0.09908
2025-11-09 06:00:00+00:00,0.10078
2025-11-09 07:00:00+00:00,0.10113
2025-11-09 08:00:00+00:00,0.10018
2025-11-09 09:00:00+00:00,0.10058
2025-11-09 10:00:00+00:00,0.0992
2025-11-09 11:00:00+00:00,0.09915
2025-11-09 12:00:00+00:00,0.09838
2025-11-09 13:00:00+00:00,0.102
2025-11-09 14:00:00+00:00,0.11186
2025-11-09 15:00:00+00:00,0.11914
2025-11-09 16:00:00+00:00,0.1281
2025-11-09 17:00:00+00:00,0.12732
2025-11-09 18:00:00+00:00,0.12459999999999999
2025-11-09 19:00:00+00:00,0.11733
2025-11-09 20:00:00+00:00,0.10876999999999999
2025-11-09 21:00:00+00:00,0.106
2025-11-09 22:00:00+00:00,0.099
2025-11-09 23:00:00+00:00,0.09722
2025-11-10 00:00:00+00:00,0.09412999999999999
2025-11-10 01:00:00+00:00,0.093
2025-11-10 02:00:00+00:00,0.09243000000000001
2025-11-10 03:00:00+00:00,0.09545000000000001
2025-11-10 04:00:00+00:00,0.10002
2025-11-10 05:00:00+00:00,0.12109
2025-11-10 06:00:00+00:00,0.14596
2025-11-10 07:00:00+00:00,0.144
2025-11-10 08:00:00+00:00,0.12869
2025-11-10 09:00:00+00:00,0.12208
2025-11-10 10:00:00+00:00,0.11856
2025-11-10 11:00:00+00:00,0.11320000000000001
2025-11-10 12:00:00+00:00,0.1174
2025-11-10 13:00:00+00:00,0.12436
2025-11-10 14:00:00+00:00,0.13525
2025-11-10 15:00:00+00:00,0.155
2025-11-10 16:00:00+00:00,0.14826
2025-11-10 17:00:00+00:00,0.13785
2025-11-10 18:00:00+00:00,0.12628
2025-11-10 19:00:00+00:00,0.12087
2025-11-10 20:00:00+00:00,0.11341
2025-11-10 21:00:00+00:00,0.10918000000000001
2025-11-10 22:00:00+00:00,0.10081999999999999
2025-11-10 23:00:00+00:00,0.09933
2025-11-11 00:00:00+00:00,0.0984
2025-11-11 01:00:00+00:00,0.09820999999999999
2025-11-11 02:00:00+00:00,0.098
2025-11-11 03:00:00+00:00,0.09829
2025-11-11 04:00:00+00:00,0.10615000000000001
2025-11-11 05:00:00+00:00,0.12190999999999999
2025-11-11 06:00:00+00:00,0.1315
2025-11-11 07:00:00+00:00,0.12807
2025-11-11 08:00:00+00:00,0.11926
2025-11-11 09:00:00+00:00,0.10875
2025-11-11 10:00:00+00:00,0.10091
2025-11-11 11:00:00+00:00,0.09804
2025-11-11 12:00:00+00:00,0.1008
2025-11-11 13:00:00+00:00,0.1123
2025-11-11 14:00:00+00:00,0.1226
2025-11-11 15:00:00+00:00,0.13290000000000002
2025-11-11 16:00:00+00:00,0.13415000000000002
2025-11-11 17:00:00+00:00,0.13207
2025-11-11 18:00:00+00:00,0.129
2025-11-11 19:00:00+00:00,0.12334999999999999
2025-11-11 20:00:00+00:00,0.1182
2025-11-11 21:00:00+00:00,0.11247
2025-11-11 22:00:00+00:00,0.1041
2025-11-11 23:00:00+00:00,0.10253
2025-11-12 00:00:00+00:00,0.1
2025-11-12 01:00:00+00:00,0.0996
2025-11-12 02:00:00+00:00,0.09798
2025-11-12 03:00:00+00:00,0.0987
2025-11-12 04:00:00+00:00,0.10868000000000001
2025-11-12 05:00:00+00:00,0.12190000000000001
2025-11-12 06:00:00+00:00,0.1301
2025-11-12 07:00:00+00:00,0.12819999999999998
2025-11-12 08:00:00+00:00,0.11876
2025-11-12 09:00:00+00:00,0.11066
2025-11-12 10:00:00+00:00,0.10293000000000001
2025-11-12 11:00:00+00:00,0.0975
2025-11-12 12:00:00+00:00,0.10086
2025-11-12 13:00:00+00:00,0.11270000000000001
2025-11-12 14:00:00+00:00,0.1242
2025-11-12 15:00:00+00:00,0.13046000000000002
2025-11-12 16:00:00+00:00,0.13125
2025-11-12 17:00:00+00:00,0.1301
2025-11-12 18:00:00+00:00,0.12949000000000002
2025-11-12 19:00:00+00:00,0.12434
2025-11-12 20:00:00+00:00,0.11887
2025-11-12 21:00:00+00:00,0.11404
2025-11-12 22:00:00+00:00,0.10906999999999999
2025-11-12 23:00:00+00:00,0.10258
2025-11-13 00:00:00+00:00,0.0992
2025-11-13 01:00:00+00:00,0.0991
2025-11-13 02:00:00+00:00,0.09801
2025-11-13 03:00:00+00:00,0.09954
2025-11-13 04:00:00+00:00,0.106
2025-11-13 05:00:00+00:00,0.12106
2025-11-13 06:00:00+00:00,0.12938999999999998
2025-11-13 07:00:00+00:00,0.1253
2025-11-13 08:00:00+00:00,0.1166
2025-11-13 09:00:00+00:00,0.10416
2025-11-13 10:00:00+00:00,0.09808
2025-11-13 11:00:00+00:00,0.09348000000000001
2025-11-13 12:00:00+00:00,0.09679
2025-11-13 13:00:00+00:00,0.10970999999999999
2025-11-13 14:00:00+00:00,0.1267
2025-11-13 15:00:00+00:00,0.1315
2025-11-13 16:00:00+00:00,0.13
2025-11-13 17:00:00+00:00,0.12946000000000002
2025-11-13 18:00:00+00:00,0.128
2025-11-13 19:00:00+00:00,0.12549
2025-11-13 20:00:00+00:00,0.12
2025-11-13 21:00:00+00:00,0.11702
2025-11-13 22:00:00+00:00,0.11177
2025-11-13 23:00:00+00:00,0.10577
2025-11-14 00:00:00+00:00,0.10321
2025-11-14 01:00:00+00:00,0.10136
2025-11-14 02:00:00+00:00,0.1
2025-11-14 03:00:00+00:00,0.1013
2025-11-14 04:00:00+00:00,0.11155
2025-11-14 05:00:00+00:00,0.12389
2025-11-14 06:00:00+00:00,0.1346
2025-11-14 07:00:00+00:00,0.13
2025-11-14 08:00:00+00:00,0.1193
2025-11-14 09:00:00+00:00,0.10916
2025-11-14 10:00:00+00:00,0.10283
2025-11-14 11:00:00+00:00,0.09965
2025-11-14 12:00:00+00:00,0.10204
2025-11-14 13:00:00+00:00,0.116
2025-11-14 14:00:00+00:00,0.12709
2025-11-14 15:00:00+00:00,0.13252
2025-11-14 16:00:00+00:00,0.13427
2025-11-14 17:00:00+00:00,0.13
2025-11-14 18:00:00+00:00,0.12874000000000002
2025-11-14 19:00:00+00:00,0.125
2025-11-14 20:00:00+00:00,0.118
2025-11-14 21:00:00+00:00,0.11279
2025-11-14 22:00:00+00:00,0.10743000000000001
2025-11-14 23:00:00+00:00,0.105
2025-11-15 00:00:00+00:00,0.09945
2025-11-15 01:00:00+00:00,0.09801
2025-11-15 02:00:00+00:00,0.097
2025-11-15 03:00:00+00:00,0.09764
2025-11-15 04:00:00+00:00,0.09965
2025-11-15 05:00:00+00:00,0.10867
2025-11-15 06:00:00+00:00,0.11435
2025-11-15 07:00:00+00:00,0.11295000000000001
2025-11-15 08:00:00+00:00,0.10854000000000001
2025-11-15 09:00:00+00:00,0.10293000000000001
2025-11-15 10:00:00+00:00,0.10065
2025-11-15 11:00:00+00:00,0.10012
2025-11-15 12:00:00+00:00,0.10205
2025-11-15 13:00:00+00:00,0.108
2025-11-15 14:00:00+00:00,0.11639000000000001
2025-11-15 15:00:00+00:00,0.12312999999999999
2025-11-15 16:00:00+00:00,0.12589
2025-11-15 17:00:00+00:00,0.12594
2025-11-15 18:00:00+00:00,0.1237
2025-11-15 19:00:00+00:00,0.11956
2025-11-15 20:00:00+00:00,0.11368
2025-11-15 21:00:00+00:00,0.1118
2025-11-15 22:00:00+00:00,0.10792
2025-11-15 23:00:00+00:00,0.09917000000000001
2025-11-16 00:00:00+00:00,0.09641
2025-11-16 01:00:00+00:00,0.094
2025-11-16 02:00:00+00:00,0.09259
2025-11-16 03:00:00+00:00,0.0927
2025-11-16 04:00:00+00:00,0.0945
2025-11-16 05:00:00+00:00,0.10005
2025-11-16 06:00:00+00:00,0.10449
2025-11-16 07:00:00+00:00,0.10202
2025-11-16 08:00:00+00:00,0.102
2025-11-16 09:00:00+00:00,0.10204
2025-11-16 10:00:00+00:00,0.10321
2025-11-16 11:00:00+00:00,0.10287
2025-11-16 12:00:00+00:00,0.10546
2025-11-16 13:00:00+00:00,0.1088
2025-11-16 14:00:00+00:00,0.1134
2025-11-16 15:00:00+00:00,0.12059
2025-11-16 16:00:00+00:00,0.12367
2025-11-16 17:00:00+00:00,0.12390000000000001
2025-11-16 18:00:00+00:00,0.1198
2025-11-16 19:00:00+00:00,0.11803
2025-11-16 20:00:00+00:00,0.11341
2025-11-16 21:00:00+00:00,0.10491
2025-11-16 22:00:00+00:00,0.09841
2025-11-16 23:00:00+00:00,0.09368000000000001
2025-11-17 00:00:00+00:00,0.09089
2025-11-17 01:00:00+00:00,0.09045
2025-11-17 02:00:00+00:00,0.09101000000000001
2025-11-17 03:00:00+00:00,0.09179999999999999
2025-11-17 04:00:00+00:00,0.09801
2025-11-17 05:00:00+00:00,0.11742
2025-11-17 06:00:00+00:00,0.12709
2025-11-17 07:00:00+00:00,0.1276
2025-11-17 08:00:00+00:00,0.12506
2025-11-17 09:00:00+00:00,0.12311
2025-11-17 10:00:00+00:00,0.12283
2025-11-17 11:00:00+00:00,0.12201000000000001
2025-11-17 12:00:00+00:00,0.12201000000000001
2025-11-17 13:00:00+00:00,0.12293000000000001
2025-11-17 14:00:00+00:00,0.12807
2025-11-17 15:00:00+00:00,0.13009
2025-11-17 16:00:00+00:00,0.13044999999999998
2025-11-17 17:00:00+00:00,0.13004
2025-11-17 18:00:00+00:00,0.12666
2025-11-17 19:00:00+00:00,0.12172
2025-11-17 20:00:00+00:00,0.11401
2025-11-17 21:00:00+00:00,0.108
2025-11-17 22:00:00+00:00,0.10461
2025-11-17 23:00:00+00:00,0.10334
2025-11-18 00:00:00+00:00,0.10008
2025-11-18 01:00:00+00:00,0.099
2025-11-18 02:00:00+00:00,0.09843
2025-11-18 03:00:00+00:00,0.09897
2025-11-18 04:00:00+00:00,0.10499
2025-11-18 05:00:00+00:00,0.11817
2025-11-18 06:00:00+00:00,0.12629
2025-11-18 07:00:00+00:00,0.13119999999999998
2025-11-18 08:00:00+00:00,0.125
2025-11-18 09:00:00+00:00,0.12085
2025-11-18 10:00:00+00:00,0.1184
2025-11-18 11:00:00+00:00,0.11320000000000001
2025-11-18 12:00:00+00:00,0.1158
2025-11-18 13:00:00+00:00,0.1205
2025-11-18 14:00:00+00:00,0.1278
2025-11-18 15:00:00+00:00,0.13271
2025-11-18 16:00:00+00:00,0.1364
2025-11-18 17:00:00+00:00,0.13321
2025-11-18 18:00:00+00:00,0.12885
2025-11-18 19:00:00+00:00,0.12595
2025-11-18 20:00:00+00:00,0.119
2025-11-18 21:00:00+00:00,0.11320000000000001
2025-11-18 22:00:00+00:00,0.10884
2025-11-18 23:00:00+00:00,0.11
2025-11-19 00:00:00+00:00,0.106
2025-11-19 01:00:00+00:00,0.104
2025-11-19 02:00:00+00:00,0.1037
2025-11-19 03:00:00+00:00,0.10431
2025-11-19 04:00:00+00:00,0.11284000000000001
2025-11-19 05:00:00+00:00,0.12529
2025-11-19 06:00:00+00:00,0.1351
2025-11-19 07:00:00+00:00,0.13841
2025-11-19 08:00:00+00:00,0.12641
2025-11-19 09:00:00+00:00,0.12108
2025-11-19 10:00:00+00:00,0.118
2025-11-19 11:00:00+00:00,0.11303
2025-11-19 12:00:00+00:00,0.11581999999999999
2025-11-19 13:00:00+00:00,0.12281
2025-11-19 14:00:00+00:00,0.13394999999999999
2025-11-19 15:00:00+00:00,0.13892
2025-11-19 16:00:00+00:00,0.14099
2025-11-19 17:00:00+00:00,0.13905
2025-11-19 18:00:00+00:00,0.13634000000000002
2025-11-19 19:00:00+00:00,0.12841
2025-11-19 20:00:00+00:00,0.12
2025-11-19 21:00:00+00:00,0.11668
2025-11-19 22:00:00+00:00,0.112
2025-11-19 23:00:00+00:00,0.10699
2025-11-20 00:00:00+00:00,0.1051
2025-11-20 01:00:00+00:00,0.10442
2025-11-20 02:00:00+00:00,0.10391
2025-11-20 03:00:00+00:00,0.10415
2025-11-20 04:00:00+00:00,0.10612
2025-11-20 05:00:00+00:00,0.1247
2025-11-20 06:00:00+00:00,0.13335
2025-11-20 07:00:00+00:00,0.13909
2025-11-20 08:00:00+00:00,0.13121000000000002
2025-11-20 09:00:00+00:00,0.12503
2025-11-20 10:00:00+00:00,0.12151
2025-11-20 11:00:00+00:00,0.1195
2025-11-20 12:00:00+00:00,0.1215
2025-11-20 13:00:00+00:00,0.1271
2025-11-20 14:00:00+00:00,0.13190000000000002
2025-11-20 15:00:00+00:00,0.1465
2025-11-20 16:00:00+00:00,0.155
2025-11-20 17:00:00+00:00,0.14891
2025-11-20 18:00:00+00:00,0.13706000000000002
2025-11-20 19:00:00+00:00,0.12664
2025-11-20 20:00:00+00:00,0.12103
2025-11-20 21:00:00+00:00,0.1147
2025-11-20 22:00:00+00:00,0.10992
2025-11-20 23:00:00+00:00,0.10667
2025-11-21 00:00:00+00:00,0.10484
2025-11-21 01:00:00+00:00,0.10252
2025-11-21 02:00:00+00:00,0.10086
2025-11-21 03:00:00+00:00,0.104
2025-11-21 04:00:00+00:00,0.1077
2025-11-21 05:00:00+00:00,0.12840000000000001
2025-11-21 06:00:00+00:00,0.16547
2025-11-21 07:00:00+00:00,0.18267
2025-11-21 08:00:00+00:00,0.16806000000000001
2025-11-21 09:00:00+00:00,0.15
2025-11-21 10:00:00+00:00,0.13707
2025-11-21 11:00:00+00:00,0.13366999999999998
2025-11-21 12:00:00+00:00,0.13491
2025-11-21 13:00:00+00:00,0.1402
2025-11-21 14:00:00+00:00,0.17536000000000002
2025-11-21 15:00:00+00:00,0.21753999999999998
2025-11-21 16:00:00+00:00,0.23395
2025-11-21 17:00:00+00:00,0.18485
2025-11-21 18:00:00+00:00,0.165
2025-11-21 19:00:00+00:00,0.13097999999999999
2025-11-21 20:00:00+00:00,0.12036
2025-11-21 21:00:00+00:00,0.114
2025-11-21 22:00:00+00:00,0.10683
2025-11-21 23:00:00+00:00,0.11495999999999999
2025-11-22 00:00:00+00:00,0.11053
2025-11-22 01:00:00+00:00,0.10836
2025-11-22 02:00:00+00:00,0.1071
2025-11-22 03:00:00+00:00,0.10626000000000001
2025-11-22 04:00:00+00:00,0.10937000000000001
2025-11-22 05:00:00+00:00,0.116
2025-11-22 06:00:00+00:00,0.12179999999999999
2025-11-22 07:00:00+00:00,0.12304999999999999
2025-11-22 08:00:00+00:00,0.1211
2025-11-22 09:00:00+00:00,0.11551
2025-11-22 10:00:00+00:00,0.10984999999999999
2025-11-22 11:00:00+00:00,0.10711
2025-11-22 12:00:00+00:00,0.1071
2025-11-22 13:00:00+00:00,0.11656
2025-11-22 14:00:00+00:00,0.123
2025-11-22 15:00:00+00:00,0.126
2025-11-22 16:00:00+00:00,0.12769
2025-11-22 17:00:00+00:00,0.12769
2025-11-22 18:00:00+00:00,0.1267
2025-11-22 19:00:00+00:00,0.1243
2025-11-22 20:00:00+00:00,0.1202
2025-11-22 21:00:00+00:00,0.11672
2025-11-22 22:00:00+00:00,0.11447
2025-11-22 23:00:00+00:00,0.1158
2025-11-23 00:00:00+00:00,0.1118
2025-11-23 01:00:00+00:00,0.11036
2025-11-23 02:00:00+00:00,0.11020999999999999
2025-11-23 03:00:00+00:00,0.11054
2025-11-23 04:00:00+00:00,0.111
2025-11-23 05:00:00+00:00,0.11270000000000001
2025-11-23 06:00:00+00:00,0.11395999999999999
2025-11-23 07:00:00+00:00,0.11564
2025-11-23 08:00:00+00:00,0.11204
2025-11-23 09:00:00+00:00,0.11033
2025-11-23 10:00:00+00:00,0.11009999999999999
2025-11-23 11:00:00+00:00,0.111
2025-11-23 12:00:00+00:00,0.11188
2025-11-23 13:00:00+00:00,0.11311
2025-11-23 14:00:00+00:00,0.12
2025-11-23 15:00:00+00:00,0.12822
2025-11-23 16:00:00+00:00,0.1316
2025-11-23 17:00:00+00:00,0.13159
2025-11-23 18:00:00+00:00,0.12902000000000002
2025-11-23 19:00:00+00:00,0.125
2025-11-23 20:00:00+00:00,0.12243000000000001
2025-11-23 21:00:00+00:00,0.11821
2025-11-23 22:00:00+00:00,0.111
2025-11-23 23:00:00+00:00,0.10239
2025-11-24 00:00:00+00:00,0.09995
2025-11-24 01:00:00+00:00,0.09724
2025-11-24 02:00:00+00:00,0.096
2025-11-24 03:00:00+00:00,0.097
2025-11-24 04:00:00+00:00,0.10258
2025-11-24 05:00:00+00:00,0.11645
2025-11-24 06:00:00+00:00,0.12974000000000002
2025-11-24 07:00:00+00:00,0.13629
2025-11-24 08:00:00+00:00,0.13503
2025-11-24 09:00:00+00:00,0.13141
2025-11-24 10:00:00+00:00,0.13137000000000001
2025-11-24 11:00:00+00:00,0.13174
2025-11-24 12:00:00+00:00,0.1345
2025-11-24 13:00:00+00:00,0.13699
2025-11-24 14:00:00+00:00,0.14871
2025-11-24 15:00:00+00:00,0.16049000000000002
2025-11-24 16:00:00+00:00,0.15880000000000002
2025-11-24 17:00:00+00:00,0.15461000000000003
2025-11-24 18:00:00+00:00,0.15192
2025-11-24 19:00:00+00:00,0.1274
2025-11-24 20:00:00+00:00,0.11966
2025-11-24 21:00:00+00:00,0.11376
2025-11-24 22:00:00+00:00,0.10783
2025-11-24 23:00:00+00:00,0.10697
2025-11-25 00:00:00+00:00,0.1052
2025-11-25 01:00:00+00:00,0.10405
2025-11-25 02:00:00+00:00,0.10381
2025-11-25 03:00:00+00:00,0.10357
2025-11-25 04:00:00+00:00,0.11131
2025-11-25 05:00:00+00:00,0.13701
2025-11-25 06:00:00+00:00,0.15571000000000002
2025-11-25 07:00:00+00:00,0.18605000000000002
2025-11-25 08:00:00+00:00,0.18330000000000002
2025-11-25 09:00:00+00:00,0.18619999999999998
2025-11-25 10:00:00+00:00,0.19302
2025-11-25 11:00:00+00:00,0.17129
2025-11-25 12:00:00+00:00,0.22
2025-11-25 13:00:00+00:00,0.23843999999999999
2025-11-25 14:00:00+00:00,0.25
2025-11-25 15:00:00+00:00,0.2672
2025-11-25 16:00:00+00:00,0.25331
2025-11-25 17:00:00+00:00,0.23484
2025-11-25 18:00:00+00:00,0.18218
2025-11-25 19:00:00+00:00,0.15749000000000002
2025-11-25 20:00:00+00:00,0.13565
2025-11-25 21:00:00+00:00,0.12101
2025-11-25 22:00:00+00:00,0.10798999999999999
2025-11-25 23:00:00+00:00,0.10406
2025-11-26 00:00:00+00:00,0.10157
2025-11-26 01:00:00+00:00,0.09997
2025-11-26 02:00:00+00:00,0.0998
2025-11-26 03:00:00+00:00,0.09981
2025-11-26 04:00:00+00:00,0.10551
2025-11-26 05:00:00+00:00,0.133
2025-11-26 06:00:00+00:00,0.18468
2025-11-26 07:00:00+00:00,0.20818
2025-11-26 08:00:00+00:00,0.21
2025-11-26 09:00:00+00:00,0.19246000000000002
2025-11-26 10:00:00+00:00,0.18299
2025-11-26 11:00:00+00:00,0.18133000000000002
2025-11-26 12:00:00+00:00,0.18
2025-11-26 13:00:00+00:00,0.17385
2025-11-26 14:00:00+00:00,0.27661
2025-11-26 15:00:00+00:00,0.31797000000000003
2025-11-26 16:00:00+00:00,0.28841
2025-11-26 17:00:00+00:00,0.25875
2025-11-26 18:00:00+00:00,0.22
2025-11-26 19:00:00+00:00,0.15303
2025-11-26 20:00:00+00:00,0.12003
2025-11-26 21:00:00+00:00,0.1124
2025-11-26 22:00:00+00:00,0.10962000000000001
2025-11-26 23:00:00+00:00,0.11062999999999999
2025-11-27 00:00:00+00:00,0.108
2025-11-27 01:00:00+00:00,0.10645
2025-11-27 02:00:00+00:00,0.106
2025-11-27 03:00:00+00:00,0.10567
2025-11-27 04:00:00+00:00,0.10708
2025-11-27 05:00:00+00:00,0.12398999999999999
2025-11-27 06:00:00+00:00,0.13479
2025-11-27 07:00:00+00:00,0.13427
2025-11-27 08:00:00+00:00,0.13029
2025-11-27 09:00:00+00:00,0.125
2025-11-27 10:00:00+00:00,0.1222
2025-11-27 11:00:00+00:00,0.1192
2025-11-27 12:00:00+00:00,0.11901
2025-11-27 13:00:00+00:00,0.12819999999999998
2025-11-27 14:00:00+00:00,0.13206
2025-11-27 15:00:00+00:00,0.13505
2025-11-27 16:00:00+00:00,0.13597
2025-11-27 17:00:00+00:00,0.13646
2025-11-27 18:00:00+00:00,0.13116999999999998
2025-11-27 19:00:00+00:00,0.12813
2025-11-27 20:00:00+00:00,0.12104000000000001
2025-11-27 21:00:00+00:00,0.11578000000000001
2025-11-27 22:00:00+00:00,0.1118
2025-11-27 23:00:00+00:00,0.10303
2025-11-28 00:00:00+00:00,0.09977
2025-11-28 01:00:00+00:00,0.09926
2025-11-28 02:00:00+00:00,0.09966
2025-11-28 03:00:00+00:00,0.0997
2025-11-28 04:00:00+00:00,0.10238
2025-11-28 05:00:00+00:00,0.11931
2025-11-28 06:00:00+00:00,0.131
2025-11-28 07:00:00+00:00,0.13281
2025-11-28 08:00:00+00:00,0.13027
2025-11-28 09:00:00+00:00,0.12290000000000001
2025-11-28 10:00:00+00:00,0.118
2025-11-28 11:00:00+00:00,0.11342
2025-11-28 12:00:00+00:00,0.11191
2025-11-28 13:00:00+00:00,0.12117
2025-11-28 14:00:00+00:00,0.12906
2025-11-28 15:00:00+00:00,0.1298
2025-11-28 16:00:00+00:00,0.13357
2025-11-28 17:00:00+00:00,0.12812
2025-11-28 18:00:00+00:00,0.1277
2025-11-28 19:00:00+00:00,0.123
2025-11-28 20:00:00+00:00,0.11255
2025-11-28 21:00:00+00:00,0.10612
2025-11-28 22:00:00+00:00,0.10382
2025-11-28 23:00:00+00:00,0.11056999999999999
2025-11-29 00:00:00+00:00,0.10809999999999999
2025-11-29 01:00:00+00:00,0.10740999999999999
2025-11-29 02:00:00+00:00,0.10595
2025-11-29 03:00:00+00:00,0.1051
2025-11-29 04:00:00+00:00,0.10679999999999999
2025-11-29 05:00:00+00:00,0.11151000000000001
2025-11-29 06:00:00+00:00,0.12
2025-11-29 07:00:00+00:00,0.12296
2025-11-29 08:00:00+00:00,0.119
2025-11-29 09:00:00+00:00,0.11084999999999999
2025-11-29 10:00:00+00:00,0.10954000000000001
2025-11-29 11:00:00+00:00,0.10683
2025-11-29 12:00:00+00:00,0.10689
2025-11-29 13:00:00+00:00,0.11128
2025-11-29 14:00:00+00:00,0.12007999999999999
2025-11-29 15:00:00+00:00,0.12637
2025-11-29 16:00:00+00:00,0.12818000000000002
2025-11-29 17:00:00+00:00,0.12749
2025-11-29 18:00:00+00:00,0.126
2025-11-29 19:00:00+00:00,0.12359999999999999
2025-11-29 20:00:00+00:00,0.11651
2025-11-29 21:00:00+00:00,0.114
2025-11-29 22:00:00+00:00,0.10966
2025-11-29 23:00:00+00:00,0.11
2025-11-30 00:00:00+00:00,0.10468999999999999
2025-11-30 01:00:00+00:00,0.10228
2025-11-30 02:00:00+00:00,0.10119
2025-11-30 03:00:00+00:00,0.09949
2025-11-30 04:00:00+00:00,0.10134
2025-11-30 05:00:00+00:00,0.1062
2025-11-30 06:00:00+00:00,0.109
2025-11-30 07:00:00+00:00,0.10873999999999999
2025-11-30 08:00:00+00:00,0.106
2025-11-30 09:00:00+00:00,0.09843
2025-11-30 10:00:00+00:00,0.09603
2025-11-30 11:00:00+00:00,0.097
2025-11-30 12:00:00+00:00,0.09759999999999999
2025-11-30 13:00:00+00:00,0.1009
2025-11-30 14:00:00+00:00,0.11056999999999999
2025-11-30 15:00:00+00:00,0.11924
2025-11-30 16:00:00+00:00,0.12548
2025-11-30 17:00:00+00:00,0.12726
2025-11-30 18:00:00+00:00,0.12606
2025-11-30 19:00:00+00:00,0.12434999999999999
2025-11-30 20:00:00+00:00,0.11733
2025-11-30 21:00:00+00:00,0.11302
2025-11-30 22:00:00+00:00,0.109
2025-11-30 23:00:00+00:00,0.10534
2025-12-01 00:00:00+00:00,0.1016
2025-12-01 01:00:00+00:00,0.099
2025-12-01 02:00:00+00:00,0.10006999999999999
2025-12-01 03:00:00+00:00,0.1002
2025-12-01 04:00:00+00:00,0.10601999999999999
2025-12-01 05:00:00+00:00,0.12422
2025-12-01 06:00:00+00:00,0.135
2025-12-01 07:00:00+00:00,0.1424
2025-12-01 08:00:00+00:00,0.13949
2025-12-01 09:00:00+00:00,0.13443
2025-12-01 10:00:00+00:00,0.13153
2025-12-01 11:00:00+00:00,0.1291
2025-12-01 12:00:00+00:00,0.1301
2025-12-01 13:00:00+00:00,0.1367
2025-12-01 14:00:00+00:00,0.13593
2025-12-01 15:00:00+00:00,0.13974
2025-12-01 16:00:00+00:00,0.1388
2025-12-01 17:00:00+00:00,0.13503
2025-12-01 18:00:00+00:00,0.13692
2025-12-01 19:00:00+00:00,0.13086
2025-12-01 20:00:00+00:00,0.12381
2025-12-01 21:00:00+00:00,0.11567
2025-12-01 22:00:00+00:00,0.109
2025-12-01 23:00:00+00:00,0.10590000000000001
2025-12-02 00:00:00+00:00,0.10590999999999999
2025-12-02 01:00:00+00:00,0.10562
2025-12-02 02:00:00+00:00,0.1043
2025-12-02 03:00:00+00:00,0.1043
2025-12-02 04:00:00+00:00,0.10786
2025-12-02 05:00:00+00:00,0.12604
2025-12-02 06:00:00+00:00,0.13728
2025-12-02 07:00:00+00:00,0.145
2025-12-02 08:00:00+00:00,0.13841
2025-12-02 09:00:00+00:00,0.13502
2025-12-02 10:00:00+00:00,0.13177
2025-12-02 11:00:00+00:00,0.12753
2025-12-02 12:00:00+00:00,0.13
2025-12-02 13:00:00+00:00,0.13695
2025-12-02 14:00:00+00:00,0.14578
2025-12-02 15:00:00+00:00,0.16479
2025-12-02 16:00:00+00:00,0.17195
2025-12-02 17:00:00+00:00,0.1683
2025-12-02 18:00:00+00:00,0.14969
2025-12-02 19:00:00+00:00,0.13846
2025-12-02 20:00:00+00:00,0.12813
2025-12-02 21:00:00+00:00,0.1221
2025-12-02 22:00:00+00:00,0.11223999999999999
2025-12-02 23:00:00+00:00,0.10687999999999999
2025-12-03 00:00:00+00:00,0.1056
2025-12-03 01:00:00+00:00,0.10291
2025-12-03 02:00:00+00:00,0.10328
2025-12-03 03:00:00+00:00,0.10423
2025-12-03 04:00:00+00:00,0.10792
2025-12-03 05:00:00+00:00,0.12824000000000002
2025-12-03 06:00:00+00:00,0.16204
2025-12-03 07:00:00+00:00,0.17211
2025-12-03 08:00:00+00:00,0.16834
2025-12-03 09:00:00+00:00,0.15885
2025-12-03 10:00:00+00:00,0.15194
2025-12-03 11:00:00+00:00,0.14769
2025-12-03 12:00:00+00:00,0.15034999999999998
2025-12-03 13:00:00+00:00,0.15658000000000002
2025-12-03 14:00:00+00:00,0.15707
2025-12-03 15:00:00+00:00,0.16757
2025-12-03 16:00:00+00:00,0.17567
2025-12-03 17:00:00+00:00,0.16569
2025-12-03 18:00:00+00:00,0.16827
2025-12-03 19:00:00+00:00,0.13729
2025-12-03 20:00:00+00:00,0.125
2025-12-03 21:00:00+00:00,0.11837
2025-12-03 22:00:00+00:00,0.11102
2025-12-03 23:00:00+00:00,0.10535
2025-12-04 00:00:00+00:00,0.1025
2025-12-04 01:00:00+00:00,0.10049
2025-12-04 02:00:00+00:00,0.10047
2025-12-04 03:00:00+00:00,0.102
2025-12-04 04:00:00+00:00,0.10563
2025-12-04 05:00:00+00:00,0.125
2025-12-04 06:00:00+00:00,0.1534
2025-12-04 07:00:00+00:00,0.17072
2025-12-04 08:00:00+00:00,0.165
2025-12-04 09:00:00+00:00,0.15061000000000002
2025-12-04 10:00:00+00:00,0.14019
2025-12-04 11:00:00+00:00,0.1341
2025-12-04 12:00:00+00:00,0.13978
2025-12-04 13:00:00+00:00,0.14681
2025-12-04 14:00:00+00:00,0.15378
2025-12-04 15:00:00+00:00,0.17083
2025-12-04 16:00:00+00:00,0.1636
2025-12-04 17:00:00+00:00,0.15256
2025-12-04 18:00:00+00:00,0.14202
2025-12-04 19:00:00+00:00,0.13088999999999998
2025-12-04 20:00:00+00:00,0.12365000000000001
2025-12-04 21:00:00+00:00,0.11804
2025-12-04 22:00:00+00:00,0.11054
2025-12-04 23:00:00+00:00,0.10205
2025-12-05 00:00:00+00:00,0.09845999999999999
2025-12-05 01:00:00+00:00,0.098
2025-12-05 02:00:00+00:00,0.09738
2025-12-05 03:00:00+00:00,0.1
2025-12-05 04:00:00+00:00,0.10314
2025-12-05 05:00:00+00:00,0.12699
2025-12-05 06:00:00+00:00,0.15687
2025-12-05 07:00:00+00:00,0.20008
2025-12-05 08:00:00+00:00,0.19
2025-12-05 09:00:00+00:00,0.2
2025-12-05 10:00:00+00:00,0.18096
2025-12-05 11:00:00+00:00,0.15741999999999998
2025-12-05 12:00:00+00:00,0.14881999999999998
2025-12-05 13:00:00+00:00,0.15399000000000002
2025-12-05 14:00:00+00:00,0.16334
2025-12-05 15:00:00+00:00,0.15797999999999998
2025-12-05 16:00:00+00:00,0.15153
2025-12-05 17:00:00+00:00,0.15244
2025-12-05 18:00:00+00:00,0.13549
2025-12-05 19:00:00+00:00,0.12558
2025-12-05 20:00:00+00:00,0.11248999999999999
2025-12-05 21:00:00+00:00,0.10817
2025-12-05 22:00:00+00:00,0.10203
2025-12-05 23:00:00+00:00,0.10133
2025-12-06 00:00:00+00:00,0.097
2025-12-06 01:00:00+00:00,0.09698999999999999
2025-12-06 02:00:00+00:00,0.09522
2025-12-06 03:00:00+00:00,0.09466
2025-12-06 04:00:00+00:00,0.09484000000000001
2025-12-06 05:00:00+00:00,0.10192
2025-12-06 06:00:00+00:00,0.11118
2025-12-06 07:00:00+00:00,0.1113
2025-12-06 08:00:00+00:00,0.10903
2025-12-06 09:00:00+00:00,0.10208
2025-12-06 10:00:00+00:00,0.09961
2025-12-06 11:00:00+00:00,0.10023
2025-12-06 12:00:00+00:00,0.09961
2025-12-06 13:00:00+00:00,0.1033
2025-12-06 14:00:00+00:00,0.1107
2025-12-06 15:00:00+00:00,0.11862
2025-12-06 16:00:00+00:00,0.12090999999999999
2025-12-06 17:00:00+00:00,0.1221
2025-12-06 18:00:00+00:00,0.12
2025-12-06 19:00:00+00:00,0.1164
2025-12-06 20:00:00+00:00,0.11131
2025-12-06 21:00:00+00:00,0.10479999999999999
2025-12-06 22:00:00+00:00,0.10212
2025-12-06 23:00:00+00:00,0.10065
2025-12-07 00:00:00+00:00,0.09893
2025-12-07 01:00:00+00:00,0.0974
2025-12-07 02:00:00+00:00,0.09609999999999999
2025-12-07 03:00:00+00:00,0.096
2025-12-07 04:00:00+00:00,0.09614
2025-12-07 05:00:00+00:00,0.09781999999999999
2025-12-07 06:00:00+00:00,0.10004
2025-12-07 07:00:00+00:00,0.10195
2025-12-07 08:00:00+00:00,0.09903
2025-12-07 09:00:00+00:00,0.09751
2025-12-07 10:00:00+00:00,0.09985
2025-12-07 11:00:00+00:00,0.09956
2025-12-07 12:00:00+00:00,0.09811
2025-12-07 13:00:00+00:00,0.10106
2025-12-07 14:00:00+00:00,0.10759
2025-12-07 15:00:00+00:00,0.11305
2025-12-07 16:00:00+00:00,0.11255
2025-12-07 17:00:00+00:00,0.11863
2025-12-07 18:00:00+00:00,0.1158
2025-12-07 19:00:00+00:00,0.1148
2025-12-07 20:00:00+00:00,0.10925
2025-12-07 21:00:00+00:00,0.10476
2025-12-07 22:00:00+00:00,0.09905
2025-12-07 23:00:00+00:00,0.09491
2025-12-08 00:00:00+00:00,0.093
2025-12-08 01:00:00+00:00,0.09286
2025-12-08 02:00:00+00:00,0.09121
2025-12-08 03:00:00+00:00,0.09123
2025-12-08 04:00:00+00:00,0.09287999999999999
2025-12-08 05:00:00+00:00,0.098
2025-12-08 06:00:00+00:00,0.11004000000000001
2025-12-08 07:00:00+00:00,0.11233
2025-12-08 08:00:00+00:00,0.11265
2025-12-08 09:00:00+00:00,0.1076
2025-12-08 10:00:00+00:00,0.10059
2025-12-08 11:00:00+00:00,0.099
2025-12-08 12:00:00+00:00,0.09919
2025-12-08 13:00:00+00:00,0.10026
2025-12-08 14:00:00+00:00,0.114
2025-12-08 15:00:00+00:00,0.1187
2025-12-08 16:00:00+00:00,0.12
2025-12-08 17:00:00+00:00,0.12049
2025-12-08 18:00:00+00:00,0.12111
2025-12-08 19:00:00+00:00,0.12109
2025-12-08 20:00:00+00:00,0.11391
2025-12-08 21:00:00+00:00,0.10804000000000001
2025-12-08 22:00:00+00:00,0.09988
2025-12-08 23:00:00+00:00,0.10012
2025-12-09 00:00:00+00:00,0.099
2025-12-09 01:00:00+00:00,0.099
2025-12-09 02:00:00+00:00,0.09839
2025-12-09 03:00:00+00:00,0.09986
2025-12-09 04:00:00+00:00,0.1075
2025-12-09 05:00:00+00:00,0.12
2025-12-09 06:00:00+00:00,0.1279
2025-12-09 07:00:00+00:00,0.12925
2025-12-09 08:00:00+00:00,0.1271
2025-12-09 09:00:00+00:00,0.12237999999999999
2025-12-09 10:00:00+00:00,0.118
2025-12-09 11:00:00+00:00,0.11514
2025-12-09 12:00:00+00:00,0.1201
2025-12-09 13:00:00+00:00,0.12411
2025-12-09 14:00:00+00:00,0.12818000000000002
2025-12-09 15:00:00+00:00,0.13071000000000002
2025-12-09 16:00:00+00:00,0.13107
2025-12-09 17:00:00+00:00,0.12979
2025-12-09 18:00:00+00:00,0.12979
2025-12-09 19:00:00+00:00,0.12529
2025-12-09 20:00:00+00:00,0.123
2025-12-09 21:00:00+00:00,0.1164
2025-12-09 22:00:00+00:00,0.10925
2025-12-09 23:00:00+00:00,0.104
2025-12-10 00:00:00+00:00,0.102
2025-12-10 01:00:00+00:00,0.10104
2025-12-10 02:00:00+00:00,0.10153
2025-12-10 03:00:00+00:00,0.10199
2025-12-10 04:00:00+00:00,0.1065
2025-12-10 05:00:00+00:00,0.1205
2025-12-10 06:00:00+00:00,0.1286
2025-12-10 07:00:00+00:00,0.12968000000000002
2025-12-10 08:00:00+00:00,0.125
2025-12-10 09:00:00+00:00,0.12051
2025-12-10 10:00:00+00:00,0.11691
2025-12-10 11:00:00+00:00,0.108
2025-12-10 12:00:00+00:00,0.11269
2025-12-10 13:00:00+00:00,0.12
2025-12-10 14:00:00+00:00,0.1266
2025-12-10 15:00:00+00:00,0.1301
2025-12-10 16:00:00+00:00,0.12911
2025-12-10 17:00:00+00:00,0.12837
2025-12-10 18:00:00+00:00,0.12855
2025-12-10 19:00:00+00:00,0.12440000000000001
2025-12-10 20:00:00+00:00,0.11731
2025-12-10 21:00:00+00:00,0.1135
2025-12-10 22:00:00+00:00,0.10659
2025-12-10 23:00:00+00:00,0.10593000000000001
2025-12-11 00:00:00+00:00,0.10056
2025-12-11 01:00:00+00:00,0.09975
2025-12-11 02:00:00+00:00,0.09920999999999999
2025-12-11 03:00:00+00:00,0.1
2025-12-11 04:00:00+00:00,0.10257
2025-12-11 05:00:00+00:00,0.1188
2025-12-11 06:00:00+00:00,0.1278
2025-12-11 07:00:00+00:00,0.12900999999999999
2025-12-11 08:00:00+00:00,0.12674
2025-12-11 09:00:00+00:00,0.1212
2025-12-11 10:00:00+00:00,0.11707
2025-12-11 11:00:00+00:00,0.11226
2025-12-11 12:00:00+00:00,0.11594
2025-12-11 13:00:00+00:00,0.12
2025-12-11 14:00:00+00:00,0.1261
2025-12-11 15:00:00+00:00,0.1274
2025-12-11 16:00:00+00:00,0.12979
2025-12-11 17:00:00+00:00,0.12899000000000002
2025-12-11 18:00:00+00:00,0.12779000000000001
2025-12-11 19:00:00+00:00,0.12501
2025-12-11 20:00:00+00:00,0.11929000000000001
2025-12-11 21:00:00+00:00,0.112
2025-12-11 22:00:00+00:00,0.10493999999999999
2025-12-11 23:00:00+00:00,0.10159
2025-12-12 00:00:00+00:00,0.10062
2025-12-12 01:00:00+00:00,0.0991
2025-12-12 02:00:00+00:00,0.09620000000000001
2025-12-12 03:00:00+00:00,0.10072
2025-12-12 04:00:00+00:00,0.10014
2025-12-12 05:00:00+00:00,0.11591
2025-12-12 06:00:00+00:00,0.1279
2025-12-12 07:00:00+00:00,0.135
2025-12-12 08:00:00+00:00,0.1279
2025-12-12 09:00:00+00:00,0.12113
2025-12-12 10:00:00+00:00,0.11896
2025-12-12 11:00:00+00:00,0.116
2025-12-12 12:00:00+00:00,0.11657
2025-12-12 13:00:00+00:00,0.12609
2025-12-12 14:00:00+00:00,0.13347
2025-12-12 15:00:00+00:00,0.13819
2025-12-12 16:00:00+00:00,0.14101
2025-12-12 17:00:00+00:00,0.13717
2025-12-12 18:00:00+00:00,0.12746
2025-12-12 19:00:00+00:00,0.12112
2025-12-12 20:00:00+00:00,0.11275
2025-12-12 21:00:00+00:00,0.1077
2025-12-12 22:00:00+00:00,0.10119
2025-12-12 23:00:00+00:00,0.106
2025-12-13 00:00:00+00:00,0.102
2025-12-13 01:00:00+00:00,0.1019
2025-12-13 02:00:00+00:00,0.1001
2025-12-13 03:00:00+00:00,0.098
2025-12-13 04:00:00+00:00,0.09955
2025-12-13 05:00:00+00:00,0.10499
2025-12-13 06:00:00+00:00,0.11039
2025-12-13 07:00:00+00:00,0.11242
2025-12-13 08:00:00+00:00,0.11066
2025-12-13 09:00:00+00:00,0.102
2025-12-13 10:00:00+00:00,0.09981
2025-12-13 11:00:00+00:00,0.09777
2025-12-13 12:00:00+00:00,0.09801
2025-12-13 13:00:00+00:00,0.10155
2025-12-13 14:00:00+00:00,0.11195000000000001
2025-12-13 15:00:00+00:00,0.11808
2025-12-13 16:00:00+00:00,0.11991
2025-12-13 17:00:00+00:00,0.12142
2025-12-13 18:00:00+00:00,0.12128
2025-12-13 19:00:00+00:00,0.11939
2025-12-13 20:00:00+00:00,0.111
2025-12-13 21:00:00+00:00,0.10740000000000001
2025-12-13 22:00:00+00:00,0.102
2025-12-13 23:00:00+00:00,0.104
2025-12-14 00:00:00+00:00,0.1
2025-12-14 01:00:00+00:00,0.09929
2025-12-14 02:00:00+00:00,0.09885
2025-12-14 03:00:00+00:00,0.099
2025-12-14 04:00:00+00:00,0.09913
2025-12-14 05:00:00+00:00,0.10061
2025-12-14 06:00:00+00:00,0.1065
2025-12-14 07:00:00+00:00,0.106
2025-12-14 08:00:00+00:00,0.10487
2025-12-14 09:00:00+00:00,0.0986
2025-12-14 10:00:00+00:00,0.09689
2025-12-14 11:00:00+00:00,0.09803
2025-12-14 12:00:00+00:00,0.09773
2025-12-14 13:00:00+00:00,0.09933
2025-12-14 14:00:00+00:00,0.11009999999999999
2025-12-14 15:00:00+00:00,0.1191
2025-12-14 16:00:00+00:00,0.1215
2025-12-14 17:00:00+00:00,0.12204000000000001
2025-12-14 18:00:00+00:00,0.12298999999999999
2025-12-14 19:00:00+00:00,0.12
2025-12-14 20:00:00+00:00,0.11621
2025-12-14 21:00:00+00:00,0.11236
2025-12-14 22:00:00+00:00,0.10154
2025-12-14 23:00:00+00:00,0.09817000000000001
2025-12-15 00:00:00+00:00,0.09606999999999999
2025-12-15 01:00:00+00:00,0.09602
2025-12-15 02:00:00+00:00,0.09618
2025-12-15 03:00:00+00:00,0.09602
2025-12-15 04:00:00+00:00,0.1001
2025-12-15 05:00:00+00:00,0.11901
2025-12-15 06:00:00+00:00,0.12511
2025-12-15 07:00:00+00:00,0.12902000000000002
2025-12-15 08:00:00+00:00,0.1247
2025-12-15 09:00:00+00:00,0.11901
2025-12-15 10:00:00+00:00,0.116
2025-12-15 11:00:00+00:00,0.11284000000000001
2025-12-15 12:00:00+00:00,0.1175
2025-12-15 13:00:00+00:00,0.12279999999999999
2025-12-15 14:00:00+00:00,0.1248
2025-12-15 15:00:00+00:00,0.12799
2025-12-15 16:00:00+00:00,0.12908
2025-12-15 17:00:00+00:00,0.12799
2025-12-15 18:00:00+00:00,0.1279
2025-12-15 19:00:00+00:00,0.12129000000000001
2025-12-15 20:00:00+00:00,0.116
2025-12-15 21:00:00+00:00,0.10987999999999999
2025-12-15 22:00:00+00:00,0.10123
2025-12-15 23:00:00+00:00,0.104
2025-12-16 00:00:00+00:00,0.10191
2025-12-16 01:00:00+00:00,0.1013
2025-12-16 02:00:00+00:00,0.10074
2025-12-16 03:00:00+00:00,0.09916
2025-12-16 04:00:00+00:00,0.10298
2025-12-16 05:00:00+00:00,0.12101
2025-12-16 06:00:00+00:00,0.128
2025-12-16 07:00:00+00:00,0.13141999999999998
2025-12-16 08:00:00+00:00,0.12907
2025-12-16 09:00:00+00:00,0.1256
2025-12-16 10:00:00+00:00,0.12339
2025-12-16 11:00:00+00:00,0.12151
2025-12-16 12:00:00+00:00,0.12204000000000001
2025-12-16 13:00:00+00:00,0.12871000000000002
2025-12-16 14:00:00+00:00,0.13665
2025-12-16 15:00:00+00:00,0.14601
2025-12-16 16:00:00+00:00,0.14662999999999998
2025-12-16 17:00:00+00:00,0.14306
2025-12-16 18:00:00+00:00,0.13634000000000002
2025-12-16 19:00:00+00:00,0.13
2025-12-16 20:00:00+00:00,0.11867
2025-12-16 21:00:00+00:00,0.11044
2025-12-16 22:00:00+00:00,0.10289
2025-12-16 23:00:00+00:00,0.104
2025-12-17 00:00:00+00:00,0.099
2025-12-17 01:00:00+00:00,0.09904
2025-12-17 02:00:00+00:00,0.09805
2025-12-17 03:00:00+00:00,0.09836
2025-12-17 04:00:00+00:00,0.1024
2025-12-17 05:00:00+00:00,0.11617
2025-12-17 06:00:00+00:00,0.12861
2025-12-17 07:00:00+00:00,0.1363
2025-12-17 08:00:00+00:00,0.13243000000000002
2025-12-17 09:00:00+00:00,0.12658
2025-12-17 10:00:00+00:00,0.12461
2025-12-17 11:00:00+00:00,0.12331
2025-12-17 12:00:00+00:00,0.12348
2025-12-17 13:00:00+00:00,0.12701
2025-12-17 14:00:00+00:00,0.13101
2025-12-17 15:00:00+00:00,0.134
2025-12-17 16:00:00+00:00,0.13271
2025-12-17 17:00:00+00:00,0.12976
2025-12-17 18:00:00+00:00,0.12969
2025-12-17 19:00:00+00:00,0.12407
2025-12-17 20:00:00+00:00,0.12039
2025-12-17 21:00:00+00:00,0.114
2025-12-17 22:00:00+00:00,0.10736
2025-12-17 23:00:00+00:00,0.1102
2025-12-18 00:00:00+00:00,0.10582
2025-12-18 01:00:00+00:00,0.106
2025-12-18 02:00:00+00:00,0.106
2025-12-18 03:00:00+00:00,0.10746
2025-12-18 04:00:00+00:00,0.11070999999999999
2025-12-18 05:00:00+00:00,0.12029000000000001
2025-12-18 06:00:00+00:00,0.12900999999999999
2025-12-18 07:00:00+00:00,0.13144
2025-12-18 08:00:00+00:00,0.12938
2025-12-18 09:00:00+00:00,0.12689
2025-12-18 10:00:00+00:00,0.12404000000000001
2025-12-18 11:00:00+00:00,0.12
2025-12-18 12:00:00+00:00,0.12038
2025-12-18 13:00:00+00:00,0.12387000000000001
2025-12-18 14:00:00+00:00,0.1276
2025-12-18 15:00:00+00:00,0.13081
2025-12-18 16:00:00+00:00,0.131
2025-12-18 17:00:00+00:00,0.13
2025-12-18 18:00:00+00:00,0.12869
2025-12-18 19:00:00+00:00,0.12649
2025-12-18 20:00:00+00:00,0.1221
2025-12-18 21:00:00+00:00,0.11913
2025-12-18 22:00:00+00:00,0.116
2025-12-18 23:00:00+00:00,0.11220000000000001
2025-12-19 00:00:00+00:00,0.10779000000000001
2025-12-19 01:00:00+00:00,0.1062
2025-12-19 02:00:00+00:00,0.10357
2025-12-19 03:00:00+00:00,0.10531
2025-12-19 04:00:00+00:00,0.11152
2025-12-19 05:00:00+00:00,0.12001
2025-12-19 06:00:00+00:00,0.12672
2025-12-19 07:00:00+00:00,0.12827000000000002
2025-12-19 08:00:00+00:00,0.12775
2025-12-19 09:00:00+00:00,0.12657
2025-12-19 10:00:00+00:00,0.1221
2025-12-19 11:00:00+00:00,0.11923
2025-12-19 12:00:00+00:00,0.1194
2025-12-19 13:00:00+00:00,0.1242
2025-12-19 14:00:00+00:00,0.126
2025-12-19 15:00:00+00:00,0.12719
2025-12-19 16:00:00+00:00,0.12754000000000001
2025-12-19 17:00:00+00:00,0.1264
2025-12-19 18:00:00+00:00,0.125
2025-12-19 19:00:00+00:00,0.12239
2025-12-19 20:00:00+00:00,0.11871
2025-12-19 21:00:00+00:00,0.11594
2025-12-19 22:00:00+00:00,0.11136
2025-12-19 23:00:00+00:00,0.102
2025-12-20 00:00:00+00:00,0.09853
2025-12-20 01:00:00+00:00,0.09609999999999999
2025-12-20 02:00:00+00:00,0.09609999999999999
2025-12-20 03:00:00+00:00,0.0959
2025-12-20 04:00:00+00:00,0.09490000000000001
2025-12-20 05:00:00+00:00,0.0991
2025-12-20 06:00:00+00:00,0.10601000000000001
2025-12-20 07:00:00+00:00,0.1113
2025-12-20 08:00:00+00:00,0.11292
2025-12-20 09:00:00+00:00,0.10402
2025-12-20 10:00:00+00:00,0.10105
2025-12-20 11:00:00+00:00,0.09956999999999999
2025-12-20 12:00:00+00:00,0.10086
2025-12-20 13:00:00+00:00,0.10981
2025-12-20 14:00:00+00:00,0.11761
2025-12-20 15:00:00+00:00,0.11932
2025-12-20 16:00:00+00:00,0.12039
2025-12-20 17:00:00+00:00,0.11814
2025-12-20 18:00:00+00:00,0.11876
2025-12-20 19:00:00+00:00,0.118
2025-12-20 20:00:00+00:00,0.10981
2025-12-20 21:00:00+00:00,0.10389
2025-12-20 22:00:00+00:00,0.10089000000000001
2025-12-20 23:00:00+00:00,0.10781
2025-12-21 00:00:00+00:00,0.10022
2025-12-21 01:00:00+00:00,0.09853
2025-12-21 02:00:00+00:00,0.098
2025-12-21 03:00:00+00:00,0.09731000000000001
2025-12-21 04:00:00+00:00,0.0979
2025-12-21 05:00:00+00:00,0.1001
2025-12-21 06:00:00+00:00,0.10476
2025-12-21 07:00:00+00:00,0.10805
2025-12-21 08:00:00+00:00,0.10976999999999999
2025-12-21 09:00:00+00:00,0.10681
2025-12-21 10:00:00+00:00,0.10529999999999999
2025-12-21 11:00:00+00:00,0.1022
2025-12-21 12:00:00+00:00,0.104
2025-12-21 13:00:00+00:00,0.10856
2025-12-21 14:00:00+00:00,0.11353
2025-12-21 15:00:00+00:00,0.1186
2025-12-21 16:00:00+00:00,0.12
2025-12-21 17:00:00+00:00,0.12001
2025-12-21 18:00:00+00:00,0.12189
2025-12-21 19:00:00+00:00,0.11995
2025-12-21 20:00:00+00:00,0.11225
2025-12-21 21:00:00+00:00,0.10746
2025-12-21 22:00:00+00:00,0.10027
2025-12-21 23:00:00+00:00,0.09698999999999999
2025-12-22 00:00:00+00:00,0.09444
2025-12-22 01:00:00+00:00,0.09387000000000001
2025-12-22 02:00:00+00:00,0.09333
2025-12-22 03:00:00+00:00,0.09409999999999999
2025-12-22 04:00:00+00:00,0.09654
2025-12-22 05:00:00+00:00,0.10840000000000001
2025-12-22 06:00:00+00:00,0.12009
2025-12-22 07:00:00+00:00,0.1238
2025-12-22 08:00:00+00:00,0.12262
2025-12-22 09:00:00+00:00,0.12
2025-12-22 10:00:00+00:00,0.118
2025-12-22 11:00:00+00:00,0.11591
2025-12-22 12:00:00+00:00,0.117
2025-12-22 13:00:00+00:00,0.12072
2025-12-22 14:00:00+00:00,0.12404000000000001
2025-12-22 15:00:00+00:00,0.125
2025-12-22 16:00:00+00:00,0.12501
2025-12-22 17:00:00+00:00,0.12462000000000001
2025-12-22 18:00:00+00:00,0.12371
2025-12-22 19:00:00+00:00,0.12042
2025-12-22 20:00:00+00:00,0.11633
2025-12-22 21:00:00+00:00,0.11259999999999999
2025-12-22 22:00:00+00:00,0.10599
2025-12-22 23:00:00+00:00,0.102
2025-12-23 00:00:00+00:00,0.099
2025-12-23 01:00:00+00:00,0.09684999999999999
2025-12-23 02:00:00+00:00,0.09737
2025-12-23 03:00:00+00:00,0.09709999999999999
2025-12-23 04:00:00+00:00,0.1002
2025-12-23 05:00:00+00:00,0.10979000000000001
2025-12-23 06:00:00+00:00,0.1211
2025-12-23 07:00:00+00:00,0.12111
2025-12-23 08:00:00+00:00,0.12111
2025-12-23 09:00:00+00:00,0.12165999999999999
2025-12-23 10:00:00+00:00,0.1201
2025-12-23 11:00:00+00:00,0.11955
2025-12-23 12:00:00+00:00,0.12
2025-12-23 13:00:00+00:00,0.12154999999999999
2025-12-23 14:00:00+00:00,0.12251999999999999
2025-12-23 15:00:00+00:00,0.12273999999999999
2025-12-23 16:00:00+00:00,0.12232
2025-12-23 17:00:00+00:00,0.12261
2025-12-23 18:00:00+00:00,0.1211
2025-12-23 19:00:00+00:00,0.1211
2025-12-23 20:00:00+00:00,0.11731
2025-12-23 21:00:00+00:00,0.11168
2025-12-23 22:00:00+00:00,0.10391
2025-12-23 23:00:00+00:00,0.10222
2025-12-24 00:00:00+00:00,0.09606
2025-12-24 01:00:00+00:00,0.09526000000000001
2025-12-24 02:00:00+00:00,0.094
2025-12-24 03:00:00+00:00,0.09314
2025-12-24 04:00:00+00:00,0.09408
2025-12-24 05:00:00+00:00,0.09822
2025-12-24 06:00:00+00:00,0.10845999999999999
2025-12-24 07:00:00+00:00,0.11048999999999999
2025-12-24 08:00:00+00:00,0.11220000000000001
2025-12-24 09:00:00+00:00,0.11173000000000001
2025-12-24 10:00:00+00:00,0.11051000000000001
2025-12-24 11:00:00+00:00,0.10909999999999999
2025-12-24 12:00:00+00:00,0.1085
2025-12-24 13:00:00+00:00,0.10981
2025-12-24 14:00:00+00:00,0.11028
2025-12-24 15:00:00+00:00,0.11148000000000001
2025-12-24 16:00:00+00:00,0.10696
2025-12-24 17:00:00+00:00,0.10586
2025-12-24 18:00:00+00:00,0.10721
2025-12-24 19:00:00+00:00,0.10721
2025-12-24 20:00:00+00:00,0.1072
2025-12-24 21:00:00+00:00,0.10308
2025-12-24 22:00:00+00:00,0.10301
2025-12-24 23:00:00+00:00,0.09945
2025-12-25 00:00:00+00:00,0.09573000000000001
2025-12-25 01:00:00+00:00,0.09562999999999999
2025-12-25 02:00:00+00:00,0.09481
2025-12-25 03:00:00+00:00,0.09441
2025-12-25 04:00:00+00:00,0.09448000000000001
2025-12-25 05:00:00+00:00,0.09717
2025-12-25 06:00:00+00:00,0.09765
2025-12-25 07:00:00+00:00,0.09809999999999999
2025-12-25 08:00:00+00:00,0.09981
2025-12-25 09:00:00+00:00,0.1003
2025-12-25 10:00:00+00:00,0.10041
2025-12-25 11:00:00+00:00,0.09722
2025-12-25 12:00:00+00:00,0.09555
2025-12-25 13:00:00+00:00,0.09702
2025-12-25 14:00:00+00:00,0.1066
2025-12-25 15:00:00+00:00,0.11454
2025-12-25 16:00:00+00:00,0.1147
2025-12-25 17:00:00+00:00,0.10661
2025-12-25 18:00:00+00:00,0.1066
2025-12-25 19:00:00+00:00,0.10858
2025-12-25 20:00:00+00:00,0.1085
2025-12-25 21:00:00+00:00,0.1044
2025-12-25 22:00:00+00:00,0.09731999999999999
2025-12-25 23:00:00+00:00,0.09897
2025-12-26 00:00:00+00:00,0.09615
2025-12-26 01:00:00+00:00,0.09631
2025-12-26 02:00:00+00:00,0.09472
2025-12-26 03:00:00+00:00,0.0947
2025-12-26 04:00:00+00:00,0.09448999999999999
2025-12-26 05:00:00+00:00,0.09839
2025-12-26 06:00:00+00:00,0.099
2025-12-26 07:00:00+00:00,0.1018
2025-12-26 08:00:00+00:00,0.10003000000000001
2025-12-26 09:00:00+00:00,0.09651
2025-12-26 10:00:00+00:00,0.09556
2025-12-26 11:00:00+00:00,0.09455
2025-12-26 12:00:00+00:00,0.08598
2025-12-26 13:00:00+00:00,0.09634000000000001
2025-12-26 14:00:00+00:00,0.09877
2025-12-26 15:00:00+00:00,0.11006999999999999
2025-12-26 16:00:00+00:00,0.11433
2025-12-26 17:00:00+00:00,0.1165
2025-12-26 18:00:00+00:00,0.112
2025-12-26 19:00:00+00:00,0.11008
2025-12-26 20:00:00+00:00,0.1085
2025-12-26 21:00:00+00:00,0.1075
2025-12-26 22:00:00+00:00,0.102
2025-12-26 23:00:00+00:00,0.10493999999999999
2025-12-27 00:00:00+00:00,0.09847
2025-12-27 01:00:00+00:00,0.09713
2025-12-27 02:00:00+00:00,0.09573000000000001
2025-12-27 03:00:00+00:00,0.0955
2025-12-27 04:00:00+00:00,0.09754
2025-12-27 05:00:00+00:00,0.099
2025-12-27 06:00:00+00:00,0.10529999999999999
2025-12-27 07:00:00+00:00,0.107
2025-12-27 08:00:00+00:00,0.10504999999999999
2025-12-27 09:00:00+00:00,0.09911
2025-12-27 10:00:00+00:00,0.09726
2025-12-27 11:00:00+00:00,0.09533
2025-12-27 12:00:00+00:00,0.09681000000000001
2025-12-27 13:00:00+00:00,0.09809999999999999
2025-12-27 14:00:00+00:00,0.11106
2025-12-27 15:00:00+00:00,0.11709
2025-12-27 16:00:00+00:00,0.11781
2025-12-27 17:00:00+00:00,0.11746
2025-12-27 18:00:00+00:00,0.11606999999999999
2025-12-27 19:00:00+00:00,0.11577
2025-12-27 20:00:00+00:00,0.11070999999999999
2025-12-27 21:00:00+00:00,0.10740999999999999
2025-12-27 22:00:00+00:00,0.10169
2025-12-27 23:00:00+00:00,0.10531
2025-12-28 00:00:00+00:00,0.0989
2025-12-28 01:00:00+00:00,0.09809999999999999
2025-12-28 02:00:00+00:00,0.0986
2025-12-28 03:00:00+00:00,0.09809999999999999
2025-12-28 04:00:00+00:00,0.09816
2025-12-28 05:00:00+00:00,0.09809999999999999
2025-12-28 06:00:00+00:00,0.09824
2025-12-28 07:00:00+00:00,0.09855
2025-12-28 08:00:00+00:00,0.09849
2025-12-28 09:00:00+00:00,0.09217
2025-12-28 10:00:00+00:00,0.08642
2025-12-28 11:00:00+00:00,0.08301
2025-12-28 12:00:00+00:00,0.08651
2025-12-28 13:00:00+00:00,0.09143000000000001
2025-12-28 14:00:00+00:00,0.10117
2025-12-28 15:00:00+00:00,0.11244
2025-12-28 16:00:00+00:00,0.11631999999999999
2025-12-28 17:00:00+00:00,0.11595
2025-12-28 18:00:00+00:00,0.1158
2025-12-28 19:00:00+00:00,0.11364
2025-12-28 20:00:00+00:00,0.11319
2025-12-28 21:00:00+00:00,0.11159000000000001
2025-12-28 22:00:00+00:00,0.10751000000000001
2025-12-28 23:00:00+00:00,0.10665000000000001
2025-12-29 00:00:00+00:00,0.09809999999999999
2025-12-29 01:00:00+00:00,0.09809999999999999
2025-12-29 02:00:00+00:00,0.09774
2025-12-29 03:00:00+00:00,0.09684999999999999
2025-12-29 04:00:00+00:00,0.09809999999999999
2025-12-29 05:00:00+00:00,0.106
2025-12-29 06:00:00+00:00,0.1149
2025-12-29 07:00:00+00:00,0.11757
2025-12-29 08:00:00+00:00,0.114
2025-12-29 09:00:00+00:00,0.11070999999999999
2025-12-29 10:00:00+00:00,0.11006999999999999
2025-12-29 11:00:00+00:00,0.10623
2025-12-29 12:00:00+00:00,0.1056
2025-12-29 13:00:00+00:00,0.1085
2025-12-29 14:00:00+00:00,0.11636
2025-12-29 15:00:00+00:00,0.11733
2025-12-29 16:00:00+00:00,0.11803
2025-12-29 17:00:00+00:00,0.11729
2025-12-29 18:00:00+00:00,0.11512
2025-12-29 19:00:00+00:00,0.11134999999999999
2025-12-29 20:00:00+00:00,0.11427
2025-12-29 21:00:00+00:00,0.11268
2025-12-29 22:00:00+00:00,0.108
2025-12-29 23:00:00+00:00,0.10507999999999999
2025-12-30 00:00:00+00:00,0.10423
2025-12-30 01:00:00+00:00,0.1013
2025-12-30 02:00:00+00:00,0.09924
2025-12-30 03:00:00+00:00,0.09897
2025-12-30 04:00:00+00:00,0.10352
2025-12-30 05:00:00+00:00,0.106
2025-12-30 06:00:00+00:00,0.11266
2025-12-30 07:00:00+00:00,0.1156
2025-12-30 08:00:00+00:00,0.11499
2025-12-30 09:00:00+00:00,0.11005
2025-12-30 10:00:00+00:00,0.10709
2025-12-30 11:00:00+00:00,0.10649
2025-12-30 12:00:00+00:00,0.10495
2025-12-30 13:00:00+00:00,0.10679999999999999
2025-12-30 14:00:00+00:00,0.11325
2025-12-30 15:00:00+00:00,0.11732
2025-12-30 16:00:00+00:00,0.118
2025-12-30 17:00:00+00:00,0.1153
2025-12-30 18:00:00+00:00,0.11406999999999999
2025-12-30 19:00:00+00:00,0.11374
2025-12-30 20:00:00+00:00,0.11212000000000001
2025-12-30 21:00:00+00:00,0.11102
2025-12-30 22:00:00+00:00,0.10587
2025-12-30 23:00:00+00:00,0.10256
2025-12-31 00:00:00+00:00,0.09866
2025-12-31 01:00:00+00:00,0.09559000000000001
2025-12-31 02:00:00+00:00,0.09573000000000001
2025-12-31 03:00:00+00:00,0.09539
2025-12-31 04:00:00+00:00,0.09733
2025-12-31 05:00:00+00:00,0.10304
2025-12-31 06:00:00+00:00,0.11006
2025-12-31 07:00:00+00:00,0.112
2025-12-31 08:00:00+00:00,0.11014
2025-12-31 09:00:00+00:00,0.1024
2025-12-31 10:00:00+00:00,0.09809999999999999
2025-12-31 11:00:00+00:00,0.09409999999999999
2025-12-31 12:00:00+00:00,0.09436
2025-12-31 13:00:00+00:00,0.09809999999999999
2025-12-31 14:00:00+00:00,0.10718000000000001
2025-12-31 15:00:00+00:00,0.11041
2025-12-31 16:00:00+00:00,0.11237
2025-12-31 17:00:00+00:00,0.11397
2025-12-31 18:00:00+00:00,0.11205
2025-12-31 19:00:00+00:00,0.11368
2025-12-31 20:00:00+00:00,0.11220000000000001
2025-12-31 21:00:00+00:00,0.11159000000000001
2025-12-31 22:00:00+00:00,0.1077
2025-12-31 23:00:00+00:00,0.10740999999999999
